profile_id,customer_id,email,loyalty_tier,marketing_opt_in,preferred_channel,birth_date,gender
CRMP-000395,CUST-001151, anna.bryant987@yahoo.com ,Bronze,Yes,In-Store,1941-02-11,MALE
CRMP-000844,CUST-002305,justin.gray717@hotmail.com,Silver,Yes,Mobile App,1993-12-31,Female
CRMP-001581,CUST-002487,lisa.joseph169@yahoo.com,Bronze,No,Mobile App,1986-12-06,Prefer not to say
CRMP-001091,CUST-001873,scott.moran15@yahoo.com,Gold,Yes,Mobile App,2002-07-12,Female
CRMP-001028,CUST-002125,angela.booker975@gmail.com,Platinum,Yes,Web,1947-11-01,Male
CRMP-000679,CUST-001081,sandra.norton658@yahoo.com,Silver,Yes,Marketplace,1971-05-28,Female
CRMP-001629,CUST-000783,christine.roth504@gmail.com,Bronze,Yes,In-Store,1965-10-26,Female
CRMP-000756,CUST-001197,rachel.miller843@yahoo.com,Platinum,Yes,Mobile App,1972-03-03,Female
CRMP-002720,CUST-001550,catherine.lee618@gmail.com,Silver,Yes,Web,1954-02-06,Female
CRMP-001283,CUST-002509,christopher.thompson856@yahoo.com,Silver,Yes,Web,1980-08-14,Male
CRMP-000029,CUST-001964,barbara.davis249@hotmail.com,Silver,Yes,Web,1958-02-01,Female
CRMP-001306,CUST-002838,megan.bautista229@yahoo.com,Platinum,No,Mobile App,1997-09-19,Female
CRMP-001684,CUST-002214,ashley.anderson543@hotmail.com,Gold,Yes,Mobile App,1942-01-14,Male
CRMP-001633,CUST-001766,patricia.turner484@gmail.com,Bronze,Yes,Marketplace,1963-01-19,Female
CRMP-002601,CUST-001906,barbara.burke935@yahoo.com,Silver,Yes,Mobile App,1957-10-25,Female
CRMP-002349,CUST-002578,megan.garcia102@gmail.com,Gold,Yes,Web,1994-05-21,Prefer not to say
CRMP-001441,CUST-000858,sandra.martin779@gmail.com,Gold,Yes,Web,2005-01-10,Female
CRMP-002597,CUST-000391,tyler.mora291@hotmail.com,Bronze,No,Web,1979-10-07,Male
CRMP-001141,CUST-001399,jennifer.flores527@yahoo.com,Silver,No,Marketplace,1985-08-27,Male
CRMP-000180,CUST-002268,matthew.price501@gmail.com,Bronze,Yes,Mobile App,1963-01-17,Female
CRMP-001103,CUST-001857,pedro.brown956@gmail.com,Gold,No,Mobile App,1959-12-18,Female
CRMP-001327,CUST-000159,catherine.foster434@yahoo.com   ,Silver,No,Web,1950-02-23,Male
CRMP-002025,CUST-001631,craig.sanchez5@yahoo.com,Bronze,No,Web,1989-03-21,Male
CRMP-001436,CUST-000492,paul.gomez816@yahoo.com,Silver,No,In-Store,1967-10-12,Male
CRMP-002781,CUST-001557,jonathan.wiley376@gmail.com,Gold,No,Web,1956-10-01,Female
CRMP-001820,CUST-002588,michelle.ward742@gmail.com,Silver,No,Web,1955-05-20,Male
CRMP-000484,CUST-002836,antonio.costa968@gmail.com,Gold,Yes,Web,1965-04-12,Male
CRMP-001853,CUST-000150,david.miller579@hotmail.com,Silver,Yes,Web,1979-01-06,Female
CRMP-001641,CUST-000759,steven.valenzuela563@gmail.com,Bronze,No,Marketplace,1985-05-11,Female
CRMP-000690,CUST-000511,scott.hunt290@hotmail.com,Bronze,No,Web,2006-04-25,Female
CRMP-002209,CUST-001755,rhonda.smith611@gmail.com,Bronze,No,Web,1957-02-12,Female
CRMP-002789,CUST-000903,lisa.todd617@hotmail.com,Silver,Yes,Web,1949-10-23,Male
CRMP-001465,CUST-000613,derrick.bennett777@gmail.com,Bronze,Yes,Marketplace,1972-11-07,Female
CRMP-001367,CUST-001474,heather.cochran126@yahoo.com,Silver,No,Mobile App,1984-08-11,Female
CRMP-002013,CUST-000406,danielle.torres265@gmail.com,Bronze,No,In-Store,1998-07-27,male
CRMP-000832,CUST-001348,daniel.cohen496@yahoo.com,Silver,Yes,Web,2007-03-26,Female
CRMP-002001,CUST-001479,bryan.torres688@yahoo.com,Bronze,Yes,Web,1969-11-09,Male
CRMP-002051,CUST-001752,abigail.salinas385@hotmail.com,Silver,Yes,Mobile App,2003-05-15,female
CRMP-000441,CUST-001342,gary.torres273@gmail.com,Bronze,No,Marketplace,2006-01-26,Male
CRMP-002562,CUST-000809,timothy.simon676@gmail.com,Silver,No,Mobile App,2001-02-08,Male
CRMP-002609,CUST-000542,victoria.callahan953@hotmail.com,Bronze,No,Web,03/19/1949,Male
CRMP-000257,CUST-969713,kerryaguirre@example.net,Bronze,Yes,Web,1988-11-24,Female
CRMP-001822,CUST-001416,katherine.winters130@yahoo.com,Platinum,No,Web,"April 04, 2002",Female
CRMP-000874,CUST-000579,mark.walker510@yahoo.com,Gold,No,Mobile App,2000-08-16,Male
CRMP-001060,CUST-000216,lauren.barron967@yahoo.com,Bronze,No,Web,1974-10-24,Female
CRMP-000634,CUST-000445,mary.porter332@yahoo.com,Silver,Yes,Marketplace,2001-01-01,Female
CRMP-001105,CUST-001101,amanda.white379@gmail.com,Silver,Yes,Web,1973-05-31,Male
CRMP-002414,CUST-002039,robert.kim437@hotmail.com,Bronze,Yes,Mobile App,1960-07-09,Female
CRMP-002448,CUST-002443,debra.roberts700@yahoo.com,Bronze,Yes,Mobile App,1957-11-24,Female
CRMP-002192,CUST-000414,donald.hoover52@gmail.com,Gold,No,Web,1952-06-17,Male
CRMP-002037,CUST-002098,justin.cabrera901@gmail.com,Bronze,Yes,Mobile App,1995-05-14,fEMALE
CRMP-001310,CUST-001116,robert.smith103@gmail.com,Silver,Yes,Web,1962-10-27,Female
CRMP-000865,CUST-002778,julie.bailey229@hotmail.com,Gold,Yes,Web,1961-08-03,Male
CRMP-002256,CUST-001767,paul.green27@hotmail.com,Silver,No,Web,1987-03-22,Male
CRMP-001391,CUST-000847,michael.adams797@yahoo.com,Silver,Yes,Web,1967-05-27,Female
CRMP-000009,CUST-000483,ernest.robinson183@hotmail.com,Silver,Yes,Web,2000-12-03,Female
CRMP-000446,CUST-000655,michael.mason991@gmail.com,Gold,Yes,Web,2001-10-13,Male
CRMP-002033,CUST-000989,jennifer.ford727@gmail.com,Bronze,Yes,Marketplace,1970-12-31,Female
CRMP-000616,CUST-000639,catherine.johnson217@yahoo.com,Bronze,Yes,Mobile App,1996-02-01,Female
CRMP-001209,CUST-000682,michelle.washington789@gmail.com,,Yes,Marketplace,1972-01-27,Female
CRMP-000098,CUST-001415,alexander.montes829@yahoo.com,Gold,Yes,Mobile App,1981-03-09,Female
CRMP-002532,CUST-002441,breanna.kim598@gmail.com,Platinum,Yes,Web,2005-01-21,Male
CRMP-000350,CUST-001381,robert.duarte436@gmail.com,Silver,No,Mobile App,1944-04-02,Male
CRMP-000372,CUST-000916,matthew.medina557@yahoo.com,Silver,Yes,Mobile App,1965-08-25,Male
CRMP-001515,CUST-001773,joseph.zhang137@gmail.com,Bronze,Yes,Web,1963-07-12,Female
CRMP-000873,CUST-002761,jennifer.mcintyre633@yahoo.com,Gold,Yes,Web,2004-10-10,Male
CRMP-000051,CUST-001803,tonya.wright440@hotmail.com,Silver,No,Web,1952-03-25,Male
CRMP-001491,cust-001042,daniel.austin713@hotmail.com,Bronze,Yes,Mobile App,1968-08-22,Male
CRMP-001414,cust-000055,gerald.lewis80@gmail.com,Bronze,Yes,Mobile App,1948-09-09,Prefer not to say
CRMP-001709,CUST-000628,david.smith407@hotmail.com,Silver,Yes,Web,1989-09-17,Female
CRMP-000987,CUST-001532,april.owen139@yahoo.com,Bronze,Yes,Web,1943-07-01,Male
CRMP-002251,CUST-000175,nicholas.lopez721@gmail.com,Gold,No,Web,1984-08-01,Female
CRMP-000123,CUST-001757,amy.singleton124@yahoo.com,Silver,Yes,Marketplace,1959-03-04,Female
CRMP-002785,CUST-001912,SARAH.BROWN107@GMAIL.COM,Bronze,No,In-Store,2001-04-06,Female
CRMP-002378,CUST-002389,adriana.romero488@yahoo.com,,No,In-Store,1963-06-12,FEMALE
CRMP-000512,CUST-002410,teresa.mueller998@yahoo.com,Gold,Yes,In-Store,1998-07-29,Prefer not to say
CRMP-002230,CUST-000763,shawn.suarez170@gmail.com,Silver,Yes,In-Store,1972-09-01,Male
CRMP-000295,CUST-000005,gabrielle.ramirez513@hotmail.com,Gold,No,Web,1968-09-24,Male
CRMP-002362,CUST-002596,amanda.melton744@hotmail.com,Bronze,No,Web,1988-02-02,Prefer not to say
CRMP-002505,CUST-000931,curtis.davis638@hotmail.com,Silver,Yes,Marketplace,1970-08-28,Male
CRMP-002537,CUST-001364,judy.edwards842@hotmail.com,Silver,No,Web,2002-07-27,Female
CRMP-001112,CUST-002359,deborah.mitchell849@yahoo.com,Bronze,No,Web,1950-10-15,Female
CRMP-000259,CUST-002584,justin.cooper501@hotmail.com,Bronze,Yes,Web,1958-01-18,Male
CRMP-001905,CUST-002251, stephanie.terry446@yahoo.com ,Silver,Yes,Web,1992-02-12,Female
CRMP-001690,CUST-002079,garrett.dean410@yahoo.com,Gold,Yes,Web,1943-01-20,Male
CRMP-001110,CUST-001788,seth.hill282@gmail.com,Silver,Yes,Mobile App,1948-04-27,Female
CRMP-001816,CUST-000042,kyle.harmon418@hotmail.com,Gold,Yes,Web,1989-07-01,Male
CRMP-002130,CUST-000255,laura.duran384@hotmail.com,Bronze,Yes,Mobile App,1951-11-27,Female
CRMP-001729,CUST-000824,michelle.silva238@yahoo.com,Silver,Yes,Mobile App,2001-02-10,Male
CRMP-002272,CUST-001497,helen.moore140@yahoo.com,Bronze,No,Web,11-Sep-1943,Prefer not to say
CRMP-002105,CUST-002148,lauren.white517@yahoo.com,Silver,No,Marketplace,1972-12-15,Male
CRMP-002535,CUST-000609,joshua.gonzales163@gmail.com,Bronze,No,Mobile App,1963-12-29,Prefer not to say
CRMP-000326,CUST-000776,norman.johnson365@hotmail.com,Platinum,Yes,Web,1997-08-12,Female
CRMP-001589,CUST-001817,alice.grant516@hotmail.com,Bronze,Yes,In-Store,1992-04-02,Male
CRMP-000915,CUST-000980,austin.gomez67@yahoo.com,Platinum,No,Web,1991-09-01,Male
CRMP-000858,CUST-000198,susan.turner544@hotmail.com,Gold,No,Mobile App,2005-08-25,prefer not to say
CRMP-000754,CUST-002865,tracy.scott412@gmail.com,Bronze,Yes,Marketplace,1954-01-12,Female
CRMP-000527,CUST002814,eric.jackson342@gmail.com,Bronze,No,Web,1969-01-16,Female
CRMP-002816,CUST-001674,robert.smith828@gmail.com,Bronze,Yes,Mobile App,1950-09-18,Male
CRMP-002419,CUST-001104,jillian.wise333@yahoo.com,Silver,Yes,Web,1942-07-17,Male
CRMP-000797,CUST-002089,matthew.jacobs345@gmail.com,Bronze,No,In-Store,1961-02-15,Female
CRMP-001924,CUST-000315,michelle.brown222@hotmail.com,Bronze,Yes,Marketplace,1991-02-18,Female
CRMP-002395,CUST-000893,amber.baker754@hotmail.com,Bronze,Yes,Web,1946-02-14,Male
CRMP-001818,CUST-001726,stephanie.brock38@hotmail.com,Gold,No,Mobile App,1979-08-12,Male
CRMP-000019,CUST-000399,jerry.williams383@hotmail.com,Silver,No,Mobile App,1962-09-01,male
CRMP-000288,CUST-002675,sarah.dunn128@yahoo.com,Bronze,Yes,Web,1987-05-05,Male
CRMP-001450,CUST-002514,dawn.griffin788@hotmail.com,Bronze,Yes,Web,1965-12-26,Male
CRMP-000366,CUST-002682,andrew.clark847@yahoo.com,Silver,No,Marketplace,1983-04-28,Male
CRMP-002086,CUST-001904,anthony.hughes453@yahoo.com,,Yes,Mobile App,1946-05-01,Female
CRMP-000692,CUST-001323,jordan.moore265@yahoo.com,Silver,Yes,Web,1956-08-10,Male
CRMP-000633,CUST-000465,suzanne.coleman375@hotmail.com,Platinum,No,In-Store,1977-12-09,Female
CRMP-000774,CUST-002346,maria.vincent6@gmail.com,Bronze,No,Mobile App,2000-09-09,mALE
CRMP-002173,CUST-002312,donna.douglas752@yahoo.com,Silver,Yes,Web,1955-08-18,Female
CRMP-000944,CUST-001745,michael.gonzalez790@yahoo.com,Gold,Yes,Marketplace,1962-01-23,Non-binary
CRMP-000641,CUST-996595,william26@example.org,Silver,No,Mobile App,1976-11-02,Male
CRMP-001184,CUST-000665,brandon.ross59@gmail.com,Silver,No,Web,1983-12-14,Prefer not to say
CRMP-000408,CUST-001210,angela.perry137@gmail.com,Platinum,Yes,Web,1961-10-03,Female
CRMP-000821,CUST-002105,william.gonzalez537@gmail.com,Silver,Yes,Mobile App,1993-10-23,Female
CRMP-001917,CUST-000239,lindsey.green614@hotmail.com,Bronze,Yes,Mobile App,1980-04-28,Male
CRMP-000711,CUST-001754,gabriel.shah742@yahoo.com,Platinum,No,Mobile App,1998-05-17,Prefer not to say
CRMP-001770,CUST-945430,elewis@example.org,Gold,No,Mobile App,1986-01-15,Female
CRMP-001249,CUST-001604,shannon.allen86@hotmail.com,Silver,No,Marketplace,1997-03-31,Female
CRMP-001976,CUST-001317,henry.mccarthy832@gmail.com,Silver,Yes,Web,1993-05-20,Prefer not to say
CRMP-000815,CUST-000352,matthew.wagner178@gmail.com,Silver,Yes,In-Store,1979-06-05,Male
CRMP-000040,CUST-000355,rachel.bishop634@gmail.com,Silver,Yes,Web,1966-11-21,Female
CRMP-002174,CUST-001395,scott.benjamin578@yahoo.com,Bronze,Yes,Web,"June 26, 1981",Female
CRMP-001696,CUST-002505,kayla.boone840@gmail.com,Silver,Yes,Web,1960-06-14,Female
CRMP-001222,CUST-002728,christina.taylor956@yahoo.com,Platinum,No,In-Store,1993-05-05,Female
CRMP-001185,CUST-002723,michael.flores282@yahoo.com,Platinum,Yes,In-Store,1946-04-30,Female
CRMP-002322,CUST-000359,emily.klein171@hotmail.com,Bronze,Yes,Web,1995-10-28,Female
CRMP-000782,CUST-000333,brooke.smith674@gmail.com,Bronze,No,Web,1980-12-29,Non-binary
CRMP-001901,CUST-001106,corey.pope721@hotmail.com,Gold,No,Web,1965-09-28,Male
CRMP-000879,CUST-000983,jessica.henderson662@yahoo.com,Silver,Yes,Mobile App,1987-09-19,Male
CRMP-002582,CUST-001793,matthew.oconnell399@hotmail.com,Bronze,Yes,Mobile App,1973-08-30,Male
CRMP-000228,CUST-000266,arthur.schmidt770@yahoo.com,Bronze,Yes,Mobile App,1985-08-09,Prefer not to say
CRMP-001413,cust-000272,rachael.roberts201@gmail.com,Platinum,Yes,Mobile App,1942-04-18,Female
CRMP-002194,CUST-002202,david.jones509@hotmail.com,Gold,Yes,Web,1975-02-07,Female
CRMP-000588,CUST-002113,jeanne.robinson823@hotmail.com,Silver,Yes,Marketplace,1961-08-03,Female
CRMP-001927,CUST-001336,bruce.martin302@gmail.com,Silver,Yes,Mobile App,1952-08-13,fEMALE
CRMP-002113,cust-001025,donna.hopkins536@hotmail.com,Silver,Yes,Marketplace,1943-08-23,Male
CRMP-000035,CUST-001310,jacob.ramos557@gmail.com,Bronze,Yes,Web,1945-06-26,Male
CRMP-000171,CUST-000589,victor.johnson713@yahoo.com,Bronze,No,Web,1992-01-29,Female
CRMP-000698,CUST-000581,jessica.glass99@hotmail.com,Bronze,No,Mobile App,1955-11-26,Female
CRMP-002618,CUST-000422,james.bennett358@hotmail.com,Silver,Yes,Mobile App,1982-06-13,Male
CRMP-001521,CUST-002062,wayne.clements595@gmail.com,Gold,No,Marketplace,1973-08-06,Male
CRMP-000735,CUST-002581,david.powell977@hotmail.com,Silver,Yes,Mobile App,1962-08-12,Male
CRMP-000392,CUST-001828,kelsey.brown761@gmail.com,Gold,Yes,Web,1970-02-28,Female
CRMP-002518,CUST-002252,ANN.HANSEN771@GMAIL.COM   ,Platinum,Yes,Mobile App,1976-08-01,Male
CRMP-002005,CUST-000808,david.fields737@hotmail.com,Silver,Yes,Mobile App,1942-05-01,Male
CRMP-001229,CUST-000908,JULIE.MAYS844@GMAIL.COM,Silver,No,Marketplace,1998-03-01,Female
CRMP-001321,CUST-000835,zachary.jenkins522@yahoo.com,Bronze,No,Marketplace,1956-01-16,Male
CRMP-002705,CUST-000156,jonathan.combs433@gmail.com,Bronze,No,Mobile App,1965-06-17,Male
CRMP-002682,CUST-000865,heidi.wagner749@yahoo.com,Bronze,No,Web,1944-09-05,Non-binary
CRMP-001710,CUST-000744,tamara.rice597@gmail.com,Platinum,Yes,Web,1942-08-03,Prefer not to say
CRMP-001788,CUST-001510,patricia.johnson582@hotmail.com,Bronze,Yes,Mobile App,1983-09-04,Female
CRMP-002396,CUST-002637,jacob.harris595@hotmail.com,Bronze,No,Mobile App,1997-01-23,Female
CRMP-000795,CUST-000275,kayla.williams834@yahoo.com,Bronze,No,Mobile App,1946-02-08,Male
CRMP-001075,CUST-001403,jennifer.greene607@hotmail.com,Bronze,No,Mobile App,1992-03-03,Male
CRMP-002292,CUST-001315,caitlyn.cole60@yahoo.com,Silver,Yes,Marketplace,1975-02-02,Male
CRMP-001108,CUST-001798,bianca.barnes262@gmail.com,Bronze,Yes,Mobile App,1999-09-13,Prefer not to say
CRMP-001286,CUST-000590,jeffrey.gray411@hotmail.com,Bronze,Yes,Web,2004-04-11,Female
CRMP-001860,CUST-001572,clinton.whitehead466@hotmail.com,Gold,Yes,Web,1956-07-26,Female
CRMP-000965,CUST-000335,jill.dorsey637@hotmail.com,Silver,Yes,Mobile App,1964-05-04,Male
CRMP-002587,CUST-001449,cheryl.pitts392@yahoo.com,Bronze,Yes,Mobile App,1946-09-22,Female
CRMP-001468,CUST-000056,timothy.miller128@yahoo.com,Bronze,Yes,Marketplace,1994-12-27,Female
CRMP-001947,000685,stephen.williams574@hotmail.com,Bronze,Yes,Web,1958-01-19,Male
CRMP-001716,CUST-001866,angel.hoffman544@yahoo.com,Bronze,Yes,Web,1956-10-12,Female
CRMP-000890,CUST-000154,tiffany.parks783@gmail.com,Platinum,Yes,Web,1959-11-28,Male
CRMP-000016,CUST-001062,timothy.warner352@yahoo.com,Gold,Yes,Web,1975-01-24,Male
CRMP-000821,CUST-002105,william.gonzalez537@gmail.com,Silver,Yes,Mobile App,1993-10-23,Female
CRMP-000075,CUST-002138,brett.baker93@yahoo.com,Platinum,Yes,Marketplace,1959-02-22,Male
CRMP-000775,CUST-001098,alexander.smith337@hotmail.com,Gold,No,Web,1946-09-21,Male
CRMP-000706,CUST-002582,brian.elliott501@hotmail.com,Bronze,No,Mobile App,1967-11-12,Male
CRMP-001258,CUST-002473,heather.dunn932@gmail.com,Gold,Yes,Web,2005-04-21,Prefer not to say
CRMP-001584,CUST-001401,cathy.morgan337@yahoo.com,Silver,No,Mobile App,1950-01-31,Female
CRMP-000053,CUST-000700,eric.palmer870@gmail.com,Silver,Yes,Web,2003-06-26,Male
CRMP-000124,CUST-000196,tara.browning877@yahoo.com,Platinum,Yes,Mobile App,2002-02-11,Male
CRMP-001953,CUST-002152,jesse.soto187@yahoo.com,Silver,Yes,In-Store,1946-11-23,Female
CRMP-000877,CUST-002145,matthew.anderson578@gmail.com,Silver,Yes,Marketplace,1983-09-29,Female
CRMP-002122,CUST-000802,amanda.herman299@hotmail.com,Gold,No,Web,1960-09-12,Male
CRMP-000438,CUST-001624,elizabeth.richards296@yahoo.com,Bronze,Yes,Mobile App,1961-03-07,Male
CRMP-002634,CUST-002056,stephanie.brown315@gmail.com,Gold,Yes,Web,1989-06-10,Female
CRMP-001238,CUST-000405,ashley.lloyd793@hotmail.com,Silver,No,Mobile App,1998-11-25,Female
CRMP-002299,CUST-001854,cathy.wilson660@hotmail.com,Silver,Yes,Web,1966-02-28,Male
CRMP-001378,CUST-002633,catherine.snow834@yahoo.com,Gold,No,Marketplace,1961-12-21,Male
CRMP-000977,CUST-000901,michelle.franco445@yahoo.com,Gold,Yes,Mobile App,1945-04-17,Male
CRMP-002472,CUST-001301,robin.diaz436@hotmail.com,Gold,Yes,In-Store,1996-12-02,Female
CRMP-001502,CUST001417,carlos.hall546@hotmail.com,Bronze,No,Marketplace,1961-07-20,Female
CRMP-002761,CUST-000140,denise.king735@hotmail.com,Bronze,No,Web,1980-08-10,Female
CRMP-001322,CUST-001279,daniel.wilson991@yahoo.com,Bronze,Yes,Marketplace,1954-05-10,Female
CRMP-002704,CUST-001739,  amanda.levy806@yahoo.com,Silver,No,In-Store,1972-05-16,Female
CRMP-001933,CUST-002937,stacy.clark576@gmail.com,Bronze,No,Mobile App,1978-11-05,Male
CRMP-001159,CUST-001407,monique.white208@yahoo.com,Platinum,Yes,Mobile App,1973-05-24,Female
CRMP-000478,CUST-000211,cheryl.rodriguez289@hotmail.com,Bronze,No,In-Store,06/12/1957,Female
CRMP-002089,CUST-000514,danny.gibson361@hotmail.com,Bronze,No,Mobile App,1999-02-27,Female
CRMP-000998,CUST-002111,dustin.villegas468@hotmail.com,Silver,Yes,Mobile App,1971-10-02,Female
CRMP-000170,CUST-000008,donna.miller545@hotmail.com,Silver,Yes,Web,1977-08-26,Prefer not to say
CRMP-002175,CUST-000733,melissa.thomas186@yahoo.com,Silver,No,Mobile App,1943-06-11,Male
CRMP-002152,CUST-002379,luis.duarte474@hotmail.com,Platinum,No,Web,1941-02-25,Male
CRMP-001718,CUST-000495,BECKY.MOYER930@YAHOO.COM,Bronze,No,Mobile App,1984-02-01,Female
CRMP-002373,CUST-001243,christopher.aguirre38@yahoo.com,Gold,Yes,Mobile App,1977-02-09,Male
CRMP-001920,CUST000291,james.johnson582@hotmail.com,Bronze,No,Marketplace,1984-03-29,Male
CRMP-000339,CUST-002619,tammy.gonzales727@gmail.com,Silver,Yes,Mobile App,1960-01-28,Female
CRMP-000109,CUST-000347,laura.marsh386@gmail.com,Silver,No,Web,"January 05, 1980",Female
CRMP-000176,CUST-000658,kevin.green616@hotmail.com,Bronze,Yes,In-Store,2001-07-17,Male
CRMP-002670,CUST-001084,lisa.thomas860@hotmail.com,Bronze,Yes,Mobile App,1995-04-21,Male
CRMP-001662,CUST-941970,  hlane@example.org,Bronze,Yes,Web,1982-05-16,Female
CRMP-000949,CUST-002336,bryan.lee684@gmail.com,Bronze,Yes,Mobile App,1959-03-17,Male
CRMP-000014,CUST-000282,christopher.clark839@yahoo.com,,Yes,Mobile App,1961-08-09,Female
CRMP-000689,CUST-001074,shawn.richmond492@hotmail.com,Bronze,Yes,Marketplace,1955-12-11,Female
CRMP-002790,CUST-000692,melissa.torres205@gmail.com,Silver,Yes,Mobile App,1978-01-27,Male
CRMP-001018,CUST-000225,mark.valencia509@yahoo.com,Bronze,Yes,Mobile App,1956-12-07,Female
CRMP-001341,CUST002630,wayne.ward824@yahoo.com,Platinum,No,In-Store,2003-06-30,Male
CRMP-000092,CUST-000263,antonio.carroll668@yahoo.com,Silver,Yes,Web,1979-05-01,Female
CRMP-002563,CUST-002882,david.torres344@gmail.com,Silver,Yes,Mobile App,1962-09-24,Female
CRMP-001552,CUST-000443,julie.wilson68@yahoo.com,Platinum,Yes,Web,1947-10-09,Female
CRMP-000531,CUST-001498,katie.arnold866@yahoo.com,Platinum,Yes,Web,1999-02-18,Male
CRMP-002244,CUST-001075,kristen.ward445@hotmail.com,Bronze,Yes,Marketplace,1963-05-05,Male
CRMP-000106,CUST-001634,jonathan.love499@gmail.com,Platinum,Yes,Web,1956-12-17,Male
CRMP-000240,CUST-001545,debra.harrison745@hotmail.com,Bronze,Yes,Mobile App,1960-08-12,Female
CRMP-002177,CUST-001486,amanda.jackson255@gmail.com,Bronze,Yes,Web,1996-05-16,Male
CRMP-000619,CUST-001199,jillian.chandler970@gmail.com,Silver,No,Mobile App,2004-11-09,Male
CRMP-002709,CUST001136,melissa.vazquez597@gmail.com,Gold,No,Mobile App,1947-01-19,Female
CRMP-000487,CUST-001400,phillip.martin533@hotmail.com,Bronze,Yes,Mobile App,1963-04-05,Prefer not to say
CRMP-000148,CUST-001920,scott.galvan760@gmail.com,Silver,No,Mobile App,1997-11-04,Male
CRMP-002430,CUST-000132,lisa.reed319@yahoo.com,Gold,Yes,Marketplace,2004-10-14,Female
CRMP-000448,CUST-002400,mark.wade678@yahoo.com,Silver,No,Mobile App,1971-05-02,Male
CRMP-002231,CUST-000417,maria.jackson525@gmail.com,Silver,Yes,Mobile App,1940-09-27,Female
CRMP-001272,CUST-001887,daniel.lopez400@yahoo.com,Bronze,No,Web,1959-09-30,Male
CRMP-000358,CUST-002369,elizabeth.morgan755@gmail.com,Gold,Yes,Mobile App,1942-06-20,Male
CRMP-000819,CUST-001518,SARAH.OWENS150@HOTMAIL.COM,,Yes,Mobile App,1973-04-16,Male
CRMP-002772,CUST-001118,cassandra.lopez887@gmail.com   ,Bronze,No,Mobile App,2001-02-19,Female
CRMP-001573,CUST-000034,kevin.lyons91@gmail.com,Bronze,Yes,In-Store,1997-06-13,Male
CRMP-001747,CUST-000126,gary.edwards114@gmail.com,Platinum,Yes,Web,1961-12-17,Female
CRMP-002598,CUST-000637,gina.grant804@yahoo.com,Platinum,Yes,Mobile App,2002-09-18,Female
CRMP-001553,CUST-000521,ronald.dickson826@yahoo.com,Gold,Yes,Web,1951-08-19,Male
CRMP-002763,CUST-000593,christina.ward162@hotmail.com,Silver,Yes,Mobile App,2007-02-24,Male
CRMP-001218,CUST-002556,justin.morris349@hotmail.com,Silver,Yes,Mobile App,1977-08-29,Female
CRMP-002608,CUST-001424,michelle.pearson885@gmail.com,Gold,Yes,Mobile App,1982-05-17,Female
CRMP-001721,CUST-002718,lisa.elliott367@gmail.com,Bronze,Yes,Mobile App,05/27/2001,Male
CRMP-002143,CUST-002763,michael.bailey53@hotmail.com,Platinum,Yes,Web,1951-08-12,Female
CRMP-001475,CUST-002429,helen.davis519@hotmail.com,Silver,No,Web,1953-04-01,Male
CRMP-002264,CUST-002511,justin.gibson595@yahoo.com   ,Bronze,No,Web,1958-02-14,Non-binary
CRMP-002277,CUST-001633,veronica.rodgers839@hotmail.com,Gold,No,Web,1956-07-22,Female
CRMP-002583,CUST-002854,jillian.perez807@hotmail.com,Bronze,No,Marketplace,1956-03-22,Female
CRMP-000841,CUST-000804,james.hudson342@hotmail.com,Bronze,Yes,Web,1965-07-31,Male
CRMP-002257,CUST-001516,david.campbell469@gmail.com,Bronze,No,Web,"May 17, 1987",Prefer not to say
CRMP-001812,CUST-002343,victor.good773@gmail.com,Bronze,Yes,Marketplace,1970-02-22,Non-binary
CRMP-001963,CUST-002949,steven.thomas298@hotmail.com,Gold,Yes,Mobile App,1996-10-01,Female
CRMP-001986,CUST-001909,patricia.gaines990@yahoo.com,Bronze,Yes,Web,1957-02-10,Non-binary
CRMP-000750,CUST-000409,stephen.harris91@gmail.com,Gold,Yes,Web,2006-09-02,Female
CRMP-002242,CUST-002883,thomas.boyd821@gmail.com,Gold,Yes,Mobile App,1993-02-01,Male
CRMP-002214,CUST-001715,jason.smith691@yahoo.com,Platinum,No,In-Store,1993-11-04,Female
CRMP-000880,CUST-001179,kaitlyn.wright885@hotmail.com,Bronze,Yes,Mobile App,1970-09-23,Male
CRMP-001590,CUST-002590,elizabeth.douglas17@gmail.com,Silver,No,Web,1981-09-04,Male
CRMP-001851,CUST-001635,stephen.rice344@gmail.com,Gold,Yes,Web,1959-06-21,Female
CRMP-002294,CUST-002616,sean.wallace974@gmail.com,Bronze,Yes,Marketplace,1967-09-15,Male
CRMP-000272,CUST-001743,donna.williams547@gmail.com,,No,Web,1987-04-16,Female
CRMP-002329,CUST-001721,sharon.morris315@yahoo.com,Bronze,Yes,Marketplace,1962-01-29,Female
CRMP-002319,CUST-000365,kathleen.contreras983@gmail.com,Bronze,Yes,Web,1940-10-13,Female
CRMP-000483,CUST-000720,brandon.costa663@yahoo.com,Bronze,Yes,Web,1997-08-01,Female
CRMP-000870,CUST-002555,brooke.fowler575@gmail.com,Platinum,Yes,Mobile App,1991-07-17,Female
CRMP-002493,CUST-000064,christopher.fletcher188@hotmail.com,Gold,No,Web,1965-05-01,Female
CRMP-001131,CUST000218,daniel.glover446@gmail.com,Platinum,Yes,Web,1989-10-02,Prefer not to say
CRMP-001888,CUST-001418,kevin.clark757@hotmail.com,Bronze,No,Web,1961-05-13,Male
CRMP-002731,CUST-000570,peter.wolfe210@gmail.com,Platinum,Yes,Web,1977-01-21,Female
CRMP-001841,CUST-001599,jacob.jones257@gmail.com,Gold,Yes,Web,1975-05-18,Female
CRMP-002796,CUST-002760,dustin.park442@yahoo.com,Bronze,No,Mobile App,1963-03-28,Female
CRMP-000913,CUST-002628,barbara.cohen444@yahoo.com,Bronze,Yes,In-Store,1957-08-16,Male
CRMP-001205,CUST-002294, taylor.davis72@hotmail.com ,Bronze,Yes,Web,1993-08-22,Male
CRMP-000869,002901,courtney.galloway890@yahoo.com,Silver,No,Marketplace,2002-10-06,Male
CRMP-000933,CUST-002811,mary.wang632@yahoo.com,Silver,Yes,Web,1972-06-11,Male
CRMP-000063,CUST-002510,patricia.smith490@yahoo.com,Bronze,Yes,Mobile App,1953-06-26,Female
CRMP-001419,CUST-001119,dennis.macias488@gmail.com,Bronze,Yes,Mobile App,1977-04-06,Female
CRMP-000671,CUST-000884,steven.martinez62@hotmail.com,Gold,Yes,Web,1975-02-12,Male
CRMP-000117,CUST-002283,luis.anderson99@yahoo.com,Bronze,No,Mobile App,1992-02-13,Female
CRMP-000417,CUST-001830,eric.rogers674@yahoo.com,Bronze,No,Marketplace,1944-11-27,Female
CRMP-000321,CUST-002623,melissa.jones985@yahoo.com,Silver,Yes,Web,1945-01-04,Male
CRMP-001713,CUST-000464,CHRISTOPHER.TORRES454@YAHOO.COM,Bronze,Yes,Web,1997-11-04,Male
CRMP-001041,CUST-002594,kathryn.johnson329@gmail.com,Gold,No,Web,1962-08-11,Female
CRMP-001904,CUST-001506,robert.small258@gmail.com,Bronze,Yes,Marketplace,2002-10-16,Female
CRMP-000246,CUST-000718,raymond.pugh859@hotmail.com,Bronze,Yes,Marketplace,1944-03-03,Female
CRMP-000568,CUST-001851,joe.vang745@gmail.com,Silver,Yes,Mobile App,1994-11-03,Prefer not to say
CRMP-000723,CUST-001298,mary.williams817@yahoo.com,Bronze,No,Web,2007-12-11,Male
CRMP-001447,CUST-002117,brenda.wilson469@hotmail.com,Platinum,Yes,Marketplace,1947-08-07,Male
CRMP-000825,CUST-002320, carlos.taylor172@gmail.com ,Platinum,No,Web,1956-05-25,Female
CRMP-002139,CUST-000155,wendy.atkinson250@hotmail.com,Silver,Yes,Mobile App,04-Jun-2000,fEMALE
CRMP-000598,CUST-002516,adriana.wiley110@gmail.com,Gold,Yes,Web,1963-04-17,Male
CRMP-001326,CUST-000067,sherri.martin988@yahoo.com,Platinum,Yes,Web,1944-04-10,Male
CRMP-002435,CUST-002289,erik.herman307@gmail.com,Silver,Yes,Web,1967-08-10,Male
CRMP-000032,CUST-001762,andrea.hicks841@yahoo.com,Silver,No,Mobile App,1950-03-09,Male
CRMP-000293,CUST-001586,rachel.hinton297@yahoo.com,Silver,No,Web,2001-02-26,Male
CRMP-000745,CUST-000189,james.cooper87@hotmail.com,,Yes,In-Store,1963-03-04,Male
CRMP-000981,CUST001056,deanna.gregory112@gmail.com,Silver,No,Web,1953-07-27,Male
CRMP-000278,CUST-000787,joshua.lee762@hotmail.com,Bronze,Yes,Web,1996-05-13,Prefer not to say
CRMP-002313,000229,mark.newman376@gmail.com,Silver,No,Mobile App,1994-05-29,Female
CRMP-000045,CUST-002862,gabriela.johnson308@hotmail.com,Bronze,No,Web,1942-01-12,Male
CRMP-002514,CUST-000336,christopher.henderson534@yahoo.com,Bronze,No,Mobile App,2000-05-25,Female
CRMP-002245,CUST-002178,ashley.nelson492@hotmail.com,Platinum,Yes,Web,1978-12-19,Female
CRMP-000842,CUST-954869,michael55@example.org,Silver,Yes,Web,2004-06-12,Male
CRMP-001784,CUST-002014,craig.mills435@hotmail.com,Bronze,No,Marketplace,1986-04-26,Non-binary
CRMP-000113,CUST-002438,jacob.allen707@hotmail.com,Platinum,Yes,Mobile App,1972-04-26,Female
CRMP-001492,CUST-001649,  alicia.norris370@hotmail.com,,No,Mobile App,1975-05-10,Female
CRMP-001345,CUST-000123,kevin.goodman764@hotmail.com,Silver,No,Web,1974-03-26,Male
CRMP-001346,CUST-001058,maria.adams347@gmail.com,Platinum,Yes,Marketplace,1952-07-18,Prefer not to say
CRMP-000343,CUST-000879,patricia.phelps129@gmail.com,Silver,Yes,Marketplace,1995-08-20,Male
CRMP-001387,CUST002301,jason.martin454@hotmail.com,Platinum,No,Marketplace,1965-02-28,Male
CRMP-000355,CUST-000716,sandra.rogers194@gmail.com,Bronze,Yes,Web,1955-01-01,Female
CRMP-001563,CUST-000823,mark.rodriguez174@gmail.com,Bronze,No,Web,2002-08-18,Female
CRMP-002773,CUST-000045,patrick.hernandez716@gmail.com,Platinum,Yes,In-Store,1996-02-13,Male
CRMP-000553,CUST-000971,joseph.johnson864@yahoo.com,Gold,Yes,Mobile App,04/27/1954,Female
CRMP-000342,CUST-001812,brenda.richard727@hotmail.com,Bronze,Yes,Mobile App,1989-08-06,Male
CRMP-000721,CUST-002147,karl.lara195@gmail.com,Bronze,No,Mobile App,1983-07-28,Male
CRMP-002095,cust-000297,heather.madden420@hotmail.com,Bronze,Yes,Web,1964-03-02,Female
CRMP-000807,CUST-002990,amanda.noble834@yahoo.com,Silver,Yes,Web,1952-02-24,Male
CRMP-001215,CUST-002783,jimmy.cooley923@gmail.com,Bronze,No,Marketplace,1946-02-21,Male
CRMP-002036,001778,andrew.morales280@hotmail.com,Bronze,Yes,In-Store,1981-11-26,Male
CRMP-000013,CUST-001384,carrie.bean505@hotmail.com,Gold,No,Mobile App,1986-12-05,Male
CRMP-001494,CUST-000550,erin.lucas291@gmail.com,Bronze,No,Web,1985-02-24,Non-binary
CRMP-001561,000164,stacey.woods202@gmail.com,Gold,Yes,Web,1952-04-06,Male
CRMP-001191,CUST-002455,carol.hall249@hotmail.com,Bronze,No,Marketplace,"July 31, 1984",Male
CRMP-001966,CUST-000130,jesse.baker880@gmail.com,Gold,Yes,Marketplace,1985-06-14,Female
CRMP-002404,CUST-002929,jeffrey.davis841@gmail.com,Silver,Yes,Web,1991-03-21,Female
CRMP-000818,CUST-000706,robert.clark540@gmail.com,Bronze,Yes,Marketplace,1951-01-11,Prefer not to say
CRMP-002317,CUST-000206,brett.parker24@hotmail.com,Bronze,Yes,Web,1957-10-14,Male
CRMP-002206,CUST-001365,amy.morales160@hotmail.com,Gold,No,Web,1981-07-15,Female
CRMP-000249,CUST-000643,larry.castro379@gmail.com,Bronze,No,Marketplace,1998-06-12,Male
CRMP-002353,CUST-000325,heather.mcdaniel263@hotmail.com,Platinum,No,Web,1974-05-30,Male
CRMP-001739,CUST-000708,anne.anderson626@gmail.com,Silver,Yes,Web,1988-08-27,Female
CRMP-000619,CUST-001199,jillian.chandler970@gmail.com,Silver,No,Mobile App,2004-11-09,Male
CRMP-001297,CUST-002024,jacob.valentine660@gmail.com,Bronze,Yes,Mobile App,1999-03-28,Male
CRMP-000948,CUST-001128,shawn.gutierrez266@hotmail.com,Bronze,Yes,Web,2006-06-16,Female
CRMP-002371,CUST-998742,tmorgan@example.org,Gold,Yes,In-Store,2004-07-02,Female
CRMP-002058,CUST-001103,LAURA.JENSEN261@GMAIL.COM,Bronze,Yes,Web,1965-10-01,Non-binary
CRMP-002556,CUST-002742,sandra.day395@yahoo.com,Silver,Yes,Web,1950-07-20,Female
CRMP-001364,CUST-000011,dominic.turner165@yahoo.com,Bronze,Yes,Web,"November 11, 1948",Male
CRMP-000638,CUST-002572,allen.mitchell560@yahoo.com,Silver,Yes,Web,1973-10-04,Male
CRMP-000267,CUST-000645,annette.gutierrez271@gmail.com,Bronze,No,Web,1980-10-09,Non-binary
CRMP-000631,CUST-001619,andrew.anthony448@hotmail.com,Bronze,Yes,Mobile App,1945-07-19,Male
CRMP-001884,CUST-002116,david.henderson744@hotmail.com,Silver,Yes,Marketplace,1996-07-03,FEMALE
CRMP-002764,CUST-002342,michelle.chandler342@gmail.com,Silver,No,Mobile App,1971-12-11,Female
CRMP-002643,CUST-002051,cassandra.humphrey439@yahoo.com,Bronze,Yes,Mobile App,1944-04-16,Non-binary
CRMP-001498,CUST-001785,philip.evans565@yahoo.com,Gold,Yes,Web,1944-10-17,Male
CRMP-001355,CUST-000957,erika.miller593@gmail.com,Bronze,Yes,Mobile App,"April 02, 1944",Male
CRMP-001674,CUST-000070,bradley.gonzales467@yahoo.com,Gold,No,Web,1964-12-06,Female
CRMP-002417,CUST-001442,mark.moore315@yahoo.com,Bronze,Yes,In-Store,2007-12-03,Male
CRMP-002069,CUST-000642,calvin.bryan439@hotmail.com,Bronze,Yes,In-Store,2007-09-22,Female
CRMP-001895,CUST-001373,shawn.morales860@hotmail.com,Bronze,Yes,Web,1958-12-07,Female
CRMP-001757,CUST-002658,phillip.jimenez693@yahoo.com,Silver,Yes,In-Store,1967-04-25,Male
CRMP-000691,CUST-001078,luis.chan802@gmail.com,Bronze,Yes,Mobile App,25-Mar-1942,Male
CRMP-002035,CUST-002075,ronald.erickson785@gmail.com,Gold,Yes,Mobile App,11/23/1992,Female
CRMP-002539,CUST-000477,jennifer.wright333@gmail.com,Silver,Yes,Mobile App,1990-01-30,Female
CRMP-000957,CUST-000580,amy.snow87@hotmail.com,Bronze,No,Mobile App,2006-03-05,Female
CRMP-000507,CUST-002709,lauren.hamilton334@yahoo.com,Bronze,Yes,Mobile App,2004-08-04,Female
CRMP-001897,CUST-002717,cynthia.roberts810@gmail.com,,No,Web,1978-11-14,Female
CRMP-001312,CUST-001105,chris.murray471@yahoo.com,Silver,No,Marketplace,"March 11, 1969",Female
CRMP-001619,CUST-001263,margaret.howard292@hotmail.com,Gold,Yes,Web,1952-03-24,Female
CRMP-000421,CUST-000260,christina.wu901@yahoo.com,Bronze,No,Mobile App,1943-03-29,Female
CRMP-001893,CUST-000852,meghan.allen392@hotmail.com,Bronze,Yes,In-Store,1966-02-07,male
CRMP-002156,CUST-002082,danny.glenn526@gmail.com,Silver,Yes,Marketplace,2005-08-28,Female
CRMP-002820,CUST-001002,raymond.schultz800@hotmail.com,Platinum,Yes,Mobile App,1980-04-09,Non-binary
CRMP-001635,CUST-001565,thomas.cobb624@hotmail.com,Gold,Yes,Marketplace,2008-04-03,Prefer not to say
CRMP-001316,CUST002602,scott.perez833@gmail.com,Bronze,Yes,Mobile App,1965-01-16,Male
CRMP-002067,CUST-000551,philip.garcia366@hotmail.com,Bronze,No,Marketplace,14-Jun-1961,Female
CRMP-001557,CUST-000782,jeffery.king441@yahoo.com,Platinum,No,Mobile App,1965-01-02,Male
CRMP-001226,CUST-000281,michael.parker14@yahoo.com,Silver,Yes,Marketplace,1973-08-07,Female
CRMP-002776,CUST-000278,tara.webster939@hotmail.com,,No,Web,1969-02-09,female
CRMP-000929,CUST-000664,ashley.cooley987@hotmail.com,Silver,Yes,Marketplace,1996-04-19,Female
CRMP-001301,CUST-002618,michelle.garcia760@gmail.com,Bronze,Yes,Mobile App,1961-08-15,Female
CRMP-002328,CUST-001161,michele.martinez841@gmail.com,Gold,Yes,Web,1984-08-10,Prefer not to say
CRMP-000623,CUST-906335,edwardgreene@example.com,Silver,Yes,Mobile App,1996-05-04,Female
CRMP-001425,CUST-002049,jose.ross214@hotmail.com,Silver,Yes,Web,1948-05-30,Female
CRMP-001625,CUST-000544,aimee.allen995@yahoo.com,Bronze,Yes,Web,2002-06-29,Male
CRMP-001817,CUST-001662,christine.brown796@gmail.com,Silver,No,Mobile App,1971-11-03,Non-binary
CRMP-001744,CUST-001345,bernard.ortiz171@gmail.com,Silver,No,Mobile App,1966-01-25,Female
CRMP-001682,CUST-001312,patricia.vega351@gmail.com,Gold,Yes,Mobile App,1988-02-11,Female
CRMP-000164,CUST-000451,kimberly.esparza57@hotmail.com,Gold,Yes,Mobile App,2000-07-15,Prefer not to say
CRMP-001547,CUST-000493,sandra.gillespie838@gmail.com,Silver,No,Mobile App,1985-07-24,Male
CRMP-000814,CUST-001268,robert.hill36@gmail.com,Silver,No,Web,1958-12-12,Male
CRMP-000167,CUST-000646,shannon.welch383@gmail.com,Bronze,Yes,Mobile App,1953-12-06,Male
CRMP-000640,CUST-002552,cheryl.king674@yahoo.com,Silver,No,Web,1983-04-22,Male
CRMP-001476,CUST-000390,heather.holden895@hotmail.com,Bronze,No,Web,1983-09-18,Female
CRMP-000118,cust-000119,deborah.case432@hotmail.com,Gold,No,Web,1961-07-29,Female
CRMP-002438,cust-001959,patricia.nguyen404@hotmail.com,Silver,Yes,Mobile App,1946-09-01,Female
CRMP-002311,CUST-000354,ryan.long251@gmail.com,Bronze,Yes,Mobile App,1964-11-28,Male
CRMP-002196,CUST-000598,thomas.beltran954@hotmail.com,,Yes,Web,1972-11-26,Male
CRMP-000159,CUST-000702,jonathan.walker172@hotmail.com,Gold,Yes,Mobile App,1942-08-16,Female
CRMP-001660,CUST-001438,zachary.parks921@hotmail.com,Bronze,Yes,Web,1968-08-13,Female
CRMP-001010,cust-000319,kathleen.davidson930@gmail.com,,Yes,Mobile App,1979-09-20,Male
CRMP-000210,CUST-002849,emily.hardy175@yahoo.com,Bronze,Yes,Mobile App,1954-08-05,Female
CRMP-000524,cust-002841,hailey.watkins838@gmail.com,Platinum,Yes,Web,1982-02-15,Female
CRMP-002365,CUST-000516,monica.warren893@hotmail.com,Gold,Yes,Web,1988-05-14,Male
CRMP-001313,CUST000431,christopher.dawson89@yahoo.com,Bronze,No,Web,1945-11-04,Male
CRMP-000132,CUST-000432,karen.glass533@gmail.com,Gold,No,In-Store,1977-11-17,Female
CRMP-000861,CUST-002871,kimberly.williams238@gmail.com,Silver,Yes,Mobile App,1987-09-02,Male
CRMP-000990,CUST-000652,steven.hopkins757@gmail.com,Silver,No,Web,1952-04-09,Male
CRMP-002719,CUST-000049,phyllis.meyer606@hotmail.com,Platinum,No,Mobile App,1969-01-26,Female
CRMP-000530,CUST-001460,amy.aguirre876@gmail.com,Platinum,No,Mobile App,1966-01-12,Male
CRMP-001182,CUST-002610,andrew.williams336@yahoo.com,Bronze,No,Web,1986-05-22,FEMALE
CRMP-001840,CUST-002240,michael.pearson646@yahoo.com,Bronze,Yes,Mobile App,1976-08-16,Male
CRMP-001937,CUST-001596,seth.sanders291@yahoo.com,Bronze,No,Mobile App,1948-04-07,Male
CRMP-000888,CUST002673,tammy.rangel848@gmail.com,Gold,Yes,Web,1964-11-27,Female
CRMP-002650,CUST-002377,audrey.watson30@gmail.com,,Yes,Mobile App,1977-06-11,Female
CRMP-001707,CUST-000117,susan.fleming7@yahoo.com,Silver,Yes,Marketplace,1962-10-10,Female
CRMP-000561,CUST-002881,luis.wilson681@hotmail.com,Silver,Yes,Web,1997-03-09,Male
CRMP-000058,CUST-000904,robert.peterson609@yahoo.com,Bronze,Yes,Mobile App,1977-11-30,Male
CRMP-000569,CUST-971596,ryan46@example.net,Gold,No,Mobile App,1979-09-25,Male
CRMP-001733,CUST-002163,joshua.armstrong816@hotmail.com,Bronze,Yes,Marketplace,1956-02-03,Female
CRMP-002185,cust-002912,christina.thornton479@hotmail.com,Gold,No,Web,1976-07-29,Male
CRMP-000311,CUST-001389,kenneth.smith655@hotmail.com,Bronze,Yes,Marketplace,1951-10-07,Male
CRMP-001449,CUST-000019,luis.evans463@hotmail.com,Silver,Yes,Web,1960-05-17,Male
CRMP-002287,CUST-002614,whitney.diaz934@yahoo.com,Bronze,No,Mobile App,1995-11-16,Male
CRMP-002335,CUST-000774,melissa.lee718@yahoo.com,Bronze,No,Mobile App,1977-06-20,Non-binary
CRMP-000125,CUST-002115,sue.gordon962@gmail.com,Gold,No,Web,2001-12-07,Male
CRMP-000673,CUST-001608,adam.romero673@hotmail.com,Silver,Yes,Web,1959-09-26,Male
CRMP-001077,CUST-001948,elizabeth.perez839@gmail.com,Gold,No,Web,1960-02-01,Male
CRMP-000436,CUST-001525,joseph.jacobs680@gmail.com,Bronze,Yes,Mobile App,1971-09-04,Non-binary
CRMP-001952,CUST-001894,julia.taylor195@hotmail.com,,Yes,Mobile App,2004-06-08,Prefer not to say
CRMP-001712,CUST-001566,john.bailey125@yahoo.com,Silver,No,Mobile App,1943-03-23,Female
CRMP-000555,CUST-000478,michael.torres37@gmail.com,Bronze,No,Mobile App,13-Nov-1979,Female
CRMP-002479,000726,alexander.marquez507@yahoo.com,Bronze,No,Mobile App,1956-11-06,Female
CRMP-000809,CUST-000934,mary.warren402@gmail.com,Silver,Yes,Web,1972-12-24,Female
CRMP-001365,CUST-002998,brandon.sullivan977@gmail.com,Silver,Yes,Web,1956-04-02,Male
CRMP-001410,CUST-000969,kimberly.stuart863@gmail.com,Gold,Yes,Mobile App,1991-01-14,Male
CRMP-001509,CUST-000632,MICHAEL.HANSEN63@GMAIL.COM,Gold,Yes,Mobile App,1981-11-22,Male
CRMP-001754,CUST-002707,lawrence.martinez686@yahoo.com,Silver,Yes,Web,1943-12-10,Male
CRMP-002269,CUST-002102,raymond.davis846@gmail.com,Silver,Yes,Web,1946-03-17,Prefer not to say
CRMP-000333,CUST-001188,elizabeth.stephenson864@hotmail.com   ,Platinum,No,Mobile App,1991-10-17,Prefer not to say
CRMP-001654,CUST-000232,patrick.gardner248@hotmail.com,Bronze,Yes,Mobile App,1951-08-10,Female
CRMP-001488,CUST-000650,johnny.brooks500@yahoo.com,Bronze,Yes,Marketplace,11/22/1952,Male
CRMP-001225,CUST-002746,dominic.greene500@hotmail.com,Silver,No,Web,2008-03-31,Male
CRMP-001173,000860,mark.klein294@hotmail.com,Gold,No,Marketplace,1955-03-26,Female
CRMP-000309,CUST-001654,jasmine.sullivan921@gmail.com,Platinum,Yes,Web,1982-06-18,Male
CRMP-000994,CUST-002646,tracey.kim739@hotmail.com,Gold,Yes,Web,1942-06-02,PREFER NOT TO SAY
CRMP-001406,CUST-001618,alicia.dixon514@hotmail.com,Silver,No,Marketplace,2003-06-05,Female
CRMP-000093,CUST-001549,david.kelly265@gmail.com,Silver,Yes,Marketplace,1966-11-19,Male
CRMP-002135,CUST-000341,misty.church83@hotmail.com,Silver,Yes,In-Store,1948-01-22,Female
CRMP-000307,CUST-001170,jerry.robinson555@yahoo.com,Silver,Yes,Mobile App,1949-06-13,Male
CRMP-000147,CUST-001512,ariana.lambert592@yahoo.com,Silver,Yes,Mobile App,1996-09-10,Male
CRMP-001443,CUST-000525, mary.stone938@hotmail.com ,Gold,Yes,Mobile App,1966-02-01,Female
CRMP-000384,CUST-002360,beth.jackson58@hotmail.com,Silver,Yes,Web,2003-07-15,Male
CRMP-001200,CUST-002785,john.brown735@yahoo.com,Silver,No,Mobile App,1980-01-03,Male
CRMP-002574,CUST-001519,daniel.mooney717@hotmail.com,Silver,Yes,Mobile App,24-Jul-1968,Female
CRMP-001113,002797,cindy.jennings276@yahoo.com,Bronze,Yes,Marketplace,1964-11-19,Male
CRMP-001186,CUST-001447,steven.gomez569@yahoo.com,Silver,No,Mobile App,1945-08-05,Non-binary
CRMP-000304,CUST-001143,kristen.beck309@gmail.com,Silver,No,Web,1955-03-08,Non-binary
CRMP-000212,CUST-002212,jason.anderson514@gmail.com,Bronze,No,Mobile App,1947-01-25,Female
CRMP-001880,CUST-000289,darryl.anderson431@gmail.com,Bronze,Yes,Web,1953-09-29,Female
CRMP-000195,CUST002154,angel.le391@yahoo.com,Gold,Yes,Web,1954-10-27,Prefer not to say
CRMP-002614,CUST-000622,andrew.newton344@hotmail.com,Bronze,Yes,Marketplace,1943-11-18,Prefer not to say
CRMP-000449,CUST-000894,gary.bernard688@hotmail.com,Gold,No,Mobile App,1991-08-05,Prefer not to say
CRMP-000518,CUST-000367,wayne.smith851@hotmail.com,Platinum,Yes,Web,2003-05-14,Male
CRMP-001452,CUST-000461,cody.bailey425@hotmail.com,Platinum,Yes,In-Store,1960-01-02,Prefer not to say
CRMP-000942,CUST-002013,david.sims732@hotmail.com,Bronze,No,Mobile App,1989-04-18,Prefer not to say
CRMP-002304,CUST-000400,scott.baker658@gmail.com,Silver,Yes,Mobile App,1986-11-15,Male
CRMP-001178,CUST-002789,BROOKE.IRWIN108@YAHOO.COM,Bronze,No,Mobile App,1963-03-21,Male
CRMP-001162,CUST-000753,donna.herman628@yahoo.com,Gold,Yes,Web,1980-05-02,Female
CRMP-001276,CUST-000929,micheal.hawkins806@hotmail.com,Bronze,No,Mobile App,1977-03-28,Male
CRMP-001426,CUST-001480,jeffery.bradley325@yahoo.com,Bronze,Yes,In-Store,1964-01-20,Male
CRMP-001916,CUST-000976,stefanie.hansen518@gmail.com,Bronze,No,Mobile App,1992-05-12,Female
CRMP-002116,CUST-002787,bryan.johnston684@hotmail.com,Platinum,Yes,Web,2007-03-11,Prefer not to say
CRMP-002384,002772,eric.martin15@gmail.com,Silver,Yes,Web,1974-09-17,Male
CRMP-000859,CUST-002308,alan.moore809@gmail.com,Silver,Yes,Mobile App,1950-10-26,Female
CRMP-001119,CUST-000454,henry.george673@gmail.com,Bronze,Yes,Mobile App,1995-05-01,Male
CRMP-000720,CUST-001069,nicholas.flowers932@yahoo.com,Bronze,Yes,Mobile App,2003-10-28,Male
CRMP-002513,CUST-002209,jessica.cook954@hotmail.com,Platinum,No,Web,1996-12-03,Male
CRMP-000071,CUST-001290,linda.ramsey928@hotmail.com,Gold,Yes,Web,1958-09-16,Male
CRMP-001106,CUST-002071,zachary.henry634@yahoo.com,Bronze,Yes,Mobile App,1970-06-14,Male
CRMP-001467,CUST-000349,daniel.perez983@hotmail.com,Silver,Yes,Web,1959-02-26,Female
CRMP-000676,CUST-001791,tyler.zavala46@yahoo.com,Gold,No,Mobile App,1948-12-20,Female
CRMP-000717,CUST-001205,adam.casey871@yahoo.com,Silver,Yes,Mobile App,2001-07-03,Male
CRMP-001067,CUST-002532,lisa.randall905@yahoo.com,Silver,No,Mobile App,1990-09-24,Male
CRMP-000229,CUST-001275,sean.brooks615@hotmail.com,Gold,Yes,Web,1969-01-09,Male
CRMP-001631,CUST-000724,nancy.herring364@gmail.com,Bronze,Yes,Marketplace,1968-11-16,Female
CRMP-000070,CUST-000825,andrew.warren212@hotmail.com,Bronze,Yes,Marketplace,1991-06-18,Prefer not to say
CRMP-001431,CUST-002506,michael.franco203@yahoo.com,Silver,Yes,Mobile App,1983-03-05,Male
CRMP-002632,CUST-000836,bonnie.thompson541@hotmail.com,Silver,No,Web,1971-03-25,Female
CRMP-001265,CUST-001351,alexandra.woods850@yahoo.com,Bronze,No,Mobile App,1988-09-09,Non-binary
CRMP-000577,CUST-000029, mario.padilla555@yahoo.com ,Gold,No,Marketplace,1983-07-31,Male
CRMP-001707,CUST-000117,susan.fleming7@yahoo.com,Silver,Yes,Marketplace,1962-10-10,Female
CRMP-000910,CUST001356,timothy.acevedo800@gmail.com,Bronze,No,Mobile App,1961-06-17,Male
CRMP-002481,CUST-001610,brett.gonzalez817@gmail.com,Bronze,Yes,Mobile App,1951-05-22,Female
CRMP-002391,CUST-001740,eric.hurst173@hotmail.com,Platinum,No,Marketplace,2003-12-04,Male
CRMP-002133,CUST-001367,kendra.hall198@gmail.com,Gold,Yes,Mobile App,1985-01-24,Male
CRMP-002730,CUST-001422,ryan.allen543@gmail.com,Bronze,Yes,Web,1966-11-13,fEMALE
CRMP-001417,CUST-000954,andre.simpson674@yahoo.com,Bronze,No,Mobile App,2000-10-08,Male
CRMP-000505,CUST-002197,samuel.cochran264@hotmail.com,Bronze,No,Mobile App,1984-02-05,Male
CRMP-002606,CUST-001971,laura.mendoza360@gmail.com,Bronze,Yes,Mobile App,1987-01-25,Female
CRMP-002252,CUST-000731,robin.davis325@yahoo.com,Platinum,Yes,Mobile App,1996-11-26,Female
CRMP-001743,CUST-000191,jason.medina176@gmail.com,Gold,No,Mobile App,1962-11-01,Male
CRMP-002722,CUST-001335,jacqueline.zamora738@yahoo.com,Bronze,Yes,Web,"December 28, 1955",Male
CRMP-000593,CUST-002979,thomas.cooper800@gmail.com,Gold,Yes,In-Store,1969-09-28,Female
CRMP-002656,CUST-000276,victoria.andrews479@yahoo.com,Bronze,Yes,Web,2003-05-18,male
CRMP-001302,cust-002399,jamie.leon998@gmail.com,Gold,Yes,Web,1981-07-23,Female
CRMP-001609,CUST-001264,nicole.holder961@hotmail.com,Gold,Yes,In-Store,1952-11-14,Female
CRMP-001493,CUST-001987,edwin.rowe990@gmail.com,Bronze,Yes,In-Store,1966-11-01,Female
CRMP-002573,CUST-000279,sean.davis193@gmail.com,Bronze,Yes,Mobile App,1988-09-22,Female
CRMP-001143,CUST-000913,maria.wheeler997@hotmail.com,Bronze,No,Web,1995-02-08,Male
CRMP-002556,CUST-002742,sandra.day395@yahoo.com,Silver,Yes,Web,1950-07-20,Female
CRMP-000136,CUST-000946,richard.castro57@gmail.com,Gold,No,Mobile App,1957-06-11,Male
CRMP-002425,CUST-000330,BILLY.KELLY709@HOTMAIL.COM,Bronze,Yes,Marketplace,1959-02-25,Female
CRMP-001783,CUST-000730,michelle.wong620@hotmail.com,Bronze,Yes,Mobile App,1972-03-08,Female
CRMP-001736,CUST-000635,aaron.miller326@gmail.com,Bronze,No,Marketplace,"March 22, 1986",Female
CRMP-002063,CUST-000617,anthony.adams463@gmail.com,Silver,No,Web,1995-01-10,Prefer not to say
CRMP-001586,CUST-001501,emily.porter618@gmail.com,,Yes,Mobile App,1981-09-29,Female
CRMP-002120,CUST-001699,mary.dudley850@gmail.com,Bronze,Yes,Mobile App,1957-08-13,Female
CRMP-001132,CUST002497,stacy.spencer267@hotmail.com,Bronze,No,Mobile App,2002-01-19,Female
CRMP-001708,CUST-000028,hannah.callahan471@hotmail.com,Gold,No,In-Store,1979-04-13,Male
CRMP-001549,CUST-002189,adam.martinez425@gmail.com,Bronze,No,Mobile App,2001-08-26,Male
CRMP-001140,CUST-000009,sherry.wallace92@yahoo.com,Gold,No,In-Store,1967-12-18,Female
CRMP-000612,CUST-001212,amber.kirk750@yahoo.com,Silver,No,In-Store,1947-07-02,Female
CRMP-002767,CUST-002828,paul.hughes368@hotmail.com,Silver,Yes,Web,1979-01-26,Female
CRMP-002000,CUST-001693,leslie.massey517@hotmail.com,Silver,No,Web,1971-06-10,Male
CRMP-002368,CUST-001495,maria.kelly930@gmail.com,Bronze,Yes,In-Store,1995-01-15,Female
CRMP-002456,CUST-001833,kelsey.tucker392@hotmail.com,Silver,No,Mobile App,1952-03-06,Male
CRMP-002512,CUST-000472,rachel.martin617@gmail.com,Platinum,Yes,Marketplace,1967-04-05,Male
CRMP-002193,CUST-001946,patrick.kim512@yahoo.com,Bronze,Yes,Web,1999-05-22,Female
CRMP-000103,CUST-001303,kelly.jones490@gmail.com,Platinum,Yes,Mobile App,1941-11-14,Female
CRMP-000225,CUST-001569,zachary.price571@hotmail.com   ,Bronze,No,Marketplace,1993-02-26,Female
CRMP-000459,CUST-002923,julie.bowman151@gmail.com,Silver,Yes,Marketplace,1986-10-14,Female
CRMP-002738,CUST-000382,shane.smith603@gmail.com,Silver,Yes,Marketplace,1998-02-14,Male
CRMP-002622,CUST-002461,karen.mendoza988@yahoo.com,Silver,Yes,In-Store,1980-01-03,fEMALE
CRMP-001093,CUST-000714,mark.brooks114@gmail.com,Silver,No,In-Store,1981-12-17,Female
CRMP-001762,CUST-000722,john.bell355@gmail.com,Bronze,Yes,Mobile App,1967-10-14,Female
CRMP-001300,CUST-002819,casey.wilkerson513@gmail.com,Silver,No,Marketplace,1969-01-17,Male
CRMP-002345,CUST-000427,jonathan.ford919@yahoo.com,Bronze,Yes,Marketplace,2004-03-15,Female
CRMP-002323,000383,anthony.reynolds21@gmail.com,Platinum,No,Web,1959-03-28,Male
CRMP-001370,CUST-000480,veronica.harris282@hotmail.com,Silver,Yes,In-Store,1984-10-14,Male
CRMP-000658,CUST-001503,jared.anderson70@gmail.com,Silver,Yes,Mobile App,1969-04-02,Female
CRMP-001230,CUST-001408,todd.peters444@yahoo.com,Platinum,Yes,Web,2000-12-20,Male
CRMP-002724,CUST-001383,alex.butler27@gmail.com,Silver,Yes,Web,1997-04-09,Female
CRMP-002356,CUST-001921,thomas.mitchell357@yahoo.com,Bronze,Yes,Marketplace,1952-06-22,Non-binary
CRMP-000467,CUST-002224,michael.vasquez684@hotmail.com,Bronze,No,Mobile App,1984-02-05,Male
CRMP-000501,CUST-002906,frank.smith815@gmail.com,Bronze,No,Mobile App,1990-09-21,Female
CRMP-001400,CUST-000892,larry.humphrey780@gmail.com,Bronze,Yes,Mobile App,1976-09-08,Female
CRMP-000150,CUST-002659,brett.mccoy540@gmail.com,Bronze,No,Mobile App,2001-03-23,Male
CRMP-001612,CUST-002106,timothy.palmer761@hotmail.com,Platinum,No,Mobile App,1948-02-29,Prefer not to say
CRMP-002261,CUST-001736,steven.mcknight815@hotmail.com,Gold,Yes,Mobile App,1955-04-15,Prefer not to say
CRMP-002346,CUST-987982,jennifer82@example.org,Bronze,Yes,Web,1950-05-31,Female
CRMP-002757,CUST-000882,david.curry291@yahoo.com,Bronze,Yes,Mobile App,1977-07-28,Male
CRMP-001698,CUST-002895,devon.pittman785@yahoo.com,Gold,No,Web,1993-02-03,Male
CRMP-002649,CUST-001712,teresa.silva274@yahoo.com,Silver,Yes,Marketplace,1953-06-30,Female
CRMP-000904,CUST-000807,jason.lee608@yahoo.com,Silver,Yes,In-Store,1964-04-16,Female
CRMP-001615,CUST-000125,craig.harvey119@gmail.com,Bronze,No,Mobile App,1979-02-09,fEMALE
CRMP-000552,CUST-000661,sean.evans240@gmail.com,Bronze,No,Mobile App,1946-08-09,Male
CRMP-001799,CUST-001587,kristy.flores174@hotmail.com,Gold,No,Mobile App,1949-02-04,Female
CRMP-002471,CUST-000285,carol.cox724@yahoo.com,Bronze,Yes,Web,2008-01-31,Male
CRMP-001962,CUST-002868,carla.smith749@gmail.com,Gold,No,In-Store,1958-05-15,Female
CRMP-001559,CUST-002521,jerry.chen129@hotmail.com,,Yes,Mobile App,1988-09-19,Male
CRMP-000153,000035,lisa.mcneil602@yahoo.com,Platinum,Yes,Web,2002-06-02,Male
CRMP-001530,CUST001393,dawn.jones314@yahoo.com,Platinum,Yes,Marketplace,1997-06-28,Female
CRMP-000026,CUST-000565,david.santiago795@yahoo.com,Bronze,Yes,Web,1958-05-08,Female
CRMP-001026,CUST-002734,brian.peters144@hotmail.com,,No,Mobile App,"July 13, 2008",Female
CRMP-001768,CUST-002237,  jennifer.romero20@hotmail.com,Bronze,Yes,Web,1992-10-15,Female
CRMP-002405,CUST-001759,chelsea.smith915@yahoo.com,Silver,Yes,Mobile App,1971-12-18,female
CRMP-000080,CUST001679,nicholas.cook564@hotmail.com,,No,Web,1995-07-20,Female
CRMP-001240,CUST-001713,travis.romero346@hotmail.com,Bronze,No,Web,1942-12-10,Female
CRMP-000835,CUST-000314,john.martinez74@yahoo.com,Bronze,Yes,Mobile App,1985-04-27,Female
CRMP-002341,CUST-000573,barbara.pennington935@hotmail.com,Silver,No,Marketplace,1945-12-10,Male
CRMP-001351,CUST-001719,jason.kim989@hotmail.com,Gold,Yes,Web,1972-01-17,Female
CRMP-002325,CUST-002371,chad.anderson588@yahoo.com,Silver,Yes,Mobile App,1994-09-21,Male
CRMP-002148,CUST-002127,connie.riley153@hotmail.com,Bronze,Yes,Web,1945-04-11,Male
CRMP-001882,CUST-002765,jennifer.mcdonald132@gmail.com,Bronze,Yes,Mobile App,1962-06-26,Male
CRMP-001789,CUST-001148,tracy.webb606@gmail.com,Platinum,No,Web,1965-01-19,Female
CRMP-000875,CUST-000673,sonia.nguyen637@gmail.com,Silver,Yes,Mobile App,1990-07-31,Male
CRMP-001666,CUST-000854,sharon.jackson222@yahoo.com,Bronze,Yes,Marketplace,1988-01-12,Female
CRMP-000353,CUST-002099,tiffany.baker929@yahoo.com,Silver,No,Marketplace,1962-03-26,Female
CRMP-000806,CUST-002156,rachel.wilson26@yahoo.com,Gold,Yes,Mobile App,1950-06-13,Male
CRMP-001753,CUST-002307,alexander.floyd74@hotmail.com,Bronze,Yes,Web,1965-06-28,Female
CRMP-000811,CUST-002398,mary.mckinney502@gmail.com,Bronze,Yes,Mobile App,1948-12-12,Prefer not to say
CRMP-002412,CUST-000230,james.maldonado542@yahoo.com,Gold,Yes,Mobile App,1941-03-09,Female
CRMP-000545,CUST-000320,tara.rivas656@gmail.com,Platinum,Yes,Mobile App,1948-02-20,Female
CRMP-000263,CUST-000199,  grace.howard722@hotmail.com,Bronze,Yes,Marketplace,1997-06-09,Male
CRMP-001309,CUST-001685,angela.campbell398@yahoo.com,Gold,Yes,Mobile App,10-Jul-1959,Female
CRMP-001031,CUST-002217,thomas.williams800@yahoo.com,Bronze,Yes,In-Store,1966-11-07,MALE
CRMP-002032,CUST-000571,brad.meadows762@gmail.com,,Yes,Marketplace,2002-08-19,Female
CRMP-002778,CUST-001030,joseph.chapman19@gmail.com,Bronze,Yes,Web,1944-11-20,Female
CRMP-002806,CUST-000002,andre.li433@hotmail.com,Silver,No,Web,1963-11-13,Female
CRMP-000087,CUST-000543,charles.murphy935@hotmail.com,Platinum,Yes,Web,1959-09-03,Female
CRMP-002818,CUST-001977,kimberly.carter631@hotmail.com,Gold,No,Marketplace,1949-03-07,Female
CRMP-001741,CUST-002902,jessica.navarro684@hotmail.com,Silver,Yes,Web,2002-01-14,Male
CRMP-002186,CUST-916612,vdavis@example.com,Silver,Yes,In-Store,1988-07-13,Female
CRMP-002137,CUST-000508,billy.marquez525@hotmail.com,Gold,Yes,Web,1954-02-27,Male
CRMP-002449,CUST-002821,stephanie.parsons169@gmail.com,Platinum,No,Marketplace,1980-06-24,Male
CRMP-000573,CUST-002668,jonathan.sullivan404@hotmail.com,Bronze,Yes,Web,1983-04-06,Female
CRMP-001766,CUST-000619,andrew.bowen414@yahoo.com,Bronze,No,Mobile App,1954-07-07,Female
CRMP-002676,CUST-000599,jennifer.harmon616@hotmail.com,Bronze,Yes,Web,1941-07-05,Female
CRMP-001842,CUST-000220,dakota.miranda539@hotmail.com,Gold,Yes,Web,1988-06-09,Female
CRMP-000239,CUST-000844,kristine.warren309@yahoo.com,Bronze,No,Web,1954-05-27,Female
CRMP-001049,CUST001237,barbara.cobb36@gmail.com,Silver,No,Web,1942-06-03,Male
CRMP-000961,CUST-000698,michael.gonzalez5@hotmail.com,Bronze,Yes,Marketplace,1986-10-11,Male
CRMP-001102,CUST-002128,tonya.payne16@hotmail.com,Bronze,Yes,Mobile App,1988-06-11,Non-binary
CRMP-000010,CUST-002288,jessica.obrien437@gmail.com,Bronze,No,Web,1953-09-21,Male
CRMP-000234,CUST-000528,amy.compton280@hotmail.com,Gold,Yes,Web,2007-12-22,Male
CRMP-000536,CUST-001000,stephanie.wiggins26@hotmail.com,Silver,Yes,In-Store,1950-07-28,Male
CRMP-000344,CUST-002101,jessica.valencia681@yahoo.com,Bronze,Yes,In-Store,2004-12-16,Female
CRMP-002199,CUST-002464,JEANETTE.WEBB848@YAHOO.COM,Silver,Yes,Marketplace,1942-11-10,Male
CRMP-000286,CUST-002151,teresa.miller819@hotmail.com,,No,Web,1942-12-05,Female
CRMP-002723,CUST-000057,wayne.price721@gmail.com,Gold,No,Web,1970-10-02,fEMALE
CRMP-002466,CUST-000530,patricia.davis959@yahoo.com,Gold,Yes,Web,1976-10-07,Male
CRMP-001004,CUST-000874,maureen.lara371@yahoo.com,Silver,No,Mobile App,2000-05-08,Non-binary
CRMP-002205,CUST-002108,arthur.sims559@yahoo.com,Bronze,No,Mobile App,1981-10-23,Prefer not to say
CRMP-001459,CUST-001414,kathleen.sanders57@yahoo.com,Silver,Yes,Mobile App,1944-08-14,Male
CRMP-001578,CUST-000982,william.sparks637@yahoo.com,Silver,Yes,Web,2005-04-03,Non-binary
CRMP-000252,CUST-000577,ricky.payne914@gmail.com,Gold,Yes,Marketplace,1950-10-20,Female
CRMP-000838,CUST-002084,margaret.padilla712@gmail.com,Bronze,No,Web,1966-02-02,Male
CRMP-000402,CUST-000168,heidi.johnson918@gmail.com,Silver,Yes,Web,1954-03-23,Male
CRMP-002208,CUST-001041,randy.montgomery403@yahoo.com,Silver,No,Marketplace,1979-12-26,Male
CRMP-002769,CUST-002164,steven.morrow322@yahoo.com,Silver,No,Mobile App,1987-09-26,Male
CRMP-002647,CUST002226,kimberly.hall131@gmail.com,Silver,No,In-Store,09-Feb-1999,Female
CRMP-000482,CUST-000071,paul.mills276@hotmail.com,Bronze,No,Web,1990-02-11,Male
CRMP-002111,CUST-001708,donald.marsh473@hotmail.com,Gold,No,In-Store,1941-05-12,Female
CRMP-001622,CUST-001923,alexander.williams43@yahoo.com,Bronze,Yes,Mobile App,1981-10-15,Male
CRMP-001993,CUST-002328,GREGORY.WOLFE662@HOTMAIL.COM,Bronze,Yes,Mobile App,1995-03-20,Female
CRMP-001299,001763,adam.cox798@gmail.com,Bronze,No,Web,1984-11-30,Male
CRMP-000007,CUST-000187,christopher.duncan794@gmail.com,,No,Web,1991-07-07,Male
CRMP-000362,000968,heather.alexander222@yahoo.com,Bronze,Yes,Web,1953-01-21,Male
CRMP-001693,CUST-001257,brandy.smith871@yahoo.com,Bronze,No,Web,1957-05-02,Female
CRMP-000626,CUST-002843,michael.rogers853@gmail.com,Bronze,No,Web,2003-10-12,Female
CRMP-002357,CUST-001218,maria.lam920@gmail.com,,No,Mobile App,1943-04-19,Female
CRMP-001805,CUST-002351,jessica.morris478@hotmail.com,Bronze,Yes,Mobile App,1945-07-09,Female
CRMP-001171,CUST-000943,hunter.smith807@yahoo.com,Bronze,Yes,Web,1968-12-21,Male
CRMP-002489,CUST-000258,courtney.patton565@yahoo.com,Bronze,Yes,Mobile App,1975-03-21,Female
CRMP-000403,CUST-000102,christopher.jimenez499@yahoo.com,,Yes,Mobile App,1945-11-25,Male
CRMP-000478,CUST-000211,cheryl.rodriguez289@hotmail.com,Bronze,No,In-Store,06/12/1957,Female
CRMP-002070,CUST-904529,xfisher@example.com,Silver,No,Web,1993-05-22,Female
CRMP-002542,CUST002676,anthony.cunningham476@yahoo.com,Bronze,Yes,Mobile App,1952-05-26,Prefer not to say
CRMP-002006,CUST-917156,tammy91@example.net,Silver,No,In-Store,1970-06-28,Female
CRMP-001140,CUST-000009,sherry.wallace92@yahoo.com,Gold,No,In-Store,1967-12-18,Female
CRMP-002546,CUST-002893,julia.ball518@gmail.com,Silver,Yes,Mobile App,1994-07-22,Male
CRMP-001940,CUST-993592,oscar36@example.com,Bronze,No,Web,1951-08-07,Female
CRMP-002204,CUST-002494,joseph.oneill602@yahoo.com,Bronze,Yes,In-Store,1943-12-25,Male
CRMP-000192,CUST-001021,benjamin.lawrence903@hotmail.com,Gold,Yes,In-Store,1980-01-09,Male
CRMP-001774,CUST-000870,charles.salazar547@gmail.com,Silver,Yes,Web,1968-05-22,Female
CRMP-002249,CUST-000981,joseph.anderson937@hotmail.com,Bronze,Yes,Web,1967-01-11,Female
CRMP-002733,CUST-000205,JESSICA.HESTER44@HOTMAIL.COM,Gold,Yes,Web,1982-01-25,Non-binary
CRMP-000932,CUST-000058,diane.adams546@hotmail.com,Silver,No,Mobile App,1943-10-08,Female
CRMP-002103,CUST-001286,eileen.lane377@hotmail.com,Gold,Yes,Mobile App,1980-02-15,Male
CRMP-002165,CUST-002636,april.cooper473@yahoo.com,Silver,No,In-Store,1978-07-08,Non-binary
CRMP-001456,CUST-000956,james.chavez126@gmail.com,Silver,No,Web,1957-08-25,Female
CRMP-001562,000171,alexis.bauer722@hotmail.com,Silver,No,In-Store,1943-09-20,Male
CRMP-002686,CUST-001476,veronica.gutierrez929@gmail.com,Gold,No,Mobile App,1961-11-29,Male
CRMP-002315,CUST-001167,deborah.compton312@yahoo.com,Platinum,No,Web,2002-07-22,Female
CRMP-000321,CUST-002623,melissa.jones985@yahoo.com,Silver,Yes,Web,1945-01-04,Male
CRMP-000639,CUST-001045,faith.hill303@hotmail.com,,No,Mobile App,1974-10-09,Female
CRMP-002593,CUST-003000,angela.fox64@gmail.com,Bronze,No,Mobile App,1940-11-19,Female
CRMP-001042,CUST-001244,brad.brooks835@gmail.com,Silver,Yes,Web,1998-05-01,Male
CRMP-001212,CUST-000032,troy.morris854@yahoo.com,Bronze,No,Web,2002-06-14,Male
CRMP-001211,CUST001717,danielle.wilkins900@yahoo.com,Gold,Yes,Marketplace,1976-07-07,Male
CRMP-000756,CUST-001197,rachel.miller843@yahoo.com,Platinum,Yes,Mobile App,1972-03-03,Female
CRMP-002153,CUST-001340,gabriel.mcdonald694@hotmail.com,Bronze,No,Marketplace,1953-04-24,Male
CRMP-000266,CUST-001482,amanda.herrera910@hotmail.com,Gold,Yes,Web,1996-05-29,Female
CRMP-001579,CUST-000468,aaron.welch31@yahoo.com,Platinum,No,Mobile App,1971-11-15,Female
CRMP-002624,CUST-000089,stephanie.mcclain299@hotmail.com,Gold,Yes,Mobile App,1948-12-30,Male
CRMP-000310,CUST-000138,heidi.patterson515@yahoo.com,Silver,No,In-Store,1981-03-26,Male
CRMP-001285,CUST-002174,steve.reynolds991@gmail.com,Silver,Yes,Mobile App,2000-11-27,male
CRMP-002114,CUST-001968,ann.martin606@hotmail.com,Bronze,Yes,Web,1989-08-14,Female
CRMP-000335,CUST-001845,paul.roberts605@gmail.com,Bronze,Yes,Mobile App,1968-07-01,Male
CRMP-002477,CUST-002204,daniel.adkins550@gmail.com,Bronze,Yes,Mobile App,1996-09-13,FEMALE
CRMP-001613,CUST-000090,kenneth.carter152@hotmail.com,Silver,No,Web,1943-09-13,Male
CRMP-001280,CUST-001031,emily.stokes725@hotmail.com,Platinum,Yes,In-Store,1984-07-25,Male
CRMP-000907,CUST-001751,christine.torres899@yahoo.com,Bronze,No,Mobile App,1974-05-15,male
CRMP-000115,CUST-002325,john.esparza750@hotmail.com,Bronze,No,Web,1982-03-16,Male
CRMP-001719,CUST-000188,ashley.hoffman313@hotmail.com,Silver,Yes,Marketplace,1947-11-05,Male
CRMP-000254,CUST-002258,sarah.williams591@hotmail.com,Bronze,No,Mobile App,1964-02-04,Male
CRMP-001571,CUST-001697,alan.kelly241@yahoo.com,Gold,Yes,Web,2000-07-23,Male
CRMP-000923,CUST-001269,kathleen.smith175@gmail.com,Platinum,Yes,Mobile App,1945-09-16,Male
CRMP-001255,CUST-002835,donald.jackson352@gmail.com,Silver,Yes,Web,1973-07-08,Male
CRMP-000409,CUST-001537,sarah.cruz70@yahoo.com,Gold,No,Web,1970-01-27,Female
CRMP-000871,CUST-000433,kim.butler444@yahoo.com,Gold,No,Web,1960-05-02,Male
CRMP-000174,CUST-002820,eileen.mitchell490@yahoo.com,Bronze,Yes,Mobile App,1990-10-22,Female
CRMP-002623,CUST-002657,kelly.lopez971@yahoo.com,Bronze,Yes,Web,1945-10-11,Female
CRMP-002509,CUST-001839,eric.fields373@yahoo.com,,Yes,Mobile App,1949-09-26,Non-binary
CRMP-000394,CUST-001327,brooke.martin234@gmail.com,Silver,No,Web,2000-09-01,Non-binary
CRMP-001036,CUST-002826,  alec.cooper983@gmail.com,,No,Marketplace,1992-07-26,Non-binary
CRMP-000973,CUST-002889,DAVID.ELLIOTT690@GMAIL.COM,Gold,No,Mobile App,1967-11-08,Prefer not to say
CRMP-000521,002762,  angelica.carter215@gmail.com,Bronze,Yes,Web,1983-07-03,Female
CRMP-001575,CUST-002016,jennifer.soto389@yahoo.com   ,Gold,No,In-Store,1978-03-19,Female
CRMP-001899,CUST-002999,james.williams764@yahoo.com,Bronze,Yes,Web,1970-05-04,Male
CRMP-002092,CUST-002753,benjamin.davis341@hotmail.com,Silver,No,Web,1991-09-30,Female
CRMP-000237,CUST-001645,patricia.perkins38@yahoo.com,Gold,Yes,Marketplace,1976-05-10,Male
CRMP-001281,CUST-000517,haley.martin589@hotmail.com,Bronze,No,Mobile App,1957-04-01,Female
CRMP-000248,CUST-975381,castroalicia@example.org,Bronze,No,Marketplace,1985-09-07,Male
CRMP-002613,CUST-001117,ashley.brock445@yahoo.com,Platinum,No,Marketplace,1994-06-25,Female
CRMP-001541,CUST-000419,bradley.mcclure268@yahoo.com,Silver,Yes,Web,1955-12-09,Female
CRMP-000926,CUST-002551,christina.brewer231@hotmail.com,Bronze,No,Web,"October 05, 1946",Female
CRMP-002460,CUST-001207,amanda.baker499@yahoo.com,Silver,No,In-Store,1947-11-17,Female
CRMP-001620,CUST-001548,emily.myers129@hotmail.com,Bronze,Yes,Web,2003-10-08,Female
CRMP-002308,CUST-002796,carmen.brown411@yahoo.com,Bronze,Yes,Mobile App,2008-07-28,Male
CRMP-000881,CUST-001157,kristen.conner392@yahoo.com,Silver,No,Web,1961-12-14,Female
CRMP-001785,CUST-001330,cindy.fischer537@gmail.com,Bronze,Yes,Web,1966-07-16,Male
CRMP-002010,000238,william.york946@yahoo.com,Gold,Yes,Mobile App,1989-09-04,Male
CRMP-002268,CUST001115,alyssa.wilson590@gmail.com,Bronze,Yes,In-Store,2001-05-27,Female
CRMP-002453,CUST002180,john.west699@yahoo.com,Bronze,Yes,Marketplace,1956-03-25,Male
CRMP-000081,CUST-001455,shannon.shaw407@hotmail.com,Silver,No,Mobile App,1997-09-04,Male
CRMP-000837,CUST-001859,alyssa.turner381@yahoo.com,,No,In-Store,1987-04-15,Non-binary
CRMP-001171,CUST-000943,hunter.smith807@yahoo.com,Bronze,Yes,Web,1968-12-21,Male
CRMP-001657,CUST-002439,alyssa.nielsen792@gmail.com,Bronze,No,Mobile App,2008-04-19,Female
CRMP-002812,CUST-000096,lisa.sawyer6@yahoo.com,Bronze,Yes,In-Store,1976-12-13,Female
CRMP-001282,CUST-001821,kathleen.silva644@hotmail.com,Platinum,No,Web,1988-07-27,Male
CRMP-000383,CUST-002432,JILL.RIDDLE284@HOTMAIL.COM,Gold,No,Web,2001-06-26,Female
CRMP-001652,CUST-000292,  briana.gonzalez516@hotmail.com,Gold,Yes,Mobile App,1979-05-28,Male
CRMP-002690,CUST-000791,joel.weiss119@yahoo.com,Bronze,Yes,Mobile App,1977-10-06,Female
CRMP-001339,CUST-002414,tracy.mitchell837@gmail.com,Bronze,Yes,Mobile App,1979-03-20,Male
CRMP-001975,CUST-002733,brad.martin295@yahoo.com,Silver,No,Web,1999-02-28,Male
CRMP-001072,CUST-002392,CHRISTOPHER.THOMAS922@HOTMAIL.COM,Silver,No,Mobile App,1943-11-14,Female
CRMP-001627,CUST-002579,walter.wilson420@yahoo.com,Bronze,Yes,Marketplace,1989-01-03,Male
CRMP-000938,CUST-000728,melissa.berry128@hotmail.com,Silver,No,Web,1973-01-29,Male
CRMP-002703,CUST-002687,morgan.wells822@gmail.com,Silver,Yes,Marketplace,1965-11-28,Male
CRMP-002129,CUST-001462,jasmine.bates872@yahoo.com,Bronze,No,Web,1976-02-12,Female
CRMP-001024,CUST002804,cynthia.wilson67@yahoo.com,Bronze,No,Web,1995-05-07,Female
CRMP-002672,CUST002519,melissa.marquez367@hotmail.com,Platinum,Yes,Web,1974-01-13,Female
CRMP-001669,CUST-001605,jonathan.le212@hotmail.com,Silver,Yes,Web,07/16/1986,Male
CRMP-002680,CUST-000984,derek.rosales702@gmail.com,Gold,Yes,Mobile App,1952-09-05,Female
CRMP-000200,CUST-000905,colleen.zamora52@yahoo.com,Silver,Yes,Marketplace,2005-04-03,Female
CRMP-002688,CUST-000083, diana.farley141@hotmail.com ,Silver,No,Web,1964-11-12,Female
CRMP-000300,CUST-000737,kristen.romero821@yahoo.com,Bronze,Yes,Web,1984-10-26,Female
CRMP-002003,CUST-001466,laura.rosales514@gmail.com,Silver,Yes,Mobile App,1980-11-05,Male
CRMP-002541,CUST-002218,angela.jennings745@yahoo.com,Bronze,Yes,Mobile App,1955-11-08,Female
CRMP-000779,CUST-002200,erin.watkins333@hotmail.com,Bronze,Yes,Web,1976-09-10,Non-binary
CRMP-000934,CUST-000771,hannah.mckee439@gmail.com,Silver,Yes,Web,1975-03-04,Female
CRMP-000354,CUST-002490,marilyn.anderson767@gmail.com,,Yes,Mobile App,1962-04-08,Female
CRMP-001039,CUST-001910,daniel.horn146@gmail.com,Silver,Yes,Web,1971-12-03,Male
CRMP-001643,CUST-000547,casey.henderson633@hotmail.com,Bronze,Yes,Web,1977-05-09,Male
CRMP-000036,CUST-001297,angela.hunt779@hotmail.com,Silver,No,Mobile App,1957-11-30,Female
CRMP-000407,CUST-002478,wesley.villanueva625@hotmail.com,Silver,Yes,Web,1971-06-16,Male
CRMP-002485,CUST-001981,zachary.rojas339@hotmail.com,Gold,Yes,Marketplace,2002-07-29,Female
CRMP-002780,CUST-002090,gary.gonzalez932@yahoo.com,Gold,No,In-Store,1972-07-15,Male
CRMP-000727,CUST-001066,samantha.rhodes226@hotmail.com,Silver,No,Marketplace,1941-10-15,Female
CRMP-000596,CUST-000501,nicole.johnson877@gmail.com,Bronze,No,Web,2001-08-13,Female
CRMP-000393,CUST-001141,rachel.allen488@hotmail.com,Gold,Yes,Mobile App,1972-09-07,Female
CRMP-000794,CUST-002652,tony.dean752@yahoo.com,Silver,No,Web,1940-09-10,Male
CRMP-000002,CUST-002771,paul.trujillo93@hotmail.com   ,,Yes,Web,1973-02-11,Male
CRMP-000387,CUST-000036,darlene.byrd981@gmail.com,Bronze,No,Marketplace,2008-07-02,Female
CRMP-001403,CUST-001709,roberta.adams435@yahoo.com,Bronze,Yes,Mobile App,1991-03-27,Male
CRMP-000018,cust-001038,connor.stewart861@gmail.com,Gold,No,Mobile App,1978-12-24,Female
CRMP-000414,CUST-000012,brittney.gonzalez68@gmail.com,Platinum,No,Web,1985-01-09,Female
CRMP-002221,CUST-002909,CLAYTON.ADAMS249@YAHOO.COM,Silver,No,Marketplace,1965-05-28,Female
CRMP-000378,CUST-001200,margaret.jackson503@hotmail.com,Silver,Yes,In-Store,1976-10-01,Male
CRMP-000935,CUST-001706,dana.moore788@yahoo.com,Silver,Yes,Marketplace,1998-05-22,Female
CRMP-002735,CUST-000082,william.bates974@yahoo.com,Gold,No,Web,1973-11-09,Female
CRMP-000199,CUST001183,carla.stewart112@gmail.com,Silver,No,Web,1981-10-11,Female
CRMP-002677,CUST-001711,jose.barnes283@yahoo.com,Bronze,Yes,Web,1978-06-12,FEMALE
CRMP-002610,CUST-002275,alexis.hale126@gmail.com,Silver,No,Mobile App,1950-08-02,Male
CRMP-001314,CUST-000732,susan.morris423@gmail.com,Silver,Yes,In-Store,1964-02-08,NON-BINARY
CRMP-001722,CUST-000950,katie.aguirre686@yahoo.com,Bronze,No,Web,1945-10-24,Female
CRMP-001843,000657,gina.garcia920@yahoo.com,Silver,No,Marketplace,1949-03-31,Male
CRMP-001912,CUST-000375,cheryl.bernard551@yahoo.com,Silver,No,In-Store,1946-10-17,Male
CRMP-002212,CUST-000141,angela.king536@yahoo.com,Bronze,Yes,Mobile App,2007-12-14,Male
CRMP-002752,CUST-001168,lacey.richardson735@gmail.com,Bronze,No,Web,1964-01-12,MALE
CRMP-001998,CUST-001756,john.marshall519@gmail.com,Bronze,No,Marketplace,1982-05-06,Male
CRMP-000386,CUST-002775,laurie.hartman766@gmail.com   ,Bronze,Yes,In-Store,1984-05-30,Male
CRMP-001174,CUST-001992,deborah.griffin53@yahoo.com,Gold,Yes,Mobile App,1975-05-20,Male
CRMP-002668,CUST-002100,sergio.rios672@yahoo.com,Silver,Yes,Marketplace,1979-05-18,Male
CRMP-001605,CUST-000085,howard.davis962@gmail.com,Bronze,Yes,Mobile App,1946-03-29,Prefer not to say
CRMP-000624,CUST-001037,bradley.scott129@hotmail.com,Bronze,No,In-Store,1982-10-05,Male
CRMP-001122,CUST-000587,kimberly.carter587@hotmail.com   ,,Yes,In-Store,1963-12-22,Male
CRMP-002503,CUST-002142,joe.stewart129@hotmail.com,Silver,Yes,Web,1954-04-28,Female
CRMP-001968,CUST-000532,adam.boyd745@yahoo.com,Silver,Yes,In-Store,1984-04-01,MALE
CRMP-000799,CUST-000185,christian.brown730@yahoo.com,Silver,Yes,Mobile App,2006-08-05,Male
CRMP-001484,CUST-000249,megan.norman197@gmail.com,Bronze,Yes,Web,1997-11-25,Non-binary
CRMP-002330,CUST-002424,eugene.avila591@hotmail.com,Platinum,No,Web,1954-03-13,Male
CRMP-001087,CUST-002739,adam.payne920@yahoo.com,Silver,Yes,Mobile App,2008-08-20,Male
CRMP-000290,CUST-000014,michael.frederick364@gmail.com,Silver,Yes,Web,1957-07-23,Female
CRMP-001177,CUST-000856,tommy.owens516@yahoo.com,Bronze,Yes,Marketplace,13-Aug-1996,Female
CRMP-001167,CUST-977099,jacob35@example.net,Bronze,Yes,Mobile App,2008-02-19,Female
CRMP-000617,CUST-000112,heather.williams508@yahoo.com,Gold,Yes,In-Store,1944-05-18,Female
CRMP-000669,CUST-002907,nancy.lopez643@yahoo.com,Bronze,No,Mobile App,1991-07-08,Female
CRMP-000224,CUST-002405,raymond.hernandez457@hotmail.com,,No,Web,1975-04-20,Female
CRMP-001886,CUST-000531,pamela.schultz768@yahoo.com,Bronze,Yes,Web,1960-10-23,Female
CRMP-000244,CUST-000031,heather.wiley439@yahoo.com,Platinum,Yes,Mobile App,1982-10-23,Female
CRMP-002745,CUST-002735,BRENT.MCDANIEL933@YAHOO.COM,Gold,No,Web,1945-08-03,Female
CRMP-001845,CUST-000558, mary.martinez290@yahoo.com ,Silver,Yes,Mobile App,1975-10-15,Female
CRMP-000544,CUST-002743,tommy.sampson31@gmail.com,Silver,No,Marketplace,1981-08-05,Female
CRMP-001659,CUST-000243,steven.leonard919@gmail.com,Gold,Yes,Web,1957-01-22,Female
CRMP-000668,CUST-002093,scott.briggs489@yahoo.com,Bronze,Yes,Mobile App,1985-04-06,Male
CRMP-000798,CUST-002777,taylor.johnston331@hotmail.com,Silver,No,Web,1951-01-03,Female
CRMP-000037,CUST-002795,michael.hunt574@gmail.com,Gold,No,Web,1957-11-12,Female
CRMP-001338,CUST-001191,daniel.thomas966@yahoo.com,Bronze,Yes,Mobile App,1959-07-16,Female
CRMP-000656,CUST-002567,susan.berry659@yahoo.com,Gold,No,Web,1984-11-02,Male
CRMP-000654,CUST-000668,tammy.welch77@hotmail.com,Bronze,No,In-Store,2005-11-14,Female
CRMP-001700,CUST-001832,nicole.smith477@gmail.com,Gold,Yes,Marketplace,1955-11-30,Female
CRMP-002794,CUST-001991,ronald.murphy372@gmail.com,Bronze,Yes,Web,1988-12-10,Female
CRMP-000540,CUST-001423,marco.hines757@yahoo.com,Bronze,No,Marketplace,1981-08-29,Female
CRMP-002285,CUST-001154,daniel.reid785@hotmail.com,Bronze,No,In-Store,1950-07-14,Male
CRMP-001030,CUST-000529,kristi.townsend913@hotmail.com,Bronze,Yes,Mobile App,2003-09-23,Male
CRMP-001010,cust-000319,kathleen.davidson930@gmail.com,,Yes,Mobile App,1979-09-20,Male
CRMP-001390,CUST-000296,jeremiah.russell607@yahoo.com,Gold,No,Mobile App,04/21/1943,Male
CRMP-002772,CUST-001118,cassandra.lopez887@gmail.com   ,Bronze,No,Mobile App,2001-02-19,Female
CRMP-000105,CUST-001465,jose.collins475@hotmail.com,Bronze,No,Mobile App,2003-06-22,Female
CRMP-000322,CUST-001099,heather.martinez13@gmail.com,Silver,Yes,In-Store,1996-01-19,Female
CRMP-002784,CUST-000073,christopher.hawkins542@hotmail.com,Silver,Yes,Mobile App,1986-06-07,Male
CRMP-000091,CUST-001034,audrey.clarke729@gmail.com,,Yes,Mobile App,1986-04-24,Female
CRMP-002409,CUST-001962,elizabeth.wells175@yahoo.com,Bronze,Yes,In-Store,1978-12-25,Male
CRMP-001156,CUST-001781,sylvia.conway521@hotmail.com,Silver,No,Mobile App,1946-02-11,Female
CRMP-002426,CUST-002815,charles.byrd82@yahoo.com,Bronze,No,In-Store,1989-03-19,Prefer not to say
CRMP-000232,CUST-000254,lisa.rodriguez246@yahoo.com,Silver,Yes,Web,2000-07-20,Male
CRMP-001216,CUST-002807,gabriel.smith783@gmail.com,Bronze,No,Web,1954-09-13,Male
CRMP-001424,CUST-000812,jessica.fernandez728@yahoo.com,Bronze,No,Web,1944-07-10,Male
CRMP-000700,CUST-002092,john.simpson880@hotmail.com,Gold,Yes,Web,1968-12-04,Female
CRMP-001695,CUST-000389,  brenda.gregory533@gmail.com,Bronze,Yes,Mobile App,1947-10-25,Male
CRMP-000533,CUST-000827,carl.tyler119@gmail.com,Silver,No,Web,1970-05-17,Female
CRMP-000110,CUST-001134,cindy.bell703@gmail.com,Silver,Yes,Web,1945-11-16,Female
CRMP-000650,CUST-002350,michael.martin237@gmail.com,Silver,No,Web,1968-01-18,Male
CRMP-001930,CUST-001120,erin.horn937@hotmail.com,Gold,No,Marketplace,1978-04-25,Female
CRMP-001592,CUST-002955,amanda.holmes579@gmail.com,Silver,Yes,Web,1946-12-25,Female
CRMP-002667,CUST-001321,benjamin.peterson712@gmail.com,Silver,No,In-Store,1992-06-15,Female
CRMP-002326,CUST-000629,robert.smith961@gmail.com,Bronze,Yes,Marketplace,1970-04-28,Female
CRMP-000374,CUST-972406,qoneal@example.net,Bronze,No,Marketplace,1948-10-19,Male
CRMP-000578,CUST-001353,nicole.mitchell559@gmail.com,Bronze,Yes,Web,1952-09-21,Female
CRMP-000678,CUST-001402,kevin.horn608@hotmail.com,Bronze,No,Mobile App,1943-02-27,Female
CRMP-000375,CUST-002311,ashley.hurst283@hotmail.com,Bronze,Yes,Mobile App,1943-08-26,Non-binary
CRMP-002600,CUST-001967,john.weiss235@gmail.com,Silver,Yes,Mobile App,1952-12-31,Prefer not to say
CRMP-000260,CUST-002407,robert.reed864@hotmail.com,Bronze,Yes,Web,1980-01-03,Non-binary
CRMP-002685,CUST-000261, bethany.barnes705@hotmail.com ,Silver,No,Web,"July 16, 1972",Male
CRMP-000427,CUST-002228,sarah.berry329@yahoo.com,Gold,Yes,Mobile App,1960-02-06,Male
CRMP-002117,CUST-002553,timothy.young742@hotmail.com,Silver,Yes,Web,1986-12-13,Male
CRMP-002399,CUST-002199,joshua.curtis612@gmail.com,Silver,Yes,Web,1975-01-30,Male
CRMP-002675,CUST-001040, melanie.garcia706@gmail.com ,Gold,No,Web,11/28/1943,Female
CRMP-002794,CUST-001991,ronald.murphy372@gmail.com,Bronze,Yes,Web,1988-12-10,Female
CRMP-002057,CUST-002493,monique.griffin245@yahoo.com,Bronze,Yes,Mobile App,1986-01-18,fEMALE
CRMP-001032,CUST-001051,david.baxter678@gmail.com,Silver,Yes,Web,1997-09-15,Female
CRMP-002228,CUST000569,jack.cardenas297@hotmail.com,Silver,No,Marketplace,1945-10-26,Male
CRMP-000112,CUST-002344,elizabeth.gonzalez25@hotmail.com,Platinum,No,Mobile App,2008-08-22,Male
CRMP-000211,CUST-002442,kenneth.hughes759@hotmail.com,Silver,Yes,Web,1999-01-18,Female
CRMP-001523,002708,adam.cole700@yahoo.com,Platinum,Yes,Web,1942-01-31,Male
CRMP-002655,CUST-002631,april.howell989@hotmail.com,Bronze,Yes,Mobile App,1941-10-19,Male
CRMP-000156,CUST-001852,michaela.booker421@gmail.com,Bronze,Yes,Marketplace,2006-09-18,Female
CRMP-000172,CUST-000777,juan.miller700@yahoo.com,Gold,Yes,Web,1965-09-09,Male
CRMP-001794,CUST-001016,travis.gonzalez145@yahoo.com,Silver,No,Web,1951-07-07,Prefer not to say
CRMP-002303,CUST-001622,daniel.scott712@yahoo.com,Silver,Yes,Web,2002-04-11,Female
CRMP-000924,CUST-002666,christopher.beck583@gmail.com,Silver,Yes,Mobile App,1966-01-09,Female
CRMP-002780,CUST-002090,gary.gonzalez932@yahoo.com,Gold,No,In-Store,1972-07-15,Male
CRMP-000743,CUST-001028,jordan.williams512@yahoo.com,Silver,No,Mobile App,1975-03-23,Male
CRMP-002141,CUST001982,bailey.castillo130@gmail.com,Bronze,No,Mobile App,1990-01-05,Female
CRMP-000752,CUST-001523,GARY.MASON389@GMAIL.COM,Bronze,Yes,Marketplace,1975-11-24,Female
CRMP-001261,CUST-000568,scott.brown119@gmail.com,Gold,Yes,Web,1942-05-28,Female
CRMP-002499,CUST-002282,lori.allen10@gmail.com,Silver,No,Mobile App,1975-02-24,Male
CRMP-002452,CUST-002934,CYNTHIA.CHRISTENSEN370@YAHOO.COM,Bronze,Yes,In-Store,2001-08-31,Male
CRMP-001875,CUST-002697,alexandria.cook825@hotmail.com,Gold,Yes,Mobile App,1945-04-21,Male
CRMP-001673,CUST-001388,tyler.hernandez219@hotmail.com,Bronze,Yes,Marketplace,1997-10-22,Male
CRMP-002235,CUST-002930,eddie.mathews446@gmail.com,Bronze,No,In-Store,1952-07-18,Female
CRMP-000204,CUST-001651,karen.williams136@hotmail.com,Silver,No,Mobile App,1975-04-13,Female
CRMP-001296,CUST-000755,courtney.foster532@hotmail.com,Platinum,No,Web,1953-10-08,Non-binary
CRMP-000866,CUST-000364,michael.harrell52@yahoo.com,Gold,No,Mobile App,1996-06-09,Male
CRMP-001021,CUST-001107,wesley.lewis314@yahoo.com,Platinum,Yes,Web,1961-08-05,Male
CRMP-001956,CUST-001795,carolyn.holmes745@hotmail.com,Gold,No,Web,1942-03-16,Male
CRMP-002024,CUST-002605,margaret.thompson155@hotmail.com,Gold,Yes,In-Store,1967-05-24,Female
CRMP-000006,CUST-002340,raymond.johnson702@yahoo.com,Bronze,Yes,Mobile App,1946-03-08,Male
CRMP-000028,CUST-001874,kenneth.gardner204@yahoo.com,Bronze,Yes,Mobile App,1952-02-20,Male
CRMP-002145,CUST-002482,robert.sanders65@yahoo.com,,Yes,In-Store,1969-02-22,Male
CRMP-000675,CUST-001600,brian.pearson564@gmail.com,Silver,Yes,Web,1969-05-16,Female
CRMP-001458,CUST-002569,brandon.ross525@yahoo.com,Silver,Yes,Marketplace,1967-08-25,Prefer not to say
CRMP-002184,CUST-957517,tamarahayes@example.net,Gold,Yes,Mobile App,2008-06-28,Male
CRMP-001333,CUST-002009,JULIE.RICHARDSON648@GMAIL.COM,Gold,Yes,Web,1956-12-03,Male
CRMP-002220,CUST-002422,john.daniels646@yahoo.com,Bronze,No,Marketplace,1980-10-27,Female
CRMP-001278,CUST-001487,mark.gibson254@gmail.com,Bronze,No,Web,1948-01-06,Male
CRMP-001505,CUST-002958,michelle.carroll625@hotmail.com,Bronze,Yes,Mobile App,1967-03-16,Male
CRMP-002171,CUST-000321,michael.long739@yahoo.com,Gold,Yes,Web,1982-10-09,Female
CRMP-000010,CUST-002288,jessica.obrien437@gmail.com,Bronze,No,Web,1953-09-21,Male
CRMP-001948,CUST-001539,rhonda.taylor657@yahoo.com,Platinum,No,Web,1991-03-23,Male
CRMP-000453,CUST-000641,LEON.HODGE577@YAHOO.COM,Gold,Yes,Marketplace,"March 15, 1998",Female
CRMP-000968,CUST-001177,bobby.terry734@hotmail.com,Bronze,No,Web,1996-12-19,Female
CRMP-000557,CUST-000124,lauren.phelps752@hotmail.com,Bronze,Yes,Marketplace,1949-06-19,Female
CRMP-001180,CUST-000497,jennifer.rose637@hotmail.com,Bronze,Yes,Web,1990-02-03,Male
CRMP-002818,CUST-001977,kimberly.carter631@hotmail.com,Gold,No,Marketplace,1949-03-07,Female
CRMP-001238,CUST-000405,ashley.lloyd793@hotmail.com,Silver,No,Mobile App,1998-11-25,Female
CRMP-000215,CUST-001149,michael.pittman73@gmail.com,Bronze,Yes,Web,1964-11-23,Male
CRMP-000563,CUST-000575,scott.brooks168@hotmail.com,Platinum,No,Web,1972-12-16,Female
CRMP-002788,CUST-002662,benjamin.ruiz850@yahoo.com,Silver,Yes,Web,1963-12-26,Female
CRMP-001932,CUST-002459,steven.jackson373@gmail.com,Gold,No,Mobile App,1982-06-09,Female
CRMP-000181,CUST-000487,jessica.richardson380@yahoo.com   ,Bronze,No,Mobile App,1988-04-30,Male
CRMP-001470,CUST-002083,robert.king164@hotmail.com,Silver,Yes,Mobile App,1996-07-23,Female
CRMP-002666,CUST-002654,joseph.mendoza38@gmail.com,Silver,Yes,Web,1956-01-17,Male
CRMP-001593,CUST-001780,jon.blackwell511@hotmail.com,Bronze,No,Web,1997-03-21,Male
CRMP-000031,CUST-000537,dustin.edwards362@gmail.com,Bronze,Yes,In-Store,05/21/1952,Female
CRMP-002436,CUST-002872,caleb.johnston863@yahoo.com,Silver,Yes,Web,1980-07-14,Female
CRMP-002691,CUST-001930,jill.rodriguez671@gmail.com,Bronze,No,Web,1981-10-26,Male
CRMP-000480,CUST-000287,kathy.george331@gmail.com,Gold,Yes,Web,1996-01-29,Female
CRMP-001053,CUST-002848,alan.meyer165@hotmail.com,Gold,Yes,Marketplace,2005-08-18,Male
CRMP-000140,CUST-001247,  shawn.nelson193@yahoo.com,Gold,No,Web,1959-05-06,Male
CRMP-001213,CUST-000912,daniel.duran958@gmail.com,Bronze,No,Web,1957-10-14,Female
CRMP-000954,CUST-000626,alexandra.franco699@gmail.com,Gold,Yes,Web,2004-08-13,Male
CRMP-000262,CUST-002447,kathryn.garcia472@gmail.com,Silver,Yes,Marketplace,1965-10-14,Female
CRMP-002482,CUST-001158,jeremy.ibarra761@yahoo.com,Bronze,No,Mobile App,1994-02-19,Male
CRMP-002318,CUST-001880,kristina.rivera13@gmail.com,Bronze,No,In-Store,1994-11-11,Female
CRMP-002636,CUST-001294,tyler.garcia866@yahoo.com,Gold,No,Mobile App,1960-03-12,Female
CRMP-000340,CUST-000384,christine.duran932@hotmail.com,Silver,No,Marketplace,1978-03-18,Male
CRMP-001650,002366,kathryn.landry161@yahoo.com,,Yes,Web,1973-09-11,Female
CRMP-001352,CUST-002229,ronald.levine679@gmail.com,Silver,Yes,Mobile App,1946-02-11,Male
CRMP-000041,CUST-001978,douglas.rosales112@yahoo.com,Platinum,Yes,Marketplace,1966-08-05,Female
CRMP-002064,CUST-000436,sarah.kennedy431@yahoo.com,Silver,No,In-Store,1995-08-19,Male
CRMP-002286,CUST-002995,erin.smith534@hotmail.com,Bronze,Yes,Mobile App,1960-05-21,FEMALE
CRMP-001253,CUST-002609,crystal.miller243@gmail.com,Bronze,Yes,Marketplace,1984-08-05,Male
CRMP-000928,CUST-910719,wendypowell@example.org,Bronze,Yes,Mobile App,1961-12-19,Male
CRMP-001499,CUST-002194, lisa.wells502@gmail.com ,Bronze,No,Web,1978-01-18,Male
CRMP-001829,CUST-000181,kathryn.jordan139@hotmail.com,Bronze,Yes,Mobile App,2002-02-08,Male
CRMP-001807,CUST-000760,chad.sanchez801@hotmail.com,Silver,Yes,Web,1957-01-19,Female
CRMP-001380,CUST-000502,sarah.nelson797@gmail.com,Gold,No,Web,1984-06-12,Female
CRMP-000847,CUST-000662,ryan.hill452@yahoo.com,Silver,Yes,Web,2006-09-14,Female
CRMP-000971,CUST-002332,michael.gonzalez407@hotmail.com,Silver,Yes,Mobile App,1979-08-27,Female
CRMP-000418,CUST-002599,susan.garcia671@hotmail.com,Silver,Yes,Web,2005-11-13,Male
CRMP-002721,CUST-002036,megan.perry768@hotmail.com,Bronze,No,Marketplace,2007-08-17,Female
CRMP-000271,CUST-000372,kristen.torres414@yahoo.com,Bronze,Yes,Web,2000-12-09,Male
CRMP-000764,CUST-001657,timothy.frank530@gmail.com,Gold,Yes,Web,1977-01-20,Male
CRMP-001906,CUST-002989,danielle.johnson678@yahoo.com,Bronze,No,Mobile App,08-Mar-1953,Male
CRMP-002760,CUST-002363,katrina.chen772@hotmail.com,Silver,Yes,In-Store,1995-10-08,Female
CRMP-002416,CUST-001659,nichole.franco193@gmail.com,Bronze,No,Web,1944-09-19,Female
CRMP-002605,CUST-000536,cassandra.wiley700@hotmail.com,Platinum,Yes,Marketplace,1977-08-16,Female
CRMP-000582,cust-001895,DENISE.ROBERTSON925@HOTMAIL.COM,,Yes,Web,1991-04-10,Female
CRMP-002015,CUST-000585,pamela.mcguire454@hotmail.com,Bronze,No,In-Store,1957-07-22,Female
CRMP-000896,CUST-000693,tanya.gomez478@gmail.com,Bronze,No,Mobile App,1967-12-08,Prefer not to say
CRMP-002588,CUST-000356,matthew.hardy949@hotmail.com,Silver,Yes,Web,1965-12-16,Female
CRMP-000905,CUST-002973,michael.pham891@gmail.com,Bronze,Yes,Marketplace,22-May-1948,Male
CRMP-002198,CUST-000101,karen.flores997@yahoo.com,Bronze,No,Mobile App,1992-05-19,Female
CRMP-002443,CUST-001704,luis.russell412@hotmail.com,Gold,No,Mobile App,1978-09-02,Male
CRMP-000145,CUST-002576,kevin.nguyen51@hotmail.com,Bronze,Yes,Mobile App,1947-09-01,Male
CRMP-000876,CUST-001508,thomas.wade528@yahoo.com,Silver,No,In-Store,1949-05-17,Male
CRMP-002097,CUST-000423,karen.perez938@hotmail.com,Bronze,Yes,Web,1987-04-04,Male
CRMP-001877,CUST-000047,kristen.stevenson495@gmail.com,Bronze,No,Web,1950-11-02,Male
CRMP-002104,CUST-002486,luke.pope573@yahoo.com,Gold,No,Mobile App,1961-07-02,Female
CRMP-002494,CUST-000127,debbie.miller274@yahoo.com,Silver,Yes,Mobile App,1957-05-17,Female
CRMP-000008,CUST-001792,michael.allen626@hotmail.com,Silver,Yes,Mobile App,1953-04-28,Non-binary
CRMP-001663,CUST-001727,nicholas.ibarra639@yahoo.com,Silver,Yes,Web,1977-05-04,Male
CRMP-000589,CUST-002832,joel.williams291@yahoo.com,Silver,Yes,Web,1976-02-02,Female
CRMP-000064,CUST-001362,jessica.fisher252@yahoo.com,Silver,Yes,Web,1951-11-06,Male
CRMP-000303,CUST-000993,george.garcia589@yahoo.com,Bronze,Yes,Mobile App,1963-11-17,Female
CRMP-001237,CUST-001164,RANDY.WALKER331@GMAIL.COM,,Yes,Web,1947-05-26,Female
CRMP-001782,CUST-001758,destiny.flynn445@yahoo.com,Bronze,No,In-Store,1987-07-22,Female
CRMP-001397,CUST-001775,scott.brooks161@gmail.com,Platinum,Yes,Web,1951-09-06,Male
CRMP-001926,CUST001397,benjamin.cervantes459@hotmail.com,Gold,Yes,Mobile App,1999-11-03,Male
CRMP-001428,CUST-001485,wayne.brown159@hotmail.com,Bronze,Yes,Mobile App,1969-07-02,Female
CRMP-000075,CUST-002138,brett.baker93@yahoo.com,Platinum,Yes,Marketplace,1959-02-22,Male
CRMP-000253,CUST-000906,paula.hall995@gmail.com,Bronze,No,Web,1952-10-25,Female
CRMP-000591,CUST-000902,sarah.rodriguez923@hotmail.com,Bronze,No,In-Store,1968-09-25,Female
CRMP-002123,CUST-000837,stephen.peterson537@yahoo.com,Platinum,Yes,Mobile App,1954-04-22,Male
CRMP-001775,cust-002530,kayla.richardson978@yahoo.com,Silver,Yes,Marketplace,2001-11-17,Female
CRMP-001202,CUST-002545,aaron.conway748@hotmail.com,Bronze,Yes,Mobile App,1996-03-30,Female
CRMP-000116,CUST-000242,suzanne.vega948@gmail.com,Silver,No,Web,1969-06-10,Male
CRMP-002332,CUST-002981,thomas.walker859@gmail.com,Silver,Yes,Marketplace,2003-02-28,Female
CRMP-001086,CUST-002358,julie.williamson439@yahoo.com,Gold,No,Marketplace,1959-12-23,Male
CRMP-000824,CUST-001741,john.roman284@yahoo.com,Gold,Yes,Mobile App,1975-11-24,Female
CRMP-001846,CUST-001700,stephanie.davis77@hotmail.com,Silver,No,Web,1997-08-02,Non-binary
CRMP-002558,CUST-001771,patricia.ward341@hotmail.com,,Yes,Web,1986-05-07,Male
CRMP-001536,CUST-000109,glenda.morse825@gmail.com,Silver,No,Web,1994-09-29,Male
CRMP-000920,CUST-000948,maria.merritt975@yahoo.com,,Yes,In-Store,1968-01-23,Female
CRMP-002144,CUST-002383,joshua.huff162@yahoo.com,Platinum,Yes,Mobile App,1957-12-01,Female
CRMP-002363,CUST-000317,alan.yu238@yahoo.com   ,Bronze,Yes,Web,1994-09-19,Prefer not to say
CRMP-002706,CUST-002554,kristen.lowery857@gmail.com,Gold,No,Web,1972-05-14,Male
CRMP-001002,CUST-000329,diane.yates779@gmail.com,Bronze,No,Web,1972-04-20,Female
CRMP-000462,CUST-000907,benjamin.smith831@hotmail.com,Platinum,Yes,In-Store,1953-03-14,Male
CRMP-001020,CUST-001185,jeffery.hernandez62@yahoo.com,Gold,Yes,Web,1973-09-24,Male
CRMP-001084,CUST-001392,travis.martinez93@gmail.com,Bronze,No,Mobile App,1944-10-11,Male
CRMP-002007,CUST-000944,maria.may527@hotmail.com,Gold,No,Mobile App,1969-01-04,Prefer not to say
CRMP-000468,CUST-000553,gregory.baker235@gmail.com,Gold,Yes,Marketplace,1994-11-09,Male
CRMP-002531,CUST-000197,theresa.thomas478@hotmail.com,Silver,Yes,Mobile App,1993-11-13,Male
CRMP-002157,CUST-000674,stephen.sharp909@gmail.com,Bronze,Yes,Mobile App,1997-07-05,Male
CRMP-000899,CUST-000883,heather.fowler188@gmail.com,Gold,No,Web,1982-04-19,MALE
CRMP-000052,CUST-002331,ryan.hall289@gmail.com,Silver,Yes,Mobile App,"February 10, 1966",Prefer not to say
CRMP-001912,CUST-000375,cheryl.bernard551@yahoo.com,Silver,No,In-Store,1946-10-17,Male
CRMP-002475,CUST-000139,ricky.lopez827@hotmail.com,Platinum,No,Web,1964-03-02,Prefer not to say
CRMP-001289,CUST-000680,ashley.torres433@hotmail.com,Gold,No,Web,11-Jul-1981,Female
CRMP-001359,CUST-001867,george.kelly448@gmail.com,Platinum,No,Web,2008-06-08,Male
CRMP-000133,CUST-000671,wayne.patel118@gmail.com,Platinum,Yes,Web,1979-12-14,Female
CRMP-001483,CUST-000819,bobby.henry652@gmail.com,Silver,Yes,Mobile App,1999-07-21,Female
CRMP-001135,CUST-001085,katie.gutierrez756@hotmail.com,Silver,No,Mobile App,08/23/1974,Male
CRMP-000451,CUST-001666,emily.hunt68@gmail.com,Bronze,Yes,Web,1990-04-08,female
CRMP-002225,CUST-001990, alexis.fisher686@yahoo.com ,Gold,No,Mobile App,1994-12-16,Non-binary
CRMP-000291,CUST-002648,joseph.cummings941@hotmail.com,Silver,Yes,In-Store,1996-10-02,Female
CRMP-000993,CUST-000966,keith.payne543@gmail.com,Platinum,No,In-Store,1972-01-29,Non-binary
CRMP-000714,000326,wendy.crosby759@hotmail.com,Silver,No,Mobile App,1979-01-23,Female
CRMP-000379,CUST-001695,kevin.turner522@gmail.com,Gold,No,Web,1967-04-30,Male
CRMP-001649,CUST-000640,karen.holland797@hotmail.com,Silver,No,Web,1981-07-17,Female
CRMP-002207,CUST-000712,david.douglas456@yahoo.com,Platinum,Yes,Web,1945-01-19,Female
CRMP-000966,CUST-002549,johnny.anderson15@yahoo.com,Platinum,Yes,Mobile App,1969-08-02,Male
CRMP-001896,CUST-002201,jennifer.arnold680@yahoo.com,Bronze,Yes,Web,1974-02-11,Female
CRMP-001262,CUST-000868,edward.patterson524@gmail.com,Bronze,No,Mobile App,1980-06-13,Male
CRMP-001190,CUST-969801,davisbrett@example.com,Bronze,No,Marketplace,2000-04-05,Prefer not to say
CRMP-000713,CUST-002190,william.meyer725@yahoo.com,Gold,Yes,Mobile App,1973-03-14,Male
CRMP-002428,CUST-002043,jerome.brown468@yahoo.com,Silver,Yes,Marketplace,1964-02-18,Male
CRMP-001598,CUST-002000,taylor.castro717@gmail.com,Bronze,No,Mobile App,1979-04-26,Male
CRMP-001982,CUST-002157,jane.russo233@gmail.com,Bronze,Yes,Mobile App,1970-08-18,Female
CRMP-000906,CUST-002290,austin.myers832@yahoo.com,Bronze,Yes,Mobile App,2001-08-21,Male
CRMP-000077,CUST-001142,elizabeth.perez896@hotmail.com,Platinum,No,Mobile App,"July 28, 1989",fEMALE
CRMP-000549,CUST-002236,brittany.petersen94@hotmail.com,,No,Web,1966-02-20,Male
CRMP-002061,CUST-001204,andrew.adams526@yahoo.com,Gold,Yes,Mobile App,1987-11-01,Female
CRMP-000015,CUST-000747,christie.rogers719@yahoo.com,Bronze,Yes,Mobile App,1943-05-16,Non-binary
CRMP-002533,CUST-002205,sherri.rogers371@gmail.com,Silver,No,Mobile App,1991-06-08,Male
CRMP-000281,CUST-002273,jennifer.parker145@yahoo.com,Silver,Yes,Mobile App,1968-05-26,Female
CRMP-000697,CUST-002119,samuel.rivera486@yahoo.com,Silver,Yes,Web,1961-04-24,Male
CRMP-000628,CUST-002387,jeffrey.evans647@hotmail.com,Bronze,No,Web,1959-02-14,Male
CRMP-001778,CUST-001768,lauren.gibson627@hotmail.com,Bronze,Yes,Web,1972-12-28,Female
CRMP-001653,CUST-002272,samuel.golden413@yahoo.com,Bronze,Yes,Marketplace,1987-02-23,Male
CRMP-000412,CUST-001872,WILLIAM.THOMAS28@GMAIL.COM,Platinum,Yes,In-Store,1949-09-12,Male
CRMP-000437,001636,  maurice.price937@gmail.com,Gold,Yes,Marketplace,1971-09-13,Female
CRMP-000450,CUST-000872,eric.miller407@hotmail.com,Platinum,No,In-Store,1992-05-17,Female
CRMP-001985,CUST-002706,ruben.miller897@yahoo.com,Silver,Yes,Marketplace,1991-02-09,Female
CRMP-001350,CUST-002601,michelle.henderson991@yahoo.com,,Yes,In-Store,2000-11-12,Female
CRMP-002284,CUST-001306,manuel.hubbard303@gmail.com,Silver,Yes,Web,1966-12-04,Male
CRMP-001994,002571,linda.rice712@gmail.com,Gold,Yes,Mobile App,1946-05-31,Male
CRMP-002243,CUST-000078,  mary.wright316@yahoo.com,Bronze,No,Marketplace,1967-06-12,Non-binary
CRMP-001170,CUST-000779,samantha.house59@gmail.com,Silver,No,In-Store,1951-12-11,Male
CRMP-000322,CUST-001099,heather.martinez13@gmail.com,Silver,Yes,In-Store,1996-01-19,Female
CRMP-002765,CUST-002744,carrie.sheppard773@yahoo.com,Bronze,No,Mobile App,1970-09-24,FEMALE
CRMP-000137,CUST-000264,stephanie.whitehead501@hotmail.com,Silver,No,Web,1957-02-01,Female
CRMP-001814,CUST-001215,max.harper845@yahoo.com,Gold,Yes,Mobile App,1993-03-06,Male
CRMP-000497,CUST-001229,timothy.ray26@hotmail.com,,Yes,In-Store,1987-02-07,Male
CRMP-000632,CUST-002488,daniel.huffman917@hotmail.com,Bronze,No,Marketplace,"January 07, 1968",Female
CRMP-002753,CUST-000438,aaron.little804@yahoo.com,Platinum,Yes,Web,1992-07-21,Female
CRMP-001648,CUST-000442,caroline.schneider575@yahoo.com,Silver,No,Web,1981-01-06,Female
CRMP-000141,CUST-001983,scott.stephens931@hotmail.com,Platinum,No,Mobile App,1977-09-05,Male
CRMP-001997,CUST-002136,caleb.merritt507@hotmail.com,Silver,No,Web,1974-09-30,Male
CRMP-000610,CUST002457,katherine.mclaughlin40@gmail.com,Silver,No,Web,1982-05-28,Prefer not to say
CRMP-001485,CUST-001420,nicole.spencer522@gmail.com,Bronze,Yes,Mobile App,1982-02-01,Female
CRMP-000454,CUST-002355,john.griffin438@yahoo.com,Bronze,Yes,Web,1995-07-03,Male
CRMP-000736,CUST-002691,craig.stewart202@gmail.com,Gold,Yes,Marketplace,1956-02-26,Male
CRMP-001792,CUST-002437,vicki.lopez521@gmail.com,Silver,No,Web,1957-04-19,Male
CRMP-000909,CUST-001831,julia.hayes221@gmail.com,Gold,Yes,In-Store,1968-03-08,Male
CRMP-002017,CUST-001794,steven.rivas991@yahoo.com,Bronze,Yes,Mobile App,1989-06-09,Non-binary
CRMP-002066,CUST-001723,michael.flores102@yahoo.com,Silver,No,Web,1984-11-10,Male
CRMP-002441,CUST-000368,travis.peck776@yahoo.com,Platinum,Yes,Web,1940-09-08,Male
CRMP-000410,CUST-001665, ashley.davis886@gmail.com ,Silver,No,Web,1970-04-12,Female
CRMP-002201,CUST-935477,taralyons@example.org,Gold,Yes,Web,1988-10-18,Female
CRMP-002088,CUST-002920,jerome.sanchez883@hotmail.com,Silver,Yes,Mobile App,1952-08-05,Female
CRMP-000108,CUST-000524,adrian.brooks804@gmail.com,Bronze,Yes,Web,1979-12-26,Male
CRMP-000055,CUST001288,megan.jacobs370@yahoo.com,Silver,Yes,Marketplace,1966-10-26,Male
CRMP-001623,CUST-002960,tony.kent795@yahoo.com,Bronze,No,Web,1955-09-05,Male
CRMP-000662,CUST-001097, kathleen.sanchez383@yahoo.com ,Bronze,No,Marketplace,2000-01-23,Female
CRMP-000789,002324,rebecca.terry691@gmail.com,Gold,No,Mobile App,1986-05-08,Female
CRMP-001137,CUST-000940,william.white636@hotmail.com,Gold,No,Marketplace,1977-12-09,Female
CRMP-001726,CUST-002632,timothy.duncan401@hotmail.com,Gold,Yes,Marketplace,1979-11-26,Female
CRMP-002065,CUST-000679,holly.carroll939@hotmail.com,Silver,Yes,Web,1992-07-22,mALE
CRMP-001763,CUST-000462,andrea.macias742@yahoo.com,Bronze,Yes,Mobile App,1970-05-17,Female
CRMP-000023,cust-002752,ashley.vincent611@gmail.com,Silver,No,Web,2002-06-22,Male
CRMP-001717,CUST-001958,cathy.keller551@yahoo.com,Gold,No,Mobile App,1982-06-02,Male
CRMP-001929,002786,steven.huff62@gmail.com,Silver,No,Web,2002-06-07,Non-binary
CRMP-000822,CUST-000212,tyler.daniel6@yahoo.com,Gold,No,Mobile App,1942-09-22,Prefer not to say
CRMP-000802,CUST-001070,mikayla.fletcher68@hotmail.com,Bronze,No,Marketplace,1992-09-07,Female
CRMP-002262,CUST-002007,randy.frey189@gmail.com,Bronze,No,Web,2007-09-06,Male
CRMP-002326,CUST-000629,robert.smith961@gmail.com,Bronze,Yes,Marketplace,1970-04-28,Female
CRMP-000285,CUST-000470,tony.moore233@hotmail.com,Gold,No,Web,1991-04-03,Male
CRMP-000222,CUST-001884,mary.ford832@hotmail.com,Silver,Yes,Web,1950-08-20,Male
CRMP-001356,CUST-002264,brian.rasmussen48@yahoo.com,Gold,Yes,Mobile App,1965-04-30,Female
CRMP-000373,CUST-002750,bruce.ward228@yahoo.com,Bronze,No,In-Store,1994-08-01,Female
CRMP-001528,CUST-002259,kevin.williams645@hotmail.com,Gold,Yes,Web,"August 18, 1966",Female
CRMP-000840,001916,amy.moore613@hotmail.com,Bronze,Yes,Mobile App,1990-01-20,Non-binary
CRMP-002813,CUST-000256,brandi.anderson56@hotmail.com,Gold,Yes,Marketplace,1952-11-29,Male
CRMP-000500,CUST-000695,kimberly.price522@hotmail.com,Bronze,No,Web,1994-06-30,Female
CRMP-000089,CUST-001580,  sierra.downs782@yahoo.com,Bronze,No,Web,2000-03-03,Male
CRMP-000810,CUST-002069,latoya.turner125@yahoo.com,Gold,Yes,Web,1973-05-05,Male
CRMP-001455,CUST-000121,sarah.rodriguez288@hotmail.com,,Yes,Mobile App,1963-05-05,Male
CRMP-001946,CUST-002135,james.ramirez555@gmail.com,Bronze,No,Marketplace,2007-06-06,Female
CRMP-001248,cust-002660,benjamin.carter36@yahoo.com,Platinum,Yes,Web,1966-05-12,Male
CRMP-001462,CUST-002426,trevor.watkins35@hotmail.com,Gold,Yes,Mobile App,1977-05-28,Male
CRMP-001688,CUST-002850,yvonne.williams666@yahoo.com,Bronze,Yes,Marketplace,1974-12-23,Male
CRMP-002108,CUST-002597,regina.ward742@gmail.com,Gold,Yes,Web,1970-06-18,Male
CRMP-000912,CUST-000237,keith.johnson130@hotmail.com,Bronze,Yes,Marketplace,1981-10-19,male
CRMP-000982,CUST-001646,krystal.travis463@yahoo.com,Platinum,No,Mobile App,1948-04-28,Male
CRMP-000786,CUST-002384,geoffrey.salas537@hotmail.com,Platinum,No,Web,1995-02-22,MALE
CRMP-001645,CUST-001989,antonio.wilson908@gmail.com,Silver,No,Mobile App,1982-03-18,Male
CRMP-002596,CUST-002280,michael.williams397@hotmail.com,Gold,No,Web,1972-10-01,Female
CRMP-002082,001073,roy.cox763@gmail.com,Bronze,Yes,Mobile App,1967-10-21,Female
CRMP-001983,CUST-001638,amy.christian568@yahoo.com,Silver,No,Marketplace,1989-03-25,Non-binary
CRMP-000722,CUST-001126,nathan.james692@yahoo.com,Bronze,Yes,Web,2001-07-04,Male
CRMP-001469,CUST-002121,amy.collins635@hotmail.com,Bronze,No,Web,1999-02-25,Male
CRMP-000898,CUST-002329,corey.mcdonald407@yahoo.com,Silver,Yes,Web,1994-01-03,Male
CRMP-000499,CUST-002054,eric.jimenez961@yahoo.com,Platinum,Yes,Mobile App,1979-12-14,Male
CRMP-001883,CUST-002613,cassandra.walsh428@yahoo.com,Silver,No,Web,1956-07-18,Male
CRMP-001076,CUST-001824,dennis.moreno278@yahoo.com,Platinum,Yes,Marketplace,1987-06-01,Male
CRMP-001616,CUST-000911,rhonda.harris721@hotmail.com,Bronze,Yes,Mobile App,1992-11-23,Male
CRMP-002195,CUST-000244,gina.bell477@hotmail.com,Gold,No,Web,2005-04-09,Female
CRMP-001098,CUST-000592,kayla.green759@yahoo.com,Silver,Yes,Web,1999-10-23,Female
CRMP-000168,CUST-001626,eric.wheeler122@gmail.com   ,Bronze,No,Mobile App,1962-10-08,Male
CRMP-002227,CUST-002107,mark.weber66@yahoo.com,Platinum,No,Web,1980-07-19,Male
CRMP-001859,CUST-000691,mario.lee134@yahoo.com,Bronze,No,Web,1960-05-14,Male
CRMP-001764,CUST-002546,kelsey.kelley816@yahoo.com,Bronze,Yes,Marketplace,1974-06-16,Female
CRMP-000701,CUST-000440,marisa.davies348@yahoo.com,Gold,No,Web,1971-09-06,Prefer not to say
CRMP-000953,CUST-001621,diane.santos657@gmail.com,Bronze,Yes,Mobile App,1954-05-20,male
CRMP-001188,CUST-002241,lisa.gomez448@gmail.com,Bronze,No,In-Store,1954-04-29,Male
CRMP-000455,CUST-000270,devon.rogers711@hotmail.com,Platinum,Yes,Marketplace,1980-02-15,Female
CRMP-001347,CUST000739,STACEY.LUNA935@HOTMAIL.COM,,Yes,Web,2002-12-14,Female
CRMP-002592,CUST-001005,elizabeth.turner271@hotmail.com,Bronze,Yes,Marketplace,1956-07-12,Non-binary
CRMP-000368,CUST-002034,david.harmon656@gmail.com,Silver,No,Mobile App,1954-07-25,Female
CRMP-002619,002299,carol.bradley868@yahoo.com,Platinum,No,Marketplace,1941-01-21,Male
CRMP-002815,CUST-001927,julia.lester936@gmail.com,Silver,Yes,Web,1987-05-03,Male
CRMP-001263,CUST-002126,christopher.shaw274@hotmail.com,Silver,Yes,Marketplace,1992-02-06,Male
CRMP-001984,CUST-002227,kendra.knight604@hotmail.com,Silver,No,Web,1945-08-15,Female
CRMP-002554,CUST-001124,samuel.elliott696@yahoo.com,Silver,Yes,Mobile App,1950-07-07,Male
CRMP-000336,CUST-002585,angela.king249@hotmail.com,Bronze,Yes,Web,1989-11-01,Female
CRMP-002712,CUST-000610,bernard.macdonald639@hotmail.com,Bronze,Yes,Mobile App,1968-10-11,Female
CRMP-001247,CUST-000373,shannon.smith111@yahoo.com,Silver,Yes,Mobile App,1948-12-31,Male
CRMP-002055,CUST-002782,joshua.poole628@yahoo.com,Bronze,Yes,Web,03-May-1954,Male
CRMP-000398,CUST-001606,paula.hester626@hotmail.com,Silver,Yes,Mobile App,1969-09-09,Female
CRMP-001385,CUST-002863,austin.ayers996@hotmail.com,Bronze,Yes,Web,1957-10-22,Female
CRMP-002803,CUST-001369,carol.brown798@yahoo.com,Gold,Yes,Mobile App,1974-02-25,Male
CRMP-000952,CUST-001499,danielle.boyer824@hotmail.com,Platinum,No,Mobile App,1978-03-04,Female
CRMP-000134,CUST-002317,gary.cervantes623@yahoo.com   ,Silver,No,Mobile App,1949-11-14,Male
CRMP-001715,CUST-000624,william.reyes928@yahoo.com,Gold,Yes,Web,1958-05-05,Female
CRMP-001703,CUST-001951,patricia.bird429@hotmail.com,Silver,Yes,Marketplace,1951-09-08,Male
CRMP-002099,CUST-001779,nichole.morris938@gmail.com,Silver,No,Mobile App,2004-07-13,Female
CRMP-001516,CUST-000485,JOSEPH.ANDERSON372@HOTMAIL.COM,Gold,No,Web,1941-08-04,Female
CRMP-000647,CUST-001667,curtis.krueger692@hotmail.com,Gold,No,Mobile App,1943-09-27,Female
CRMP-000629,CUST-000928,kelly.chung492@hotmail.com,Platinum,No,Marketplace,1971-05-26,Male
CRMP-002602,CUST-000563,kimberly.bass156@gmail.com,Silver,Yes,Mobile App,1971-03-09,Non-binary
CRMP-002651,CUST-002565,nathan.hammond780@hotmail.com,Gold,Yes,Web,1982-08-09,Female
CRMP-001399,CUST-001060,michael.jones943@hotmail.com,Platinum,Yes,Mobile App,1998-06-12,Female
CRMP-001073,CUST-000509,amy.novak91@gmail.com,Bronze,Yes,In-Store,1969-06-30,Female
CRMP-001176,CUST002335,gary.davidson391@yahoo.com,Bronze,Yes,Mobile App,1980-05-11,Male
CRMP-000330,CUST-002274,jeanne.parks704@gmail.com,Bronze,Yes,Web,1956-03-31,Male
CRMP-001070,CUST-001182,katie.cohen290@gmail.com,,Yes,Mobile App,1948-08-21,Female
CRMP-001759,CUST-000345,allison.henderson961@yahoo.com,Gold,Yes,Marketplace,1944-03-25,Female
CRMP-001054,CUST-001441,joshua.smith125@yahoo.com,Bronze,Yes,In-Store,1985-06-24,Female
CRMP-001699,cust-000845,gary.powell505@gmail.com,Gold,Yes,Mobile App,1985-06-14,Male
CRMP-001603,CUST-000828,william.smith24@hotmail.com,Platinum,Yes,Web,2008-04-13,Male
CRMP-002374,CUST-001250,cindy.rodriguez746@yahoo.com   ,Bronze,Yes,In-Store,1976-02-01,Male
CRMP-001217,CUST-000864,victor.ramsey452@yahoo.com,Silver,Yes,Web,1991-12-06,Male
CRMP-001120,CUST-001702,KENNETH.BRANCH440@YAHOO.COM,Silver,Yes,Web,1984-01-24,Male
CRMP-002783,CUST-001350,tammie.evans942@gmail.com,Silver,No,Marketplace,1981-11-29,Female
CRMP-001863,CUST-001890,samantha.campbell808@gmail.com,Gold,Yes,Mobile App,1973-03-19,male
CRMP-000341,CUST-002968,shelby.ward95@hotmail.com,Gold,Yes,Marketplace,1960-08-11,Female
CRMP-000228,CUST-000266,arthur.schmidt770@yahoo.com,Bronze,Yes,Mobile App,1985-08-09,Prefer not to say
CRMP-002495,CUST-002364,laura.miller709@gmail.com,Silver,Yes,Marketplace,1983-04-02,Female
CRMP-002665,CUST-000449,JILL.SMITH344@HOTMAIL.COM,Bronze,No,Web,1986-08-28,Male
CRMP-000050,CUST-000013,kevin.morrison677@hotmail.com,Bronze,Yes,Web,1992-10-20,Female
CRMP-002612,CUST-002776,sheri.perez887@hotmail.com,Silver,No,Mobile App,1998-04-01,Female
CRMP-000755,CUST-000888,angela.arnold307@yahoo.com,Silver,Yes,Mobile App,1986-12-30,Female
CRMP-001361,CUST-001632,glenn.wise298@hotmail.com,Bronze,Yes,Web,1975-12-28,Male
CRMP-001037,CUST-001092,RICHARD.OLIVER578@GMAIL.COM,Bronze,Yes,In-Store,1955-05-18,Female
CRMP-002178,CUST-001412,MICHAEL.BRIGGS609@YAHOO.COM,Bronze,No,Web,1969-03-18,Female
CRMP-001144,CUST-002818,  patrick.evans856@gmail.com,Silver,Yes,Marketplace,2007-06-03,Male
CRMP-002203,CUST-002655,shelby.weber961@gmail.com,Platinum,No,Web,1951-02-22,Non-binary
CRMP-001542,CUST-000338,charles.williams734@gmail.com,Gold,Yes,Web,1956-09-18,Female
CRMP-000388,CUST-001481,cathy.johnson147@hotmail.com,Bronze,Yes,Web,1991-02-05,fEMALE
CRMP-000205,CUST-001095,elizabeth.calderon316@gmail.com,Bronze,Yes,In-Store,1947-06-30,Female
CRMP-002814,CUST-001245,robert.peck573@hotmail.com,Bronze,Yes,In-Store,2000-03-18,Female
CRMP-001325,CUST-002751,jesse.diaz848@hotmail.com,Gold,Yes,Web,1944-02-08,Male
CRMP-000348,CUST-001246,barbara.andrews900@gmail.com,Gold,Yes,Web,2002-11-16,Male
CRMP-000972,CUST-002913,elizabeth.henderson453@hotmail.com,Silver,Yes,Web,1973-07-13,Female
CRMP-000651,CUST-001100,matthew.smith295@gmail.com,Silver,Yes,Mobile App,1952-04-17,Female
CRMP-001383,CUST-002267,eric.wright611@gmail.com,Bronze,Yes,Mobile App,1956-01-30,Male
CRMP-002324,CUST-948898,samantha67@example.org,Platinum,Yes,Web,2004-10-26,Female
CRMP-000117,CUST-002283,luis.anderson99@yahoo.com,Bronze,No,Mobile App,1992-02-13,Female
CRMP-001151,CUST-000600,melanie.rose945@gmail.com,Bronze,Yes,Web,1997-03-28,Male
CRMP-000359,CUST-002535,monica.combs387@hotmail.com,Platinum,Yes,Mobile App,1943-06-25,Male
CRMP-001911,CUST-001491,david.ortega175@gmail.com,Bronze,No,Web,1953-07-02,Female
CRMP-001035,CUST-000991,patrick.sandoval945@gmail.com,Silver,No,Web,1980-10-07,female
CRMP-001164,CUST-000340,jason.miller344@hotmail.com,Bronze,No,Marketplace,1952-06-01,Female
CRMP-000960,CUST-001718,norman.guerrero747@hotmail.com,Gold,Yes,Web,1982-03-13,Male
CRMP-001925,CUST-002213,monica.ballard354@yahoo.com,Bronze,No,Mobile App,1997-08-05,Male
CRMP-000739,CUST-001478,christina.murphy795@hotmail.com,Silver,No,Web,1945-03-30,Male
CRMP-000464,CUST-002345,philip.rhodes421@gmail.com,Silver,Yes,Web,1974-06-12,Non-binary
CRMP-002759,CUST-001284,amanda.martin476@yahoo.com,Bronze,Yes,Marketplace,1998-05-04,Female
CRMP-001392,CUST-002361,matthew.porter418@hotmail.com,Bronze,No,Web,1976-12-22,Male
CRMP-000447,000861,james.hudson947@yahoo.com,Bronze,Yes,Mobile App,1953-08-29,Female
CRMP-000831,CUST-000798,frank.reeves60@gmail.com,Bronze,Yes,Mobile App,1996-06-27,Female
CRMP-001972,CUST-000820,virginia.james72@yahoo.com,Silver,No,Mobile App,1983-05-16,Male
CRMP-001924,CUST-000315,michelle.brown222@hotmail.com,Bronze,Yes,Marketplace,1991-02-18,Female
CRMP-001913,CUST-002029,samantha.miller185@gmail.com,Bronze,No,Web,2003-08-12,Female
CRMP-000155,CUST-000481,rhonda.jones393@yahoo.com,Bronze,Yes,Web,1941-10-16,Male
CRMP-002118,CUST-001969,makayla.rodriguez448@hotmail.com,Silver,Yes,In-Store,1977-04-26,Female
CRMP-002306,CUST-000060,andrew.woods662@yahoo.com,Platinum,No,Mobile App,1949-07-21,Male
CRMP-001758,CUST-002412,andrea.dunn473@gmail.com,Gold,Yes,Web,1945-10-10,Female
CRMP-002073,CUST-002095,tammy.hutchinson167@gmail.com,Gold,Yes,Marketplace,1995-12-09,MALE
CRMP-002189,CUST-002044,amber.nolan297@hotmail.com,Bronze,Yes,In-Store,1997-02-22,Prefer not to say
CRMP-000401,CUST-000806,chris.rodriguez699@gmail.com,Silver,Yes,Web,2002-06-23,NON-BINARY
CRMP-001005,CUST-001018,samuel.hernandez737@yahoo.com,Silver,No,Mobile App,1993-06-07,Male
CRMP-001079,CUST-000204,shannon.white684@hotmail.com,Bronze,Yes,In-Store,1993-03-14,Male
CRMP-001574,CUST-002756,TIFFANY.MCKNIGHT454@YAHOO.COM,Bronze,Yes,In-Store,1955-09-05,Non-binary
CRMP-000567,CUST-002304,richard.arnold936@gmail.com,Bronze,Yes,In-Store,1960-08-08,Male
CRMP-002642,CUST-000418,jesse.rodriguez532@yahoo.com,Silver,Yes,Mobile App,26-Feb-1945,Female
CRMP-002819,CUST-000393,jeffery.green908@gmail.com,Gold,Yes,Marketplace,1998-04-05,Female
CRMP-002594,CUST-000709,sharon.sanford300@hotmail.com,Bronze,No,Web,2001-08-13,Male
CRMP-002439,CUST-002606,kelly.davidson898@hotmail.com,Bronze,No,In-Store,1998-07-03,Female
CRMP-001656,CUST-001970,edward.hodges404@hotmail.com,Gold,Yes,Web,1941-07-24,Male
CRMP-000250,CUST-002686,olivia.moreno595@yahoo.com,Silver,No,Web,1978-10-27,Female
CRMP-001731,CUST-001213,linda.johnson153@hotmail.com,Gold,No,Mobile App,1954-11-30,female
CRMP-000857,CUST-002131,ryan.wright579@yahoo.com,Platinum,No,Marketplace,1954-02-27,Female
CRMP-001835,CUST-001122,AMANDA.WALKER468@YAHOO.COM,,No,Marketplace,1967-05-22,Male
CRMP-000420,CUST-001413,jeffrey.davis973@hotmail.com,Bronze,Yes,Mobile App,1964-12-30,Male
CRMP-000998,CUST-002111,dustin.villegas468@hotmail.com,Silver,Yes,Mobile App,1971-10-02,Female
CRMP-001050,CUST-000615,natalie.pittman839@yahoo.com,Gold,Yes,Web,1945-06-05,Female
CRMP-002030,CUST-000694,angela.stevenson204@gmail.com,Gold,Yes,Mobile App,1949-09-29,Female
CRMP-000604,CUST-002656,alex.good379@gmail.com,Gold,No,Mobile App,2004-02-28,Female
CRMP-001074,CUST-002915,kayla.butler344@yahoo.com,Bronze,Yes,Mobile App,1942-02-05,Female
CRMP-000308,CUST-001999,jessica.turner668@yahoo.com,Gold,Yes,Mobile App,2005-05-04,Male
CRMP-002773,CUST-000045,patrick.hernandez716@gmail.com,Platinum,Yes,In-Store,1996-02-13,Male
CRMP-000813,CUST-001747,frederick.reid955@hotmail.com,Bronze,Yes,Web,05/08/1954,Male
CRMP-002140,CUST-001127,sarah.mitchell17@hotmail.com,Silver,No,Mobile App,1978-01-24,Male
CRMP-002172,CUST-001897,denise.davis10@hotmail.com,Bronze,Yes,Marketplace,1950-02-16,Prefer not to say
CRMP-000166,CUST-000100,ryan.barber45@yahoo.com,Bronze,Yes,Mobile App,09/20/1983,Female
CRMP-001824,CUST-001568,ana.johnson274@hotmail.com,Bronze,Yes,Mobile App,2001-02-04,Female
CRMP-002561,CUST-001584,ashley.kennedy232@gmail.com,Bronze,No,Mobile App,1994-10-09,Female
CRMP-000432,CUST-002570,timothy.hopkins855@yahoo.com,Platinum,Yes,Web,1991-04-07,Female
CRMP-001260,CUST-001282,karen.walker116@hotmail.com,Platinum,Yes,In-Store,1948-04-01,Female
CRMP-001193,CUST-002692,cesar.larson901@yahoo.com,Gold,Yes,Web,1950-01-01,Female
CRMP-001034,CUST-001193,colin.martin114@hotmail.com,Bronze,No,Web,2004-04-25,Female
CRMP-002241,CUST-002030,LISA.KELLY119@HOTMAIL.COM,Bronze,Yes,Mobile App,1990-04-21,Female
CRMP-002147,CUST-002347,christopher.ross425@gmail.com,Gold,Yes,Web,1990-04-09,Male
CRMP-001957,CUST-000098,tina.richard891@gmail.com,Bronze,Yes,Mobile App,1951-07-26,Non-binary
CRMP-002148,CUST-002127,connie.riley153@hotmail.com,Bronze,Yes,Web,1945-04-11,Male
CRMP-000154,CUST-002421,becky.martin16@hotmail.com,Gold,Yes,Web,1976-06-24,Female
CRMP-001765,CUST-000044,brian.villarreal771@gmail.com,Gold,Yes,Mobile App,1977-12-07,Female
CRMP-000506,CUST-000115,andrea.jones148@hotmail.com,Silver,No,Mobile App,1994-03-09,Female
CRMP-000059,CUST-002992,jose.aguilar252@gmail.com,,No,Web,1949-09-29,Female
CRMP-001479,CUST-000601,katrina.cox7@yahoo.com,Bronze,No,Mobile App,1942-07-04,Female
CRMP-002008,CUST-000280,theresa.foster994@yahoo.com,Bronze,Yes,In-Store,1994-09-19,Female
CRMP-000657,CUST-000541,kim.snyder808@gmail.com,Silver,Yes,Web,1943-03-25,Prefer not to say
CRMP-002572,CUST-001014,tracy.coleman764@gmail.com,Bronze,Yes,In-Store,1966-11-19,Non-binary
CRMP-000884,CUST-002866,heather.hansen152@hotmail.com,,Yes,Web,1978-09-04,Female
CRMP-000247,CUST-002225,eduardo.hamilton285@yahoo.com,Gold,No,Web,2004-10-25,Male
CRMP-002247,CUST-002375,anthony.allen395@yahoo.com,Bronze,No,Web,1977-10-23,Female
CRMP-001236,CUST-002087,christine.moore301@yahoo.com,Bronze,No,Web,1979-01-13,Male
CRMP-001062,CUST-002496, hannah.jackson454@hotmail.com ,Bronze,Yes,Marketplace,2004-04-28,Prefer not to say
CRMP-000129,CUST-000327,william.conrad610@yahoo.com,Silver,Yes,Web,1951-04-05,Prefer not to say
CRMP-002407,CUST-002918,gabrielle.perkins621@gmail.com,Silver,Yes,Web,1951-10-07,Female
CRMP-001187,CUST-002904,ashley.chavez878@yahoo.com,Silver,Yes,Web,1980-07-26,Prefer not to say
CRMP-000725,CUST-002812,briana.kennedy545@hotmail.com,Platinum,Yes,Web,1945-08-19,Female
CRMP-000254,CUST-002258,sarah.williams591@hotmail.com,Bronze,No,Mobile App,1964-02-04,Male
CRMP-000846,CUST-001346,jennifer.mendez166@gmail.com,Gold,No,In-Store,2008-02-03,Female
CRMP-001914,CUST-002419,jason.andrews884@yahoo.com,Platinum,Yes,Web,1997-02-18,Male
CRMP-001083,CUST-001835,john.murray968@yahoo.com,Silver,Yes,Mobile App,1965-08-06,Male
CRMP-002128,CUST-000221,joseph.moore86@gmail.com,Gold,Yes,Marketplace,1982-11-19,Female
CRMP-002431,CUST-000769,melissa.edwards240@yahoo.com,Bronze,No,Marketplace,1945-10-11,FEMALE
CRMP-002331,CUST-001814,emily.salas775@hotmail.com,Gold,Yes,Mobile App,1968-09-25,Non-binary
CRMP-002383,CUST-000964,george.walker105@yahoo.com,Silver,Yes,Mobile App,1956-06-09,Non-binary
CRMP-000347,CUST-001942,heidi.evans467@hotmail.com,Bronze,Yes,Web,03/07/1993,Non-binary
CRMP-002368,CUST-001495,maria.kelly930@gmail.com,Bronze,Yes,In-Store,1995-01-15,Female
CRMP-001727,CUST-001820,STEPHEN.BELL263@YAHOO.COM,Bronze,Yes,Mobile App,1951-04-07,Male
CRMP-002565,CUST-000003,laura.miller202@yahoo.com,Bronze,Yes,Marketplace,1953-04-18,nON-BINARY
CRMP-001900,CUST-001457,brittney.jones516@hotmail.com,Gold,Yes,Web,1970-05-02,Male
CRMP-002639,CUST-002460,todd.king586@hotmail.com,Platinum,Yes,In-Store,1994-07-23,Female
CRMP-000466,CUST-002683,danielle.velez481@hotmail.com,Bronze,Yes,Web,1986-02-02,Female
CRMP-000546,CUST-002220,christopher.elliott309@yahoo.com   ,Gold,No,Mobile App,1995-12-13,Female
CRMP-002250,CUST-002238,justin.browning936@hotmail.com,Platinum,No,Mobile App,2006-06-18,Male
CRMP-000958,CUST-000173,jessica.smith445@yahoo.com,Silver,Yes,Marketplace,1943-10-02,Female
CRMP-002181,CUST-000612,eric.rogers597@yahoo.com,Bronze,Yes,Web,1963-09-30,Female
CRMP-001224,CUST-990287,michaelphillips@example.com,Bronze,No,In-Store,1959-09-05,Female
CRMP-001909,CUST-002910,christian.parker334@hotmail.com,Platinum,No,In-Store,1942-11-30,Male
CRMP-000881,CUST-001157,kristen.conner392@yahoo.com,Silver,No,Web,1961-12-14,Female
CRMP-001188,CUST-002241,lisa.gomez448@gmail.com,Bronze,No,In-Store,1954-04-29,Male
CRMP-001368,CUST-002827,denise.jones733@hotmail.com,Silver,Yes,Marketplace,1944-07-02,Prefer not to say
CRMP-000419,CUST-000398,shannon.young861@gmail.com,Bronze,Yes,Mobile App,1960-09-03,Male
CRMP-002486,CUST-000840,brian.rodriguez57@hotmail.com,Bronze,Yes,Mobile App,1961-01-13,female
CRMP-002700,CUST-002978,john.davidson527@yahoo.com,Bronze,Yes,Mobile App,12/11/1963,Female
CRMP-002741,CUST-002520,julie.miller561@gmail.com,Bronze,No,Web,2003-01-30,Male
CRMP-000292,CUST-001945,christian.robinson829@hotmail.com,Silver,No,Web,1983-10-01,Female
CRMP-002661,CUST-002961,CASSIDY.GALLAGHER532@YAHOO.COM,Silver,No,Web,1969-05-04,Male
CRMP-001678,CUST-001349,glenn.nelson800@gmail.com,Bronze,No,Mobile App,2002-08-14,Male
CRMP-001433,CUST-000924,michelle.king195@hotmail.com,Silver,No,Web,1976-01-10,Female
CRMP-000525,CUST-001871,dale.diaz645@hotmail.com,Bronze,No,Mobile App,1997-11-19,Non-binary
CRMP-001870,CUST-000353,rachael.crane2@hotmail.com,Silver,Yes,Marketplace,1991-03-08,Male
CRMP-002084,CUST-000603,robert.lucero464@hotmail.com,Bronze,No,Marketplace,1984-06-03,Male
CRMP-002548,CUST-001178,dale.bonilla767@hotmail.com,Silver,Yes,Mobile App,1990-05-29,Male
CRMP-001850,CUST-002436,stephanie.bright349@hotmail.com,Bronze,Yes,Mobile App,1996-09-05,Female
CRMP-001676,CUST-001882,heather.anderson404@hotmail.com,Bronze,No,Mobile App,1995-02-08,Female
CRMP-002263,CUST-002740,laura.ryan525@hotmail.com,Silver,Yes,Web,2007-08-21,Male
CRMP-000605,CUST-002730,patrick.hall433@hotmail.com,Gold,No,Mobile App,02/24/1959,Male
CRMP-001503,CUST-001024,jennifer.bartlett366@gmail.com,Bronze,Yes,In-Store,1955-10-14,Male
CRMP-002577,CUST-001355,blake.watts352@gmail.com,Silver,Yes,Web,1957-11-29,Male
CRMP-000054,CUST-002063,tara.frazier422@gmail.com,Silver,Yes,In-Store,1984-04-13,Female
CRMP-000219,CUST-000074,brianna.chang952@gmail.com,Bronze,Yes,Mobile App,1989-01-13,Female
CRMP-000365,CUST-002471,thomas.reeves398@gmail.com,Silver,No,Web,1944-09-21,Non-binary
CRMP-000939,CUST-001380,erin.arellano525@yahoo.com,Platinum,No,Web,"July 02, 1987",Male
CRMP-001791,CUST-002974,morgan.fisher168@gmail.com,Silver,No,Mobile App,1996-03-16,Male
CRMP-001510,CUST-001206,melanie.rodriguez539@yahoo.com   ,Bronze,Yes,Web,1962-12-20,Male
CRMP-001945,CUST-001443,rhonda.bolton469@gmail.com   ,Platinum,Yes,Web,1985-11-11,Male
CRMP-000162,CUST-002529,caitlyn.olson57@yahoo.com,Gold,Yes,Mobile App,1970-11-11,Male
CRMP-002343,cust-000179,craig.hall727@yahoo.com,Bronze,No,Mobile App,1953-12-20,Female
CRMP-000085,CUST-000738,brittany.brown531@gmail.com,Gold,Yes,Marketplace,1969-06-18,Male
CRMP-000164,CUST-000451,kimberly.esparza57@hotmail.com,Gold,Yes,Mobile App,2000-07-15,Prefer not to say
CRMP-001061,CUST-000331,karen.carson115@hotmail.com,Bronze,Yes,Web,1990-05-21,Female
CRMP-002751,CUST002748,leonard.ayala460@gmail.com,Bronze,Yes,Web,1964-07-08,Male
CRMP-002652,CUST-000186,mark.wolfe816@gmail.com   ,Gold,Yes,Mobile App,1988-08-05,Male
CRMP-001551,CUST-002171,courtney.sanchez894@hotmail.com,Silver,No,In-Store,1943-09-04,Female
CRMP-000686,CUST-001270,adriana.tate330@hotmail.com   ,Bronze,No,Mobile App,1947-11-13,Male
CRMP-001029,CUST-002499,mary.rodriguez915@hotmail.com,Gold,Yes,Web,1997-12-04,Male
CRMP-002756,CUST-001133,david.johnson443@yahoo.com,Gold,Yes,Mobile App,2003-02-24,Male
CRMP-002591,CUST-001426,michelle.murphy622@yahoo.com,Silver,Yes,Web,1989-02-22,Female
CRMP-002462,CUST-000710,krista.rivera964@yahoo.com,Bronze,No,Marketplace,1969-06-28,Female
CRMP-002337,CUST-001878,anthony.obrien630@yahoo.com,Bronze,Yes,Web,1974-05-19,Female
CRMP-000306,CUST-002198,dale.arnold49@hotmail.com,Bronze,No,In-Store,1959-11-19,Male
CRMP-001369,CUST-001527,amber.york824@gmail.com,Silver,No,In-Store,2007-02-13,Female
CRMP-001354,CUST-001732,timothy.wood349@gmail.com,Bronze,Yes,In-Store,2000-09-30,Prefer not to say
CRMP-000429,001905,JASON.COOK616@GMAIL.COM,Bronze,Yes,Mobile App,1965-10-14,Prefer not to say
CRMP-000528,CUST-001813,michael.avery402@yahoo.com,Bronze,No,Mobile App,2004-05-27,Male
CRMP-001507,CUST-000370,robert.nguyen490@yahoo.com,Bronze,No,Web,2003-02-05,Female
CRMP-001254,CUST-000690,lynn.lee883@gmail.com,Bronze,Yes,Mobile App,1973-10-02,Male
CRMP-000648,CUST-001870,evelyn.jones958@yahoo.com,Silver,No,Marketplace,1978-01-20,Female
CRMP-002194,CUST-002202,david.jones509@hotmail.com,Gold,Yes,Web,1975-02-07,Female
CRMP-000520,CUST-001467,christine.medina912@gmail.com,Silver,Yes,Web,1946-06-12,Male
CRMP-002599,CUST-001029,sarah.dixon152@yahoo.com,Bronze,Yes,Mobile App,1971-02-11,Female
CRMP-002226,CUST-001784,  tyler.mckenzie785@hotmail.com,Platinum,Yes,Marketplace,1969-12-18,Male
CRMP-000572,CUST-002805,eric.mcconnell550@yahoo.com,Bronze,No,Mobile App,1959-06-10,Female
CRMP-002696,CUST-002215,jennifer.owen143@hotmail.com,Platinum,No,Mobile App,1975-05-25,Male
CRMP-002344,CUST-001468,lori.henderson923@yahoo.com,Bronze,Yes,Mobile App,2002-06-20,Male
CRMP-000712,CUST-000021,KAREN.STOKES939@GMAIL.COM,Bronze,Yes,Web,1984-03-26,FEMALE
CRMP-001087,CUST-002739,adam.payne920@yahoo.com,Silver,Yes,Mobile App,2008-08-20,Male
CRMP-000361,CUST-001176,stacey.washington887@hotmail.com,Gold,No,Web,1963-07-11,Male
CRMP-001979,CUST-001979,tamara.calhoun202@hotmail.com,Bronze,Yes,Mobile App,1968-06-19,Non-binary
CRMP-001109,CUST-002816,james.le238@hotmail.com,Bronze,Yes,Mobile App,1992-12-10,Female
CRMP-001602,CUST-001015,christopher.romero846@yahoo.com,Bronze,Yes,Mobile App,1981-03-12,Female
CRMP-000513,CUST-002829,stephanie.smith706@hotmail.com,Silver,No,Mobile App,1987-11-28,Male
CRMP-001472,CUST-002133,brittney.curtis927@hotmail.com,Platinum,No,Web,1953-04-10,Male
CRMP-002411,000915,jennifer.velasquez514@gmail.com,Silver,Yes,Mobile App,1996-11-21,Male
CRMP-002240,CUST-001903,sue.hernandez273@hotmail.com,Gold,Yes,Mobile App,1986-10-16,Male
CRMP-000566,CUST-002911,david.hopkins504@gmail.com,Gold,Yes,Marketplace,1945-03-12,Male
CRMP-002698,CUST-001681,julie.higgins861@gmail.com,Platinum,Yes,Web,1946-12-11,Female
CRMP-000046,CUST-002230,christopher.montoya308@gmail.com,Silver,Yes,Web,1954-05-22,Female
CRMP-001514,CUST-000557,rachel.cole401@hotmail.com,Bronze,Yes,Mobile App,1973-09-21,Female
CRMP-002377,CUST-001998,charles.fitzpatrick8@yahoo.com,Bronze,No,Web,1984-05-04,Female
CRMP-000989,CUST-001801,cameron.henry680@yahoo.com,Gold,Yes,Mobile App,1947-03-02,Male
CRMP-001600,CUST-000343,darren.barrera962@hotmail.com,Bronze,Yes,In-Store,1997-05-02,Female
CRMP-000491,CUST-000703,anthony.guzman790@gmail.com,Silver,Yes,Web,1979-09-13,Female
CRMP-000883,CUST-974886,dlee@example.org,Bronze,Yes,Mobile App,2007-12-08,Prefer not to say
CRMP-000856,CUST-002528,  elizabeth.smith539@hotmail.com,Bronze,Yes,Marketplace,1970-08-24,Male
CRMP-001583,CUST-002206,megan.buchanan492@yahoo.com,Gold,Yes,Web,1943-02-03,Male
CRMP-002242,CUST-002883,thomas.boyd821@gmail.com,Gold,Yes,Mobile App,1993-02-01,Male
CRMP-002408,CUST-000065,tanya.wilkerson677@yahoo.com,Bronze,Yes,Web,1978-08-20,Female
CRMP-000135,CUST-001357,jose.simmons301@yahoo.com,Silver,Yes,Web,1991-01-05,Female
CRMP-001342,CUST-002281,kevin.valencia647@yahoo.com,Platinum,Yes,Mobile App,1968-10-08,Male
CRMP-002217,CUST-000466,kara.sanchez739@hotmail.com,Platinum,No,Mobile App,09/02/1976,Female
CRMP-001133,CUST-002830,austin.cameron159@hotmail.com,Gold,No,Marketplace,1981-08-10,Female
CRMP-000817,cust-001304,charles.alvarez462@yahoo.com,Silver,No,Web,1983-01-29,Female
CRMP-002564,CUST-002864,kathryn.lawrence769@gmail.com,Gold,Yes,Marketplace,1952-05-02,Male
CRMP-000625,CUST-925985,eclayton@example.org,Silver,Yes,Mobile App,2003-12-08,Male
CRMP-001950,001783,austin.lam293@hotmail.com,Bronze,No,Mobile App,1966-03-30,Prefer not to say
CRMP-001549,CUST-002189,adam.martinez425@gmail.com,Bronze,No,Mobile App,2001-08-26,Male
CRMP-000337,cust-000953,michaela.morris518@yahoo.com,Bronze,No,Mobile App,1943-10-04,Male
CRMP-002009,CUST-000663,dana.macias935@yahoo.com,Bronze,Yes,Web,1946-04-03,Female
CRMP-000027,CUST-002884,jennifer.hines943@yahoo.com,Bronze,Yes,Mobile App,1994-08-22,Male
CRMP-002237,CUST-002699,brian.maynard309@yahoo.com,Gold,Yes,Mobile App,1941-12-21,Female
CRMP-002307,CUST-001917,james.vasquez783@hotmail.com,Bronze,Yes,Mobile App,1985-10-13,Female
CRMP-000771,CUST-002386,heidi.brown45@hotmail.com,Silver,No,In-Store,1943-01-07,Female
CRMP-002595,CUST-002515,  joseph.ward730@yahoo.com,Bronze,No,Marketplace,1971-11-04,mALE
CRMP-002354,CUST-000412,william.chan132@yahoo.com,Gold,Yes,Web,1973-05-01,Female
CRMP-000848,CUST-001169,james.anderson211@gmail.com,Bronze,Yes,Mobile App,1978-06-15,Male
CRMP-000327,CUST-000190,eric.chandler737@gmail.com,Bronze,Yes,Mobile App,1973-07-27,Non-binary
CRMP-002305,CUST-000936,alyssa.cooper225@gmail.com,Gold,No,In-Store,1954-02-20,Non-binary
CRMP-000979,CUST-002513,sara.miller323@gmail.com,Gold,No,Marketplace,1987-02-17,Non-binary
CRMP-001145,CUST-001954,patricia.allen97@hotmail.com,,Yes,Mobile App,1946-07-01,female
CRMP-000685,CUST001995,dana.preston64@gmail.com,Bronze,No,Mobile App,2001-03-13,Female
CRMP-000875,CUST-000673,sonia.nguyen637@gmail.com,Silver,Yes,Mobile App,1990-07-31,Male
CRMP-001887,CUST-001065,daryl.lopez327@gmail.com   ,Bronze,Yes,Web,1981-03-03,Male
CRMP-002497,CUST-000959,william.dudley807@gmail.com,Bronze,No,In-Store,1947-04-10,Male
CRMP-000918,CUST-000970,mary.anderson694@hotmail.com,Gold,Yes,Web,2004-10-26,Female
CRMP-000443,CUST-002587,james.lee707@gmail.com,,Yes,Web,1963-01-17,Female
CRMP-001382,CUST-000369, ian.tate449@gmail.com ,Gold,Yes,Mobile App,1964-04-26,Non-binary
CRMP-001219,CUST-000448,karen.carpenter472@gmail.com,Bronze,Yes,Mobile App,1972-02-28,Female
CRMP-000558,CUST-002037,james.stone601@gmail.com,Platinum,No,Mobile App,2001-09-13,Female
CRMP-001919,CUST-002689,elizabeth.hudson297@yahoo.com,,Yes,Marketplace,1999-05-04,Male
CRMP-002398,CUST-000704,jesse.gillespie198@yahoo.com,Bronze,Yes,Marketplace,2007-05-31,Female
CRMP-000060,CUST-000004,dana.warner735@gmail.com,Silver,No,Web,2000-12-06,Male
CRMP-002339,CUST-000421,wesley.bush941@gmail.com,Bronze,Yes,Web,2001-07-03,Female
CRMP-002101,CUST-002547,ricky.perez834@yahoo.com,Silver,Yes,Web,1981-02-22,Male
CRMP-002480,CUST-002393,courtney.mooney398@hotmail.com,Gold,Yes,Web,1953-05-04,Female
CRMP-002350,CUST-001329,daniel.dyer209@gmail.com,Bronze,No,Mobile App,10/18/1950,Male
CRMP-000645,CUST-000453,jennifer.atkins90@hotmail.com,Bronze,No,Web,2008-01-16,Female
CRMP-000415,CUST-000342,heather.lopez554@gmail.com,Bronze,No,Mobile App,1974-03-01,Female
CRMP-002180,CUST-001139,scott.baker99@gmail.com,Silver,Yes,Mobile App,1946-01-08,Female
CRMP-000812,CUST-002984,melissa.cox75@hotmail.com,Bronze,Yes,Marketplace,1986-08-03,Male
CRMP-001081,CUST-001023,jesus.thompson982@yahoo.com,Silver,Yes,Web,1960-04-18,Female
CRMP-001636,CUST-000784,mitchell.evans759@yahoo.com,Silver,Yes,Web,1993-04-02,Male
CRMP-001999,CUST-001653,patricia.rodriguez85@yahoo.com,Silver,No,Mobile App,1999-09-13,Male
CRMP-001548,CUST-000584,penny.haas268@yahoo.com,Silver,Yes,Marketplace,1992-05-15,Male
CRMP-001568,CUST-000811,angelica.warner209@gmail.com,Bronze,No,Web,1958-09-06,Female
CRMP-001655,CUST-002262,emily.neal957@hotmail.com,Bronze,Yes,Web,2002-11-13,Female
CRMP-002087,CUST-002015,kyle.luna601@hotmail.com,Bronze,Yes,Web,2005-10-22,Male
CRMP-001852,CUST-000116,nicole.alvarado722@yahoo.com,Gold,Yes,Mobile App,1983-09-26,female
CRMP-002552,CUST-002721,katrina.flores74@hotmail.com,Bronze,No,Marketplace,1991-03-26,Female
CRMP-000893,CUST-001225,james.mitchell849@hotmail.com,Bronze,Yes,Marketplace,1975-09-05,Female
CRMP-000581,CUST-001050,lisa.king553@hotmail.com,Gold,Yes,Web,1978-02-20,Female
CRMP-002011,CUST-000407,kelly.warren553@yahoo.com,Platinum,Yes,Mobile App,13-Mar-1960,Non-binary
CRMP-001390,CUST-000296,jeremiah.russell607@yahoo.com,Gold,No,Mobile App,04/21/1943,Male
CRMP-001996,CUST-001937,sabrina.vazquez164@hotmail.com,Silver,Yes,Marketplace,2002-05-21,Male
CRMP-000236,CUST-002712,matthew.sullivan763@gmail.com,Bronze,Yes,In-Store,1972-02-26,Female
CRMP-001308,CUST-002928,michael.ramos426@yahoo.com,Gold,Yes,Web,1975-10-03,Male
CRMP-002782,CUST-990330,amy37@example.org,Bronze,No,Mobile App,1967-12-25,Female
CRMP-000191,CUST-001281,james.strong815@hotmail.com,Silver,Yes,Mobile App,2003-11-16,Female
CRMP-000674,CUST-001252,jasmine.simpson772@hotmail.com,Silver,No,Web,1960-12-27,Male
CRMP-001163,CUST-002574,matthew.turner78@hotmail.com,Bronze,No,Mobile App,1972-06-22,Female
CRMP-000733,CUST-000318,thomas.gutierrez952@yahoo.com,Gold,No,In-Store,1950-01-24,Female
CRMP-001511,CUST-001561,MELINDA.BOWERS650@HOTMAIL.COM,Silver,No,Web,"January 16, 1961",Non-binary
CRMP-001833,CUST-000687,jason.freeman199@hotmail.com,Bronze,No,In-Store,2005-05-10,Male
CRMP-000570,CUST-001889,jenna.larson499@yahoo.com,Platinum,Yes,Web,1943-08-07,Male
CRMP-000692,CUST-001323,jordan.moore265@yahoo.com,Silver,Yes,Web,1956-08-10,Male
CRMP-001064,CUST-001372,kim.wilson533@gmail.com,Gold,Yes,Mobile App,1990-07-29,Female
CRMP-000559,CUST-001578,katherine.flowers396@hotmail.com,Bronze,No,Web,1941-03-30,Male
CRMP-002071,CUST-001375,michele.jackson770@yahoo.com,Silver,Yes,Marketplace,1992-07-11,Prefer not to say
CRMP-001150,CUST-001789,stephanie.thomas141@gmail.com,Platinum,No,Web,1967-04-01,Female
CRMP-001388,CUST-002080,RONALD.VASQUEZ678@YAHOO.COM,Silver,Yes,Mobile App,1962-06-19,Female
CRMP-000477,CUST-000648,brenda.watson969@yahoo.com,Bronze,Yes,In-Store,1999-07-26,Male
CRMP-001487,CUST-000491,heather.burton839@gmail.com   ,Platinum,Yes,Mobile App,02/21/1944,Female
CRMP-002555,CUST-910878,ggalloway@example.com,Bronze,Yes,Mobile App,1968-04-14,Male
CRMP-000440,CUST-001181,kevin.pittman572@yahoo.com,Bronze,No,Mobile App,1954-08-02,Male
CRMP-000276,CUST-000962,GREGORY.MALDONADO920@YAHOO.COM,Platinum,No,Mobile App,1957-04-18,Male
CRMP-000780,CUST-000267,allen.caldwell752@gmail.com,Bronze,No,Mobile App,1967-09-10,Female
CRMP-000622,CUST-001688,david.jenkins364@gmail.com,Platinum,No,Web,1946-02-27,Male
CRMP-000298,CUST-000305,andrew.nguyen507@yahoo.com,Platinum,No,In-Store,1990-12-29,Female
CRMP-001526,CUST-000271,michael.tucker919@hotmail.com,Platinum,Yes,Web,1987-06-10,Female
CRMP-001944,CUST-001295,megan.fields200@hotmail.com,Bronze,No,Mobile App,1989-06-01,Female
CRMP-000405,CUST-001273,ryan.zamora138@hotmail.com,Platinum,Yes,In-Store,1942-04-17,Female
CRMP-002201,CUST-935477,taralyons@example.org,Gold,Yes,Web,1988-10-18,Female
CRMP-000325,CUST-001826,stephanie.moses762@yahoo.com,Platinum,Yes,Mobile App,1944-12-12,Female
CRMP-000969,CUST-001083,steven.pacheco49@hotmail.com   ,Bronze,Yes,Web,1967-09-28,Female
CRMP-000345,CUST-002696,connor.ibarra213@yahoo.com,Silver,No,Marketplace,1956-09-12,Female
CRMP-002041,CUST-000274,todd.wade842@hotmail.com,Bronze,Yes,Marketplace,1969-10-12,Female
CRMP-001787,CUST-001190,timothy.decker574@hotmail.com,Bronze,Yes,Mobile App,2002-03-24,male
CRMP-001038,CUST-001451,kristin.meyer125@yahoo.com,Bronze,No,Mobile App,1956-06-14,Female
CRMP-000615,CUST-002286,paul.williams501@gmail.com,Platinum,Yes,Web,1968-06-11,Male
CRMP-001393,CUST-000941,  darrell.torres175@hotmail.com,Bronze,Yes,Web,2002-02-11,Male
CRMP-000529,CUST-000084,jordan.barnes310@yahoo.com,Gold,No,Web,1971-10-31,Female
CRMP-000667,CUST-002032,gregory.rodriguez752@gmail.com,Platinum,No,Mobile App,1991-05-10,Male
CRMP-001839,CUST-000010,christopher.george857@yahoo.com,Gold,Yes,In-Store,1973-09-27,Female
CRMP-001786,CUST-002794,robert.nguyen208@hotmail.com,Gold,No,Mobile App,1997-10-08,Male
CRMP-000479,CUST-925419,gerald15@example.com,Bronze,No,Mobile App,1955-06-13,Female
CRMP-002154,CUST-002123,rhonda.odom528@yahoo.com,Bronze,Yes,In-Store,1963-09-14,Male
CRMP-001844,CUST-002059,steven.davenport867@hotmail.com,Gold,Yes,Marketplace,1993-04-27,Female
CRMP-000318,CUST-002965,sheila.harris643@hotmail.com,Gold,Yes,Mobile App,1951-05-28,Prefer not to say
CRMP-001921,CUST-002181,randall.day709@yahoo.com,Bronze,Yes,Web,1986-09-08,Female
CRMP-001517,CUST-000088,kathleen.jackson181@gmail.com,Bronze,No,Mobile App,1997-10-18,Female
CRMP-000226,CUST-001162,anthony.merritt27@yahoo.com,Bronze,No,In-Store,1973-12-10,Female
CRMP-000502,CUST-001267,martha.floyd513@gmail.com,Silver,Yes,Web,1966-03-03,Male
CRMP-000872,CUST-002173,RICHARD.BOND537@HOTMAIL.COM,Silver,Yes,Web,1941-01-02,Female
CRMP-002046,CUST-000867,russell.young360@gmail.com,Silver,Yes,In-Store,2003-09-28,Female
CRMP-000565,CUST-002444,eric.long829@gmail.com,Silver,No,Mobile App,1999-08-03,Male
CRMP-001057,CUST-002298,lisa.kennedy403@gmail.com,Platinum,Yes,Mobile App,1992-05-10,Female
CRMP-002192,CUST-000414,donald.hoover52@gmail.com,Gold,No,Web,1952-06-17,Male
CRMP-001630,CUST-000087,derrick.gonzalez904@yahoo.com,Bronze,No,In-Store,1962-09-12,Male
CRMP-001823,CUST-002467,mary.hobbs661@yahoo.com,Platinum,Yes,Mobile App,1946-08-29,Female
CRMP-002387,CUST-002122,david.rivera135@hotmail.com,Platinum,No,Web,1976-03-07,Female
CRMP-001118,cust-001360,blake.gibson404@hotmail.com,Bronze,Yes,Mobile App,1986-05-04,male
CRMP-002238,CUST-002048,mary.nelson152@hotmail.com,Gold,Yes,Web,2002-09-08,Female
CRMP-000719,CUST-000346,jessica.harrison979@yahoo.com,,Yes,Marketplace,1972-01-05,Female
CRMP-001453,CUST-000775,karen.wolf175@yahoo.com,Bronze,No,Web,1980-07-20,Female
CRMP-002644,CUST-000765,mark.ross801@hotmail.com,Gold,Yes,Web,1993-10-22,Female
CRMP-000369,CUST-000850,patty.young453@gmail.com,Silver,No,Mobile App,1978-04-12,Female
CRMP-000190,CUST-000310,alexa.diaz5@gmail.com,Gold,Yes,Web,1991-04-06,Female
CRMP-002506,CUST-001858,kristin.faulkner887@hotmail.com,Gold,Yes,Web,1986-04-24,Female
CRMP-000863,CUST-001180,gina.green888@hotmail.com,Silver,Yes,Mobile App,1989-05-20,Male
CRMP-001128,CUST-001302,james.williams522@hotmail.com,Silver,Yes,Web,1967-02-14,Female
CRMP-001646,CUST-002028,jonathan.snyder654@gmail.com,Bronze,No,Mobile App,1995-02-27,Male
CRMP-001534,CUST-000166,ian.roberts177@hotmail.com,Silver,Yes,Marketplace,1956-03-30,Female
CRMP-001781,CUST-001007,lisa.fitzgerald454@gmail.com,Bronze,No,In-Store,1977-06-27,Female
CRMP-002423,CUST-002855,felicia.cantrell776@yahoo.com,Silver,Yes,Marketplace,"June 04, 1983",Female
CRMP-002707,CUST-001300,andrea.bradford935@yahoo.com,Bronze,Yes,Web,1963-05-03,fEMALE
CRMP-001134,CUST-001332,stephanie.wilson911@gmail.com,Silver,No,Mobile App,1964-07-28,Male
CRMP-001337,CUST-002465,alexandra.stevens321@gmail.com,Platinum,No,Web,1972-03-05,Female
CRMP-001683,CUST-997258,jillclark@example.com,Bronze,No,Mobile App,1954-08-16,Non-binary
CRMP-001692,CUST-001318,BRIAN.PHILLIPS698@HOTMAIL.COM,Gold,Yes,Mobile App,1941-05-25,Female
CRMP-000315,CUST-001932,joseph.reed886@yahoo.com,Bronze,Yes,Web,1966-09-16,Male
CRMP-001434,CUST-002453,beth.moore142@gmail.com,Bronze,No,Web,1980-07-26,Male
CRMP-001632,CUST-001802,traci.nelson5@yahoo.com,Bronze,No,Mobile App,1983-03-02,Female
CRMP-001760,CUST-933511,sean93@example.org,Bronze,No,Mobile App,1942-02-09,Male
CRMP-001085,CUST-001472,michael.campbell131@gmail.com,Platinum,No,Mobile App,05/09/1990,Male
CRMP-002727,CUST-000772,sarah.richards339@gmail.com,Bronze,Yes,Mobile App,2001-03-02,Female
CRMP-001977,CUST-002139,carlos.navarro508@yahoo.com,Gold,Yes,Mobile App,1955-12-26,Female
CRMP-002131,CUST-001836,lisa.mora882@gmail.com,Silver,No,Web,1985-05-24,Non-binary
CRMP-001044,CUST-001922,robert.santiago514@yahoo.com,Bronze,Yes,Web,2001-06-29,Male
CRMP-001284,CUST000293,cory.lane997@gmail.com,Silver,No,Web,1994-07-17,Male
CRMP-001831,CUST-002254,catherine.gallegos793@hotmail.com,Bronze,Yes,Marketplace,2002-08-17,Male
CRMP-001891,CUST-002972,meagan.johnston798@gmail.com,Bronze,No,Web,1986-08-25,Female
CRMP-000576,CUST-002140,daniel.hayden895@yahoo.com,Bronze,No,In-Store,2001-05-30,Male
CRMP-000314,CUST-001001,miranda.dixon317@gmail.com,Silver,Yes,Web,1951-01-27,Male
CRMP-002291,CUST-001655,johnathan.hall471@yahoo.com,Platinum,Yes,Mobile App,1998-01-31,Male
CRMP-000397,CUST-000723, abigail.warren149@hotmail.com ,Platinum,Yes,In-Store,1989-11-21,Female
CRMP-002210,CUST-001714,  megan.johnson677@gmail.com,Bronze,Yes,Mobile App,1948-12-22,Male
CRMP-001763,CUST-000462,andrea.macias742@yahoo.com,Bronze,Yes,Mobile App,1970-05-17,Female
CRMP-002711,CUST-001862,hannah.graham675@gmail.com,Bronze,Yes,Web,1952-02-23,Female
CRMP-002402,CUST-002265,joseph.smith839@gmail.com,Bronze,Yes,Marketplace,1969-04-25,Prefer not to say
CRMP-002342,CUST-000797,christie.hodges629@hotmail.com,Silver,Yes,Web,1994-01-05,Male
CRMP-000746,CUST-002278,vincent.mclaughlin345@yahoo.com,Silver,Yes,Web,1974-06-14,Female
CRMP-001454,CUST-002539,caleb.hamilton398@hotmail.com,Bronze,No,Mobile App,1997-01-17,Male
CRMP-000830,CUST-001520,shane.ramsey302@yahoo.com,Gold,No,Mobile App,1978-06-10,Male
CRMP-002673,CUST-002052,pamela.flores439@gmail.com,Silver,No,Mobile App,06/13/1949,Male
CRMP-000390,CUST-001320,joseph.poole249@gmail.com,Platinum,No,Web,1946-08-29,Female
CRMP-001506,CUST-001444,kenneth.zuniga409@gmail.com,Silver,Yes,Web,1997-08-11,Female
CRMP-001139,CUST-002880,jeffrey.sparks431@hotmail.com,Bronze,No,Web,1943-11-28,Male
CRMP-002590,CUST-001471,amanda.aguilar156@yahoo.com,Gold,Yes,Marketplace,"June 08, 2006",Female
CRMP-000694,CUST-002381,gary.johnson322@gmail.com,Platinum,Yes,Mobile App,1958-07-15,Male
CRMP-000519,CUST-001292,rodney.colon355@gmail.com,Silver,No,Mobile App,1988-01-01,Male
CRMP-002607,CUST-001834,lisa.foley339@yahoo.com,Silver,Yes,Web,1974-10-30,female
CRMP-001427,CUST-001505,lori.baker332@hotmail.com,Bronze,Yes,Mobile App,2003-11-12,Male
CRMP-002040,CUST-000046,harry.brock937@gmail.com,Silver,No,Web,1994-09-07,Prefer not to say
CRMP-001776,CUST-002485,joseph.olson580@yahoo.com,Bronze,No,Mobile App,1977-08-02,Male
CRMP-002336,CUST-000050,joel.green342@yahoo.com,Bronze,Yes,Web,1956-06-27,Male
CRMP-000983,CUST-002296,ronnie.morgan851@hotmail.com,Bronze,Yes,Mobile App,1955-09-16,Male
CRMP-000762,CUST-002170,david.james795@yahoo.com,Silver,No,Web,1995-04-08,Male
CRMP-000143,CUST-002104,megan.cox231@gmail.com,Bronze,Yes,Mobile App,2004-07-23,Male
CRMP-002014,CUST-001020,brenda.stephens978@hotmail.com,Platinum,Yes,Web,1991-10-23,Male
CRMP-000264,CUST-001333,patrick.larson183@yahoo.com,Silver,Yes,Web,1949-02-18,Male
CRMP-002463,CUST-002550,nicholas.armstrong605@hotmail.com   ,Bronze,No,Mobile App,1956-09-13,Male
CRMP-002255,CUST-000434,jacob.brown699@gmail.com,Bronze,Yes,Mobile App,1980-01-23,Female
CRMP-000242,CUST-001409,maria.watson521@gmail.com,Bronze,Yes,Web,1972-08-07,female
CRMP-000018,cust-001038,connor.stewart861@gmail.com,Gold,No,Mobile App,1978-12-24,Female
CRMP-001525,CUST-002647,megan.edwards541@gmail.com,Bronze,No,Mobile App,1997-10-25,Male
CRMP-000683,000887,jacob.duncan38@gmail.com,Silver,No,Mobile App,1942-12-25,Female
CRMP-001879,CUST-000616,tara.nguyen340@hotmail.com,Gold,No,Mobile App,1987-10-18,Male
CRMP-000839,CUST-002624,drew.browning44@hotmail.com   ,Silver,No,In-Store,2006-12-08,Male
CRMP-002102,CUST-000523,linda.contreras305@yahoo.com,Gold,Yes,Mobile App,1999-11-26,Male
CRMP-001152,CUST-002693,lauren.stewart272@gmail.com   ,Bronze,No,Marketplace,1954-10-27,Male
CRMP-001518,CUST-001761,susan.nielsen527@gmail.com,Silver,Yes,Marketplace,2002-06-16,Male
CRMP-002218,CUST-001326,william.payne67@yahoo.com,Bronze,Yes,Web,1972-03-12,Prefer not to say
CRMP-000198,CUST-002143,jennifer.harris41@yahoo.com,Silver,No,Web,1967-12-29,Female
CRMP-001244,CUST-002114,joel.gallegos712@yahoo.com,Silver,No,Web,1996-04-07,Female
CRMP-002278,CUST-002847,julie.jones241@yahoo.com,Silver,No,Mobile App,1973-12-03,Male
CRMP-002674,CUST002522,william.casey175@yahoo.com,Gold,No,In-Store,1963-08-10,Female
CRMP-002684,CUST-002665,michael.richmond769@gmail.com,Silver,Yes,Web,1969-11-18,Female
CRMP-001706,CUST-002292,patricia.brown945@yahoo.com,Silver,No,Marketplace,1952-08-21,Male
CRMP-001415,CUST-001716,jordan.lamb726@hotmail.com,Silver,Yes,Mobile App,1977-05-02,Prefer not to say
CRMP-000296,CUST-002738,crystal.garcia911@hotmail.com,Silver,No,Web,1973-07-25,Female
CRMP-000744,CUST-000307, terri.jones417@hotmail.com ,Bronze,Yes,Web,1954-03-24,Male
CRMP-001398,CUST-000439,valerie.vincent628@gmail.com,Bronze,Yes,Mobile App,1955-11-06,MALE
CRMP-002432,CUST-001259,tyler.lopez360@gmail.com,Platinum,No,Web,1977-08-15,Female
CRMP-000510,CUST001530,madison.oliver843@hotmail.com,Gold,Yes,Mobile App,1957-03-24,Male
CRMP-001981,CUST-002235,jennifer.weber998@gmail.com,Silver,No,Mobile App,1975-03-27,Male
CRMP-000855,CUST-000967,deborah.evans631@hotmail.com,Gold,No,Mobile App,1987-05-02,Prefer not to say
CRMP-000084,CUST-001338,MICHELLE.HERNANDEZ309@GMAIL.COM,Gold,Yes,Mobile App,1990-11-02,Female
CRMP-000490,CUST-001113,richard.foster550@gmail.com,Bronze,Yes,Web,1944-07-05,Male
CRMP-000672,CUST-002877,tamara.wagner292@yahoo.com,Silver,Yes,Web,1999-08-12,Male
CRMP-000025,CUST-001421,tara.chaney190@hotmail.com,Gold,Yes,Web,1941-09-12,Male
CRMP-002746,CUST-002165,kevin.johnson377@yahoo.com,Platinum,Yes,Mobile App,2001-09-29,Male
CRMP-000072,CUST-001691,jennifer.quinn34@yahoo.com,Platinum,Yes,Web,1975-09-12,Female
CRMP-001702,CUST-002852,tiffany.carter833@yahoo.com,Bronze,Yes,Web,1952-04-22,FEMALE
CRMP-000740,CUST-001855,kevin.clark814@hotmail.com,Gold,No,Mobile App,1983-07-09,Female
CRMP-002393,CUST-000684,william.nelson930@hotmail.com,Silver,Yes,Mobile App,1943-04-21,Male
CRMP-000598,CUST-002516,adriana.wiley110@gmail.com,Gold,Yes,Web,1963-04-17,Male
CRMP-001066,CUST-001053,brandon.spencer226@hotmail.com,Bronze,Yes,Web,1966-12-31,Male
CRMP-000352,CUST-001949,brian.rivera742@yahoo.com,Bronze,No,Mobile App,1983-08-14,Male
CRMP-001827,CUST-000066,andrew.green792@gmail.com,Bronze,Yes,In-Store,1960-07-26,Male
CRMP-000131,CUST-001640,jeremy.burke142@hotmail.com,Bronze,Yes,Web,1986-04-30,Male
CRMP-002011,CUST-000407,kelly.warren553@yahoo.com,Platinum,Yes,Mobile App,13-Mar-1960,Non-binary
CRMP-001915,CUST-002890,glenda.miller363@gmail.com,Silver,Yes,Web,1993-08-04,Prefer not to say
CRMP-000959,CUST-002690,patrick.jensen162@gmail.com,Bronze,No,In-Store,1972-07-23,Male
CRMP-002594,CUST-000709,sharon.sanford300@hotmail.com,Bronze,No,Web,2001-08-13,Male
CRMP-001585,CUST-002337,leroy.jones991@yahoo.com,Gold,Yes,Web,2008-04-07,Female
CRMP-002056,CUST-002638, brittney.kemp411@yahoo.com ,Gold,Yes,Web,1950-10-16,Non-binary
CRMP-000955,CUST-000234,lori.cruz257@gmail.com,Bronze,No,Web,1957-04-20,Male
CRMP-000020,CUST-002952,jeffrey.smith702@gmail.com,Platinum,Yes,Web,2004-10-14,Male
CRMP-002814,CUST-001245,robert.peck573@hotmail.com,Bronze,Yes,In-Store,2000-03-18,Female
CRMP-000445,CUST-000567,linda.hanson106@gmail.com,Silver,No,Mobile App,2005-05-20,Female
CRMP-002692,CUST-002256,jimmy.jones751@yahoo.com,Silver,Yes,Mobile App,2007-12-14,Female
CRMP-002679,CUST-002856,christopher.schultz542@yahoo.com,Bronze,No,In-Store,1978-11-26,Female
CRMP-000056,CUST-000792,carl.price128@gmail.com,Bronze,Yes,Web,1944-01-13,Female
CRMP-000102,CUST-002695,LAURIE.DUARTE403@GMAIL.COM,Platinum,Yes,Mobile App,2003-12-18,mALE
CRMP-001752,CUST-000231,bryan.santana871@gmail.com,Bronze,Yes,Marketplace,1960-03-21,Female
CRMP-002464,CUST-002153,dustin.rodriguez726@hotmail.com,Bronze,Yes,Marketplace,"September 20, 1995",Prefer not to say
CRMP-002653,CUST-001696,victoria.medina878@hotmail.com,Bronze,No,Mobile App,1947-09-01,Non-binary
CRMP-002347,CUST-001988,kristi.brown578@hotmail.com,Silver,No,Web,1980-09-19,Male
CRMP-002159,CUST-000749,  justin.taylor193@gmail.com,Silver,Yes,Mobile App,1990-04-04,Female
CRMP-000127,CUST-000228,mary.wilson371@hotmail.com,Bronze,No,In-Store,1945-02-02,Female
CRMP-000538,CUST-000200,antonio.duran967@gmail.com,Bronze,Yes,Web,1990-06-29,Male
CRMP-000095,CUST-001602,trevor.jackson812@gmail.com,Gold,Yes,Web,1964-09-26,Female
CRMP-000261,CUST-001799,keith.jackson567@yahoo.com,Silver,No,In-Store,1954-09-12,Male
CRMP-002197,CUST-001542,brandon.davis250@hotmail.com,Gold,Yes,Marketplace,1965-05-27,Male
CRMP-001830,CUST-001489,cody.kramer194@gmail.com,Bronze,Yes,Web,1944-03-02,Non-binary
CRMP-001320,CUST-002183,joshua.reyes993@gmail.com,Silver,Yes,Marketplace,1967-11-21,Non-binary
CRMP-002437,CUST-001435,ian.cole300@hotmail.com,Gold,No,Web,1956-06-03,Female
CRMP-000179,CUST-000805,alexander.gallegos6@yahoo.com,Silver,No,Marketplace,1994-04-29,Male
CRMP-000862,CUST-000110,justin.boone567@gmail.com,Bronze,No,In-Store,1964-01-12,Male
CRMP-000880,CUST-001179,kaitlyn.wright885@hotmail.com,Bronze,Yes,Mobile App,1970-09-23,Male
CRMP-001022,CUST-002002,whitney.stevens944@yahoo.com,Bronze,No,Web,2005-10-01,Prefer not to say
CRMP-002270,CUST-981950,kylebishop@example.org,Silver,No,Web,1942-11-05,Female
CRMP-002132,CUST-000214,gina.peterson962@hotmail.com,Bronze,Yes,Web,1997-07-28,Prefer not to say
CRMP-002233,CUST-001359,april.velasquez333@hotmail.com,Bronze,No,Web,2006-11-19,male
CRMP-000328,CUST-000768,taylor.parrish149@gmail.com,Silver,No,Web,1950-10-21,Female
CRMP-002483,CUST-002233,kristen.kim665@gmail.com,Gold,Yes,Mobile App,1991-08-16,Male
CRMP-002150,CUST-000681,eddie.smith626@yahoo.com,Platinum,Yes,Mobile App,1997-05-06,Female
CRMP-000699,CUST-002976,rebecca.parker907@yahoo.com,Gold,No,In-Store,1976-04-13,Female
CRMP-001577,CUST-001039,brooke.berry911@hotmail.com,Silver,No,Mobile App,1992-11-08,Male
CRMP-002410,CUST-001425,gregory.ramirez76@gmail.com,Bronze,No,Marketplace,1946-05-18,Male
CRMP-002536,CUST-000604, molly.bass930@gmail.com ,Bronze,Yes,Mobile App,1965-07-27,Male
CRMP-000688,CUST-001459,ANDREW.MOORE821@GMAIL.COM,Platinum,No,Mobile App,1945-05-08,Female
CRMP-000776,CUST-001477,JEFFREY.AUSTIN188@HOTMAIL.COM   ,Bronze,No,Web,2005-02-05,Male
CRMP-000057,CUST-002216,vincent.marshall960@gmail.com,Silver,Yes,Mobile App,1944-09-18,Male
CRMP-000749,CUST-000734,margaret.sanchez162@gmail.com,Bronze,Yes,Web,1957-07-11,Female
CRMP-001445,CUST-000250,michael.castaneda526@yahoo.com,Bronze,No,Mobile App,1980-07-10,Female
CRMP-002697,CUST-002081,brenda.robinson664@hotmail.com,Silver,No,In-Store,1989-07-30,Female
CRMP-002527,CUST-001361,joseph.coleman516@hotmail.com,Gold,Yes,Mobile App,1970-10-22,Female
CRMP-002571,CUST-000839,david.white106@yahoo.com,Bronze,No,Mobile App,1950-12-16,Non-binary
CRMP-001407,CUST-001911,steven.goodman632@gmail.com,Silver,Yes,Marketplace,1999-03-06,Prefer not to say
CRMP-000603,CUST-001502,thomas.martin467@gmail.com,Silver,Yes,Marketplace,1991-06-29,Male
CRMP-000532,CUST-000504,francisco.rodriguez153@gmail.com,Bronze,Yes,Web,1959-07-24,Female
CRMP-000287,CUST-002086,emily.brown883@hotmail.com,Bronze,No,Mobile App,1986-05-11,Female
CRMP-002817,CUST-000334,christopher.scott425@gmail.com,Bronze,Yes,Web,1960-02-13,Female
CRMP-002091,CUST-001156,mary.hines617@hotmail.com,Bronze,No,Mobile App,1948-01-04,Female
CRMP-000495,CUST-002688,scott.obrien69@yahoo.com,,No,Mobile App,08/03/1998,Prefer not to say
CRMP-002584,CUST-001931,charles.kelly16@hotmail.com,Gold,No,Marketplace,1995-04-26,Male
CRMP-000732,CUST-001850,michael.meadows483@gmail.com,Bronze,No,Web,1978-09-12,Female
CRMP-001423,CUST-000701,matthew.rose792@hotmail.com,Platinum,Yes,Web,"September 10, 1962",Female
CRMP-001444,CUST-001818,jasmine.gross472@gmail.com,Bronze,No,Mobile App,1947-04-16,Male
CRMP-000090,CUST-000554,erin.roberts604@gmail.com,Bronze,Yes,Web,1958-02-28,Male
CRMP-001315,CUST-002531,sean.fitzgerald558@yahoo.com,Silver,No,Mobile App,1958-04-21,Female
CRMP-002797,CUST-001175,william.velazquez76@gmail.com,Silver,No,Web,1979-02-03,Male
CRMP-000773,CUST-002005,emily.adams408@yahoo.com,Silver,No,Web,1967-07-16,mALE
CRMP-000130,CUST-002006,whitney.nelson286@yahoo.com,Bronze,Yes,Mobile App,1947-10-25,Female
CRMP-002694,cust-002900,denise.watson518@yahoo.com,Silver,Yes,Marketplace,2003-05-04,Male
CRMP-000376,CUST-000848,christopher.moon289@gmail.com,Silver,No,Mobile App,1954-10-21,Female
CRMP-002779,CUST-000595,jordan.simpson852@gmail.com,Bronze,Yes,Web,03/25/1946,Male
CRMP-000704,001760,andrea.mclaughlin71@yahoo.com,Gold,Yes,In-Store,1975-01-22,Non-binary
CRMP-002758,CUST-001825,timothy.vargas272@gmail.com,,No,Web,1984-07-12,Male
CRMP-002366,CUST-000469,daniel.bailey603@hotmail.com,Gold,Yes,Mobile App,1968-01-02,Male
CRMP-001943,CUST-002809,shannon.miranda151@gmail.com,Silver,Yes,Mobile App,1947-06-24,Female
CRMP-000925,CUST-002512,margaret.reynolds534@hotmail.com,Bronze,Yes,Mobile App,1987-10-13,Male
CRMP-002042,CUST-000582,joseph.williams746@gmail.com,Silver,Yes,Marketplace,1973-09-07,mALE
CRMP-002158,CUST-002177,jacob.carr694@gmail.com,Silver,Yes,Marketplace,1954-11-09,Non-binary
CRMP-001873,CUST-002878,veronica.johnson195@gmail.com,Bronze,Yes,In-Store,1980-08-01,male
CRMP-001175,001853,patricia.olson538@hotmail.com,,No,Web,1957-03-15,Female
CRMP-001001,CUST-002680,brandi.smith651@hotmail.com,Silver,Yes,Mobile App,1962-11-18,Male
CRMP-000357,CUST-000522,cynthia.park132@gmail.com,Bronze,Yes,Marketplace,1958-01-12,Male
CRMP-001795,CUST-002674,jonathan.campbell697@hotmail.com,,Yes,Marketplace,1972-07-31,Male
CRMP-001508,CUST-000937,joshua.morgan242@gmail.com,Silver,Yes,Mobile App,1948-01-22,Male
CRMP-001611,CUST-000420,erica.compton150@hotmail.com,Bronze,No,Web,1987-09-11,Male
CRMP-000586,CUST-000898,dylan.wong650@gmail.com,Bronze,Yes,In-Store,1959-07-30,Male
CRMP-001267,CUST-002908,robert.singleton491@hotmail.com,Gold,Yes,Mobile App,1945-07-09,Male
CRMP-001697,CUST-001919,john.watson712@hotmail.com,Silver,No,Mobile App,1945-06-29,Male
CRMP-002810,CUST-002018,madison.fisher811@yahoo.com,Bronze,Yes,Mobile App,1947-02-02,Male
CRMP-000881,CUST-001157,kristen.conner392@yahoo.com,Silver,No,Web,1961-12-14,Female
CRMP-002151,CUST-000457,susan.guzman772@gmail.com,Gold,No,Marketplace,1975-04-17,Male
CRMP-002351,CUST-002801,GINA.BISHOP981@HOTMAIL.COM,Bronze,No,Web,1957-08-10,Female
CRMP-001728,CUST-002611,patrick.parks495@gmail.com,Bronze,Yes,Web,1963-02-13,Male
CRMP-001489,CUST-000394,nicole.morgan733@gmail.com,Gold,No,Web,1998-04-18,Non-binary
CRMP-000984,CUST-000108,tara.chavez26@gmail.com,Bronze,No,Mobile App,1984-08-23,Female
CRMP-002026,CUST-002540,bryan.garza106@yahoo.com,,Yes,Web,1966-04-23,Male
CRMP-000827,CUST-000169,theresa.espinoza635@yahoo.com,Bronze,Yes,Mobile App,2005-10-15,Male
CRMP-000600,CUST-002031,michelle.newman485@hotmail.com,Silver,Yes,Web,2003-05-01,Female
CRMP-002048,CUST-001809,cynthia.ryan440@gmail.com,Bronze,Yes,Mobile App,2005-08-04,MALE
CRMP-001372,CUST-000745,theresa.davis494@hotmail.com,Silver,Yes,Web,2004-10-24,Male
CRMP-000763,CUST-001232,lori.evans331@hotmail.com,Gold,No,Web,1974-10-05,Male
CRMP-001540,CUST-000711,christopher.mcneil438@gmail.com,Silver,Yes,Marketplace,1944-11-03,Female
CRMP-000231,CUST-002097,john.rosales993@gmail.com,Bronze,No,Mobile App,1977-06-12,Male
CRMP-001471,CUST-926445,cheryl00@example.com,Platinum,Yes,Mobile App,1986-06-19,Female
CRMP-001864,CUST-001729,daniel.vazquez295@hotmail.com,Silver,Yes,Mobile App,1999-06-10,Female
CRMP-001498,CUST-001785,philip.evans565@yahoo.com,Gold,Yes,Web,1944-10-17,Male
CRMP-000997,CUST-000288,juan.maxwell688@yahoo.com,Gold,No,Web,1987-07-27,Male
CRMP-001208,002454,amy.wilson340@gmail.com,Bronze,No,Web,1951-11-23,Female
CRMP-000541,CUST-000951,connie.williams922@gmail.com,Bronze,Yes,Web,1984-02-07,Male
CRMP-002421,000651,william.nielsen862@hotmail.com,Silver,Yes,Mobile App,1944-12-04,Male
CRMP-000829,CUST-001960,jeffrey.cooper387@gmail.com,Bronze,Yes,Mobile App,1970-03-06,Prefer not to say
CRMP-000330,CUST-002274,jeanne.parks704@gmail.com,Bronze,Yes,Web,1956-03-31,Male
CRMP-000471,CUST-000023,kevin.white767@hotmail.com,Bronze,No,Web,1981-11-02,Female
CRMP-001761,CUST-000176,chloe.morris520@hotmail.com,Silver,Yes,Marketplace,1969-09-21,Female
CRMP-001025,CUST-001914,sabrina.kidd286@gmail.com,Silver,Yes,Web,1985-09-29,Female
CRMP-000194,CUST-000104,jennifer.wilson279@hotmail.com,Platinum,Yes,Mobile App,1961-01-16,Female
CRMP-000680,CUST-000208,christine.grant862@gmail.com,Bronze,No,Web,1980-06-15,Female
CRMP-000395,CUST-001151, anna.bryant987@yahoo.com ,Bronze,Yes,In-Store,1941-02-11,MALE
CRMP-000753,CUST-001311,gina.powell351@gmail.com,Silver,No,In-Store,2000-07-30,Prefer not to say
CRMP-000976,CUST-000107,heather.thompson417@gmail.com,Bronze,No,Web,2008-05-12,Male
CRMP-002579,CUST-001123,mitchell.owens664@hotmail.com,Bronze,Yes,Web,1974-01-30,Male
CRMP-001668,CUST-002430,jennifer.pena613@hotmail.com,Bronze,Yes,Mobile App,1947-11-05,Female
CRMP-002273,002001,timothy.bonilla645@gmail.com,Bronze,Yes,Web,1977-04-07,Female
CRMP-000138,CUST-946707,sboyer@example.org,Bronze,No,Web,1951-10-08,female
CRMP-000514,CUST-002629,danielle.freeman996@yahoo.com,Bronze,Yes,Web,1946-04-09,Female
CRMP-002079,CUST-000489,alexander.garcia72@yahoo.com,Bronze,Yes,Mobile App,1978-10-23,Male
CRMP-002787,CUST-001908,andrew.griffith719@yahoo.com,Silver,No,Mobile App,1963-05-19,Female
CRMP-001735,CUST002109,deborah.nolan83@hotmail.com,Bronze,Yes,Web,1985-04-26,Female
CRMP-001195,CUST-002498,cathy.smith661@hotmail.com,Silver,Yes,Mobile App,1996-12-02,Male
CRMP-001125,CUST-000311,gloria.young508@gmail.com,Bronze,Yes,Mobile App,1944-09-07,Female
CRMP-000277,CUST-002899,cheryl.huynh660@yahoo.com,Bronze,Yes,Mobile App,2002-06-27,Prefer not to say
CRMP-001363,CUST-000006,ashley.atkinson500@hotmail.com,Bronze,No,Web,1981-11-08,Male
CRMP-001582,CUST-001017,  caitlyn.crawford755@gmail.com,Silver,No,Mobile App,1993-03-19,Female
CRMP-001179,CUST-002685,tonya.frazier44@hotmail.com,Silver,Yes,Web,1944-09-02,Female
CRMP-000177,CUST-002042,angela.cruz294@hotmail.com,Gold,Yes,Marketplace,1957-06-10,Female
CRMP-000592,CUST-000512,alan.farrell278@yahoo.com,Platinum,Yes,In-Store,2001-07-12,Male
CRMP-001148,CUST-001082,megan.blackwell970@gmail.com,Silver,Yes,Web,1998-03-21,Male
CRMP-002654,CUST-001823,BRANDON.BARNETT438@YAHOO.COM,Gold,No,In-Store,1942-12-16,Female
CRMP-000319,CUST-002124,brian.campbell457@yahoo.com,Silver,Yes,Web,1945-04-15,Male
CRMP-001259,CUST-002452,diane.parsons889@yahoo.com,Silver,No,Mobile App,"December 13, 1988",Non-binary
CRMP-000203,CUST-000411,holly.davis721@hotmail.com,Bronze,Yes,Mobile App,2003-11-25,Male
CRMP-002504,CUST-001274,walter.malone47@yahoo.com,Gold,Yes,Mobile App,03/09/1991,Male
CRMP-001989,CUST-001891,rita.chase660@gmail.com,Bronze,Yes,Mobile App,1970-07-23,Female
CRMP-002068,CUST-000766,jason.thomas248@gmail.com,Bronze,Yes,Marketplace,1956-03-02,Female
CRMP-002663,CUST-000683,charlotte.daniel581@gmail.com,Gold,Yes,Mobile App,2004-03-16,Non-binary
CRMP-001694,cust-001585,stephanie.schwartz540@hotmail.com,Bronze,No,In-Store,1970-02-28,Male
CRMP-000452,CUST-000810,bradley.brown363@yahoo.com,Bronze,No,Web,1970-01-06,PREFER NOT TO SAY
CRMP-000999,CUST-000236,gabriella.ryan690@hotmail.com,Gold,Yes,Web,1964-04-08,Male
CRMP-000126,CUST-002770,timothy.howell479@hotmail.com,Bronze,No,Web,2001-09-04,Non-binary
CRMP-000820,CUST-000332,anthony.maldonado865@hotmail.com,Silver,Yes,Mobile App,1969-08-30,Male
CRMP-002164,CUST-000627,hannah.fischer51@yahoo.com,Bronze,Yes,Mobile App,17-Oct-1967,Female
CRMP-001371,CUST-000510,harold.ingram583@yahoo.com,Silver,No,Mobile App,1977-04-13,Female
CRMP-000726,CUST-002434,shannon.morgan599@yahoo.com,Bronze,No,Web,1978-06-22,Female
CRMP-000287,CUST-002086,emily.brown883@hotmail.com,Bronze,No,Mobile App,1986-05-11,Female
CRMP-000189,CUST-000559,kevin.roberts937@yahoo.com,Silver,Yes,Mobile App,1950-02-13,Male
CRMP-000790,CUST-001847,desiree.edwards623@yahoo.com,Platinum,Yes,Web,1966-02-17,Female
CRMP-002290,CUST-002704,alyssa.brown506@yahoo.com,Bronze,Yes,Web,1952-04-06,Male
CRMP-000012,CUST-002947,raymond.stanley321@gmail.com,Bronze,Yes,Marketplace,1984-12-11,Female
CRMP-000601,CUST-001554,emily.edwards579@yahoo.com,Platinum,Yes,Web,1961-05-30,Male
CRMP-001015,CUST-002504,joe.mason653@hotmail.com,Bronze,No,Mobile App,1994-08-22,Prefer not to say
CRMP-002149,CUST-000162,sarah.dunn769@gmail.com,Platinum,Yes,Mobile App,1957-04-10,Male
CRMP-001974,CUST-001985,gregory.sanders189@gmail.com,Silver,No,Web,2001-07-22,Female
CRMP-000785,CUST-002932,stephen.drake287@gmail.com,,No,Web,1950-09-15,Non-binary
CRMP-002795,CUST-002295,raymond.kim73@yahoo.com,Bronze,No,Web,1969-06-05,Non-binary
CRMP-001865,CUST-002732,tyler.green42@gmail.com,Silver,Yes,Marketplace,1986-04-02,Female
CRMP-000230,CUST-002905,omar.williams367@hotmail.com,Bronze,No,Mobile App,1996-07-02,Male
CRMP-001401,CUST-000520,teresa.ray464@gmail.com,Bronze,Yes,Mobile App,"May 31, 1979",Female
CRMP-001642,CUST-002967,melissa.torres853@gmail.com,Bronze,Yes,Marketplace,1996-12-06,Male
CRMP-001048,CUST-000990,julie.cox521@hotmail.com,Gold,No,Marketplace,2000-12-22,Male
CRMP-001265,CUST-001351,alexandra.woods850@yahoo.com,Bronze,No,Mobile App,1988-09-09,Non-binary
CRMP-001011,CUST-001036,paula.gamble725@gmail.com,Platinum,Yes,Mobile App,2007-05-21,Male
CRMP-002808,CUST-002149,robert.thomas207@yahoo.com,Platinum,Yes,Web,1993-06-25,Female
CRMP-002664,CUST-000669,claudia.cunningham850@yahoo.com,Gold,No,Web,1990-07-16,Female
CRMP-002112,CUST-000794,rodney.cardenas431@gmail.com,Gold,Yes,Mobile App,1968-10-17,Male
CRMP-000864,CUST-001658,shawn.mendoza436@gmail.com,Silver,Yes,Mobile App,1979-04-10,Male
CRMP-002258,CUST-001059,rebecca.kirby604@yahoo.com,Silver,Yes,Marketplace,1959-07-25,Male
CRMP-001658,CUST-002302,vincent.flores643@yahoo.com,Bronze,Yes,In-Store,1970-04-14,Female
CRMP-000724,CUST-001675,andrew.bray881@yahoo.com,Bronze,Yes,Web,"September 04, 1971",Non-binary
CRMP-002075,CUST-001484,haley.roberts338@hotmail.com,Platinum,Yes,Web,05/01/1941,Female
CRMP-000101,CUST-000348,sherry.snyder890@gmail.com,Silver,Yes,Marketplace,1942-02-08,Male
CRMP-002310,CUST-001819,katherine.james567@gmail.com,Silver,Yes,Marketplace,1977-01-23,Male
CRMP-000759,CUST-000761,mitchell.thomas395@gmail.com,Silver,No,Marketplace,1953-04-09,Male
CRMP-001204,CUST-002622, michael.roberson110@yahoo.com ,Bronze,No,Web,1966-07-15,Male
CRMP-000268,CUST-000233,deborah.thomas418@yahoo.com,Silver,Yes,Mobile App,1991-11-19,Male
CRMP-002621,CUST-001231,mark.mckinney975@yahoo.com,Platinum,Yes,Marketplace,1966-04-04,Female
CRMP-002254,CUST-000251,tom.mcclure807@yahoo.com,Bronze,Yes,Web,1950-01-18,Female
CRMP-002708,CUST-000128,rebecca.arnold269@hotmail.com,Bronze,Yes,Mobile App,1943-08-18,Female
CRMP-002502,CUST-002557,john.ware749@gmail.com,Silver,Yes,Web,1982-06-01,Male
CRMP-001063,CUST-002397,jamie.doyle754@yahoo.com,Bronze,Yes,Web,1955-03-21,Male
CRMP-001432,CUST-000878,bradley.cook59@yahoo.com,Silver,Yes,Marketplace,1966-03-16,Female
CRMP-002740,CUST-000161,nicole.parker670@gmail.com,Silver,No,Mobile App,"August 23, 2003",Female
CRMP-000653,CUST-001163,matthew.byrd293@yahoo.com,Bronze,No,Web,1941-02-01,Male
CRMP-000338,CUST-001057,bruce.bradford781@hotmail.com,Platinum,No,Web,1973-01-10,female
CRMP-000175,CUST000743,michael.holland719@gmail.com,Silver,Yes,Marketplace,1984-04-30,Male
CRMP-002490,CUST-001475,cynthia.costa21@hotmail.com,Gold,No,Web,1961-09-19,Female
CRMP-002083,CUST-000430,lisa.mccoy645@hotmail.com,Bronze,Yes,Mobile App,1958-03-16,Male
CRMP-001466,CUST-000918,michelle.sharp426@gmail.com,Bronze,Yes,Web,1978-06-05,Male
CRMP-000460,CUST-001943,courtney.pierce284@hotmail.com,Silver,Yes,Mobile App,1983-07-19,Female
CRMP-002179,CUST-002416,melissa.rivera185@gmail.com,Platinum,No,In-Store,1994-10-07,Female
CRMP-000878,CUST-002839,JENNIFER.PAGE580@HOTMAIL.COM,Silver,Yes,Mobile App,1951-03-12,Male
CRMP-000139,CUST000284,eric.evans793@hotmail.com,Platinum,Yes,Mobile App,1957-03-01,Male
CRMP-000122,CUST-001258,christina.davis701@gmail.com,Bronze,Yes,Mobile App,1972-08-14,Female
CRMP-000517,CUST-002983, jason.gonzalez968@gmail.com ,Bronze,Yes,Mobile App,1995-10-19,Female
CRMP-001806,CUST-002669,robert.scott332@hotmail.com,Platinum,No,Mobile App,2000-09-09,Female
CRMP-002476,CUST-001941,robert.hensley357@gmail.com,Bronze,Yes,Mobile App,1951-11-14,Non-binary
CRMP-000243,CUST-002943,amanda.davenport357@hotmail.com,,No,Mobile App,1954-10-22,Male
CRMP-000661,cust-002406,charles.martinez179@hotmail.com,Bronze,Yes,In-Store,1978-12-16,Male
CRMP-002580,CUST-001203,kyle.hunter390@hotmail.com,Platinum,Yes,Mobile App,1970-04-12,Male
CRMP-000404,CUST-001260,jonathan.sanchez913@gmail.com,Bronze,Yes,Mobile App,2008-07-15,Female
CRMP-002282,CUST-001144,lauren.zuniga494@hotmail.com,Silver,No,Web,1960-05-05,Non-binary
CRMP-002487,CUST-000666, colton.walker434@hotmail.com ,,No,Web,1990-10-12,Male
CRMP-000897,cust-000697,amy.guerrero910@hotmail.com,Bronze,Yes,In-Store,1941-04-29,Male
CRMP-002617,CUST-000729,jessica.atkinson471@yahoo.com,Platinum,No,Mobile App,1942-09-27,Prefer not to say
CRMP-002549,CUST-002354,jamie.williams812@hotmail.com,Gold,No,Mobile App,1987-04-20,Male
CRMP-002077,CUST-000213,robert.cook819@hotmail.com,Silver,Yes,Web,1997-12-30,Male
CRMP-001862,000977,charles.collier872@yahoo.com,Silver,Yes,Marketplace,1956-07-28,Male
CRMP-002566,CUST-002946,jerry.strickland118@yahoo.com,Bronze,Yes,Web,1941-11-08,Male
CRMP-002473,CUST-002172,megan.thompson682@hotmail.com,Bronze,Yes,Marketplace,1944-03-05,Female
CRMP-001748,CUST-001186,brad.bennett265@yahoo.com,Gold,No,Mobile App,2008-02-14,MALE
CRMP-001901,CUST-001106,corey.pope721@hotmail.com,Gold,No,Web,1965-09-28,Male
CRMP-002544,CUST-000975,matthew.franklin532@hotmail.com,Bronze,No,In-Store,1983-12-13,Male
CRMP-002081,CUST-001898,edgar.gonzalez101@hotmail.com,Platinum,No,Web,1958-12-28,Male
CRMP-002167,CUST-002924,andrea.johnson703@gmail.com,Silver,Yes,Mobile App,1981-04-20,Male
CRMP-001980,CUST-001488,alexander.johnson934@gmail.com,Bronze,No,Web,1952-04-11,Male
CRMP-001440,CUST-002523,derek.williams420@hotmail.com,Gold,No,Web,1981-06-07,Female
CRMP-002699,CUST-001601,VICTORIA.SIMS536@HOTMAIL.COM,Platinum,No,Web,1972-06-23,FEMALE
CRMP-000627,CUST-002270,michelle.lang701@gmail.com,Platinum,No,Web,1969-02-08,Female
CRMP-001439,CUST-002076,antonio.nelson984@yahoo.com,Bronze,No,Web,1950-05-20,Male
CRMP-000556,CUST-002435,joanne.odonnell205@yahoo.com,Bronze,Yes,Web,02/01/1951,Male
CRMP-001651,CUST-000596,bruce.klein180@yahoo.com,Gold,No,Mobile App,1989-01-03,Male
CRMP-001018,CUST-000225,mark.valencia509@yahoo.com,Bronze,Yes,Mobile App,1956-12-07,Female
CRMP-000273,CUST-002035,kristina.mckinney815@hotmail.com,Platinum,Yes,Web,1996-09-19,Male
CRMP-000715,CUST-002192,zachary.andrade299@gmail.com,Bronze,Yes,Mobile App,1964-08-24,Male
CRMP-001237,CUST-001164,RANDY.WALKER331@GMAIL.COM,,Yes,Web,1947-05-26,Female
CRMP-001068,CUST-000041,christian.mccall995@gmail.com,Gold,Yes,In-Store,1971-06-08,Male
CRMP-001938,CUST-001189,  alyssa.baker805@hotmail.com,Bronze,Yes,Web,1988-01-20,Female
CRMP-002424,CUST-001394,james.stevens239@gmail.com,Silver,Yes,Mobile App,1992-09-06,Male
CRMP-000313,CUST-000474,kathleen.wright878@gmail.com,Bronze,Yes,Mobile App,1956-12-03,Female
CRMP-002246,CUST-000620,randall.robbins521@yahoo.com,Platinum,No,Web,1994-12-16,Male
CRMP-001317,CUST-000965,jessica.mills359@gmail.com,,Yes,Mobile App,2008-07-28,Male
CRMP-001881,CUST-002767, kyle.hernandez813@hotmail.com ,Platinum,Yes,Marketplace,17-Feb-1957,Male
CRMP-000406,CUST-001325,robert.foster5@yahoo.com,Bronze,Yes,Mobile App,1991-07-10,Male
CRMP-000793,CUST-000875,frank.king103@gmail.com,Platinum,Yes,Web,1976-02-24,Male
CRMP-002668,CUST-002100,sergio.rios672@yahoo.com,Silver,Yes,Marketplace,1979-05-18,Male
CRMP-000962,CUST-001935,christy.prince166@yahoo.com,Gold,No,Web,1988-03-18,Female
CRMP-002309,CUST-000546,kathleen.palmer699@yahoo.com,,No,Web,1996-10-30,Female
CRMP-000004,CUST-002933,steven.kane990@yahoo.com,Bronze,No,Marketplace,1982-02-14,Male
CRMP-001464,CUST-000122,laura.atkinson463@yahoo.com,Bronze,No,Mobile App,1969-08-28,Male
CRMP-001969,CUST-002368,karen.velez883@hotmail.com,Silver,No,Web,1975-06-02,Female
CRMP-001319,CUST-001493,erin.cook193@gmail.com,Gold,Yes,Mobile App,1958-10-29,Female
CRMP-001142,CUST-000633,amber.hopkins87@gmail.com,,No,Mobile App,1976-06-14,Female
CRMP-000575,CUST-000935,micheal.conner379@gmail.com,Platinum,Yes,Web,1975-04-02,Male
CRMP-000951,CUST-001102,mary.williams261@gmail.com,Platinum,Yes,Mobile App,1967-07-17,Female
CRMP-002522,CUST-002326,RACHAEL.VAUGHN201@YAHOO.COM,Bronze,No,Marketplace,1998-12-11,Female
CRMP-000169,CUST-000099,timothy.freeman367@yahoo.com,Bronze,Yes,In-Store,1962-04-08,Male
CRMP-002163,CUST-001064,anthony.mora979@gmail.com,Gold,Yes,Mobile App,1948-06-25,Female
CRMP-000703,CUST-000148,stephanie.black836@gmail.com,Platinum,No,Web,1960-12-19,Male
CRMP-001532,CUST-002931,brandon.long470@yahoo.com,Gold,No,Mobile App,"October 21, 1960",Male
CRMP-002645,CUST-000095,christopher.rodriguez736@hotmail.com,Bronze,Yes,Marketplace,1969-05-11,Male
CRMP-000830,CUST-001520,shane.ramsey302@yahoo.com,Gold,No,Mobile App,1978-06-10,Male
CRMP-000389,CUST-000076,larry.cameron363@hotmail.com,Platinum,No,Web,2004-11-01,Male
CRMP-000649,CUST-002449,tamara.butler58@hotmail.com,Platinum,Yes,Web,1988-12-26,Female
CRMP-000458,CUST000997,sonya.stone856@gmail.com,Gold,Yes,Mobile App,1955-11-13,Female
CRMP-000642,CUST-000751,anthony.rasmussen777@yahoo.com,Bronze,Yes,Web,1971-09-30,Female
CRMP-002724,CUST-001383,alex.butler27@gmail.com,Silver,Yes,Web,1997-04-09,Female
CRMP-000614,CUST-001165,arthur.wright133@yahoo.com,Gold,No,Mobile App,1955-04-10,Female
CRMP-001497,CUST-000051,steven.russell366@hotmail.com,Bronze,Yes,Web,1956-11-04,Female
CRMP-000678,CUST-001402,kevin.horn608@hotmail.com,Bronze,No,Mobile App,1943-02-27,Female
CRMP-000579,CUST-002831,anthony.foster741@gmail.com,Bronze,No,Mobile App,1947-05-22,Female
CRMP-000208,CUST-000672,frances.garcia505@hotmail.com,Bronze,Yes,Marketplace,1981-03-25,Female
CRMP-002125,CUST-000741,jessica.wright920@hotmail.com,Silver,Yes,Marketplace,1998-04-20,Female
CRMP-001411,CUST-002231,jason.taylor729@gmail.com,,Yes,Marketplace,1964-07-25,Female
CRMP-002386,CUST-001490,michelle.coleman218@gmail.com,Gold,No,Web,08/02/1956,Male
CRMP-000816,CUST-001538,christine.morgan97@hotmail.com,Gold,No,Marketplace,2008-02-02,Male
CRMP-000620,CUST-001322,melissa.roy990@yahoo.com,Bronze,Yes,Marketplace,1972-04-06,Female
CRMP-000663,CUST-000999,preston.brown140@gmail.com,Silver,Yes,Web,1979-12-02,Male
CRMP-002635,CUST-000106,DAVID.SNOW926@YAHOO.COM,Gold,No,Mobile App,1975-03-15,Female
CRMP-001461,CUST-001344,melissa.jackson360@gmail.com,,Yes,Marketplace,1968-01-01,Male
CRMP-002385,CUST-002068,frances.cox143@gmail.com,Silver,No,Web,1970-04-11,Female
CRMP-002080,CUST-002790,edward.roy231@hotmail.com,Silver,No,Mobile App,1976-11-23,Female
CRMP-002168,CUST-001343,amanda.gomez664@hotmail.com,Silver,No,Marketplace,1962-07-02,Male
CRMP-002585,CUST-000963,shawn.graves739@yahoo.com,Bronze,No,In-Store,1948-10-03,Female
CRMP-001490,CUST-002508,cheryl.watson754@hotmail.com,Silver,No,Mobile App,1984-03-12,Female
CRMP-002314,CUST-967520,butlerpatrick@example.net,Platinum,Yes,Mobile App,1970-06-18,Male
CRMP-000128,CUST-002844,travis.adams757@gmail.com,Bronze,Yes,Web,1946-05-03,Male
CRMP-000666,CUST-000269,zachary.kent756@yahoo.com,Platinum,No,In-Store,1994-03-04,Male
CRMP-001194,CUST-001869,jennifer.cordova220@hotmail.com,Silver,Yes,Mobile App,1971-10-22,Male
CRMP-002455,CUST-001063,joseph.conway911@hotmail.com,Silver,Yes,Marketplace,1973-11-05,Prefer not to say
CRMP-001404,CUST-001574,jonathan.jones34@yahoo.com,Bronze,Yes,Mobile App,1942-05-07,Female
CRMP-000826,CUST-002684,victoria.bullock237@yahoo.com,,Yes,Web,22-Feb-1952,Non-binary
CRMP-002603,CUST-980801,jwilliams@example.org,Bronze,Yes,Marketplace,1987-02-18,Female
CRMP-000992,CUST-000539,robert.martinez855@gmail.com,Bronze,No,Mobile App,2008-02-28,Female
CRMP-000216,CUST-002297,sarah.garcia970@yahoo.com,Silver,No,Mobile App,1948-01-25,Female
CRMP-000607,CUST-002935,leonard.robinson124@gmail.com,Bronze,Yes,Web,1950-05-30,Male
CRMP-002074,CUST-002781,emily.huang259@gmail.com,Silver,No,Web,1940-12-18,Male
CRMP-000583,CUST-002626,tyler.coleman93@yahoo.com,Silver,Yes,In-Store,1977-03-27,Male
CRMP-000221,CUST-001013,  daniel.peters336@gmail.com,Platinum,Yes,Mobile App,1962-01-01,Female
CRMP-002511,CUST-000488,nicole.roth2@hotmail.com,Bronze,Yes,Web,1992-02-22,Male
CRMP-001685,CUST-000591,jay.johnson648@hotmail.com,Gold,Yes,Web,1988-09-25,Prefer not to say
CRMP-002059,CUST-002456,ann.wagner798@yahoo.com,,Yes,Web,1949-01-21,Male
CRMP-001964,CUST-001594,timothy.delacruz938@hotmail.com,Silver,Yes,Mobile App,1944-08-18,Non-binary
CRMP-001126,CUST-000300,cole.jones713@hotmail.com,Bronze,Yes,Marketplace,1973-03-31,Female
CRMP-001522,CUST-001406,CHRISTOPHER.CHRISTENSEN22@YAHOO.COM,Silver,Yes,Web,1972-11-22,Male
CRMP-001671,CUST-000219,kayla.garcia114@hotmail.com,Gold,Yes,Mobile App,2007-10-10,Female
CRMP-000943,CUST-000556,donna.thomas945@yahoo.com,Silver,Yes,Web,1999-01-24,Female
CRMP-001311,CUST-000660,miranda.stevens335@gmail.com,Silver,No,Marketplace,"February 24, 1978",Female
CRMP-000522,CUST-002589,wesley.brown247@yahoo.com,Gold,Yes,Web,1950-09-08,Male
CRMP-001596,CUST-002245,nancy.thompson764@hotmail.com,Gold,Yes,Mobile App,1946-07-21,Female
CRMP-000088,CUST-001976,michelle.jones114@hotmail.com,Bronze,Yes,Marketplace,1945-10-29,Female
CRMP-002659,CUST-001233,  kristy.norton182@gmail.com,Silver,Yes,Web,1954-04-04,Female
CRMP-001689,CUST-002470,amber.sweeney981@hotmail.com,Gold,Yes,Web,1998-06-22,Male
CRMP-001949,CUST-001159,jennifer.robinson275@hotmail.com,Bronze,Yes,Marketplace,1959-07-08,Female
CRMP-001047,CUST-001390,cindy.green102@hotmail.com,Gold,No,In-Store,1972-05-30,Female
CRMP-000334,CUST-002232,alexander.garcia358@hotmail.com,Silver,Yes,Mobile App,2005-08-05,mALE
CRMP-000937,CUST-000135,stacey.robinson455@hotmail.com,Gold,No,Mobile App,1948-05-21,Female
CRMP-001804,CUST-001145,sarah.davis84@hotmail.com,Bronze,No,Mobile App,10/28/1957,Female
CRMP-001638,CUST-000103,pamela.hart933@hotmail.com,Gold,No,Web,1994-05-24,Male
CRMP-000207,CUST-000578,melissa.solis308@yahoo.com,Bronze,Yes,Mobile App,1964-05-23,Non-binary
CRMP-000988,CUST-000914,mary.gonzalez410@yahoo.com,Bronze,Yes,In-Store,1997-07-19,Female
CRMP-000664,CUST-002066,karen.taylor637@gmail.com,Bronze,Yes,Web,1942-11-07,Male
CRMP-000511,CUST-002757,victor.henry88@yahoo.com,Silver,Yes,Mobile App,1940-11-15,Female
CRMP-001771,CUST-000486,sonya.scott165@hotmail.com,Bronze,No,Mobile App,1952-07-26,Female
CRMP-002766,CUST-002053,raymond.smith313@gmail.com,Bronze,No,Marketplace,1961-02-27,Female
CRMP-002581,CUST-002861,david.payne734@yahoo.com,Bronze,No,Mobile App,1951-03-29,Male
CRMP-001408,cust-002798,roy.fowler911@hotmail.com,Bronze,Yes,Mobile App,1947-06-08,Female
CRMP-001657,CUST-002439,alyssa.nielsen792@gmail.com,Bronze,No,Mobile App,2008-04-19,Female
CRMP-000778,CUST-000801,andrea.williams920@hotmail.com,Bronze,Yes,Web,1997-06-03,Male
CRMP-002372,CUST-001800,christopher.bernard311@hotmail.com,,No,Web,1997-06-26,Male
CRMP-001083,CUST-001835,john.murray968@yahoo.com,Silver,Yes,Mobile App,1965-08-06,Male
CRMP-001960,CUST-002234,jennifer.collins593@hotmail.com,Bronze,Yes,Mobile App,1974-03-26,Female
CRMP-001332,001044,nicholas.smith506@gmail.com,Bronze,Yes,In-Store,1956-09-20,Male
CRMP-001837,CUST-000240,kaylee.young400@yahoo.com   ,Bronze,No,Web,1941-04-05,Male
CRMP-001800,cust-001440,gabrielle.russell330@yahoo.com,Bronze,Yes,Mobile App,2002-10-16,Male
CRMP-002121,CUST-002711,paula.byrd981@gmail.com,Bronze,No,Mobile App,1968-09-12,Female
CRMP-000065,CUST-001660,joseph.phillips97@hotmail.com,Gold,Yes,Web,1969-10-21,Female
CRMP-000249,CUST-000643,larry.castro379@gmail.com,Bronze,No,Marketplace,1998-06-12,Male
CRMP-002375,CUST-002176,anthony.matthews556@yahoo.com,Silver,No,Mobile App,1978-07-28,Non-binary
CRMP-000068,CUST-001067,rachael.roberts599@yahoo.com,Gold,No,Mobile App,1975-01-19,Male
CRMP-000919,CUST-000167,julian.martinez597@yahoo.com,Silver,Yes,Web,1941-03-08,Male
CRMP-001639,CUST-000086,kelly.york634@yahoo.com,Gold,No,Web,1969-04-02,Male
CRMP-001948,CUST-001539,rhonda.taylor657@yahoo.com,Platinum,No,Web,1991-03-23,Male
CRMP-002072,CUST-000972,kimberly.cooper163@yahoo.com,Gold,No,Mobile App,1977-04-16,Non-binary
CRMP-000474,CUST-001410,  david.martin255@hotmail.com,Bronze,No,Marketplace,1947-10-24,Female
CRMP-001373,CUST-000209,brandon.butler453@gmail.com,Gold,Yes,Mobile App,1969-11-06,Female
CRMP-001221,CUST-000458,ricardo.miller613@yahoo.com,,Yes,In-Store,1991-06-03,Male
CRMP-001081,CUST-001023,jesus.thompson982@yahoo.com,Silver,Yes,Web,1960-04-18,Female
CRMP-000892,CUST-001071,bobby.gilbert478@yahoo.com,Bronze,Yes,Mobile App,1950-08-20,Male
CRMP-002110,CUST-002033,robert.roberts209@yahoo.com,Silver,Yes,Mobile App,1996-08-29,Female
CRMP-001262,CUST-000868,edward.patterson524@gmail.com,Bronze,No,Mobile App,1980-06-13,Male
CRMP-001894,CUST-002390,john.villa753@gmail.com,Bronze,No,Web,1999-12-26,Male
CRMP-001058,CUST-000134,david.vargas156@gmail.com,Platinum,Yes,Web,1953-06-19,Female
CRMP-000498,CUST-002518,sergio.wells309@yahoo.com,Silver,Yes,In-Store,1997-03-07,Male
CRMP-001422,CUST-002722,kyle.reyes160@hotmail.com,Gold,Yes,Mobile App,1989-10-11,Male
CRMP-001158,CUST-001337,daniel.young285@gmail.com,Gold,Yes,Web,1971-02-24,Female
CRMP-001207,CUST002645,sean.watson855@hotmail.com,,Yes,Web,1980-05-26,Female
CRMP-001043,CUST-001253,corey.walters715@gmail.com,Gold,No,Marketplace,1967-07-24,Male
CRMP-000854,CUST-001846,chad.smith685@hotmail.com,Gold,Yes,Mobile App,1953-11-24,Female
CRMP-002739,CUST-002959,thomas.taylor645@yahoo.com,Gold,Yes,Marketplace,1973-12-04,Female
CRMP-001359,CUST-001867,george.kelly448@gmail.com,Platinum,No,Web,2008-06-08,Male
CRMP-002274,cust-000748,laura.williams902@gmail.com,Silver,No,Web,1985-05-05,Male
CRMP-002560,CUST-002534,jeff.smith980@hotmail.com,Bronze,Yes,Mobile App,1986-12-26,Female
CRMP-001869,CUST-001431,ALEXANDER.WILLIAMS979@HOTMAIL.COM,Gold,No,Mobile App,1995-05-12,Male
CRMP-001610,CUST-000831,kaitlyn.anderson85@hotmail.com,Platinum,Yes,Mobile App,1953-01-16,Male
CRMP-001504,CUST-002003,tony.frank301@hotmail.com,Silver,No,Mobile App,1990-05-07,FEMALE
CRMP-000808,CUST-001052,charles.cross297@gmail.com,Bronze,No,Web,2002-06-17,Male
CRMP-001565,cust-000945,dakota.smith532@hotmail.com,Gold,Yes,Mobile App,1968-08-16,Male
CRMP-001902,CUST-002330,daniel.hamilton992@yahoo.com,,Yes,Web,2003-07-01,Male
CRMP-000363,CUST-001368,jennifer.garza552@hotmail.com,Bronze,No,Web,1985-02-04,male
CRMP-000548,CUST-000818,shirley.stanley134@gmail.com,Gold,No,Web,2005-03-27,Male
CRMP-000433,CUST-000306,ashley.stokes649@gmail.com,Silver,No,Web,1974-11-23,Female
CRMP-000922,CUST-002956,justin.thompson718@gmail.com,Silver,No,Mobile App,05/03/1974,Male
CRMP-002279,CUST-002132,joshua.luna434@yahoo.com,Silver,No,Mobile App,1952-01-23,Non-binary
CRMP-002224,CUST-001961,morgan.bishop489@hotmail.com,Silver,Yes,Web,1957-07-05,Female
CRMP-001680,CUST-000048,stephanie.smith239@hotmail.com,Bronze,No,Web,1947-10-19,Male
CRMP-001835,CUST-001122,AMANDA.WALKER468@YAHOO.COM,,No,Marketplace,1967-05-22,Male
CRMP-001867,CUST-002310,harold.hansen556@gmail.com,Silver,Yes,Mobile App,1976-05-08,Male
CRMP-002364,CUST-001957,stephen.monroe812@gmail.com,Silver,Yes,Web,1940-12-28,Female
CRMP-001742,CUST-000855,andrew.freeman615@gmail.com,Platinum,No,In-Store,1981-09-23,Female
CRMP-000781,CUST-001432,debbie.clark215@hotmail.com,Platinum,No,In-Store,1977-03-06,fEMALE
CRMP-002530,CUST-001283,daniel.davis676@gmail.com,Platinum,Yes,Marketplace,1954-10-24,Non-binary
CRMP-002352,CUST-000496,carolyn.fields657@gmail.com,Gold,No,Mobile App,1969-08-15,Male
CRMP-001157,CUST-000676,michelle.jones880@yahoo.com,Platinum,Yes,Web,1981-05-18,Female
CRMP-001323,CUST-002293,shelly.robertson674@hotmail.com,Gold,No,Mobile App,1984-09-27,Female
CRMP-001090,CUST-001463,michelle.logan603@gmail.com,Bronze,Yes,Mobile App,1996-07-03,Male
CRMP-001756,CUST-000795,sean.reyes614@gmail.com,Bronze,Yes,Mobile App,1957-09-27,Female
CRMP-002729,CUST-000460,regina.strickland940@gmail.com,Bronze,No,In-Store,1985-02-23,Male
CRMP-001588,CUST-001429,lauren.rogers463@yahoo.com,Gold,No,In-Store,1992-09-07,Male
CRMP-001223,CUST-002376,kent.williamson919@gmail.com,Gold,Yes,Web,1950-12-29,Male
CRMP-001720,CUST-002957,daniel.coleman553@yahoo.com,Bronze,Yes,Mobile App,1965-08-11,Male
CRMP-001146,CUST-002560,victor.hudson947@yahoo.com,Silver,No,Web,1974-10-06,Male
CRMP-002805,CUST-000938,travis.foster918@yahoo.com,Gold,Yes,Marketplace,1999-06-12,Female
CRMP-001409,CUST001404,angela.hoffman639@yahoo.com,,No,Web,1951-10-03,Male
CRMP-002234,CUST-002927,jessica.montgomery100@hotmail.com,Silver,No,Web,1966-06-21,Female
CRMP-000185,CUST-000611,samantha.moran362@gmail.com,Bronze,Yes,Web,1960-04-08,Female
CRMP-002248,CUST-001938,MCKENZIE.RICE581@YAHOO.COM,Silver,Yes,Web,1943-05-16,Female
CRMP-000187,CUST-000717,tami.martinez87@gmail.com,Gold,No,Marketplace,1985-06-28,female
CRMP-002646,CUST-002060,cindy.knight961@hotmail.com,Platinum,No,Mobile App,1975-06-27,Female
CRMP-000963,CUST-000408,julia.price388@gmail.com,Silver,No,Web,1986-05-18,Male
CRMP-000558,CUST-002037,james.stone601@gmail.com,Platinum,No,Mobile App,2001-09-13,Female
CRMP-002529,CUST-002058,jonathan.manning339@hotmail.com,Platinum,No,Mobile App,1970-04-20,MALE
CRMP-000299,CUST-001331,zoe.hall315@gmail.com,Bronze,No,Web,1950-08-25,Non-binary
CRMP-000283,CUST-001612,hannah.fields34@yahoo.com,Gold,Yes,In-Store,1995-11-28,Prefer not to say
CRMP-000399,CUST-000165,jennifer.brewer765@yahoo.com,Gold,Yes,In-Store,1978-11-15,Male
CRMP-002520,CUST-000136,sandra.carlson708@gmail.com,Silver,No,In-Store,1964-01-07,Male
CRMP-002023,CUST-002705,bradley.thomas755@gmail.com,Silver,Yes,Marketplace,1969-11-25,Male
CRMP-000241,CUST001582,bradley.sanders942@gmail.com,,Yes,Web,1973-11-28,Female
CRMP-000903,CUST-000222,audrey.jackson812@yahoo.com,Bronze,Yes,Web,2002-03-18,Non-binary
CRMP-000370,CUST-002323,brooke.simmons349@gmail.com,Silver,No,Marketplace,09/22/1995,Female
CRMP-000430,CUST-000636,jasmin.kelly290@hotmail.com,Bronze,Yes,Web,1992-08-15,Male
CRMP-000924,CUST-002666,christopher.beck583@gmail.com,Silver,Yes,Mobile App,1966-01-09,Female
CRMP-000197,CUST-002993,lisa.marshall624@gmail.com,Silver,Yes,Web,1996-12-22,Female
CRMP-001065,CUST-002378,leslie.francis814@gmail.com,Platinum,Yes,Mobile App,1941-02-20,Female
CRMP-001954,CUST-002891,kimberly.phelps383@hotmail.com,Gold,No,Web,2003-06-12,Male
CRMP-001965,CUST-000473,laura.martinez62@yahoo.com,Silver,Yes,Web,1956-10-14,Male
CRMP-001939,CUST-001363,erica.stokes428@gmail.com,Silver,Yes,Mobile App,1961-10-05,Female
CRMP-000804,002741,kenneth.flores758@hotmail.com,Bronze,Yes,In-Store,1996-05-29,Male
CRMP-002202,CUST-000961,jose.arias870@yahoo.com,Silver,No,In-Store,1987-06-13,Female
CRMP-000787,CUST-002160,janet.solis21@yahoo.com,Silver,Yes,Mobile App,1995-12-30,Male
CRMP-002223,CUST-001753,margaret.schneider967@gmail.com,Gold,No,Marketplace,1955-11-27,Female
CRMP-001755,CUST-002050,elizabeth.barrett334@yahoo.com,Silver,No,Web,1948-09-12,Female
CRMP-001723,CUST-002023,edward.phelps750@gmail.com,Bronze,Yes,Web,1998-06-18,Male
CRMP-002275,CUST-001581,stephen.cox775@yahoo.com,Bronze,No,Mobile App,1946-09-16,Female
CRMP-002090,CUST-001513, natalie.patton175@gmail.com ,Bronze,No,Web,2006-04-19,Female
CRMP-002297,CUST-000105,jennifer.griffith968@gmail.com,Silver,No,Web,1946-08-27,Male
CRMP-000594,CUST-001591,william.cochran624@gmail.com,Gold,No,Mobile App,1979-09-12,Female
CRMP-002801,CUST-002997,amanda.jackson682@gmail.com,Silver,Yes,Marketplace,1988-08-16,Male
CRMP-002034,CUST-002502,carol.boone261@yahoo.com,Bronze,Yes,Web,2000-05-07,Male
CRMP-000618,CUST-002577,richard.wright981@hotmail.com,,Yes,In-Store,1964-03-30,Male
CRMP-000151,CUST-001517,amy.olsen372@yahoo.com,Silver,Yes,In-Store,1945-03-22,Prefer not to say
CRMP-001017,CUST-954183,boydjesse@example.net,Bronze,No,Web,1966-04-08,Male
CRMP-001705,CUST-000689,tiffany.bautista582@yahoo.com,Bronze,No,Mobile App,1978-01-26,Female
CRMP-000160,CUST-001277,susan.myers109@gmail.com,Gold,Yes,Web,1974-08-02,Male
CRMP-001358,CUST-945136,sarah11@example.org,Bronze,Yes,Web,1962-02-17,Male
CRMP-001953,CUST-002152,jesse.soto187@yahoo.com,Silver,Yes,In-Store,1946-11-23,Female
CRMP-000684,cust-001900,lisa.mitchell644@yahoo.com,Gold,Yes,Mobile App,1956-08-22,Male
CRMP-000426,CUST-000174,michael.oconnor930@yahoo.com,Gold,Yes,In-Store,2006-04-25,Female
CRMP-001324,CUST-000424,calvin.vasquez657@gmail.com,Silver,Yes,Mobile App,2003-10-17,Male
CRMP-002171,CUST-000321,michael.long739@yahoo.com,Gold,Yes,Web,1982-10-09,Female
CRMP-001038,CUST-001451,kristin.meyer125@yahoo.com,Bronze,No,Mobile App,1956-06-14,Female
CRMP-000038,CUST-000576,erika.perez267@hotmail.com,Gold,No,Web,1990-11-27,PREFER NOT TO SAY
CRMP-002732,CUST-000756,stephanie.espinoza349@hotmail.com,Bronze,No,Marketplace,1960-06-09,Male
CRMP-000688,CUST-001459,ANDREW.MOORE821@GMAIL.COM,Platinum,No,Mobile App,1945-05-08,Female
CRMP-001460,CUST-002944,diane.singh388@gmail.com,Bronze,Yes,Web,1953-12-30,Female
CRMP-002060,CUST-000678,robin.pope730@gmail.com,Silver,Yes,Web,1958-06-24,Prefer not to say
CRMP-000828,CUST-002996,mark.davis645@hotmail.com,Silver,Yes,Web,1956-05-11,male
CRMP-002083,CUST-000430,lisa.mccoy645@hotmail.com,Bronze,Yes,Mobile App,1958-03-16,Male
CRMP-001334,CUST-001673,lauren.green698@hotmail.com,Bronze,No,Marketplace,1950-11-28,Female
CRMP-002488,CUST-002477,john.hensley618@gmail.com,Silver,Yes,Web,1983-11-11,Prefer not to say
CRMP-002338,CUST-000385,cheryl.reynolds154@gmail.com,Bronze,Yes,Web,2000-03-30,Female
CRMP-000383,CUST-002432,JILL.RIDDLE284@HOTMAIL.COM,Gold,No,Web,2001-06-26,Female
CRMP-001330,CUST-000994,kristina.foley124@hotmail.com,Platinum,No,Web,1976-07-05,Male
CRMP-002615,CUST-001629,ricardo.juarez88@gmail.com,Platinum,Yes,Web,11/04/2007,Male
CRMP-002334,CUST-001278,robert.moore326@gmail.com,,Yes,In-Store,1991-01-29,Female
CRMP-000946,CUST-002779,michelle.evans869@hotmail.com,Gold,No,Web,1989-08-29,Female
CRMP-001251,CUST-002130,amy.fields502@hotmail.com,Platinum,Yes,Mobile App,1973-04-09,Female
CRMP-001801,CUST-922153, yking@example.net ,Silver,No,Mobile App,2000-02-15,Female
CRMP-001089,CUST-001656,debra.patterson116@hotmail.com,Gold,No,Web,1979-10-22,Female
CRMP-002811,CUST-001531,kristen.vargas230@yahoo.com,Gold,Yes,Mobile App,1954-03-15,Female
CRMP-001991,CUST-002356,samuel.bell470@gmail.com,Silver,Yes,Mobile App,1989-12-19,Male
CRMP-002422,CUST-001864,steven.green854@hotmail.com,Bronze,No,Mobile App,2004-03-04,Female
CRMP-000024,CUST-002501,douglas.wilson339@hotmail.com,Bronze,Yes,In-Store,1946-04-30,male
CRMP-001389,CUST-001293,andrea.vargas353@hotmail.com,Silver,No,Marketplace,1996-11-13,Male
CRMP-001808,CUST-001339,travis.reynolds122@hotmail.com,Gold,No,Mobile App,1989-09-24,Male
CRMP-000801,CUST-000727,BOBBY.RODRIGUEZ651@HOTMAIL.COM   ,Bronze,No,Mobile App,1946-11-20,Female
CRMP-001621,CUST-001952,RICARDO.NEWMAN757@GMAIL.COM,Bronze,Yes,In-Store,1972-05-28,MALE
CRMP-002355,CUST-002249,ian.weber995@yahoo.com,Bronze,Yes,Mobile App,1982-12-27,Male
CRMP-001866,CUST-001725,alice.malone263@hotmail.com,Silver,No,Web,1950-06-18,Female
CRMP-000377,CUST-002573,christopher.reid259@hotmail.com,Gold,Yes,Mobile App,1988-05-28,Female
CRMP-000617,CUST-000112,heather.williams508@yahoo.com,Gold,Yes,In-Store,1944-05-18,Female
CRMP-000289,CUST-002802,ashley.miller290@gmail.com,Bronze,No,Web,24-Oct-1999,Female
CRMP-000843,CUST-000746,pamela.leon716@gmail.com,Silver,No,Web,1992-07-06,Prefer not to say
CRMP-001661,CUST-000519,cynthia.fowler402@hotmail.com,Gold,Yes,Web,1983-08-02,Female
CRMP-000083,CUST-002261,nancy.green733@gmail.com,Bronze,Yes,Mobile App,1941-08-13,Female
CRMP-000788,CUST001354,walter.price507@yahoo.com,Silver,No,Web,1962-03-30,Female
CRMP-001116,CUST-002791,SPENCER.HOWELL468@HOTMAIL.COM,Bronze,Yes,In-Store,1989-08-07,Male
CRMP-001618,CUST-002247,matthew.richardson212@gmail.com,Silver,No,Mobile App,1957-09-04,Male
CRMP-001745,CUST-001324,henry.callahan339@gmail.com,Bronze,Yes,In-Store,1993-01-04,Female
CRMP-001442,CUST-002580,michael.garcia308@yahoo.com,Bronze,No,Marketplace,1978-08-28,Male
CRMP-000269,CUST-002922,charles.morrison612@yahoo.com,,Yes,Web,1943-02-11,Male
CRMP-002641,CUST-001843,tabitha.jones91@yahoo.com,Bronze,No,Web,1954-07-06,Male
CRMP-000049,001974,cheryl.heath322@gmail.com,Gold,No,Mobile App,16-Nov-2007,Male
CRMP-001233,cust-000061,alicia.diaz140@gmail.com,,No,Mobile App,1973-07-14,Female
CRMP-001396,CUST-000025,denise.ortiz240@yahoo.com,Silver,Yes,Web,2005-01-18,Male
CRMP-001192,CUST-001892,amy.wang280@gmail.com,Gold,Yes,Web,1972-06-13,mALE
CRMP-000503,CUST-002887,james.pitts841@hotmail.com,Silver,Yes,Mobile App,1969-05-07,Male
CRMP-002078,CUST-001108,jeanne.christensen770@yahoo.com,,Yes,Mobile App,1956-10-07,Female
CRMP-000411,CUST-000829,timothy.garcia929@yahoo.com,Platinum,No,Web,1953-12-21,mALE
CRMP-001130,CUST-002026,olivia.burton441@gmail.com,Bronze,Yes,Mobile App,1949-10-10,Female
CRMP-002669,CUST-000647,william.gallegos350@yahoo.com,,No,Web,1954-09-19,Male
CRMP-002146,CUST-001720,mario.arnold440@yahoo.com,Bronze,Yes,Web,1984-04-06,Female
CRMP-002484,CUST-001893,tina.atkinson356@hotmail.com,Silver,No,Mobile App,1990-10-23,Prefer not to say
CRMP-001538,CUST-002067,sandra.kelly50@hotmail.com,Bronze,Yes,In-Store,1986-08-16,Female
CRMP-001023,CUST-002334,wendy.santos641@yahoo.com,Bronze,Yes,Mobile App,1954-09-24,Male
CRMP-001858,CUST-002896,peter.savage758@hotmail.com,Bronze,Yes,Web,1942-03-01,Female
CRMP-000416,CUST-000545,melissa.neal106@gmail.com,Bronze,Yes,In-Store,1950-06-19,Non-binary
CRMP-002714,CUST-000022,candice.carr629@hotmail.com,Silver,Yes,Web,2001-06-28,Female
CRMP-002762,CUST-000526,roy.ayers912@yahoo.com,Silver,Yes,Marketplace,1970-10-06,Male
CRMP-002305,CUST-000936,alyssa.cooper225@gmail.com,Gold,No,In-Store,1954-02-20,Non-binary
CRMP-002715,CUST-001125,andrew.wolfe330@gmail.com,Bronze,No,Web,1996-02-14,Non-binary
CRMP-001832,CUST-002010,caroline.clark962@gmail.com,Bronze,No,Web,1979-05-19,Female
CRMP-001855,CUST-001782,andrea.walsh76@yahoo.com,Platinum,Yes,Mobile App,2006-12-02,Prefer not to say
CRMP-001955,CUST-002548,JAMIE.MERCADO117@YAHOO.COM   ,Platinum,Yes,Web,1994-09-21,Male
CRMP-002461,CUST-002057,mark.yu889@hotmail.com,Silver,Yes,Web,1951-05-07,Male
CRMP-000202,CUST-000919,jennifer.mcneil586@yahoo.com,Silver,Yes,Web,1969-05-14,Female
CRMP-002671,CUST-002239,amanda.dixon369@gmail.com,Gold,No,Web,1963-10-07,Male
CRMP-000349,CUST-002243,kara.good399@hotmail.com,Silver,No,Web,1991-03-24,Male
CRMP-000766,CUST-001492,jeffrey.garcia743@gmail.com,Silver,Yes,Marketplace,1951-06-08,Female
CRMP-001935,CUST000625,daniel.collins800@gmail.com,Gold,Yes,Web,1992-02-22,Male
CRMP-002681,CUST-001208,stephen.sanders917@yahoo.com,Bronze,No,In-Store,2002-03-31,Male
CRMP-000894,CUST002988,kurt.acosta179@hotmail.com,Bronze,Yes,Mobile App,1950-07-12,Male
CRMP-002200,CUST-001936,kelly.rivera140@yahoo.com,Bronze,Yes,Marketplace,1996-03-24,Male
CRMP-000980,CUST-000869,mark.williams734@hotmail.com,Gold,Yes,Web,1946-01-16,Male
CRMP-001336,CUST-000670,victoria.duncan961@gmail.com,Silver,No,Marketplace,1963-12-19,male
CRMP-000729,CUST-957774,james44@example.com,Bronze,No,Mobile App,1982-04-24,Male
CRMP-002390,CUST-002420,dana.pena817@hotmail.com,Silver,No,Mobile App,1993-05-30,Male
CRMP-000442,CUST-000146,adam.thompson94@hotmail.com,Bronze,Yes,Mobile App,1990-04-26,Female
CRMP-000868,CUST-002246,andrew.lewis996@gmail.com,Silver,Yes,Web,1952-03-24,Male
CRMP-001691,CUST-002608,amy.fernandez320@yahoo.com,Silver,No,In-Store,1973-11-22,Female
CRMP-000047,CUST-001787,raymond.moreno233@hotmail.com,Silver,No,Mobile App,1952-10-20,Male
CRMP-001435,CUST-001863,dylan.harrington721@hotmail.com,Platinum,No,Mobile App,2001-02-17,Female
CRMP-000660,CUST-000020,jesse.sullivan330@gmail.com,Silver,No,Mobile App,1953-05-05,Female
CRMP-001220,CUST-929610,CHAD69@EXAMPLE.COM,Bronze,Yes,Marketplace,1959-07-08,Female
CRMP-001072,CUST-002392,CHRISTOPHER.THOMAS922@HOTMAIL.COM,Silver,No,Mobile App,1943-11-14,Female
CRMP-002736,CUST-000077,madison.figueroa542@hotmail.com,Bronze,No,Web,1961-12-25,Female
CRMP-000823,CUST-002667,kaitlin.nguyen283@hotmail.com,,No,Mobile App,1964-11-27,Female
CRMP-000107,CUST-000785,steven.nolan580@yahoo.com,Silver,Yes,Web,1974-03-27,Prefer not to say
CRMP-001033,CUST-000889,heather.cabrera937@gmail.com,Gold,No,Web,1950-10-08,Female
CRMP-001019,CUST-001627,FAITH.FREEMAN413@YAHOO.COM,Bronze,Yes,Web,1969-08-23,Non-binary
CRMP-002444,CUST-000210,miguel.gray807@gmail.com,Platinum,Yes,Web,09-Oct-1944,Female
CRMP-002162,CUST-000688,travis.thompson415@hotmail.com,,No,Web,1989-11-20,Female
CRMP-000602,CUST-002793,kathy.boyd738@gmail.com,Platinum,No,Web,1986-04-14,Male
CRMP-002271,CUST-002169,paul.lane259@yahoo.com,Gold,Yes,Mobile App,1982-08-27,Female
CRMP-002648,CUST-001234,karen.sweeney898@gmail.com,Platinum,Yes,Mobile App,2004-06-02,Male
CRMP-000833,001173,dorothy.anderson8@gmail.com,Platinum,Yes,Mobile App,1987-08-03,female
CRMP-000324,CUST-000885,victoria.martin31@yahoo.com,Platinum,Yes,In-Store,1970-06-09,Male
CRMP-002658,CUST-001598,rhonda.wood216@hotmail.com,Platinum,No,Web,2001-05-28,Female
CRMP-001569,CUST-002088,jessica.horn713@gmail.com,Silver,Yes,Mobile App,1964-10-27,Prefer not to say
CRMP-002376,CUST-000614,aaron.jones95@hotmail.com,Platinum,Yes,Web,1977-05-04,Female
CRMP-001564,CUST-000757,tyler.martinez374@gmail.com,Silver,Yes,Web,1975-03-29,Male
CRMP-002718,CUST-001209,natalie.berry389@gmail.com,Platinum,Yes,Web,1998-06-16,Male
CRMP-001257,CUST-001285,stephanie.chase458@yahoo.com,Bronze,Yes,In-Store,1966-10-03,Prefer not to say
CRMP-000509,CUST-001093,  alex.heath925@hotmail.com,,No,Mobile App,1991-10-28,Female
CRMP-002567,CUST-000822,steven.terry414@yahoo.com,Bronze,No,Marketplace,1975-11-27,Male
CRMP-002166,CUST-001597,amanda.taylor245@yahoo.com,Silver,No,Mobile App,1946-07-14,Female
CRMP-001344,CUST-000605,matthew.summers618@yahoo.com,Bronze,No,In-Store,1982-10-07,Female
CRMP-000931,CUST-002284,shawn.mckay981@gmail.com,Silver,Yes,Web,1959-01-28,Male
CRMP-002316,CUST-002004,brittney.chambers66@hotmail.com,Bronze,No,Mobile App,1970-09-24,Female
CRMP-002142,CUST-002425,anita.pierce428@gmail.com,Platinum,Yes,Web,1975-07-04,Male
CRMP-001810,CUST-001004,sara.francis689@gmail.com,Platinum,Yes,Mobile App,1982-03-01,Male
CRMP-000967,CUST-000072, shane.rush441@gmail.com ,Silver,Yes,Mobile App,2004-07-14,Male
CRMP-002459,CUST-002394,ashley.rivas163@gmail.com,Bronze,Yes,In-Store,1982-04-27,Female
CRMP-000161,CUST-001166,william.steele831@hotmail.com,Bronze,Yes,Web,1975-09-07,Female
CRMP-001854,CUST-002271,ANTHONY.WILLIAMS920@YAHOO.COM,Gold,No,Mobile App,2002-08-28,Female
CRMP-001379,CUST-002754,ashley.peck31@yahoo.com,Gold,Yes,Mobile App,1972-04-15,Female
CRMP-000693,CUST-001607,crystal.bond969@yahoo.com,Silver,No,Mobile App,1943-08-02,Female
CRMP-001803,CUST-000725,john.horn659@yahoo.com,Bronze,Yes,Web,1943-04-02,Female
CRMP-001530,CUST001393,dawn.jones314@yahoo.com,Platinum,Yes,Marketplace,1997-06-28,Female
CRMP-000258,CUST-002873,benjamin.hoffman362@yahoo.com,Silver,Yes,Web,2001-06-03,Female
CRMP-001737,CUST-000939,nicole.davis959@gmail.com,Silver,Yes,Web,1941-03-14,Male
CRMP-001911,CUST-001491,david.ortega175@gmail.com,Bronze,No,Web,1953-07-02,Female
CRMP-002321,CUST-002538,albert.sandoval597@hotmail.com,Silver,Yes,Mobile App,1991-10-30,FEMALE
CRMP-002169,CUST-001276,joseph.schneider550@gmail.com,Silver,Yes,Mobile App,1944-12-11,Male
CRMP-001189,CUST-001641,sara.robinson635@hotmail.com,Gold,Yes,In-Store,1989-12-31,Female
CRMP-002027,CUST-001899,mason.cannon544@hotmail.com,Bronze,Yes,Mobile App,1940-12-01,Male
CRMP-000265,CUST-002277,MITCHELL.DELGADO235@YAHOO.COM,Gold,Yes,Mobile App,1948-11-07,Male
CRMP-001149,CUST-000143,CHELSEA.RAMSEY642@YAHOO.COM,Platinum,Yes,Marketplace,1957-06-07,Non-binary
CRMP-001095,CUST-001774,jessica.white421@hotmail.com,Platinum,Yes,Mobile App,1998-06-12,Female
CRMP-002630,CUST-000017,jonathan.dixon411@hotmail.com,Gold,Yes,Mobile App,1983-07-21,Non-binary
CRMP-001360,CUST-002799,brendan.costa677@yahoo.com,,Yes,Mobile App,10/04/1966,Female
CRMP-000734,CUST-001153,andrew.sanchez871@yahoo.com,Gold,Yes,Web,1949-07-12,Non-binary
CRMP-002134,CUST-001556,SARAH.TREVINO281@GMAIL.COM,Gold,Yes,Marketplace,1971-08-18,Female
CRMP-002050,CUST-002017,benjamin.morrison771@hotmail.com,Gold,Yes,Web,1992-08-31,Male
CRMP-000104,CUST-002463,krystal.gregory660@hotmail.com,Gold,No,Web,1984-03-08,Male
CRMP-000737,CUST-000476,OMAR.WARREN534@HOTMAIL.COM,Bronze,No,Web,1950-11-11,Male
CRMP-000515,CUST-000873,robert.spears442@hotmail.com,Silver,No,Mobile App,1992-04-01,Male
CRMP-002657,CUST-000998,tracy.cochran415@hotmail.com,Silver,Yes,Mobile App,1986-01-24,Female
CRMP-002467,CUST-000052,eddie.dawson457@yahoo.com,Bronze,Yes,Mobile App,1998-05-24,Male
CRMP-002188,001131,evelyn.russell989@gmail.com,Gold,Yes,Mobile App,1998-05-13,Non-binary
CRMP-000696,CUST-000323,david.reeves102@gmail.com,Platinum,No,Mobile App,1983-06-20,fEMALE
CRMP-002507,CUST-001248,darlene.coleman930@hotmail.com,Platinum,Yes,Marketplace,1995-06-30,Male
CRMP-002369,CUST-001022,patrick.hawkins501@yahoo.com,Bronze,No,Web,1979-06-17,Prefer not to say
CRMP-002361,CUST-001439,brent.daniels120@hotmail.com,Bronze,Yes,Mobile App,1941-12-19,Male
CRMP-000073,cust-000788,joe.harding988@gmail.com,Bronze,No,Marketplace,1997-07-23,Female
CRMP-000323,CUST-002593,dana.simpson341@hotmail.com,Platinum,Yes,In-Store,1968-02-28,Female
CRMP-002469,CUST-001776,sandra.jones459@gmail.com,Gold,No,Mobile App,2007-11-21,Prefer not to say
CRMP-001003,CUST-001669,cynthia.boyle334@hotmail.com,Gold,No,Mobile App,2000-01-17,Female
CRMP-001318,CUST-000926,elizabeth.cross153@yahoo.com,Bronze,No,Web,1992-08-15,Male
CRMP-001772,CUST-002845,jacob.harris962@hotmail.com,Bronze,Yes,Web,2008-07-30,Male
CRMP-001809,CUST-000987,traci.padilla131@yahoo.com,Gold,No,Mobile App,1980-11-04,Prefer not to say
CRMP-001153,CUST-001011,crystal.smith329@hotmail.com,Bronze,Yes,Web,1987-10-02,Male
CRMP-000233,CUST-000548,dorothy.chavez461@yahoo.com,Gold,Yes,In-Store,1957-07-12,Male
CRMP-000302,CUST-000245,melissa.anderson96@hotmail.com,Bronze,Yes,Mobile App,1984-01-19,Male
CRMP-000613,CUST-001086,eric.hampton52@hotmail.com,,Yes,Web,1945-02-24,Male
CRMP-001990,CUST-978858,richard95@example.org,Bronze,No,Web,2007-06-20,Female
CRMP-002012,CUST-002182,matthew.king929@yahoo.com,Gold,Yes,Mobile App,1977-05-08,Non-binary
CRMP-000891,CUST-000834,john.adams248@yahoo.com,Platinum,No,Web,1997-10-09,Male
CRMP-001231,CUST-000223,philip.bush16@hotmail.com,Platinum,Yes,Web,1947-08-16,Female
CRMP-001580,CUST-002244,ronald.hartman327@yahoo.com,Bronze,Yes,Mobile App,1980-04-04,Male
CRMP-000457,CUST-001224,adriana.burke58@gmail.com,Gold,Yes,Mobile App,1985-12-20,Male
CRMP-002031,CUST-964549,zvincent@example.org,Gold,No,In-Store,1971-05-18,Female
CRMP-000914,CUST-002595,angela.ferguson451@gmail.com,Platinum,Yes,Web,1970-02-22,Female
CRMP-001271,CUST-002045,brian.french153@gmail.com,Bronze,Yes,Web,1983-12-30,Female
CRMP-000188,CUST-001521,christopher.trevino897@hotmail.com,Silver,No,In-Store,1987-08-11,Male
CRMP-001958,CUST-000193,william.mckinney140@yahoo.com   ,Silver,Yes,Web,1967-05-03,Male
CRMP-000119,CUST000415,eric.howard846@gmail.com,Bronze,Yes,Marketplace,1942-10-28,Non-binary
CRMP-001457,CUST-000158,miranda.davidson505@yahoo.com,Silver,No,Marketplace,04/25/1976,Male
CRMP-002239,CUST-001228,jonathan.bennett797@yahoo.com,,Yes,Mobile App,1989-07-04,Prefer not to say
CRMP-000183,CUST-001842,christina.montes989@yahoo.com,Silver,Yes,Mobile App,1975-07-29,Female
CRMP-000587,CUST-000113,deborah.fischer520@hotmail.com,Bronze,Yes,Marketplace,2004-12-29,Male
CRMP-002379,CUST-001396,tiffany.watts538@yahoo.com,Silver,No,Web,1970-03-30,Male
CRMP-000964,CUST-000298,kathy.miranda566@hotmail.com,Silver,No,Web,1992-05-15,Female
CRMP-000860,CUST-001944,peter.nielsen577@hotmail.com,Bronze,Yes,Web,1970-05-21,Male
CRMP-001357,CUST-000059,jade.bell20@hotmail.com,Bronze,Yes,Web,1954-09-06,Female
CRMP-000255,CUST-002604,cindy.moran982@hotmail.com,Silver,Yes,In-Store,1954-10-25,Female
CRMP-000682,CUST-002837,emily.solomon684@hotmail.com,Gold,No,Marketplace,1949-11-21,Female
CRMP-001554,cust-000853,aaron.murray658@yahoo.com,Silver,No,In-Store,1988-07-28,Female
CRMP-000021,CUST-002041,kathryn.ramirez168@yahoo.com,Bronze,Yes,Web,1974-09-03,Male
CRMP-000017,CUST-000758,samuel.thomas225@hotmail.com,Bronze,Yes,Web,1959-08-16,Male
CRMP-000803,CUST-002315,douglas.west476@gmail.com,Silver,No,In-Store,06/12/1971,Male
CRMP-000111,CUST-001643,brendan.newton160@hotmail.com,Silver,No,Web,1968-07-03,Male
CRMP-001533,CUST-000821,austin.collins87@hotmail.com,Bronze,Yes,In-Store,06/07/1981,Female
CRMP-000329,CUST-002980,william.grant421@yahoo.com,Bronze,No,Web,1964-06-17,Male
CRMP-002406,CUST-002970,caleb.mcdonald635@yahoo.com,Bronze,Yes,Web,1988-11-10,Female
CRMP-002267,CUST-001453,jason.levy482@hotmail.com,Bronze,No,Web,2005-02-07,Female
CRMP-000096,CUST-000157,barbara.santos603@hotmail.com,Bronze,Yes,In-Store,05/28/2003,Female
CRMP-000196,CUST-002617,faith.conrad205@yahoo.com,Bronze,Yes,In-Store,1988-12-07,Female
CRMP-002465,CUST-001615,alexandra.crawford295@hotmail.com,Bronze,No,Mobile App,1991-04-27,Male
CRMP-001724,CUST-002061,steven.barton701@yahoo.com,Silver,Yes,Web,1970-01-07,mALE
CRMP-001537,CUST-001837,mariah.olsen738@hotmail.com,Bronze,Yes,Mobile App,1942-08-24,Female
CRMP-001104,CUST-000602,shane.barnes384@hotmail.com,Silver,No,In-Store,1982-05-22,Male
CRMP-001412,CUST-001072,kristen.rice122@hotmail.com,Silver,Yes,Web,1963-10-22,Female
CRMP-000039,CUST-002357,renee.castillo262@hotmail.com,Bronze,Yes,Web,1943-01-25,Male
CRMP-000900,CUST-001341,george.hampton653@hotmail.com,,Yes,Web,1981-10-19,Male
CRMP-002515,CUST-000351,kelly.alexander853@hotmail.com,Gold,Yes,Web,1950-07-03,Male
CRMP-002342,CUST-000797,christie.hodges629@hotmail.com,Silver,Yes,Web,1994-01-05,Male
CRMP-002107,CUST-001560,heather.house810@hotmail.com,Silver,No,Mobile App,1953-01-08,Male
CRMP-001750,CUST-001507,anthony.morales488@hotmail.com,Gold,Yes,In-Store,1965-10-26,Male
CRMP-000461,CUST-002388,deborah.robbins948@hotmail.com,Gold,Yes,Web,1995-08-13,Female
CRMP-001595,CUST-002253,maria.perez8@gmail.com,Bronze,No,Web,1953-11-02,Male
CRMP-001834,CUST-001411,KATHERINE.CARROLL752@HOTMAIL.COM,Gold,No,Web,1967-04-11,Male
CRMP-002222,CUST-000942,jesus.brooks412@hotmail.com,Gold,Yes,Mobile App,1987-02-23,Female
CRMP-002363,CUST-000317,alan.yu238@yahoo.com   ,Bronze,Yes,Web,1994-09-19,Prefer not to say
CRMP-000120,CUST-001006,barbara.nguyen133@gmail.com,Silver,Yes,Mobile App,1967-07-03,Male
CRMP-001849,CUST-000830,mary.ward631@gmail.com,Bronze,No,Mobile App,1941-02-09,Female
CRMP-001910,CUST-001347,clayton.herring61@gmail.com,,No,Marketplace,1994-04-21,Male
CRMP-000396,CUST-002475,bryan.norton799@gmail.com,Bronze,No,Mobile App,1970-05-14,Non-binary
CRMP-002433,CUST-001047,charlotte.coleman56@gmail.com,Gold,Yes,Marketplace,2005-08-15,Male
CRMP-002809,CUST-001996,audrey.peters880@hotmail.com,Bronze,Yes,Mobile App,1989-03-04,Male
CRMP-001848,CUST-000880,brandon.jones170@yahoo.com,Bronze,Yes,Web,1982-07-08,Male
CRMP-001295,CUST-001562,david.montoya801@hotmail.com,,No,Marketplace,1966-07-17,Male
CRMP-000444,CUST-001680,patricia.hughes564@yahoo.com,Bronze,No,Web,1951-10-07,Male
CRMP-000966,CUST-002549,johnny.anderson15@yahoo.com,Platinum,Yes,Mobile App,1969-08-02,Male
CRMP-001718,CUST-000495,BECKY.MOYER930@YAHOO.COM,Bronze,No,Mobile App,1984-02-01,Female
CRMP-000294,CUST-002729,michael.steele177@gmail.com,Bronze,Yes,Mobile App,1975-11-17,Female
CRMP-002689,CUST-000093,elaine.nelson23@hotmail.com,Bronze,No,Web,1992-06-02,Male
CRMP-002470,CUST002396, denise.copeland454@yahoo.com ,Gold,No,Marketplace,1953-07-19,Female
CRMP-002283,CUST-908121,william23@example.org,Silver,No,Web,1986-05-05,Male
CRMP-000887,CUST-001551,melvin.hopkins937@hotmail.com,Bronze,Yes,Mobile App,1970-10-02,Female
CRMP-000590,002112,holly.chang746@hotmail.com,Silver,No,Mobile App,1957-12-28,Female
CRMP-001500,CUST-002451,christina.brooks711@gmail.com,Silver,No,Marketplace,1998-08-26,Female
CRMP-000526,CUST-001155,micheal.rodriguez293@hotmail.com,Bronze,Yes,Web,1962-11-09,Male
CRMP-000792,CUST-000184,kevin.duncan920@hotmail.com,Silver,Yes,Mobile App,1958-07-26,Male
CRMP-001452,CUST-000461,cody.bailey425@hotmail.com,Platinum,Yes,In-Store,1960-01-02,Prefer not to say
CRMP-002119,CUST-001703,brian.parker50@gmail.com,Bronze,No,Web,1958-10-05,Female
CRMP-000079,CUST-000376,deborah.smith529@yahoo.com,Bronze,Yes,Web,1957-06-24,Male
CRMP-002115,CUST-002411,kimberly.powers358@yahoo.com,Bronze,Yes,Web,1975-05-08,Female
CRMP-002754,CUST-000054,rachel.ramos788@gmail.com,Gold,Yes,In-Store,1946-12-22,Female
CRMP-001480,CUST-002917,amy.watts822@yahoo.com,Bronze,Yes,Web,1965-03-12,Male
CRMP-000178,CUST-001683,sean.edwards126@gmail.com,Bronze,Yes,Web,1959-02-28,Female
CRMP-000217,CUST-002409,allen.doyle222@gmail.com,Gold,No,In-Store,2008-01-25,Male
CRMP-002253,CUST-001925,michael.reyes515@hotmail.com,Silver,No,Web,1977-08-26,Female
CRMP-000473,002948,rick.morris529@hotmail.com,Gold,Yes,Mobile App,1965-04-13,Female
CRMP-001376,CUST-002833,jacqueline.johnson46@hotmail.com,Silver,Yes,Mobile App,1965-04-26,Non-binary
CRMP-001014,CUST-000397,nicholas.stone635@gmail.com,Gold,Yes,In-Store,1988-08-06,mALE
CRMP-001362,CUST-001464,matthew.williams255@yahoo.com,Silver,Yes,Mobile App,11-Apr-1994,Male
CRMP-001889,CUST-002038,carla.lawson97@hotmail.com,Silver,Yes,Marketplace,1943-01-29,Female
CRMP-000950,CUST-002179,michael.skinner858@gmail.com,Silver,No,Mobile App,1942-12-14,Male
CRMP-002474,CUST-918785,aaron99@example.net,Silver,No,Web,1998-09-01,Male
CRMP-000030,CUST-001266,travis.harvey538@hotmail.com,Bronze,Yes,In-Store,2003-02-17,Female
CRMP-000574,001187,melissa.williams695@hotmail.com,Bronze,No,Mobile App,1978-05-12,Female
CRMP-000584,CUST-002469,tiffany.rogers780@yahoo.com,Bronze,Yes,Mobile App,1954-04-27,Female
CRMP-001291,CUST-002150,shawn.edwards996@gmail.com,Silver,No,Marketplace,1975-06-29,Male
CRMP-000435,CUST-002285,stephanie.sloan633@yahoo.com,Gold,No,Mobile App,1977-10-14,Male
CRMP-000728,CUST-000202,natalie.sanchez737@hotmail.com,Bronze,Yes,Mobile App,1953-10-03,Male
CRMP-001386,CUST-002021,ashlee.morales894@hotmail.com,Bronze,Yes,Mobile App,1952-06-02,Female
CRMP-001046,CUST-000016,jacqueline.burnett921@hotmail.com,Gold,Yes,Web,1969-04-16,Male
CRMP-001687,CUST-000566,michelle.martinez24@hotmail.com,Bronze,Yes,Mobile App,1948-08-27,fEMALE
CRMP-001520,CUST-000377,emily.gomez597@yahoo.com,Silver,Yes,Web,1944-02-11,Male
CRMP-002478,CUST-000037,peggy.taylor991@gmail.com,Platinum,Yes,Web,1972-04-26,Male
CRMP-001328,CUST-002372,charles.rose454@yahoo.com,Bronze,No,Web,1957-02-09,Prefer not to say
CRMP-001245,CUST-001588,vanessa.flores478@yahoo.com,Bronze,No,Mobile App,1994-09-30,Non-binary
CRMP-000100,CUST-002374,allison.turner525@yahoo.com,Gold,No,Web,1941-10-24,Female
CRMP-002298,CUST-001642,kathy.ray35@gmail.com,Bronze,No,Mobile App,1953-11-09,Male
CRMP-002737,CUST-002975,mercedes.nelson531@gmail.com,Bronze,No,Web,2007-12-13,Female
CRMP-002043,CUST-000482,joy.sanders361@hotmail.com,Bronze,No,Mobile App,1966-11-17,Female
CRMP-001734,CUST-000656,patrick.white846@gmail.com,Silver,Yes,Web,1942-06-21,Male
CRMP-001857,CUST-001135,christina.wilcox81@hotmail.com,Bronze,No,Mobile App,1983-09-08,Female
CRMP-000542,CUST-001993,jeremy.martin9@yahoo.com,Bronze,Yes,Web,1962-11-01,Female
CRMP-002427,CUST-000572,diana.bell680@hotmail.com,Silver,Yes,Mobile App,1995-06-06,MALE
CRMP-000646,CUST-946226,zachary78@example.net,Bronze,Yes,Web,1958-01-04,Male
CRMP-000852,CUST-000446,timothy.poole47@yahoo.com,Bronze,No,In-Store,1993-01-28,Female
CRMP-000496,CUST-002725,travis.welch735@gmail.com,Bronze,No,In-Store,1989-04-08,Female
CRMP-002550,CUST-001698,tracy.guzman247@yahoo.com,Bronze,Yes,Web,1999-10-01,Non-binary
CRMP-000005,CUST-000040,jose.williams127@gmail.com,Silver,Yes,Mobile App,1981-09-19,Non-binary
CRMP-001711,CUST-001670,carolyn.franco806@yahoo.com,Silver,Yes,Mobile App,1995-02-19,Male
CRMP-002434,CUST-002678,ryan.golden778@yahoo.com,Silver,No,Mobile App,1993-09-26,Female
CRMP-000062,CUST-002401,lisa.clark566@yahoo.com,Silver,Yes,Web,1995-01-03,Male
CRMP-000142,001194,adam.mayer177@hotmail.com,Gold,No,Mobile App,1996-10-10,Female
CRMP-002054,CUST-000339,joy.ford495@gmail.com,Silver,Yes,Web,1995-10-01,Female
CRMP-000991,CUST-002525,zachary.webb965@gmail.com,Silver,No,Web,1987-01-11,Male
CRMP-002005,CUST-000808,david.fields737@hotmail.com,Silver,Yes,Mobile App,1942-05-01,Male
CRMP-002629,CUST-002766,amber.logan729@yahoo.com,Silver,No,Mobile App,1960-06-18,Male
CRMP-000772,CUST-002055,susan.peterson589@yahoo.com,Bronze,Yes,Mobile App,1951-12-13,Female
CRMP-001210,CUST-967578,dgreen@example.org,Silver,No,Mobile App,1946-02-13,Female
CRMP-001874,CUST-000813,michael.reynolds141@hotmail.com,,Yes,Mobile App,1984-11-06,Male
CRMP-001241,cust-000253,donald.valdez732@yahoo.com,Platinum,Yes,Web,1943-03-18,Prefer not to say
CRMP-000985,CUST-002474,jonathan.moses49@hotmail.com,Silver,Yes,Web,1950-09-14,Male
CRMP-000067,CUST-001121,diane.duncan467@yahoo.com,Platinum,No,Web,1989-02-13,Male
CRMP-002551,CUST-002450,rhonda.hill622@gmail.com,Gold,Yes,Mobile App,1986-07-25,Male
CRMP-001868,CUST-002210,jennifer.byrd290@gmail.com,Silver,No,Mobile App,1998-12-05,Female
CRMP-001856,CUST-001676,rachel.pope889@yahoo.com,Platinum,No,Web,1983-07-31,Male
CRMP-000144,CUST-002914,kim.ford473@yahoo.com,Bronze,No,Mobile App,1986-10-11,Female
CRMP-001942,CUST-000631,harold.ruiz442@gmail.com,Gold,Yes,Web,1979-02-23,Female
CRMP-000702,CUST-001334, cory.watson391@hotmail.com ,Silver,Yes,Web,1990-05-30,Male
CRMP-001252,CUST-002724,alexander.ward243@gmail.com,Silver,Yes,Mobile App,1983-01-22,Female
CRMP-001094,CUST-000452,jeffrey.matthews128@hotmail.com,Bronze,Yes,Marketplace,2003-07-07,Prefer not to say
CRMP-001931,CUST-000742,heather.taylor733@yahoo.com,Bronze,Yes,Web,1985-03-14,Female
CRMP-001849,CUST-000830,mary.ward631@gmail.com,Bronze,No,Mobile App,1941-02-09,Female
CRMP-000908,CUST-000859,michael.nguyen208@yahoo.com,Platinum,Yes,Marketplace,1990-07-23,Female
CRMP-001256,CUST-001592,charles.clayton814@gmail.com,Silver,Yes,Mobile App,1948-12-17,Male
CRMP-002749,CUST-002074,melissa.wilson60@gmail.com,Bronze,No,Mobile App,1992-07-09,Male
CRMP-001307,CUST-001223,benjamin.hall338@hotmail.com,Platinum,Yes,Web,1940-12-02,Non-binary
CRMP-001303,CUST-002919, jasmine.ayers908@hotmail.com ,Bronze,Yes,Web,1963-11-29,Female
CRMP-001234,CUST-000195,sherry.avery423@gmail.com,Gold,Yes,In-Store,1949-09-25,Female
CRMP-002429,CUST-000203,steven.henderson391@hotmail.com,Platinum,Yes,Web,1993-09-06,Non-binary
CRMP-001232,CUST-000344,curtis.abbott449@yahoo.com,Gold,Yes,Marketplace,1961-06-22,Male
CRMP-001560,CUST-002825,cheryl.jackson989@yahoo.com,Gold,No,In-Store,2000-09-03,Male
CRMP-000921,CUST-001242, rhonda.ruiz943@gmail.com ,Bronze,No,In-Store,1969-01-04,Male
CRMP-002044,CUST-002600,michelle.richard748@hotmail.com,Gold,No,Web,1964-07-07,Female
CRMP-001166,CUST-000396,john.soto296@yahoo.com,Platinum,Yes,Mobile App,1968-01-07,Female
CRMP-002420,CUST-002792,rachel.scott594@yahoo.com,Gold,Yes,Marketplace,1944-07-15,Male
CRMP-001995,CUST-902793,jamesstevens@example.com,Silver,No,Mobile App,1958-09-13,Non-binary
CRMP-002468,CUST-002607,glenn.haas141@yahoo.com,Bronze,Yes,Mobile App,1988-11-07,Male
CRMP-002496,CUST-002774,jason.evans55@yahoo.com,Silver,Yes,Web,1989-03-20,Female
CRMP-002155,cust-000033,scott.smith574@yahoo.com,Bronze,Yes,Web,1946-12-16,Male
CRMP-001951,CUST-000992,scott.love200@gmail.com,Silver,Yes,Mobile App,1974-03-02,Female
CRMP-000768,CUST-000475,JACOB.BOND574@HOTMAIL.COM,Silver,No,Web,1955-12-10,Female
CRMP-001293,CUST-000358,shane.armstrong267@gmail.com,Silver,Yes,Web,1957-08-30,Female
CRMP-002447,CUST-000897,jessica.sutton752@gmail.com,Bronze,Yes,Web,1995-01-04,Female
CRMP-001987,CUST-002078,kurt.page717@gmail.com   ,Platinum,No,Web,1998-10-30,Female
CRMP-001934,CUST-001147,jennifer.bullock586@hotmail.com,,Yes,In-Store,1963-09-28,Female
CRMP-000637,CUST-001671,matthew.taylor188@hotmail.com,Silver,No,Mobile App,1981-10-23,Male
CRMP-002216,CUST-001377,gregory.fitzgerald532@yahoo.com,Silver,Yes,Marketplace,1987-08-03,Male
CRMP-001486,CUST-002842,jenna.ortega862@yahoo.com,Gold,Yes,Mobile App,1959-10-30,Male
CRMP-001228,CUST-002985,charles.contreras348@yahoo.com,Bronze,Yes,Marketplace,1999-05-24,Female
CRMP-001274,CUST-001221,melissa.williams380@yahoo.com,Bronze,No,Web,15-Feb-2005,Female
CRMP-000585,CUST-002242,anne.sanders867@gmail.com,Bronze,No,Web,1998-10-06,Male
CRMP-002053,CUST-001637,john.gomez173@gmail.com,Silver,Yes,Marketplace,1959-05-25,Female
CRMP-002047,CUST-002731,eric.summers640@gmail.com,Silver,No,Marketplace,1954-08-14,Female
CRMP-002381,CUST-002945,donald.brown741@yahoo.com,Bronze,No,Web,1955-03-11,Female
CRMP-002791,CUST-001307,william.peterson527@yahoo.com,Bronze,Yes,Mobile App,1978-03-10,Female
CRMP-002454,002221,katrina.gonzalez457@hotmail.com,Silver,Yes,In-Store,1976-12-07,Female
CRMP-001780,CUST-002188,daniel.smith939@gmail.com,Silver,No,Mobile App,1996-11-30,Male
CRMP-001825,CUST-000762,deborah.bartlett189@hotmail.com,Bronze,No,Web,2005-04-12,Non-binary
CRMP-002726,CUST-000644,katie.kramer730@gmail.com,Silver,No,Marketplace,1965-08-15,Female
CRMP-002300,CUST-001308,katherine.kirby87@yahoo.com,Bronze,Yes,Web,1978-12-03,Male
CRMP-001725,CUST-001805,louis.hopkins612@gmail.com,Bronze,No,In-Store,1959-04-02,Female
CRMP-000927,CUST-002321,walter.richardson547@gmail.com,Gold,Yes,Web,1963-06-23,Male
CRMP-001239,cust-002373,william.mitchell551@hotmail.com,Silver,Yes,Web,1981-06-12,Male
CRMP-002045,CUST-002670,shawn.henderson269@hotmail.com,Bronze,No,In-Store,1940-09-09,Male
CRMP-001675,CUST-001089,lisa.mcintosh551@hotmail.com,Platinum,No,Mobile App,1965-10-11,Female
CRMP-000270,CUST-000172,gina.morgan170@hotmail.com,Silver,Yes,Mobile App,1958-12-15,Male
CRMP-001928,CUST-001470,annette.davis913@hotmail.com,Bronze,No,In-Store,1980-06-09,Male
CRMP-002540,CUST-001950,sandra.west870@gmail.com,Bronze,Yes,Marketplace,1980-04-17,Male
CRMP-001097,CUST-000952,william.jones23@hotmail.com,Bronze,Yes,Web,1992-11-05,Male
CRMP-001343,CUST-001076,colin.chambers277@hotmail.com,Silver,Yes,In-Store,1956-10-17,Female
CRMP-002578,CUST-000079,sean.horne119@yahoo.com,Platinum,Yes,Web,1972-06-25,Female
CRMP-001796,CUST-000555,elizabeth.king450@yahoo.com,Bronze,No,Mobile App,1985-05-26,Female
CRMP-002281,CUST-000515,jason.lewis734@gmail.com,Silver,Yes,Mobile App,1943-01-13,Non-binary
CRMP-001181,CUST-000120,rickey.hayes846@yahoo.com,Silver,Yes,Web,1997-01-07,Male
CRMP-002768,CUST-002167,roger.burgess323@hotmail.com,Bronze,Yes,Web,1957-06-02,Male
CRMP-000001,CUST-000814,cynthia.garner156@hotmail.com,Bronze,Yes,Mobile App,12/15/1952,Female
CRMP-002631,CUST-001595,natasha.casey144@gmail.com,Gold,No,Mobile App,1977-07-25,Female
CRMP-002662,CUST-000075,richard.montgomery849@hotmail.com,Platinum,Yes,Mobile App,1957-05-21,Non-binary
CRMP-001587,CUST-000900,nicole.taylor339@yahoo.com   ,Gold,Yes,Mobile App,1966-07-06,Female
CRMP-001961,CUST-002448,adam.barnes678@gmail.com,Gold,No,Web,1959-11-26,Male
CRMP-001634,CUST-927871,emma66@example.net,Silver,Yes,Web,1949-05-11,Female
CRMP-001597,CUST-002651,yolanda.hays739@hotmail.com,Gold,No,Mobile App,1959-06-18,Male
CRMP-001342,CUST-002281,kevin.valencia647@yahoo.com,Platinum,Yes,Mobile App,1968-10-08,Male
CRMP-002138,002575,cindy.rivera583@hotmail.com,Platinum,No,Mobile App,1949-07-23,Male
CRMP-000022,CUST-002476,karen.davenport579@yahoo.com,,No,In-Store,1981-01-11,Female
CRMP-000836,CUST-002817,laura.rodriguez972@gmail.com,Silver,No,In-Store,1942-06-28,Female
CRMP-001420,CUST-002019,richard.ellis656@yahoo.com,Platinum,Yes,Web,2006-06-28,Male
CRMP-001686,cust-903509,gjones@example.com,Bronze,Yes,In-Store,1992-11-30,Female
CRMP-002211,CUST-002433,julie.yoder858@yahoo.com,Silver,No,In-Store,1982-12-05,Female
CRMP-000941,CUST-001137,  andrea.stevens446@hotmail.com,Platinum,Yes,Marketplace,1990-05-10,Female
CRMP-000238,CUST-001450,michael.diaz867@gmail.com,Bronze,No,In-Store,1976-08-18,Female
CRMP-000956,CUST-001777,richard.rasmussen281@hotmail.com,Bronze,Yes,Web,1999-01-21,Male
CRMP-001273,CUST-002977,john.hurst506@gmail.com,Gold,Yes,In-Store,2005-01-09,Female
CRMP-000110,CUST-001134,cindy.bell703@gmail.com,Silver,Yes,Web,1945-11-16,Female
CRMP-001679,CUST-000286,luis.johns880@gmail.com,Platinum,No,Mobile App,2001-10-26,Male
CRMP-002627,CUST-001077,sherry.cook668@hotmail.com,Bronze,Yes,Web,2000-01-15,Male
CRMP-000659,CUST-001202,vicki.short691@gmail.com,Silver,No,Mobile App,1955-10-14,Male
CRMP-000986,CUST-002339,david.brown39@gmail.com,Bronze,No,Web,1951-03-31,Male
CRMP-002547,CUST-002155,kim.cummings771@gmail.com,Platinum,Yes,Mobile App,1996-09-30,Prefer not to say
CRMP-000597,CUST-002222,shannon.crosby154@hotmail.com,Silver,Yes,In-Store,2006-05-28,Female
CRMP-000996,CUST-001611,elizabeth.montes835@gmail.com,Bronze,No,In-Store,1947-03-11,Male
CRMP-001890,CUST-001026,christopher.wallace92@gmail.com,Platinum,Yes,Marketplace,1966-01-07,Female
CRMP-002525,CUST-002963,bethany.johnson311@gmail.com,Bronze,Yes,Mobile App,1943-01-28,Male
CRMP-001482,CUST000540,benjamin.ferguson442@hotmail.com,Silver,No,Web,1952-09-30,Female
CRMP-000770,CUST-000778,laurie.maxwell899@gmail.com,Bronze,Yes,In-Store,1995-12-07,Female
CRMP-001802,CUST-002755,courtney.shelton870@yahoo.com,Gold,No,Web,1957-07-24,Male
CRMP-002400,CUST-002507,nicole.johnson77@gmail.com,Platinum,No,Marketplace,1980-11-17,Male
CRMP-002771,CUST-002951,alicia.moore206@gmail.com,Silver,No,Marketplace,1955-03-27,Female
CRMP-002367,CUST-000152,helen.stevens825@hotmail.com,Gold,Yes,Web,2000-01-12,Male
CRMP-001923,CUST-002300,  melissa.griffith914@yahoo.com,Silver,Yes,Web,1995-08-19,FEMALE
CRMP-000486,CUST-900818,jgarcia@example.com,Bronze,Yes,Marketplace,1947-01-30,Female
CRMP-001599,CUST-000608,lucas.white754@gmail.com,Bronze,Yes,Web,1977-09-01,Female
CRMP-000097,CUST-002940,zachary.smith21@hotmail.com,Gold,No,Web,1980-12-12,Non-binary
CRMP-001606,CUST-002653,justin.calhoun164@hotmail.com,Bronze,Yes,Web,1982-06-18,Female
CRMP-000534,CUST-001883,tyler.sullivan802@yahoo.com,,Yes,Web,1997-04-22,Female
CRMP-000851,CUST-001130,brandon.crawford351@hotmail.com,Bronze,No,Web,2008-08-06,Male
CRMP-002082,001073,roy.cox763@gmail.com,Bronze,Yes,Mobile App,1967-10-21,Female
CRMP-002022,CUST-002134,kevin.dodson319@yahoo.com,Silver,No,Mobile App,2005-11-19,Prefer not to say
CRMP-000741,CUST-000649,jacob.howard532@gmail.com,Silver,No,Mobile App,1953-09-19,Male
CRMP-000730,CUST-001088,patricia.galvan766@hotmail.com,Bronze,Yes,Marketplace,1985-08-24,Female
CRMP-001674,CUST-000070,bradley.gonzales467@yahoo.com,Gold,No,Web,1964-12-06,Female
CRMP-001539,CUST-002874,ronald.jones3@gmail.com,Gold,No,In-Store,1953-09-07,Male
CRMP-002161,CUST-002938,susan.holden77@gmail.com,Silver,Yes,Marketplace,1982-10-31,Male
CRMP-002076,CUST-002846,justin.ramirez252@yahoo.com,Silver,Yes,Web,23-Jun-1975,Female
CRMP-002293,CUST-002950,joel.turner447@yahoo.com,Bronze,Yes,Web,1995-10-01,Male
CRMP-001473,CUST-000027,jeffery.coleman796@hotmail.com,Silver,Yes,Web,1993-04-28,female
CRMP-001594,CUST-002333,amy.gutierrez437@yahoo.com,Gold,No,Web,1980-12-03,Female
CRMP-001566,CUST-000826,thomas.hunter636@gmail.com,Silver,No,Web,2008-03-31,Female
CRMP-000917,CUST-000215,steven.grimes245@yahoo.com,Bronze,Yes,Web,1985-07-28,Male
CRMP-000149,CUST-001446,  natalie.taylor194@yahoo.com,Silver,No,Marketplace,1946-07-06,Male
CRMP-000080,CUST001679,nicholas.cook564@hotmail.com,,No,Web,1995-07-20,Female
CRMP-002786,cust-001672,jonathan.smith374@hotmail.com,Gold,No,Web,1968-02-29,Female
CRMP-002774,CUST-001804,cassie.smith500@gmail.com,Bronze,No,Web,1966-07-30,Female
CRMP-002233,CUST-001359,april.velasquez333@hotmail.com,Bronze,No,Web,2006-11-19,male
CRMP-000760,001984,michele.rich423@gmail.com,Bronze,No,In-Store,1984-12-20,Female
CRMP-001201,CUST-002327,jennifer.smith452@hotmail.com,Gold,No,Mobile App,1960-11-29,Female
CRMP-000757,CUST-002954,cristina.phillips558@yahoo.com,Silver,Yes,Web,2000-02-02,Non-binary
CRMP-000274,CUST-002649,juan.olson282@hotmail.com,Bronze,No,Mobile App,1997-01-05,Male
CRMP-000535,CUST-000899,tracy.avery983@yahoo.com,Bronze,No,Web,1960-04-12,Male
CRMP-001519,CUST-000891, lauren.hall69@yahoo.com ,Gold,No,Mobile App,1952-03-23,Female
CRMP-000571,CUST-001138,randy.gomez524@hotmail.com,Bronze,Yes,Web,1969-04-29,female
CRMP-001667,CUST-002701,elizabeth.schwartz516@yahoo.com,Bronze,Yes,Mobile App,1976-04-18,Male
CRMP-002206,CUST-001365,amy.morales160@hotmail.com,Gold,No,Web,1981-07-15,Female
CRMP-001099,CUST-002250,jacob.summers219@yahoo.com,Bronze,Yes,Web,2003-04-07,Female
CRMP-001375,CUST-000160,jason.sanders235@gmail.com,Silver,Yes,Marketplace,1980-05-01,Non-binary
CRMP-001973,CUST-002644,susan.harris178@hotmail.com,Gold,No,Web,1996-08-29,Male
CRMP-000716,CUST-000401,james.gonzalez301@yahoo.com,Bronze,Yes,In-Store,2007-01-25,Male
CRMP-000547,CUST-001111,julie.jones326@yahoo.com,Bronze,Yes,Web,2002-02-09,Male
CRMP-001609,CUST-001264,nicole.holder961@hotmail.com,Gold,Yes,In-Store,1952-11-14,Female
CRMP-000845,001235,crystal.jackson959@gmail.com,Bronze,No,Web,1993-07-01,Male
CRMP-002728,CUST-002859,jonathan.ryan514@gmail.com,Bronze,No,Web,1999-02-20,Non-binary
CRMP-002586,CUST-000091,jeremy.acosta844@gmail.com,Bronze,Yes,Mobile App,2000-06-10,Male
CRMP-000493,CUST-002736,william.santos371@yahoo.com,Silver,No,Marketplace,1985-10-03,Female
CRMP-000423,CUST-001840,shawn.phillips298@hotmail.com,Bronze,Yes,Mobile App,08-May-1963,Male
CRMP-000044,CUST-000583,amanda.dalton27@hotmail.com,Silver,Yes,Mobile App,1997-11-04,Male
CRMP-001250,CUST-000380,david.mahoney482@gmail.com,Gold,No,In-Store,1995-09-14,Female
CRMP-000284,CUST-002367,mark.jackson124@yahoo.com,Bronze,Yes,Mobile App,1988-11-13,Female
CRMP-001206,CUST-000026,GARY.ELLIS832@HOTMAIL.COM,Silver,Yes,Web,1997-02-25,Prefer not to say
CRMP-002521,CUST-000435,matthew.richards502@yahoo.com,Bronze,Yes,Mobile App,1970-04-30,Female
CRMP-001199,CUST-002408,betty.phillips659@hotmail.com,Gold,Yes,Web,1958-01-29,Male
CRMP-000834,CUST-000463,jasmine.wright520@hotmail.com,Silver,Yes,Web,2000-12-02,Female
CRMP-001941,CUST-000917,april.weber513@gmail.com,Bronze,No,In-Store,1960-10-01,Male
CRMP-001197,CUST-000302,jennifer.freeman650@gmail.com,Gold,No,Web,1984-12-12,Female
CRMP-002446,CUST-001966,jose.shaw651@yahoo.com,Silver,Yes,In-Store,1973-07-31,Male
CRMP-002640,CUST-002382,valerie.hansen481@gmail.com,Silver,No,In-Store,1979-11-27,Female
CRMP-002021,CUST-001239,richard.bullock782@hotmail.com,Silver,No,Web,2007-10-14,Female
CRMP-002516,CUST-000386,nichole.harvey475@yahoo.com,Bronze,No,Mobile App,1987-03-03,Female
CRMP-002288,CUST-001965,cathy.king99@gmail.com,,No,Web,1994-10-05,Male
CRMP-002392,CUST-000506,craig.aguirre303@gmail.com,Bronze,Yes,Mobile App,1993-08-20,Male
CRMP-002296,CUST-000018,timothy.phillips77@gmail.com,Bronze,No,Mobile App,1954-01-18,Female
CRMP-001154,CUST-002727,melissa.morrison513@yahoo.com,Bronze,Yes,In-Store,2001-06-15,fEMALE
CRMP-001545,CUST-002118,sarah.gutierrez706@yahoo.com,Silver,Yes,Web,1955-07-16,Prefer not to say
CRMP-000380,CUST-000194,matthew.long5@gmail.com,Bronze,No,Web,1982-09-21,Male
CRMP-001513,CUST-000979,jessica.sampson192@gmail.com,Platinum,Yes,Mobile App,1963-03-05,Prefer not to say
CRMP-001749,CUST-000180,nicole.jackson517@gmail.com,Bronze,No,Mobile App,2000-12-13,Female
CRMP-001892,CUST-000252,tammy.smith129@yahoo.com,Bronze,Yes,Web,1989-02-15,male
CRMP-001533,CUST-000821,austin.collins87@hotmail.com,Bronze,Yes,In-Store,06/07/1981,Female
CRMP-001165,CUST-001661,david.fitzgerald327@yahoo.com,Gold,Yes,Web,2000-03-21,Male
CRMP-000472,CUST-000909,sandy.ramirez38@yahoo.com,Bronze,Yes,Web,1990-05-28,Male
CRMP-000523,CUST-002391,jamie.cook551@gmail.com,Silver,No,Web,1952-02-06,Female
CRMP-001114,CUST-002065,SEAN.SHARP560@GMAIL.COM,Platinum,Yes,Web,1955-10-21,Female
CRMP-002276,CUST-001690,kristin.hill526@yahoo.com,Bronze,Yes,Marketplace,1975-03-30,Male
CRMP-000332,CUST-002166,LISA.RICHARD940@GMAIL.COM,Silver,Yes,Marketplace,1957-04-06,Female
CRMP-002728,CUST-002859,jonathan.ryan514@gmail.com,Bronze,No,Web,1999-02-20,Non-binary
CRMP-000742,cust-001730,angela.valencia31@hotmail.com,Gold,Yes,Web,1966-11-30,Female
CRMP-000643,CUST-000849,monica.lopez796@yahoo.com,Silver,No,Marketplace,1991-11-25,Female
CRMP-002713,CUST-001160,darius.mendoza823@gmail.com,Gold,Yes,Mobile App,2000-03-01,Female
CRMP-001264,CUST-001272,sherri.delacruz519@hotmail.com,Silver,No,Mobile App,"August 27, 1997",Male
CRMP-000677,CUST-002468,emily.pena484@yahoo.com,Gold,Yes,Marketplace,2008-06-15,Female
CRMP-000562,CUST-002446,alexandria.cox323@yahoo.com,Silver,Yes,Marketplace,1944-07-14,Female
CRMP-001558,CUST-002481,aaron.reid223@yahoo.com,Bronze,Yes,Web,1947-03-23,Female
CRMP-000516,CUST-002987,tanya.torres737@yahoo.com,Gold,No,Mobile App,1941-03-11,Female
CRMP-002576,CUST-002070,richard.gould758@gmail.com,Gold,No,Web,1960-04-30,Female
CRMP-002492,CUST-001558,steven.riggs5@hotmail.com,Platinum,No,Mobile App,1996-12-02,Female
CRMP-001374,CUST-000800,timothy.williams226@gmail.com,Bronze,Yes,Mobile App,2006-02-07,Female
CRMP-001967,CUST-001494,russell.lee497@gmail.com,Bronze,No,Mobile App,1989-12-05,Male
CRMP-001277,CUST-002870,shane.friedman65@gmail.com,Bronze,No,In-Store,1987-05-11,Non-binary
CRMP-000777,CUST-001570,robert.alvarez72@gmail.com,Gold,Yes,Marketplace,1975-03-01,Female
CRMP-000282,CUST-000699,nathaniel.knight721@gmail.com,Bronze,Yes,Mobile App,1990-11-10,Male
CRMP-000161,CUST-001166,william.steele831@hotmail.com,Bronze,Yes,Web,1975-09-07,Female
CRMP-000751,CUST-000450,zachary.morgan974@yahoo.com,Gold,Yes,In-Store,2001-07-28,Male
CRMP-001738,CUST-001687,jessica.hernandez867@hotmail.com,Bronze,Yes,Web,1941-02-08,Male
CRMP-000492,CUST-001035,vicki.mullins973@yahoo.com,Silver,Yes,Web,1950-12-16,Male
CRMP-002213,CUST-001579,kayla.russell47@gmail.com,Bronze,Yes,Marketplace,1964-12-01,Male
CRMP-000708,CUST-001515,michelle.lopez5@gmail.com,Silver,Yes,Web,1950-05-20,Female
CRMP-001052,CUST001682,shane.robinson275@gmail.com,Bronze,Yes,In-Store,1978-11-04,Female
CRMP-002508,CUST-002719,joshua.atkins506@hotmail.com,Gold,Yes,Marketplace,1979-05-29,Male
CRMP-000422,CUST-001027,katherine.hayes78@yahoo.com,Platinum,Yes,Web,1952-03-22,Male
CRMP-001847,CUST-002869,glenn.dixon907@gmail.com,Silver,No,Web,1942-10-19,Male
CRMP-002538,CUST-002635,edgar.mckenzie128@gmail.com,Bronze,No,Web,07/07/1965,Female
CRMP-000078,CUST-001256,heather.jackson879@gmail.com,Bronze,No,Mobile App,1963-02-13,Male
CRMP-000152,cust-002982,michael.richards982@hotmail.com,Bronze,Yes,Mobile App,1996-04-26,Male
CRMP-002611,CUST-001885,leah.ferguson222@hotmail.com,Silver,Yes,Web,2001-05-10,Male
CRMP-000799,CUST-000185,christian.brown730@yahoo.com,Silver,Yes,Mobile App,2006-08-05,Male
CRMP-001168,CUST-002627,dale.vazquez389@gmail.com,,Yes,Web,1997-11-05,Male
CRMP-002491,CUST-002011,april.marshall894@gmail.com,Silver,Yes,In-Store,1952-05-21,Male
CRMP-000564,CUST-002524,marc.morris598@yahoo.com,Platinum,Yes,Web,1995-07-31,Female
CRMP-000901,CUST-002423,alvin.lewis273@hotmail.com,Silver,Yes,Web,1983-01-30,Male
CRMP-001446,CUST-002483,jason.bernard211@gmail.com,Bronze,No,Mobile App,1985-11-14,Male
CRMP-001055,CUST-001524,joshua.murphy176@gmail.com,Silver,Yes,Web,1957-12-17,Male
CRMP-002359,CUST-000507,nicole.aguirre73@hotmail.com,Bronze,Yes,Web,1952-11-20,mALE
CRMP-000718,cust-001251,SANDRA.JONES198@GMAIL.COM,Gold,No,In-Store,1970-07-24,Male
CRMP-000114,CUST-001211,cristian.oneal762@hotmail.com,Bronze,No,Web,1943-01-21,Male
CRMP-002523,CUST-000062,jasmine.hoffman628@hotmail.com,Gold,No,In-Store,1976-09-18,Male
CRMP-002215,CUST-911597,gmalone@example.com,Bronze,Yes,Web,1953-03-12,Female
CRMP-002260,CUST-001529,emily.house461@gmail.com,Platinum,Yes,Web,1994-11-09,Female
CRMP-001056,CUST-001576,david.wolf337@yahoo.com,Silver,Yes,Web,1945-10-11,Male
CRMP-002792,CUST-002885,scott.sullivan643@hotmail.com,Gold,Yes,In-Store,1990-06-11,Female
CRMP-000687,CUST-001504,marie.martin656@hotmail.com,Bronze,No,Web,1942-08-03,Male
CRMP-001421,CUST-000630,leah.crane691@yahoo.com,Silver,No,Marketplace,1996-03-12,mALE
CRMP-001418,002925,cynthia.petersen706@hotmail.com,Gold,Yes,Mobile App,1989-07-23,Female
CRMP-001078,CUST-002621,daniel.powers274@yahoo.com,Gold,Yes,Web,1954-09-30,Female
CRMP-000886,CUST-002916,jeffery.gonzales390@yahoo.com,Gold,Yes,Marketplace,1981-10-05,Female
CRMP-001268,CUST-001352,mark.peterson25@hotmail.com,Silver,No,Marketplace,2000-12-18,Prefer not to say
CRMP-001405,CUST-001589,jimmy.tran128@hotmail.com,Bronze,No,Marketplace,2001-03-14,Female
CRMP-001670,CUST-002415,jessica.smith840@hotmail.com,Silver,No,Web,1947-08-03,Female
CRMP-002394,CUST-000226,david.garcia5@hotmail.com,Silver,No,Mobile App,1989-03-10,Male
CRMP-002798,CUST-002542,amy.gonzales434@hotmail.com,Bronze,Yes,Marketplace,1985-02-01,Prefer not to say
CRMP-001117,CUST-001262,darlene.gomez807@gmail.com,,Yes,Marketplace,1962-01-10,Male
CRMP-001918,CUST-000715,ashley.webb568@yahoo.com,Silver,Yes,Marketplace,"January 29, 1990",Female
CRMP-000170,CUST-000008,donna.miller545@hotmail.com,Silver,Yes,Web,1977-08-26,Prefer not to say
CRMP-000121,CUST-002773,sean.owen41@hotmail.com,,Yes,Mobile App,1970-11-15,Female
CRMP-000485,CUST-002879,christine.clarke225@hotmail.com,Bronze,No,Mobile App,2008-04-11,Female
CRMP-002744,CUST-000224,samantha.mcdonald522@yahoo.com,Bronze,No,Web,2008-03-02,Female
CRMP-000074,CUST-000930,victoria.carter350@gmail.com,Silver,No,Web,1967-10-30,Female
CRMP-002324,CUST-948898,samantha67@example.org,Platinum,Yes,Web,2004-10-26,Female
CRMP-002136,CUST-000790,renee.orr770@hotmail.com,Bronze,No,Marketplace,1948-08-26,Male
CRMP-002695,CUST-000535,lisa.dean544@hotmail.com,Bronze,No,Mobile App,1987-12-19,Female
CRMP-001730,CUST-001214,bradley.webb106@hotmail.com,Bronze,Yes,Mobile App,1968-09-20,Female
CRMP-000742,cust-001730,angela.valencia31@hotmail.com,Gold,Yes,Web,1966-11-30,Female
CRMP-000209,CUST-001647,melissa.grimes728@yahoo.com,Bronze,No,Web,1972-09-22,Prefer not to say
CRMP-002016,CUST-001686,charles.webster3@gmail.com,Gold,Yes,Mobile App,1989-08-25,Male
CRMP-001402,CUST-002020,jennifer.davis532@hotmail.com,Bronze,No,Web,1999-11-29,Male
CRMP-002604,CUST-000294,jacob.nunez391@gmail.com,Silver,Yes,In-Store,1968-02-10,Male
CRMP-001677,CUST-000832,janet.waters433@hotmail.com   ,Bronze,No,Marketplace,1943-10-27,Male
CRMP-000710,CUST-002352,jose.jarvis762@hotmail.com,Platinum,Yes,Marketplace,1982-07-28,Female
CRMP-002755,CUST-001929,sean.baker379@gmail.com,Bronze,Yes,Web,1992-09-09,Male
CRMP-002725,CUST-001012,cindy.wood413@hotmail.com,Bronze,Yes,Marketplace,1967-10-22,Male
CRMP-000476,CUST-000574,jesse.ortega235@yahoo.com,Silver,No,Web,1974-04-14,Female
CRMP-001959,CUST-002726,kristen.reyes64@hotmail.com,Bronze,No,In-Store,1964-09-03,Female
CRMP-002450,CUST-001849,jesse.wade283@hotmail.com,Bronze,Yes,Web,1960-06-15,Female
CRMP-001898,CUST-000659,patrick.leonard912@gmail.com,,Yes,Marketplace,1947-09-27,Male
CRMP-001088,CUST-002813,jeffrey.hopkins925@hotmail.com,Gold,Yes,Mobile App,1990-05-27,Male
CRMP-002038,CUST-000995,keith.mcmahon643@hotmail.com,Silver,No,Mobile App,1943-09-01,Female
CRMP-001908,CUST-000960,rebecca.figueroa197@yahoo.com,Gold,Yes,In-Store,2000-05-02,Female
CRMP-002800,CUST-001236,nathaniel.burton726@hotmail.com,Platinum,No,Mobile App,1990-05-31,Female
CRMP-001288,002857,scott.daniel320@gmail.com,Silver,Yes,Web,1982-04-12,Male
CRMP-002517,CUST-002186,donald.peterson37@hotmail.com,Silver,No,Mobile App,1983-12-25,Male
CRMP-001430,CUST-001973,katelyn.clark830@yahoo.com,Bronze,No,Web,1954-04-26,Male
CRMP-000978,CUST-001955,brooke.clark527@gmail.com,Bronze,No,Mobile App,1944-11-23,Male
CRMP-000214,CUST-002413,scott.phillips979@yahoo.com,Bronze,Yes,Marketplace,2005-05-21,Female
CRMP-000539,CUST-002402,stephanie.nguyen432@hotmail.com,Gold,Yes,Mobile App,1944-07-05,Female
CRMP-001546,CUST-001371,elizabeth.byrd988@yahoo.com,Bronze,Yes,Web,1940-11-30,Female
CRMP-000948,CUST-001128,shawn.gutierrez266@hotmail.com,Bronze,Yes,Web,2006-06-16,Female
CRMP-000158,CUST-001255,maria.williams57@gmail.com,Silver,Yes,In-Store,1998-11-12,Female
CRMP-000391,CUST-001536,shawn.martinez317@gmail.com,Silver,No,Mobile App,1981-01-07,Male
CRMP-002183,CUST-000607,jennifer.ramirez348@gmail.com,,No,Web,1955-09-01,Prefer not to say
CRMP-002693,CUST-001639,troy.harris180@gmail.com,Bronze,No,Mobile App,1976-02-12,Female
CRMP-000003,CUST-002462,jose.hernandez727@hotmail.com,Bronze,No,Web,1945-04-25,Female
CRMP-001096,CUST-000886,jason.lee734@hotmail.com,Silver,Yes,Web,1960-04-16,Female
CRMP-001040,CUST001750,summer.robles340@gmail.com,Silver,No,Mobile App,1961-03-30,Female
CRMP-001138,CUST-002314,alyssa.rogers277@gmail.com,Bronze,Yes,Web,2002-04-22,Male
CRMP-001529,CUST-002764,christopher.wang930@hotmail.com,Bronze,Yes,Mobile App,1991-10-29,Non-binary
CRMP-001292,CUST-001533,scott.williams319@yahoo.com,Platinum,No,Mobile App,2008-06-22,Female
CRMP-000867,CUST-001454,lorraine.hart299@yahoo.com,Gold,Yes,Web,1985-04-09,Male
CRMP-000769,CUST-000425,frank.gonzalez468@yahoo.com,,No,Mobile App,1962-01-16,Prefer not to say
CRMP-001448,CUST-001997,nicole.daniel719@gmail.com,Silver,Yes,Mobile App,1947-07-14,Female
CRMP-000033,CUST-000328,mary.adkins415@yahoo.com,Gold,No,Marketplace,1964-07-14,Non-binary
CRMP-002403,CUST-002851,dana.marshall346@yahoo.com,Bronze,Yes,Web,1962-06-14,Male
CRMP-002106,cust-000846,debbie.brown831@hotmail.com,Platinum,No,Web,1955-08-09,Male
CRMP-002085,CUST-001926,shelley.buchanan528@yahoo.com,Platinum,Yes,Web,1977-12-07,Male
CRMP-002397,CUST-975326,schultzkathryn@example.com,Bronze,Yes,Web,1953-05-19,Female
CRMP-000346,CUST-001577,charles.wilcox301@hotmail.com,Bronze,Yes,Mobile App,1966-04-19,male
CRMP-002028,CUST-001749,howard.frey231@yahoo.com,Gold,Yes,Web,1991-01-03,Female
CRMP-002020,CUST-000740,sophia.thomas99@hotmail.com,Bronze,Yes,Mobile App,2008-02-18,Female
CRMP-002638,CUST-000080,mercedes.holland729@hotmail.com,Silver,Yes,Mobile App,1961-10-27,Male
CRMP-000607,CUST-002935,leonard.robinson124@gmail.com,Bronze,Yes,Web,1950-05-30,Male
CRMP-002702,CUST-002196,barry.moody537@gmail.com,Bronze,No,Mobile App,1982-07-15,Male
CRMP-002370,CUST-000588,rhonda.skinner202@hotmail.com,Bronze,Yes,In-Store,1949-06-29,Female
CRMP-001767,CUST-001877,jerry.thornton756@gmail.com,Bronze,Yes,Mobile App,1942-06-25,Male
CRMP-000636,CUST-001913,michael.riley548@gmail.com,,Yes,Web,1968-04-09,Female
CRMP-001045,CUST002991,jeremy.crawford905@gmail.com,Bronze,No,In-Store,1955-03-14,Male
CRMP-002340,CUST-002892,deborah.wood183@gmail.com,Silver,Yes,Web,1970-10-05,Non-binary
CRMP-002004,CUST-002563,andrea.townsend796@hotmail.com,Silver,Yes,Web,1987-09-08,female
CRMP-000731,CUST-002492,anna.carlson649@yahoo.com   ,Bronze,Yes,Mobile App,1977-12-13,Male
CRMP-002320,CUST-904413,dennis49@example.net,Bronze,Yes,Web,1978-07-13,Non-binary
CRMP-000275,CUST-000114,angela.anderson499@hotmail.com,Platinum,Yes,Mobile App,1984-07-13,Male
CRMP-002002,CUST-001500,john.lane853@yahoo.com,Silver,No,Marketplace,1942-06-13,Male
CRMP-002628,CUST-002558,william.cross84@gmail.com,Gold,No,Web,1995-08-30,Female
CRMP-001777,CUST-002279,april.moreno860@hotmail.com,Silver,Yes,Mobile App,2001-08-07,Male
CRMP-000850,CUST-000303,tara.jensen285@yahoo.com,Silver,Yes,Mobile App,1993-12-28,Male
CRMP-001836,CUST-001171,chelsea.reed325@yahoo.com,Silver,Yes,In-Store,1944-11-18,Male
CRMP-001155,CUST-002886,michelle.hester814@yahoo.com,Gold,No,Web,1960-06-25,Male
CRMP-002415,CUST-001980,dustin.allen667@gmail.com,Platinum,No,Marketplace,1982-10-05,Male
CRMP-002742,CUST-000357,andrew.zamora256@hotmail.com,Silver,Yes,Mobile App,1945-02-04,Male
CRMP-000995,CUST-000890,mark.joseph704@gmail.com,Silver,No,Web,1989-07-28,Male
CRMP-002109,CUST-000459,leslie.french588@yahoo.com,Silver,Yes,Web,1950-05-10,mALE
CRMP-002568,CUST-000388,william.pearson493@yahoo.com,Silver,Yes,Web,1978-11-22,Female
CRMP-001647,CUST-001448,brandon.barrett544@yahoo.com,Gold,No,Mobile App,1957-07-26,Prefer not to say
CRMP-000933,CUST-002811,mary.wang632@yahoo.com,Silver,Yes,Web,1972-06-11,Male
CRMP-001576,CUST-002269,james.kent21@gmail.com,Bronze,Yes,Web,1999-10-16,Female
CRMP-002029,CUST-002620,diamond.daniels703@yahoo.com,Bronze,Yes,Web,1979-11-06,MALE
CRMP-000980,CUST-000869,mark.williams734@hotmail.com,Gold,Yes,Web,1946-01-16,Male
CRMP-002312,CUST-002661, richard.campbell494@hotmail.com ,Silver,Yes,Web,1991-07-09,Female
CRMP-000902,CUST-000030,maria.juarez38@hotmail.com,Silver,No,Marketplace,1956-02-01,Female
CRMP-002093,CUST-002566,lonnie.kelley180@hotmail.com,Bronze,Yes,In-Store,1967-09-19,Male
CRMP-001340,CUST-001724,michael.gordon21@gmail.com,Bronze,No,Web,1990-11-22,Male
CRMP-000431,CUST-000456,heather.mills313@yahoo.com,Bronze,Yes,Mobile App,1974-12-20,Female
CRMP-001429,CUST-000429,paul.cunningham879@gmail.com,Silver,No,Mobile App,2007-06-13,Female
CRMP-002049,CUST-001848,marilyn.haney238@yahoo.com,Bronze,Yes,Web,1981-04-24,Prefer not to say
CRMP-000279,000262,todd.zamora708@gmail.com,Platinum,Yes,Web,1973-09-11,Female
CRMP-002510,CUST-001603,ann.cruz524@gmail.com,Bronze,No,Web,2005-08-08,Female
CRMP-000218,CUST-000638,sarah.cowan470@gmail.com,Bronze,Yes,In-Store,1947-05-28,Male
CRMP-001665,CUST-001391,courtney.smith475@hotmail.com,Bronze,Yes,Marketplace,1997-03-02,Female
CRMP-001123,CUST-000241,julie.goodwin154@hotmail.com,Bronze,No,Web,1945-09-26,Female
CRMP-002259,CUST-002714,louis.myers922@yahoo.com,,No,Web,1992-11-15,Male
CRMP-002625,CUST-002941,danny.smith205@gmail.com,,No,Mobile App,"April 23, 1973",Male
CRMP-001496,CUST-001806,lisa.adams357@hotmail.com,Bronze,Yes,Mobile App,1985-01-10,Male
CRMP-000381,CUST-000705,jamie.james673@gmail.com,Silver,No,Web,1956-05-15,Female
CRMP-000800,CUST-002533,ralph.valencia211@yahoo.com,Bronze,Yes,Web,1980-07-19,Female
CRMP-002191,CUST-923716,benjaminholden@example.com,Bronze,Yes,Mobile App,1992-07-23,Prefer not to say
CRMP-000245,CUST-000767,zachary.white706@yahoo.com,Platinum,Yes,Web,1966-05-26,Female
CRMP-001111,CUST-001174,daniel.buchanan989@hotmail.com,Gold,Yes,Mobile App,1989-10-21,Female
CRMP-000011,CUST-001652,heather.mckee446@gmail.com,Silver,No,Web,1994-04-21,Male
CRMP-001008,CUST-001796,kenneth.reid445@gmail.com,Bronze,Yes,Web,1950-02-06,Male
CRMP-000463,CUST-001593,tiffany.davis27@hotmail.com,Gold,No,Mobile App,1947-09-04,Female
CRMP-000930,927553,mullensherry@example.org,Silver,Yes,Web,1988-04-24,Female
CRMP-000235,CUST-002110,michael.costa192@gmail.com,Platinum,Yes,In-Store,2005-12-12,Male
CRMP-001196,CUST-002472,herbert.ortiz245@yahoo.com,Silver,Yes,Marketplace,2006-02-11,Male
CRMP-002358,CUST-000381,melissa.morris863@yahoo.com,Silver,Yes,Web,1970-12-30,Male
CRMP-001348,CUST-000350,lauren.estes619@gmail.com,Platinum,No,Web,2003-05-16,Male
CRMP-000316,CUST-903128,pauljohnson@example.com,Bronze,No,Mobile App,1998-12-18,Female
CRMP-001614,CUST-002480,carl.brown80@hotmail.com,Gold,Yes,Web,1983-04-02,Female
CRMP-001811,CUST-001764,kevin.solomon678@gmail.com,Bronze,Yes,Web,1988-07-05,Male
CRMP-001478,CUST-000153,  joseph.mullen966@yahoo.com,Gold,Yes,Web,2002-12-30,Female
CRMP-001746,CUST-001746,amanda.nelson294@gmail.com,Platinum,Yes,In-Store,1982-08-30,Female
CRMP-002401,CUST-000667,sarah.smith215@yahoo.com,Bronze,Yes,Mobile App,1951-04-15,Male
CRMP-002480,CUST-002393,courtney.mooney398@hotmail.com,Gold,Yes,Web,1953-05-04,Female
CRMP-001438,CUST-001146,andrew.jackson194@gmail.com,Bronze,No,In-Store,1959-12-22,Prefer not to say
CRMP-000367,CUST-001428,sheila.perry536@hotmail.com,Silver,No,Mobile App,07-Jan-1988,Male
CRMP-001080,CUST-000137,thomas.mendez830@gmail.com,Bronze,No,Web,1980-05-18,Female
CRMP-001624,CUST-002745,antonio.parker625@gmail.com,Silver,No,Web,1954-04-12,Male
CRMP-001101,CUST-000843,sean.hall423@gmail.com,Platinum,Yes,Mobile App,1965-06-28,Male
CRMP-001100,CUST-002650,javier.johnson317@gmail.com,Bronze,Yes,In-Store,1941-08-27,Male
CRMP-000947,CUST-000247,chelsey.white586@yahoo.com,Silver,No,Web,1948-10-14,Female
CRMP-001275,cust-002788,ryan.berg848@gmail.com,,No,Marketplace,1957-04-06,Female
CRMP-001751,CUST-000549,mitchell.williams286@yahoo.com,Platinum,No,Web,1956-12-21,Male
CRMP-000434,CUST-001184,norma.bailey762@gmail.com,Bronze,Yes,Web,1986-08-21,Female
CRMP-000611,CUST-000552,jocelyn.phelps454@hotmail.com,Gold,Yes,Mobile App,1968-08-07,Male
CRMP-000655,CUST-001575,shelly.smith148@hotmail.com,Bronze,Yes,Marketplace,1994-09-01,Female
CRMP-000791,CUST-001109,joshua.ali897@yahoo.com,Bronze,Yes,Web,"May 15, 1971",Male
CRMP-000034,CUST-000426,THOMAS.HENDERSON265@HOTMAIL.COM,Bronze,Yes,Mobile App,1952-08-19,female
CRMP-000481,CUST-001378,john.white567@yahoo.com,Bronze,Yes,Mobile App,1993-04-24,Prefer not to say
CRMP-000213,CUST-002536,OLIVIA.CANNON377@HOTMAIL.COM,Silver,Yes,Mobile App,1981-11-01,Male
CRMP-000488,CUST-001876,ruben.thompson857@hotmail.com,Silver,No,Marketplace,2005-01-14,Female
CRMP-000469,CUST-001316,max.moore992@gmail.com,Silver,No,Marketplace,1982-03-30,Male
CRMP-002748,CUST-001003,darren.reyes190@gmail.com,Silver,No,Web,1942-10-17,Female
CRMP-002734,CUST-002303,nathan.williams365@gmail.com,Silver,Yes,Web,1994-08-12,Female
CRMP-000428,CUST-000719,jerry.valentine817@hotmail.com,Gold,Yes,Mobile App,2001-05-09,Female
CRMP-001570,CUST-001261,rhonda.nelson351@gmail.com,Bronze,Yes,Mobile App,1946-11-30,Female
CRMP-001329,CUST-002612,stephanie.lee873@gmail.com,Platinum,No,Web,1975-11-03,Female
CRMP-001978,cust-002120,eddie.roberts461@hotmail.com,Platinum,No,Mobile App,2007-07-20,Female
CRMP-000537,002936,melinda.smith606@gmail.com,Bronze,No,Mobile App,2005-12-10,Prefer not to say
CRMP-000094,CUST-002822,mark.wise630@hotmail.com,Gold,No,Web,1961-03-25,Male
CRMP-002052,CUST-001748,james.saunders369@hotmail.com,Bronze,No,Mobile App,2004-03-01,Female
CRMP-001555,CUST-000151,juan.walker616@hotmail.com,Bronze,Yes,In-Store,03/06/1950,Male
CRMP-001290,CUST-000337,deborah.miller187@yahoo.com,Gold,Yes,Web,1959-12-25,Male
CRMP-000936,CUST-001528,kathleen.davis607@hotmail.com,Bronze,No,In-Store,1988-11-01,Female
CRMP-000082,CUST-000366,debbie.cline789@hotmail.com,Silver,Yes,Web,1965-11-02,Male
CRMP-002451,CUST-000178,taylor.fowler475@yahoo.com,Bronze,No,Web,1966-01-14,Female
CRMP-001227,CUST-001366,bonnie.wang898@hotmail.com,Gold,Yes,Web,1975-08-20,Female
CRMP-001129,CUST-001816,andrew.mahoney203@gmail.com   ,Bronze,No,Mobile App,1958-04-11,Female
CRMP-001798,CUST-002642,terri.ramirez968@hotmail.com,Silver,Yes,Mobile App,1980-11-05,Female
CRMP-001437,CUST-001152,tyler.evans211@yahoo.com,Gold,No,Mobile App,1958-09-11,Male
CRMP-001854,CUST-002271,ANTHONY.WILLIAMS920@YAHOO.COM,Gold,No,Mobile App,2002-08-28,Female
CRMP-002524,CUST-001692,nicholas.rose482@hotmail.com,Platinum,No,Mobile App,1956-02-09,Male
CRMP-001607,CUST-002085,oscar.estrada398@yahoo.com,Bronze,No,Mobile App,1976-07-09,Female
CRMP-002219,CUST-000081,jennifer.fletcher321@yahoo.com,Bronze,No,In-Store,1969-04-23,Prefer not to say
CRMP-002096,CUST-000851,amanda.lopez813@gmail.com,Bronze,Yes,In-Store,1941-06-05,Male
CRMP-002418,CUST-001280,brian.simmons255@gmail.com,Gold,Yes,Web,2006-01-17,Female
CRMP-002182,CUST-000586,whitney.anderson423@yahoo.com,Silver,No,Web,1970-03-31,Male
CRMP-000758,CUST-000927,CHRISTOPHER.MARKS943@YAHOO.COM,Gold,Yes,Web,1963-02-14,Female
CRMP-000895,CUST-001540,david.turner88@yahoo.com   ,Silver,Yes,Web,1983-10-31,Female
CRMP-001617,CUST-001808,jesse.peterson915@hotmail.com,Bronze,Yes,Marketplace,2002-05-20,Female
CRMP-000099,CUST-001879,jonathan.ramirez481@yahoo.com,Silver,No,Web,1975-07-20,MALE
CRMP-000028,CUST-001874,kenneth.gardner204@yahoo.com,Bronze,Yes,Mobile App,1952-02-20,Male
CRMP-001242,CUST-001668,gregory.acevedo450@gmail.com,Bronze,Yes,Web,1994-09-03,Male
CRMP-001070,CUST-001182,katie.cohen290@gmail.com,,Yes,Mobile App,1948-08-21,Female
CRMP-001664,CUST-001807,michelle.moody517@hotmail.com,Silver,Yes,Mobile App,1964-09-04,Female
CRMP-002445,CUST-002207,karen.gomez713@yahoo.com,Bronze,Yes,Web,1977-06-30,Male
CRMP-001121,CUST-002047,richard.hill574@gmail.com,Bronze,No,In-Store,1957-12-23,Male
CRMP-002266,CUST-001358,jessica.miller30@yahoo.com,Silver,Yes,Web,1984-10-12,Male
CRMP-001567,CUST-000053,LINDA.TAYLOR263@GMAIL.COM,Platinum,Yes,Web,1953-03-21,Female
CRMP-001922,CUST-000922,robert.salinas974@hotmail.com,Silver,Yes,Mobile App,1995-03-06,Female
CRMP-000223,CUST-001902,charles.barnes77@yahoo.com,Silver,No,Web,1953-01-14,FEMALE
CRMP-001069,CUST-002888,zachary.johnson322@gmail.com,Bronze,Yes,Marketplace,1953-05-29,Female
CRMP-001353,CUST-002094,jacob.griffith651@gmail.com,Silver,Yes,Mobile App,1980-05-20,Female
CRMP-001644,CUST-000094,jose.mills410@gmail.com,Gold,Yes,Marketplace,1994-11-07,Female
CRMP-001637,CUST-002672,karen.west614@hotmail.com,Bronze,No,Marketplace,1976-05-23,Male
CRMP-000048,CUST-000144,zachary.hall282@gmail.com,Gold,No,Mobile App,1978-09-27,Female
CRMP-001298,CUST-000560,brendan.taylor249@yahoo.com,Bronze,Yes,Marketplace,1962-04-22,Male
CRMP-002633,CUST-002598,jennifer.gomez119@yahoo.com,Bronze,Yes,Marketplace,1947-05-11,Female
CRMP-002526,CUST-001875,mark.rivera762@hotmail.com,Gold,Yes,Web,2008-04-23,Female
CRMP-002804,cust-002758,trevor.stewart357@hotmail.com,Bronze,Yes,Web,2002-03-06,Female
CRMP-000280,CUST-001010,ryan.atkins685@gmail.com,Bronze,Yes,In-Store,1997-07-08,Female
CRMP-000371,CUST-000069,tiffany.wells152@gmail.com,Gold,Yes,Mobile App,2005-06-26,Male
CRMP-002710,CUST-908749,whill@example.net,Gold,No,Mobile App,1950-05-20,Male
CRMP-000320,CUST-000986,christina.cruz544@hotmail.com,Silver,Yes,Mobile App,1993-01-08,Female
CRMP-000307,CUST-001170,jerry.robinson555@yahoo.com,Silver,Yes,Mobile App,1949-06-13,Male
CRMP-000112,CUST-002344,elizabeth.gonzalez25@hotmail.com,Platinum,No,Mobile App,2008-08-22,Male
CRMP-001797,CUST-000387,rebecca.martinez231@hotmail.com,Gold,Yes,Mobile App,1949-12-30,Female
CRMP-001082,CUST-000933,MICHELE.MAXWELL341@HOTMAIL.COM,Silver,Yes,Mobile App,1988-06-22,Female
CRMP-002348,CUST-000304,oscar.patterson460@yahoo.com,Bronze,Yes,Marketplace,1955-06-03,Female
CRMP-002289,CUST-002671,patricia.martin874@yahoo.com,Platinum,No,Mobile App,2002-02-19,female
CRMP-000911,CUST000653,kimberly.smith526@gmail.com,Platinum,Yes,Web,1961-12-28,Non-binary
CRMP-002388,CUST-001559,STEPHEN.HARRIS152@HOTMAIL.COM,Silver,Yes,Web,1976-06-10,Female
CRMP-001628,CUST-001048,jeremy.brown42@hotmail.com,Silver,No,Marketplace,1968-12-21,Male
CRMP-000551,002710,laura.rodriguez456@gmail.com,Bronze,Yes,Web,1987-07-12,Non-binary
CRMP-001654,CUST-000232,patrick.gardner248@hotmail.com,Bronze,Yes,Mobile App,1951-08-10,Female
CRMP-001246,CUST-000978,ralph.davis196@yahoo.com,Bronze,Yes,Mobile App,1946-08-05,Male
CRMP-001790,CUST-002876,judith.wall231@yahoo.com,Silver,No,Web,1992-07-25,Non-binary
CRMP-001971,CUST-002428,joseph.harper862@hotmail.com,Bronze,No,Web,1978-11-06,Female
CRMP-002280,CUST-001289,kim.payne262@gmail.com,Gold,No,Web,1994-07-02,Male
CRMP-000783,CUST-002677,nicole.jimenez530@hotmail.com,Bronze,No,Mobile App,1971-01-24,Female
CRMP-000707,CUST-001827,richard.ellis909@hotmail.com,Bronze,Yes,Mobile App,1958-07-09,Male
CRMP-001007,CUST-002625, april.avery549@hotmail.com ,Platinum,Yes,Marketplace,1943-07-10,Male
CRMP-001826,CUST-002162,kristin.fuentes42@gmail.com,Gold,Yes,Web,1946-03-26,Male
CRMP-002190,CUST-000145,alexis.padilla924@gmail.com,Bronze,No,Marketplace,1979-06-10,Non-binary
CRMP-000761,CUST-002466,alexander.huber529@yahoo.com,Silver,No,Web,1970-04-06,Female
CRMP-000882,CUST-002365,michael.carter60@hotmail.com,Bronze,No,Mobile App,1981-01-20,Non-binary
CRMP-002232,CUST-002810,robert.campos969@hotmail.com,Bronze,Yes,Web,1977-03-03,Male
CRMP-002187,CUST-001573,adam.golden271@gmail.com,Gold,No,Web,1960-10-22,Male
CRMP-000747,CUST-001068,michelle.chapman45@hotmail.com,Bronze,No,Mobile App,1972-05-17,Male
CRMP-002687,CUST-000974,gabrielle.moon436@gmail.com,Bronze,Yes,In-Store,1963-08-27,FEMALE
CRMP-000504,CUST-000803,rachael.long420@hotmail.com,Gold,Yes,In-Store,1990-07-25,Female
CRMP-001270,CUST-001829,daniel.frey501@hotmail.com,Bronze,No,Marketplace,1977-11-06,Female
CRMP-000767,CUST-001684,shelley.combs586@hotmail.com,Bronze,No,Web,1979-03-12,mALE
CRMP-002620,CUST-000183,samantha.dixon488@hotmail.com,Bronze,Yes,In-Store,1985-12-05,Non-binary
CRMP-000784,CUST-001844,john.jennings594@gmail.com,Silver,Yes,Mobile App,1964-03-27,Female
CRMP-000635,CUST-000752,patricia.joseph704@gmail.com,Silver,Yes,Marketplace,1973-04-02,Female
CRMP-000173,CUST-002318,katherine.lowe703@hotmail.com,Bronze,No,Mobile App,1941-06-11,Male
CRMP-000069,CUST001370,julia.ramirez257@gmail.com,Bronze,Yes,Mobile App,1981-10-21,Female
CRMP-001016,CUST-000921,aaron.green709@gmail.com,Platinum,Yes,In-Store,1972-05-11,Male
CRMP-001861,CUST-002875,michelle.williams410@yahoo.com,Silver,No,Marketplace,1985-09-16,Female
CRMP-000630,CUST-002417,zachary.torres41@gmail.com,Silver,Yes,Web,1965-01-22,FEMALE
CRMP-002779,CUST-000595,jordan.simpson852@gmail.com,Bronze,Yes,Web,03/25/1946,Male
CRMP-002559,CUST-000444,kelsey.salinas362@gmail.com,Platinum,Yes,Mobile App,1941-11-24,Female
CRMP-002543,CUST-001509,caroline.johnson768@yahoo.com,Bronze,No,Web,1951-02-02,Male
CRMP-001793,CUST-001547,carl.johnson178@hotmail.com,Bronze,No,Mobile App,1940-12-05,Female
CRMP-000588,CUST-002113,jeanne.robinson823@hotmail.com,Silver,Yes,Marketplace,1961-08-03,Female
CRMP-000974,CUST-001019,lance.rivera833@hotmail.com,Silver,Yes,Mobile App,1964-08-04,Female
CRMP-001305,CUST-000392,MICHAEL.JONES556@GMAIL.COM,Bronze,No,Marketplace,1959-07-27,Male
CRMP-000465,CUST-001689,madison.miller611@hotmail.com,Gold,No,Mobile App,1968-03-09,Prefer not to say
CRMP-000305,CUST-000866,ryan.briggs416@gmail.com,Bronze,No,Mobile App,1945-03-30,Male
CRMP-001006,CUST-000441,ethan.hickman384@yahoo.com,,No,Web,1952-10-04,Female
CRMP-002698,CUST-001681,julie.higgins861@gmail.com,Platinum,Yes,Web,1946-12-11,Female
CRMP-000796,002834,joseph.cox947@gmail.com,Bronze,No,Web,1951-09-16,Male
CRMP-001107,CUST-002484,steven.taylor12@gmail.com,Bronze,No,Web,2002-05-29,Prefer not to say
CRMP-001115,CUST-000207,amy.smith623@yahoo.com,Bronze,Yes,Marketplace,1943-09-07,Female
CRMP-001150,CUST-001789,stephanie.thomas141@gmail.com,Platinum,No,Web,1967-04-01,Female
CRMP-001907,CUST-000192,james.horton361@yahoo.com,Silver,Yes,Web,1960-04-17,Male
CRMP-001000,CUST-002027,SAMANTHA.CARTER179@HOTMAIL.COM,Bronze,No,Web,1995-02-28,Female
CRMP-001463,CUST-002564,jennifer.hubbard644@hotmail.com,Bronze,No,Web,2004-07-05,Male
CRMP-000356,CUST-001226,sara.daniel345@yahoo.com,Silver,Yes,Marketplace,1940-11-07,Female
CRMP-001740,CUST-001623,kaitlyn.fuller132@gmail.com,Gold,Yes,Web,1940-11-25,Female
CRMP-001214,CUST-000374,brenda.dixon30@gmail.com,Platinum,No,Web,1960-11-30,Female
CRMP-001828,CUST-002561,sierra.kline695@hotmail.com   ,Bronze,No,Web,1946-10-25,Male
CRMP-001266,CUST-001860,david.rhodes809@yahoo.com,Bronze,Yes,In-Store,1965-07-12,Male
CRMP-001172,CUST-002161,philip.booth589@yahoo.com,Gold,No,Web,1992-09-29,Non-binary
CRMP-001161,CUST-002306,lee.travis153@gmail.com,Platinum,Yes,Marketplace,1986-05-27,Male
CRMP-002500,CUST-001625,susan.lamb612@yahoo.com,Bronze,Yes,Marketplace,1983-04-06,Male
CRMP-002793,CUST-000257,heather.harris821@hotmail.com,Bronze,Yes,Mobile App,1990-01-21,Male
CRMP-000620,CUST-001322,melissa.roy990@yahoo.com,Bronze,Yes,Marketplace,1972-04-06,Female
CRMP-001183,CUST-001055,daniel.blackburn488@gmail.com,Bronze,Yes,Web,2005-07-07,Female
CRMP-002497,CUST-000959,william.dudley807@gmail.com,Bronze,No,In-Store,1947-04-10,Male
CRMP-000606,CUST-002260,matthew.fernandez616@gmail.com,Platinum,No,Marketplace,1991-01-22,Female
CRMP-000483,CUST-000720,brandon.costa663@yahoo.com,Bronze,Yes,Web,1997-08-01,Female
CRMP-000916,CUST-000877,michaela.manning18@yahoo.com,,No,Web,1944-03-16,Male
CRMP-002094,CUST-001678,michele.oneill200@hotmail.com,Gold,No,Marketplace,1954-10-20,Male
CRMP-000165,CUST-001677,michelle.villarreal893@hotmail.com,Bronze,Yes,Marketplace,2002-12-13,Female
CRMP-002471,CUST-000285,carol.cox724@yahoo.com,Bronze,Yes,Web,2008-01-31,Male
CRMP-001535,CUST-001770,jessica.robinson811@gmail.com,Silver,Yes,Mobile App,2004-11-18,Female
CRMP-002295,CUST-002715,david.ward646@yahoo.com,Platinum,No,In-Store,1975-04-06,Female
CRMP-001531,CUST-000973,jacob.wright140@gmail.com,Silver,Yes,Mobile App,1964-04-24,Female
CRMP-000940,CUST-000958,nicholas.lee681@yahoo.com,Silver,Yes,Web,1951-04-29,Female
CRMP-002440,CUST-000793,sue.washington821@yahoo.com,Platinum,No,In-Store,1968-05-20,Female
CRMP-001169,CUST-000781,natalie.johnston623@gmail.com,Bronze,Yes,Web,1995-08-19,Female
CRMP-002683,CUST-002096,jerry.patel236@hotmail.com,Bronze,No,Mobile App,1947-12-11,Male
CRMP-000042,CUST-001387,sarah.thomas219@hotmail.com,Gold,Yes,Mobile App,1957-09-06,Male
CRMP-002501,CUST-002749,james.herrera914@hotmail.com,Bronze,No,Web,1994-10-17,Female
CRMP-001821,CUST-002263,  stephen.hernandez410@yahoo.com,Bronze,No,Web,1948-07-24,Non-binary
CRMP-002777,CUST-000597,joel.nguyen184@yahoo.com,,No,Mobile App,1988-04-10,Female
CRMP-000076,CUST-001445,kimberly.ramirez398@gmail.com,Bronze,No,Mobile App,1945-09-09,Male
CRMP-001773,CUST-002867,tommy.russell136@hotmail.com,Gold,Yes,Web,2005-09-03,Female
CRMP-002802,CUST-000654,ricardo.murphy182@yahoo.com,Bronze,Yes,Marketplace,1997-10-27,Female
CRMP-001013,CUST-002702,patrick.wood624@hotmail.com,Bronze,Yes,Web,1960-12-19,Prefer not to say
CRMP-000351,CUST-002824,JASON.ANDERSON769@YAHOO.COM,Bronze,No,Mobile App,1943-09-25,Female
CRMP-000849,CUST-001546,james.mendez390@gmail.com,Silver,Yes,Marketplace,1944-03-16,Female
CRMP-001235,CUST-002517,jennifer.ferguson68@hotmail.com,Silver,No,Mobile App,2000-12-30,Female
CRMP-002616,CUST-001811,stacey.long506@gmail.com,Gold,Yes,Web,1969-09-14,Non-binary
CRMP-001672,CUST-002316,jon.king366@yahoo.com,Silver,Yes,Marketplace,2007-08-19,Male
CRMP-002660,CUST-001644,james.miller31@gmail.com,Platinum,Yes,Web,1994-03-24,Male
CRMP-000644,CUST-001132,mark.stone799@gmail.com,Gold,Yes,Web,1952-06-16,Female
CRMP-002389,CUST-000413,melissa.sanders975@gmail.com,Gold,Yes,Mobile App,1963-06-01,Male
CRMP-001779,CUST-002700,megan.cook374@gmail.com,Bronze,No,Mobile App,1947-11-20,Male
CRMP-001395,CUST-002349,joseph.frey419@yahoo.com,Bronze,Yes,Web,1985-02-09,Male
CRMP-001876,CUST-000170,crystal.williams580@hotmail.com,Platinum,No,Marketplace,1957-05-08,Non-binary
CRMP-002229,CUST-951495,eric77@example.com,Bronze,No,Mobile App,1986-05-30,Female
CRMP-000805,CUST-001114,katrina.sutton477@hotmail.com,Bronze,Yes,Mobile App,1976-06-05,Female
CRMP-001992,CUST-001822,anne.acevedo114@yahoo.com,Bronze,No,In-Store,1954-11-18,Female
CRMP-000086,CUST-000312,james.nelson874@gmail.com,Bronze,Yes,Web,1951-09-13,Male
CRMP-001555,CUST-000151,juan.walker616@hotmail.com,Bronze,Yes,In-Store,03/06/1950,Male
CRMP-001381,CUST-001379,dean.hubbard905@hotmail.com,Bronze,Yes,Mobile App,1986-05-02,Prefer not to say
CRMP-000163,CUST-001994,daisy.morgan434@yahoo.com,Gold,No,Web,1949-11-29,Prefer not to say
CRMP-001524,CUST-001419,brandy.flores952@yahoo.com,Gold,No,Web,1966-03-26,Male
CRMP-001394,CUST-002403,marissa.henry472@gmail.com,Silver,No,Web,1971-09-25,Prefer not to say
CRMP-002062,CUST-001555,leah.roberts439@yahoo.com,Bronze,Yes,Web,1995-08-12,Male
CRMP-002575,CUST-000925,jennifer.lopez308@hotmail.com,Silver,No,Mobile App,07/16/1959,Female
CRMP-002799,CUST-000955,lauren.reese451@yahoo.com,Platinum,Yes,Web,1978-03-06,Prefer not to say
CRMP-002553,CUST-001219,kelsey.herrera60@hotmail.com,Silver,No,Mobile App,2007-01-12,Female
CRMP-000043,CUST-002853,dawn.sanchez664@hotmail.com,Silver,Yes,Mobile App,1984-01-12,Male
CRMP-000709,CUST-001583,taylor.rogers78@yahoo.com,Silver,Yes,Marketplace,1976-06-27,Female
CRMP-000157,CUST-000177,ashley.huff130@hotmail.com,Silver,No,Mobile App,1975-11-25,Female
CRMP-002170,CUST-002191,olivia.murphy957@hotmail.com,Gold,Yes,In-Store,1973-10-31,Male
CRMP-000066,CUST-002219,daniel.rollins803@hotmail.com,Silver,Yes,Marketplace,1992-11-04,Male
CRMP-002716,CUST-002603,anthony.williams370@hotmail.com,Bronze,Yes,In-Store,1951-07-24,Female
CRMP-002160,CUST-000467,michael.williams834@yahoo.com,Bronze,No,Mobile App,1975-07-08,Female
CRMP-000489,CUST-001564,daniel.lopez275@yahoo.com,Bronze,Yes,Web,2004-09-11,Female
CRMP-000543,CUST-002641,dale.keller760@hotmail.com,Silver,No,Web,2003-06-04,Female
CRMP-001556,CUST-000001,bruce.little90@hotmail.com,Bronze,Yes,Web,1988-12-21,Prefer not to say
CRMP-000580,CUST-000606,isabel.quinn259@hotmail.com,Bronze,Yes,Web,1969-03-03,Female
CRMP-001871,CUST-001220,donald.villarreal412@gmail.com,Gold,Yes,Web,2001-07-12,Male
CRMP-000424,CUST-001374,donna.church177@hotmail.com,Silver,No,In-Store,1999-12-13,Male
CRMP-000201,CUST-001192,jay.kaufman436@yahoo.com,Gold,Yes,Mobile App,03/31/1993,Female
CRMP-001604,CUST-002615,sarah.rose357@yahoo.com,Platinum,Yes,Web,1948-04-26,Female
CRMP-000317,CUST-000686,kathleen.woods186@gmail.com,Silver,No,Mobile App,1940-09-07,Male
CRMP-002176,CUST-002291,david.allen679@hotmail.com,Platinum,Yes,Web,1978-12-11,Male
CRMP-000554,CUST-000360,christopher.coleman427@gmail.com,,No,Web,1954-11-04,Male
CRMP-000889,CUST-000131,mary.baker358@hotmail.com,Platinum,Yes,Mobile App,1958-10-10,Male
CRMP-002442,CUST-000024,angela.burns841@gmail.com,Bronze,Yes,Mobile App,2003-08-07,Female
CRMP-000061,CUST-002586,  LARRY.THOMPSON640@YAHOO.COM,Platinum,No,Web,2004-12-25,Female
CRMP-000146,CUST-000857,regina.eaton609@yahoo.com,Silver,Yes,Mobile App,04/02/2000,Female
CRMP-002051,CUST-001752,abigail.salinas385@hotmail.com,Silver,Yes,Mobile App,2003-05-15,female
CRMP-001704,CUST-000235,ashley.bush158@gmail.com,Bronze,Yes,Mobile App,1987-04-20,Female
CRMP-001287,CUST-000618,joseph.chandler27@yahoo.com,Silver,Yes,Web,1999-11-27,Prefer not to say
CRMP-000508,CUST-000562,linda.taylor710@gmail.com,Bronze,Yes,Web,2006-04-19,Female
CRMP-002747,CUST-000789,matthew.brooks197@hotmail.com,Gold,Yes,Mobile App,1975-07-19,Male
CRMP-000238,CUST-001450,michael.diaz867@gmail.com,Bronze,No,In-Store,1976-08-18,Female
CRMP-002498,CUST-001241,lori.allen381@yahoo.com,Bronze,Yes,Mobile App,1999-10-05,Male
CRMP-001198,cust-001249,terry.pearson990@yahoo.com,Platinum,Yes,Web,1947-09-03,Prefer not to say
CRMP-001885,CUST-001473,elizabeth.sullivan663@hotmail.com,,No,Mobile App,1943-06-29,Male
CRMP-001701,CUST-002495,joshua.bennett203@yahoo.com,Gold,Yes,Web,1957-07-30,MALE
CRMP-001819,CUST-000949,ryan.adams255@hotmail.com,Bronze,Yes,Mobile App,"July 19, 2007",Male
CRMP-001416,CUST-000316,andrew.rasmussen266@hotmail.com,Silver,No,Mobile App,2007-07-22,Male
CRMP-001970,CUST-001928,zachary.miller443@yahoo.com,Bronze,No,Mobile App,1996-12-13,Prefer not to say
CRMP-002300,CUST-001308,katherine.kirby87@yahoo.com,Bronze,Yes,Web,1978-12-03,Male
CRMP-002302,CUST-001319,mary.moses242@gmail.com,Bronze,Yes,Marketplace,1993-04-25,Male
CRMP-001160,001398,elizabeth.wright807@hotmail.com,Bronze,No,Web,1989-06-22,Male
CRMP-002701,CUST-000273,sarah.wells650@yahoo.com,Platinum,No,Mobile App,1982-07-15,Female
CRMP-000975,CUST000118,rachel.lee182@hotmail.com,Gold,Yes,Mobile App,1956-03-11,Prefer not to say
CRMP-000425,CUST-002643,karen.tanner947@yahoo.com,Bronze,Yes,Mobile App,1949-03-26,Female
CRMP-001349,CUST-000404,alec.cochran669@yahoo.com,Gold,No,In-Store,1949-10-25,Male
CRMP-001304,CUST-001436,julie.horton749@gmail.com,Silver,Yes,Mobile App,1957-06-10,Male
CRMP-000182,CUST-002808,christie.carter437@yahoo.com,Platinum,No,Web,1967-02-10,Male
CRMP-001640,CUST-001049,lance.taylor740@yahoo.com,Bronze,Yes,Web,1984-03-17,Male
CRMP-001027,CUST-946139,davidschmidt@example.net,Platinum,Yes,Mobile App,1977-09-09,Male
CRMP-000251,CUST-000533,anthony.taylor65@gmail.com,Platinum,No,Mobile App,1987-11-12,Female
CRMP-002519,CUST-001405,dwayne.edwards796@hotmail.com,Bronze,Yes,Mobile App,1986-05-19,Female
CRMP-001366,CUST-001790,jermaine.morales727@gmail.com,Bronze,Yes,Marketplace,1992-04-17,Male
CRMP-001124,001043,jeremy.carlson506@hotmail.com,Bronze,No,Web,1972-03-16,Female
CRMP-001451,CUST-001469,misty.kelly737@yahoo.com,Silver,Yes,Mobile App,1964-12-26,Male
CRMP-001012,CUST-002341,  david.hernandez716@gmail.com,Gold,No,Web,1997-03-04,Female
CRMP-002020,CUST-000740,sophia.thomas99@hotmail.com,Bronze,Yes,Mobile App,2008-02-18,Female
CRMP-002534,CUST-000862,jeffery.herman917@gmail.com,Gold,No,Marketplace,1966-09-14,Female
CRMP-001071,CUST-000268,michelle.jones333@hotmail.com,,No,Mobile App,1984-04-05,Male
CRMP-001335,CUST-001733,gregory.malone730@gmail.com,Gold,No,In-Store,1997-02-23,Female
CRMP-002569,CUST-001918,nicholas.key285@hotmail.com,Silver,Yes,Web,2002-12-06,Female
CRMP-001608,CUST-002541,hannah.morris841@yahoo.com,Gold,Yes,Mobile App,1949-09-09,MALE
CRMP-002626,CUST-000227,erik.olson459@gmail.com,Bronze,Yes,In-Store,1975-05-27,Non-binary
CRMP-002098,CUST-002427,  arthur.gordon74@gmail.com,Silver,Yes,Mobile App,1956-07-16,Female
CRMP-002380,CUST-000996,grant.jones450@gmail.com,Gold,Yes,Web,25-Jan-1964,Female
CRMP-001203,CUST-002073,jonathan.stevens511@gmail.com,Bronze,No,Web,1945-07-12,Female
CRMP-001127,CUST-001567,luis.wagner539@gmail.com,Silver,Yes,Web,1955-03-19,Male
CRMP-001377,CUST-002491,barry.ross107@yahoo.com,Bronze,Yes,Marketplace,1988-09-08,Female
CRMP-000336,CUST-002585,angela.king249@hotmail.com,Bronze,Yes,Web,1989-11-01,Female
CRMP-000733,CUST-000318,thomas.gutierrez952@yahoo.com,Gold,No,In-Store,1950-01-24,Female
CRMP-001501,cust-000881,keith.wilson825@gmail.com,Bronze,Yes,Web,1947-05-19,Male
CRMP-000592,CUST-000512,alan.farrell278@yahoo.com,Platinum,Yes,In-Store,2001-07-12,Male
CRMP-000051,CUST-001803,tonya.wright440@hotmail.com,Silver,No,Web,1952-03-25,Male
CRMP-001243,CUST-000182,aaron.johnson785@yahoo.com,Silver,Yes,Mobile App,1994-11-22,Male
CRMP-001769,CUST-002012,adam.schwartz416@yahoo.com,Bronze,Yes,Mobile App,2007-08-12,Male
CRMP-001294,CUST-002309,robert.nelson582@yahoo.com   ,Silver,No,Mobile App,1957-01-02,Female
CRMP-000681,CUST-000675,veronica.robles128@yahoo.com,Gold,No,Mobile App,1950-05-17,Non-binary
CRMP-000538,CUST-000200,antonio.duran967@gmail.com,Bronze,Yes,Web,1990-06-29,Male
CRMP-000206,CUST-002966,sean.roberson114@hotmail.com,Gold,Yes,In-Store,1973-02-03,Female
CRMP-001495,CUST-002479,laura.may432@hotmail.com,,Yes,Web,1991-05-21,Male
CRMP-002333,CUST-002527,mark.blackburn488@yahoo.com,Bronze,Yes,Web,1983-09-23,Female
CRMP-001147,002008,jennifer.johnson425@yahoo.com,Bronze,Yes,In-Store,1989-07-01,Male
CRMP-001136,CUST-002203,rachel.aguilar772@yahoo.com,Bronze,Yes,Web,1943-02-21,Female
CRMP-000385,CUST-001815,brian.lawson913@hotmail.com,Bronze,No,Web,30-Dec-1966,Male
CRMP-000193,CUST-000379,lori.foster743@yahoo.com,Gold,No,Mobile App,1983-10-17,Male
CRMP-001009,CUST-002266,raven.taylor674@gmail.com,Silver,Yes,In-Store,1981-04-15,Female
CRMP-001527,CUST-001227,tyler.moss189@yahoo.com,Gold,No,Web,1944-01-24,Female
CRMP-000227,CUST-000299,tracy.hall170@gmail.com,Bronze,Yes,Mobile App,1979-02-02,Female
CRMP-001092,CUST-002362,catherine.blair745@hotmail.com,Bronze,No,Mobile App,1948-03-16,Non-binary
CRMP-000494,CUST-002380,donna.chavez405@hotmail.com,,No,Mobile App,2003-02-18,Male
CRMP-002807,CUST-002175,christian.turner727@gmail.com,Bronze,Yes,Marketplace,"October 20, 1964",Prefer not to say
CRMP-002019,CUST-002716,virginia.mcintyre25@yahoo.com,Gold,Yes,Web,1990-09-24,Male
CRMP-000312,CUST-002823,jennifer.schwartz268@gmail.com   ,Bronze,No,Mobile App,1978-06-14,Female
CRMP-001601,CUST-002159,  jaime.love443@gmail.com,Silver,No,Mobile App,2005-07-22,Male
CRMP-001331,002703,patrick.bernard121@gmail.com   ,Platinum,No,Web,1998-03-14,Female
CRMP-002717,CUST-000402,sonya.underwood124@hotmail.com,Bronze,Yes,In-Store,"January 29, 1994",Male
CRMP-000439,CUST-000097,natalie.davis32@yahoo.com,Silver,No,Marketplace,1981-03-13,Male
CRMP-000550,CUST-000309,shawn.hines969@gmail.com,Platinum,Yes,In-Store,1988-03-31,Female
CRMP-002018,CUST-001313,patricia.reynolds899@hotmail.com,Bronze,Yes,In-Store,2001-12-30,Male
CRMP-001813,CUST-000290,JEFFREY.VINCENT120@GMAIL.COM,Bronze,Yes,Web,03/04/1969,Female
CRMP-001051,CUST-001694,paul.johnson964@yahoo.com,Silver,No,Web,1999-06-06,Male
CRMP-000560,CUST-000594,steven.church62@yahoo.com,Bronze,Yes,Web,2008-03-21,Male
CRMP-000945,CUST-000896,aaron.wilson880@hotmail.com,Bronze,Yes,In-Store,1988-11-27,Female
CRMP-000670,CUST-001309,steven.ward300@yahoo.com,Silver,Yes,Marketplace,1963-05-21,Female
CRMP-001681,CUST-002193,ralph.bender106@yahoo.com,Platinum,Yes,Web,1951-06-19,Male
CRMP-001815,001731,raymond.davidson257@yahoo.com   ,Silver,Yes,In-Store,1955-12-29,Male
CRMP-000599,CUST-000163,linda.ramos959@yahoo.com,Bronze,Yes,Mobile App,1968-01-22,Male
CRMP-002039,CUST-002898,timothy.jenkins896@gmail.com,Silver,Yes,Web,1976-11-18,Female
CRMP-001477,CUST-002257,lori.pierce858@hotmail.com,Silver,No,Mobile App,1998-10-05,Male
CRMP-000186,CUST-000038,melanie.barrett821@yahoo.com,Silver,No,Web,1966-11-20,Female
CRMP-000970,CUST-001054,laura.whitney416@yahoo.com,Gold,Yes,Mobile App,1988-01-19,Male
CRMP-001512,CUST-002348,stephen.campbell429@yahoo.com,Silver,No,Marketplace,1990-05-30,Male
CRMP-002371,CUST-998742,tmorgan@example.org,Gold,Yes,In-Store,2004-07-02,Female
CRMP-000885,CUST-002404,brandi.peterson80@hotmail.com,Gold,No,In-Store,1956-08-25,Male
CRMP-002545,CUST-000564,anthony.hansen244@yahoo.com,Gold,No,Web,1968-05-04,Male
CRMP-001988,CUST-001496,kristin.brennan604@hotmail.com,Bronze,Yes,Web,1961-10-10,Male
CRMP-001474,CUST-001201,steven.gordon611@gmail.com,Silver,No,Web,2008-03-12,Male
CRMP-000609,CUST-002313,nicholas.parker506@hotmail.com,Silver,No,Marketplace,1947-08-12,Female
CRMP-001838,CUST-000754,erin.mckinney46@hotmail.com,Silver,Yes,In-Store,1981-05-27,Male
CRMP-001544,CUST-000841,andrew.silva983@gmail.com,Silver,Yes,In-Store,1944-07-10,Female
CRMP-002743,CUST-000895,christina.price645@hotmail.com,Bronze,Yes,Web,1950-07-18,Female
CRMP-000846,CUST-001346,jennifer.mendez166@gmail.com,Gold,No,In-Store,2008-02-03,Female
CRMP-001903,CUST-001772,michael.nunez540@yahoo.com,Silver,Yes,Web,2002-07-20,Female
CRMP-002382,CUST-000932,jay.sullivan9@yahoo.com,Bronze,Yes,Web,1969-02-18,Female
CRMP-000242,CUST-001409,maria.watson521@gmail.com,Bronze,Yes,Web,1972-08-07,female
CRMP-002413,CUST-001975,randy.jacobs866@hotmail.com,Silver,No,Web,1961-06-06,Male
CRMP-002100,CUST-001924,thomas.conway374@hotmail.com,Gold,Yes,Mobile App,1943-11-18,Male
CRMP-002265,CUST-002971,lisa.hart228@hotmail.com,Silver,Yes,Web,1956-01-02,Female
CRMP-000297,CUST-000696,sandra.rodriguez311@gmail.com,Silver,Yes,Mobile App,1951-11-05,Male
CRMP-000301,CUST-000277,amanda.martinez306@gmail.com,Silver,Yes,Mobile App,07/15/1941,Male
CRMP-002355,CUST-002249,ian.weber995@yahoo.com,Bronze,Yes,Mobile App,1982-12-27,Male
CRMP-002127,CUST-001972,chase.kline819@yahoo.com,Silver,Yes,Mobile App,1965-04-10,Male
CRMP-000382,CUST001865,kathleen.wright563@hotmail.com,Gold,Yes,Web,1981-07-19,Male
CRMP-001269,CUST-002681,alyssa.castillo415@hotmail.com,Gold,Yes,Web,2007-07-17,Male
CRMP-001059,CUST-001734,timothy.ward71@yahoo.com,Platinum,Yes,Web,1950-05-30,Non-binary
CRMP-001863,CUST-001890,samantha.campbell808@gmail.com,Gold,Yes,Mobile App,1973-03-19,male
CRMP-000595,CUST-943702,langalejandro@example.org,Bronze,Yes,Mobile App,1954-01-11,Female
CRMP-001878,CUST-000534,sandra.wright519@gmail.com,Platinum,No,Web,1952-03-17,Female
CRMP-002236,CUST001735,gregg.thomas483@gmail.com,Bronze,Yes,In-Store,2005-06-05,Male
CRMP-000621,CUST-001933,melissa.brock221@yahoo.com,Platinum,No,Web,1949-07-19,Female
CRMP-001384,CUST-002969,michael.choi21@hotmail.com,Silver,No,Mobile App,1980-09-25,Female
CRMP-001279,CUST-001620,erica.cummings243@yahoo.com,Gold,Yes,Mobile App,1978-08-21,Male
CRMP-000456,CUST-000410,keith.ibarra166@yahoo.com,Gold,Yes,Web,1958-08-14,Male
CRMP-000470,CUST-000796,marcus.smith224@gmail.com,Silver,Yes,Web,1973-05-18,Prefer not to say
CRMP-000695,CUST-000361,victor.henderson778@yahoo.com,Bronze,No,Web,1975-12-09,Male
CRMP-002301,CUST-000371,bruce.marshall152@yahoo.com,Bronze,No,Mobile App,1959-01-18,Female
CRMP-001732,CUST-001032,jacqueline.campbell788@hotmail.com,Bronze,No,Web,1994-09-17,Female
CRMP-002360,CUST-002747,richard.thompson884@gmail.com,Silver,No,In-Store,1988-11-10,Male
CRMP-000400,CUST-000015,cynthia.allen546@hotmail.com,Bronze,Yes,Mobile App,1967-06-25,Female
CRMP-000184,CUST-001222,kenneth.russo7@hotmail.com,Platinum,Yes,Web,1992-08-16,Male
CRMP-000394,CUST-001327,brooke.martin234@gmail.com,Silver,No,Web,2000-09-01,Non-binary
CRMP-002557,CUST-000437,aaron.harrell210@yahoo.com,Bronze,Yes,Marketplace,1973-09-28,Male
CRMP-001936,CUST001291,victoria.white381@gmail.com,Silver,Yes,Web,1994-09-14,Male
CRMP-000364,CUST-000395,laura.lee548@yahoo.com,Gold,Yes,Mobile App,1969-11-28,male
CRMP-000256,CUST-002953,zachary.rivera823@gmail.com,Silver,No,Mobile App,1986-05-31,Male
CRMP-001572,CUST-002072,sarah.gonzales795@yahoo.com,,No,Mobile App,1971-11-15,Female
CRMP-000765,CUST-000283,ashley.melendez556@gmail.com,Bronze,No,Mobile App,1975-12-20,Female
CRMP-002589,CUST-000039,danielle.jones916@gmail.com,Gold,No,Mobile App,1949-09-13,Female
CRMP-000608,CUST-001541,mary.foster239@gmail.com,Bronze,No,Mobile App,1954-10-10,Female
CRMP-000413,CUST-000498,michael.allison211@gmail.com,Bronze,Yes,Mobile App,1967-03-05,Male
CRMP-000853,CUST-002255,diana.woods385@gmail.com,Platinum,Yes,Mobile App,1969-04-16,Male
CRMP-001550,CUST-001008,james.mcconnell689@hotmail.com,Gold,Yes,Web,1981-07-29,Female
CRMP-000220,CUST-000007,cassie.austin781@hotmail.com,Gold,No,Mobile App,03/27/1947,Male
CRMP-002678,CUST-000621,bobby.campbell651@gmail.com,Gold,Yes,Marketplace,2000-06-19,Female
CRMP-000748,CUST-000111,mary.vaughn972@yahoo.com,Silver,No,Web,2006-01-25,Male
CRMP-002637,CUST-001217,george.charles878@gmail.com,Bronze,Yes,Mobile App,1988-08-25,Female
CRMP-001481,CUST-001112,jeffery.anderson736@hotmail.com,Bronze,Yes,Mobile App,1952-12-21,Male
CRMP-000652,CUST-002926,joe.garcia680@yahoo.com,Silver,Yes,Mobile App,"June 26, 1953",Female
CRMP-000331,CUST-001433,lisa.smith415@yahoo.com,Gold,No,In-Store,"April 20, 1957",Non-binary
CRMP-002750,CUST-001710,jacob.love715@gmail.com,Bronze,Yes,Web,1953-10-14,Male
CRMP-002457,CUST-001230,peter.fitzgerald105@hotmail.com,Bronze,Yes,Web,2004-07-02,Male
CRMP-002570,CUST-002737,larry.glenn604@yahoo.com,Gold,Yes,Mobile App,2005-10-19,Male
CRMP-002327,CUST-950757,qgriffin@example.net,Platinum,Yes,Mobile App,1950-09-27,Male
CRMP-000864,CUST-001658,shawn.mendoza436@gmail.com,Silver,Yes,Mobile App,1979-04-10,Male
CRMP-001543,CUST-002195,jaclyn.huang823@yahoo.com,Platinum,Yes,Mobile App,1989-10-04,Female
CRMP-000665,CUST-001881,david.smith151@gmail.com,Gold,No,Mobile App,1963-07-07,Female
CRMP-002770,CUST-000363,vickie.turner738@yahoo.com,Silver,Yes,Web,1953-06-12,Female
CRMP-000360,CUST-001287,david.edwards640@yahoo.com,Gold,No,In-Store,1999-10-02,Male
CRMP-001591,CUST-000863,alison.contreras605@hotmail.com,Bronze,Yes,Mobile App,1986-07-30,Female
CRMP-002775,CUST-001940,shannon.bradshaw144@gmail.com,Bronze,Yes,Marketplace,1986-07-21,Female
CRMP-000582,cust-001895,DENISE.ROBERTSON925@HOTMAIL.COM,,Yes,Web,1991-04-10,Female
CRMP-002126,CUST-002022,adrian.hawkins694@yahoo.com,Gold,Yes,Mobile App,2000-10-25,Male
CRMP-000705,CUST-000248,kimberly.smith246@yahoo.com,Gold,Yes,Web,1997-02-26,Female
CRMP-001872,CUST-001915,lisa.lyons802@yahoo.com,Bronze,Yes,In-Store,1984-09-06,Female
CRMP-001626,CUST-002338,angela.crane37@hotmail.com,Bronze,Yes,Mobile App,1942-10-06,male
CRMP-002458,CUST-000634,cassandra.levy924@hotmail.com,Bronze,No,Web,2003-04-10,Female
CRMP-001714,CUST-001956,douglas.walker158@yahoo.com,Platinum,Yes,Web,1971-10-29,Female
CRMP-002528,CUST-001886,  mark.holt655@yahoo.com,,No,In-Store,1983-10-18,Female
CRMP-000475,CUST-001305,lori.gilmore786@yahoo.com,Bronze,Yes,Web,1956-04-03,Male
CRMP-000738,CUST-002803,melissa.martin532@hotmail.com,Silver,Yes,In-Store,1961-04-30,Female
CRMP-002124,CUST-000988,natasha.brewer969@hotmail.com,Bronze,Yes,Web,1991-10-29,Male
