customer_id,first_name,last_name,email,phone,signup_date,city,state,country
CUST-000177,Ashley,Huff,ashley.huff130@hotmail.com,789-940-5391,2024-05-13,East Dianaland,PA,United States
CUST-002249,Ian,Weber,ian.weber995@yahoo.com,433-732-7839,2024-03-16,Carrilloshire,IL,United States
CUST-002138,Brett,Baker,brett.baker93@yahoo.com,596-576-5786,2025-07-17,North Oliviamouth,NY,United States
CUST-002754,Ashley,Peck,ashley.peck31@yahoo.com   ,,2026-08-29,,NY,United States
CUST-000334,Christopher,Scott,christopher.scott425@gmail.com,610-326-6421,2026-07-20,Travischester,NC,U.S.A.
CUST-002048,Mary,Nelson,mary.nelson152@hotmail.com,544-950-6095,2025-02-12,South Mariamouth,NY,United States
CUST-002725,Travis,Welch,travis.welch735@gmail.com,451-569-9332,2026-07-28,Russellberg,PA,United States
CUST-000191,Jason,Medina,jason.medina176@gmail.com,884-879-2069,2026-02-03,West Georgeport,PA,US
CUST-001704,Luis,Russell,luis.russell412@hotmail.com,634-541-8299,2025-08-20,East Richardview,PA,United States
CUST-002887,James,Pitts,james.pitts841@hotmail.com,249-969-6608,2024-07-17,New Stevenmouth,NY,United States
CUST-002198,Dale,Arnold,dale.arnold49@hotmail.com   ,936-327-8680,2024-11-30,Wilkersonton,WA,United States
CUST-000389,Brenda,Gregory,brenda.gregory533@gmail.com,388-065-3331,2023-09-18,Jaimefort,OH,United States
CUST-002809,Shannon,Miranda,shannon.miranda151@gmail.com,587-360-8055,2024-09-13,Port Erica,IL,USA
CUST-000712,David,Douglas,david.douglas456@yahoo.com,917-793-2382,23-Aug-2025,East Donna,IL,United States
CUST-000050,Joel,Green,joel.green342@yahoo.com,655-743-1329,2025-08-19,East Danielmouth,TX,U.S.A.
CUST-001584,Ashley,Kennedy,ashley.kennedy232@gmail.com,463-866-4320,2026-01-24,North Sherri,TX,United States
CUST-002071,Zachary,Henry,zachary.henry634@yahoo.com,903-312-2239,2025-09-10,Josephton,WA,United States
CUST-000415,Eric,Howard,eric.howard846@gmail.com,083-708-1647,2026-05-18,New Adamfurt,MI,United States
CUST-001612,Hannah,Fields,hannah.fields34@yahoo.com,502-814-3531,2024-01-26,South Candace,NC,United States
CUST-001479,Bryan,Torres,bryan.torres688@yahoo.com,564-260-1863,2024-08-15,Waltonfurt,TX,United States
CUST-000171,Alexis,Bauer,alexis.bauer722@hotmail.com,163-009-7925,2026-05-25,East Ericland,TX,U.S.A.
CUST-000618,Joseph,Chandler,joseph.chandler27@yahoo.com,047-639-2831,2025-08-15,Davidside,NY,United States
CUST-001690,Kristin,Hill,kristin.hill526@yahoo.com,144-776-1868,2025-01-04,Caldwellview,il,U.S.A.
CUST-002720,Brian,Harrison,brian.harrison46@gmail.com,789-027-6451,2024-05-18,North Gina,AZ,United States
CUST-002395,Brenda,Higgins,brenda.higgins350@gmail.com,176-319-1986,2025-04-28,,TX,United States
CUST-000367,Wayne,Smith,wayne.smith851@hotmail.com,820-433-9718,2026-04-27,Richardton,TX,United States
CUST-002981,Thomas,Walker,thomas.walker859@gmail.com,025-546-4533,2025-12-26,,CA,United States
CUST-001118,Cassandra,Lopez,cassandra.lopez887@gmail.com,965-049-6273,12-Jun-2025,Port Gary,GA,US
CUST-000727,Bobby,Rodriguez,bobby.rodriguez651@hotmail.com,191-135-9966,05-Sep-2025,West Deborahmouth,MI,US
CUST-002320,Carlos,Taylor,carlos.taylor172@gmail.com,779-398-0122,2026-04-05,North Paulville,NY,United States
CUST-001811,Stacey,Long,  stacey.long506@gmail.com,,26-Nov-2025,South Kelliland,OH,United States
CUST-000736,Linda,Baker,linda.baker714@yahoo.com,535-851-2538,2023-11-07,North Tina,AZ,United States
CUST-001717,Danielle,Wilkins,danielle.wilkins900@yahoo.com,326-708-4886,2024-12-30,Davenportmouth,AZ,United States
CUST-000858,Sandra,Martin,sandra.martin779@gmail.com,284-008-3850,2024-09-17,Powellmouth,fl,USA
CUST-000346,Jessica,Harrison,jessica.harrison979@yahoo.com,383-959-7246,2026-06-23,Whitakerstad,FL,US
CUST-001482,Amanda,Herrera,amanda.herrera910@hotmail.com,047-331-4546,2026-06-25,West Gloriaport,TX,United States
CUST-001011,Crystal,Smith,crystal.smith329,403-010-9567,2026-08-27,Richardsonport,OH,United States
CUST-001417,Carlos,Hall,carlos.hall546@hotmail.com,167-156-0587,2025-03-16,West Davidview,IL,USA
CUST-000317,Alan,Yu,alan.yu238@yahoo.com,413-432-7560,2025-12-26,Michellefort,CA,United States
CUST-001481,Cathy,Johnson,cathy.johnson147@hotmail.com,502-551-3444,2023-11-12,Castilloburgh,NC,U.S.A.
CUST-000148,Stephanie,Black,stephanie.black836@gmail.com,434-165-1827,2024-09-30,Michaelshire,mi,US
CUST-002955,Amanda,Holmes,amanda.holmes579@gmail.com,383-127-6078,2025-06-15,East Michael,FL,United States
CUST-000652,Steven,Hopkins,steven.hopkins757@gmail.com,244-123-3613,2024-01-09,Lake Angela,NC,United States
CUST-002953,Zachary,Rivera,zachary.rivera823@gmail.com,692-175-1713,2026-03-01,Gwendolynberg,IL,US
CUST-000122,Laura,Atkinson,laura.atkinson463@yahoo.com,245-088-2100,2025-12-21,Medinaland,NY,United States
CUST-002972,Meagan,Johnston,meagan.johnston798@gmail.com,628-865-8072,2025-10-07,Port Briantown,TX,USA
CUST-000155,Wendy,Atkinson,wendy.atkinson250@hotmail.com,857-448-9061,2024-10-24,,FL,United States
CUST-001999,Jessica,Turner,jessica.turner668@yahoo.com,388-523-7748,2025-12-16,Elliston,TX,United States
CUST-002572,Allen,Mitchell,allen.mitchell560@yahoo.com,,2025-06-09,South Katieville,FL,US
CUST-001733,Gregory,Malone,gregory.malone730@gmail.com,859-747-7656,2024-09-07,Branditon,NC,USA
CUST-002559,Thomas,Lee,thomas.lee180@yahoo.com,309-773-9836,2024-02-22,Jenkinsshire,OH,USA
CUST-002616,Sean,Wallace,sean.wallace974@gmail.com,490-571-7532,2025-12-27,Lake Tyler,NC,US
CUST-002414,Tracy,Mitchell,tracy.mitchell837@gmail.com,967-705-4673,2025-11-04,North Philip,NY,United States
CUST-001865,Kathleen,Wright, kathleen.wright563@hotmail.com ,686-811-1433,2025-11-03,South Jonathanhaven,GA,USA
CUST-002691,Craig,Stewart,craig.stewart202@gmail.com,180-204-0410,2025-08-12,Shaffershire,NY,United States
CUST-001322,Melissa,Roy,melissa.roy990@yahoo.com,294-763-8083,2024-07-13,Lake Raymondmouth,PA,US
CUST-002302,Vincent   ,Flores,vincent.flores643@yahoo.com,808-785-7109,2026-05-30,East Amber,AZ,United States
CUST-002026,Olivia,Burton,olivia.burton441@gmail.com,785-954-1760,2023-10-07,New Jamesville,AZ,United States
CUST-001505,Lori,Baker,lori.baker332@hotmail.com,112-664-9719,2026-05-16,Hayestown,CA,USA
CUST-002229,Ronald,Levine,ronald.levine679@gmail.com,231-456-5181,2026-02-15,South Michael,TX,United States
CUST-000719,Jerry,Valentine,jerry.valentine817@hotmail.com,252-129-3289,2025-08-12,Garrisonview,NY,United States
CUST-002840,Susan,Williams,susan.williams287@hotmail.com,906-954-7356,2024-04-15,Derekmouth,NC,United States
CUST-001973,Katelyn,Clark,katelyn.clark830@yahoo.com,037-811-0570,2026-04-18,Port Melody,NY,US
CUST-001012,Cindy,Wood,cindy.wood413@hotmail,554-623-4712,2025-05-23,Steventown,ca,United States
CUST-001498,Katie   ,Arnold,katie.arnold866,324-367-9241,2025-01-18,Thomasburgh,PA,United States
CUST-002462,Jose,Hernandez,jose.hernandez727@hotmail.com,180-368-9382,2024-08-24,Maryberg,FL,US
CUST-002072,Sarah,Gonzales,sarah.gonzales795@yahoo.com,731-483-6874,2024-10-03,Ruizfort,CA,United States
CUST-002715,David,Ward,david.ward646@yahoo.com,873-209-2254,2025-10-30,Brandonside,AZ,United States
CUST-001750,Summer,Robles,summer.robles340@gmail.com,142-526-1197,2026-07-30,Port Mason,WA,US
CUST-002369,Elizabeth,Morgan,elizabeth.morgan755@gmail.com,700-841-5912,2024-11-16,Douglasshire,GA,United States
CUST-001835,John,Murray,john.murray968_at_yahoo.com,145-031-1802,2026-03-30,Sheltonshire,WA,United States
CUST-000068,Brandon,Armstrong,brandon.armstrong612@yahoo.com,205-061-4973,2024-01-07,North Jamieport,OH,United States
CUST-000184,Kevin,Duncan,kevin.duncan920@hotmail.com,315-727-9194,2023-10-06,Lake Lindseyfurt,NC,United States
CUST-002042,Angela,Cruz,angela.cruz294@hotmail.com,748-066-1126,2026-02-25,Lake Antonio,GA,United States
CUST-000423,Karen,Perez,karen.perez938@hotmail.com,553-380-3396,2024-10-16,Isaiahtown,TX,US
CUST-001398,Elizabeth, Wright ,elizabeth.wright807@hotmail.com,160-770-0409,19-Jun-2026,Port Laurie,MI,United States
CUST-001314,Matthew,Wood,matthew.wood713@gmail.com,405-089-2739,2026-02-22,Harmonmouth,PA,United States
CUST-000689,Tiffany,Bautista,tiffany.bautista582@yahoo.com,058-772-2164,2025-07-14,Port Scottside,OH,US
CUST-000816,Jeremiah,Schneider,jeremiah.schneider435@gmail.com,308-172-1436,2025-08-06,Marciaside,IL,US
CUST-000899,Tracy,Avery,tracy.avery983@yahoo.com,040-672-0078,2023-09-27,Jamesville,PA,United States
CUST-001434,David,Moore,david.moore842@hotmail.com,981-159-4853,2024-03-19,Allenland,WA,United States
CUST-000323,David,Reeves,david.reeves102@gmail.com,447-626-3934,2025-09-15,South Henry,OH,US
CUST-000093,Elaine,Nelson,elaine.nelson23@hotmail.com,261-891-4117,2025-04-17,New James,NC,United States
CUST-001767,Paul,Green,paul.green27@hotmail.com,767-760-0643,2023-12-02,Markshire,il,United States
CUST-000445,Mary,Porter,mary.porter332@yahoo.com,294-209-5481,2023-11-06,Wendyshire,TX,United States
CUST-000589,Victor,Johnson,victor.johnson713@yahoo.com,964-104-9670,2024-09-20,Cruzton,IL,United States
CUST-002290,Austin,Myers,austin.myers832@yahoo.com,633-935-0824,2024-10-21,Lake David,IL,United States
CUST-000261,Bethany,Barnes,bethany.barnes705@hotmail.com,531-531-3636,2025-08-31,North Thomas,MI,United States
CUST-000829,Timothy,Garcia,timothy.garcia929@yahoo.com,881-228-2178,07/31/2024,New Fredchester,NY,USA
CUST-001073,Roy,Cox,roy.cox763@gmail.com,976-093-2012,2023-09-07,Ibarrastad,FL,US
CUST-000835,Zachary,Jenkins,zachary.jenkins522@yahoo.com,963-924-3588,2026-08-30,Jamesmouth,CA,US
CUST-001602,Trevor,Jackson,trevor.jackson812@gmail.com,695-222-3369,2023-09-15,Port David,AZ,United States
CUST-001312,Patricia,Vega,patricia.vega351@gmail.com,713-538-6762,2025-07-21,Cassandraborough,NY,US
CUST-000664,Ashley,Cooley,ashley.cooley987@hotmail.com,883-059-7364,2025-12-26,West Walter,WA,United States
CUST-000252,Tammy,Smith,tammy.smith129@yahoo.com,050-613-8782,2025-05-30,North Benjamin,AZ,United States
CUST-001136,Melissa,Vazquez,melissa.vazquez597@gmail.com,532-366-1850,2023-09-09,Sanderston,OH,United States
CUST-000528,Amy,Compton,amy.compton280@hotmail.com,602-752-3343,2025-01-30,Lake Kimberly,FL,United States
CUST-002999,James,Williams,james.williams764@yahoo.com,056-833-5556,2025-08-14,New Nathan,PA,USA
CUST-000830,  Mary,Ward, mary.ward631@gmail.com ,460-605-6035,2025-03-10,Colebury,WA,United States
CUST-002776,Sheri,  Perez,sheri.perez887@hotmail.com,063-190-5376,2025-12-21,East Jessica,FL,United States
CUST-002634,William,Patel,william.patel731@hotmail.com,068-311-2179,2026-02-04,Carrieside,FL,US
CUST-002588,Michelle,Ward,michelle.ward742@gmail.com,095-425-2750,2025-01-16,Richardside,NY,United States
CUST-001783,Austin,Lam,austin.lam293@hotmail.com,586-639-9287,2025-11-01,Moorehaven,AZ,USA
CUST-002987,Tanya,Torres,tanya.torres737@yahoo.com,688-938-6161,2026-07-10,Trujillofurt,PA,U.S.A.
CUST-001694,Paul,Johnson,paul.johnson964@yahoo.com,473-389-1478,2025-05-26,,PA,US
CUST-002111,Dustin,Villegas,dustin.villegas468@hotmail.com,531-850-0423,2025-07-29,Lake Staceyberg,NY,United States
CUST-002489,John,Rasmussen,john.rasmussen60@gmail.com,573-213-6788,2026-04-12,Phillipsmouth,IL,United States
CUST-001952, Ricardo ,Newman,ricardo.newman757@gmail.com,865-690-4484,2025-10-24,Porterbury,GA,United States
CUST-002963,Bethany,Johnson,bethany.johnson311@gmail.com,888-003-0053,2024-09-21,Medinaside,PA,United States
CUST-000253,Donald,Valdez,donald.valdez732@yahoo.com,903-202-0417,2024-06-27,Port Brittany,PA,USA
CUST-002531,Sean,Fitzgerald,sean.fitzgerald558@yahoo.com,735-078-1072,2026-01-23,,NY,United States
CUST-000406,Danielle,Torres,danielle.torres265@gmail.com,182-097-0231,2024-07-18,Campbellbury,CA,United States
CUST-001516,David,Campbell,david.campbell469@gmail.com,131-535-0696,2025-07-05,South Carl,NC,United States
CUST-001294,Tyler,Garcia,tyler.garcia866@yahoo.com,860-162-5908,2024-08-28,Coreyport,WA,United States
CUST-000950,Katie,Aguirre,katie.aguirre686@yahoo.com,951-434-6823,2026-03-08,,CA,United States
CUST-000288,Juan,Maxwell,juan.maxwell688_at_yahoo.com,521-328-3389,23-Dec-2025,South Stevenland,MI,United States
CUST-000625,Daniel,Collins,daniel.collins800@gmail.com,118-237-9312,"January 10, 2025",Jensenfort,MI,US
CUST-001839,Eric,Fields,eric.fields373@yahoo.com,904-470-8560,2026-02-27,Laurafurt,FL,United States
CUST-002076, Antonio ,Nelson,antonio.nelson984@yahoo.com,312-344-3584,2024-11-23,North Tammyport,NY,United States
CUST-000273,Sarah,Wells,sarah.wells650@yahoo.com,704-310-3856,2024-06-27,Dianamouth,TX,United States
CUST-001548,Emily,Myers,emily.myers129@hotmail   ,870-676-3532,2025-04-06,East Gabriella,IL,United States
CUST-000823,Mark,Rodriguez,mark.rodriguez174@gmail.com,137-730-6260,2025-02-09,Ianmouth,NY,United States
CUST-001553,Kelly,Jordan,kelly.jordan290@gmail.com,,2026-01-25,Clementsstad,OH,United States
CUST-001742,April,Robinson,april.robinson82@yahoo.com,560-170-3961,2024-01-01,North Stevetown,MI,United States
CUST-002619,Tammy,Gonzales,tammy.gonzales727@gmail.com,371-741-9066,2024-04-01,Kylemouth,NY,United States
CUST-002303,Nathan,Williams,nathan.williams365@gmail.com,900-632-5867,2024-12-18,Dyerport,GA,United States
CUST-002368,Karen,Velez,karen.velez883@hotmail.com,496-523-9674,2023-11-23,East Brianbury,MI,USA
CUST-001645,Patricia,Perkins,patricia.perkins38@yahoo.com,990-522-1711,2025-02-23,,TX,United States
CUST-000841,Andrew,Silva,andrew.silva983@gmail.com,263-890-2199,2024-01-16,Lisaville,GA,USA
CUST-000124,Lauren,Phelps,lauren.phelps752_at_hotmail.com,781-414-1397,2026-03-02,Michaelbury,OH,United States
CUST-000168,Heidi   ,Johnson,heidi.johnson918@gmail.com,204-618-7234,"February 18, 2024",Claytonville,TX,United States
CUST-002911,David,Hopkins,david.hopkins504@gmail.com,384-672-6440,2025-02-04,Port Carolynhaven,GA,USA
CUST-000019,Luis,Evans, luis.evans463@hotmail.com ,105-123-8282,2025-10-30,Anitamouth,TX,United States
CUST-002088,Jessica,Horn,jessica.horn713@gmail.com,968-568-8886,2025-02-13,North Sarahhaven,NC,United States
CUST-001917,James,Vasquez,james.vasquez783@hotmail.com,860-566-8803,2025-08-23,Lake Maryfurt,WA,United States
CUST-000517,Haley,Martin,haley.martin589@hotmail.com,659-608-9319,2025-07-14,West Elizabeth,PA,US
CUST-002087,Christine,Moore,christine.moore301@yahoo.com,701-154-9177,2025-04-28,Lake Lindsey,AZ,United States
CUST-000133,Michael,Love,michael.love914@gmail.com,365-177-7392,2024-01-25,Johnsonton,AZ,United States
CUST-000033,Scott,Smith,scott.smith574@yahoo.com,324-241-5415,2024-05-11,North Randy,OH,United States
CUST-001773,Joseph,Zhang,joseph.zhang137@gmail.com,390-984-6856,2025-08-08,Port Ryanshire,FL,United States
CUST-000707,Michael,Bautista,michael.bautista618@gmail.com,643-167-0450,2023-10-18,Port John,MI,US
CUST-002371,Chad,Anderson,chad.anderson588@yahoo.com,204-085-2063,2026-03-22,West Nicole,NY,United States
CUST-002506,Michael,Franco,michael.franco203@yahoo.com,745-861-8058,2026-01-01,New John,NY,United States
CUST-001342,Gary,Torres,gary.torres273@gmail.com,551-962-8222,2026-01-18,Alanville,TX,United States
CUST-000229,Mark,Newman,mark.newman376@gmail.com,132-902-2784,2024-08-13,Gilbertmouth,AZ,United States
CUST-000852,Meghan,Allen,meghan.allen392@hotmail.com,594-737-2132,2023-10-02,North Tonyaberg,WA,United States
CUST-002800,Justin,Smith,justin.smith180@gmail.com,031-518-6175,2024-05-03,Thompsonberg,PA,United States
CUST-001419,Brandy,Flores,brandy.flores952@yahoo.com,191-898-6646,2025-05-16,South Mark,OH,United States
CUST-000259,Donna,Hill,donna.hill730@gmail.com,127-722-0054,2025-06-25,South John,FL,USA
CUST-000822,Steven,  Terry,steven.terry414@yahoo.com,804-918-7274,2025-04-16,North Kelly,IL,United States
CUST-002615,Sarah,Rose,sarah.rose357@yahoo.com,710-665-6024,2026-05-29,East Michael,NY,United States
CUST-000959,William,Dudley,william.dudley807@gmail.com,644-037-3416,2026-05-04,Fergusonberg,OH,USA
CUST-002771,Paul,Trujillo,paul.trujillo93@hotmail.com   ,454-419-8385,2025-04-14,Dudleyshire,AZ,United States
CUST-001454,Lorraine,Hart,lorraine.hart299@yahoo.com,989-062-3272,"June 28, 2026",Lake Thomas,AZ,United States
CUST-000456,Heather,Mills,heather.mills313@yahoo.com,988-310-3032,2024-05-03,Melissaborough,NC,US
CUST-002841,Hailey,Watkins,hailey.watkins838@gmail.com,610-909-8245,2026-06-27,Lake Adrienneview,MI,United States
CUST-000319,Kathleen,Davidson,kathleen.davidson930@gmail.com,720-634-5911,2025-01-05,East Zachary,GA,USA
CUST-001375,Michele,Jackson,michele.jackson770@yahoo.com,662-080-8203,2026-06-10,South Brianburgh,IL,United States
CUST-000025,Denise,Ortiz,denise.ortiz240@yahoo.com,677-219-0340,2026-08-30,Jeffreyport,GA,United States
CUST-000499,Jessica,Horton,jessica.horton287@yahoo.com,501-917-9202,2024-06-09,Donaldbury,OH,United States
CUST-000601,Katrina,Cox,katrina.cox7@yahoo.com,513-765-1588,05/18/2025,,PA,United States
CUST-001508,Thomas,Wade,thomas.wade528@yahoo.com,348-140-9841,2025-01-23,North Michellefort,FL,USA
CUST-002670,Shawn,Henderson,shawn.henderson269@hotmail.com,974-767-6660,2026-07-09,New Davidborough,NC,United States
CUST-001196,Heidi,Martin,heidi.martin848@yahoo.com,633-283-8963,2026-07-19,Port Timothy,OH,USA
CUST-001844,John, Jennings ,john.jennings594@gmail.com,108-965-4612,2026-06-21,Jeremiahton,WA,U.S.A.
CUST-002968,Shelby,Ward,shelby.ward95@hotmail.com,857-283-4638,02/11/2025,South Christophertown,FL,United States
CUST-001172,Jimmy,Robinson,jimmy.robinson516@hotmail.com,202-847-1901,2024-03-20,Robbinsburgh,GA,United States
CUST-001108,Jeanne,Christensen,jeanne.christensen770@yahoo.com,378-931-8692,2024-02-29,Nolanhaven,AZ,United States
CUST-000248,Kimberly,Smith,kimberly.smith246@yahoo.com   ,200-642-5690,2026-02-17,,NC,United States
CUST-002537,Jennifer,Johnson,jennifer.johnson229@gmail.com,299-699-1548,2025-12-27,Port Shelley,IL,United States
CUST-002185,Xavier,Whitehead,xavier.whitehead439@yahoo.com,641-854-1333,2024-04-03,Myerstown,TX,United States
CUST-002251,Stephanie,Terry,stephanie.terry446@yahoo.com,965-371-5573,2024-04-30,North Michaeltown,CA,United States
CUST-000373,Shannon,Smith,shannon.smith111@yahoo.com,942-007-4946,2025-10-30,Meganborough,PA,United States
CUST-002427,Arthur,Gordon,arthur.gordon74@gmail.com,303-606-7787,2025-11-14,New Monicaburgh,NC,United States
CUST-001958, Cathy ,Keller,cathy.keller551@yahoo.com,794-575-9599,2024-08-19,Theresatown,WA,United States
CUST-002860,William,Murphy,william.murphy130@gmail.com,663-700-8894,2025-04-20,New James,TX,United States
CUST-002505,Kayla,Boone,kayla.boone840@gmail.com,724-876-4126,2025-02-18,East Elizabethshire,GA,United States
CUST-000523,Linda, Contreras ,linda.contreras305@yahoo.com,337-861-3715,2024-07-08,Gutierrezfurt,CA,United States
CUST-000757,Tyler,Martinez,tyler.martinez374@gmail.com,771-130-6211,2024-03-01,South Christina,OH,USA
CUST-002905,Omar,Williams,omar.williams367@hotmail.com,012-893-4828,2026-03-06,North Kristyshire,CA,USA
CUST-002612,Stephanie,Lee,stephanie.lee873,171-719-9457,2025-02-07,Brandonville,TX,United States
CUST-000046,Harry,Brock,harry.brock937@gmail.com,617-445-1870,2025-02-21,Jamesshire,TX,United States
CUST-000808,David,Fields,david.fields737@hotmail.com,072-011-3798,2025-08-28,Josephshire,MI,United States
CUST-002816,James,Le,james.le238@hotmail.com,216-298-6042,2026-03-22,Hunterfort,IL,United States
CUST-000716,Sandra,Rogers,sandra.rogers194@gmail.com,457-871-5841,2025-04-16,Ronaldtown,AZ,United States
CUST-000728,Melissa,Berry,melissa.berry128@hotmail.com,066-039-2051,2023-10-06,Samanthatown,WA,United States
CUST-000843,Sean,Hall,sean.hall423@gmail.com,677-269-6084,2025-05-29,,TX,United States
CUST-002073,Jonathan,Stevens,jonathan.stevens511@gmail.com,666-560-0762,2023-11-01,Port Victoria,IL,United States
CUST-001571,Scott,Hernandez,scott.hernandez17@yahoo.com,353-399-8242,2024-05-03,Rossberg,FL,United States
CUST-002337,Leroy,Jones,leroy.jones991@yahoo.com,471-170-6485,2024-09-25,Knighthaven,CA,United States
CUST-002177,Jacob,Carr,jacob.carr694@gmail.com,391-686-7088,2025-07-30,Markfurt,OH,United States
CUST-001309,Steven,Ward,steven.ward300@yahoo.com,783-703-1754,2026-06-06,New Allen,NY,US
CUST-002697,Alexandria,Cook,alexandria.cook825@hotmail.com,966-025-1435,2025-09-06,Port Joshuafort,AZ,United States
CUST-001178,Dale,Bonilla,dale.bonilla767@hotmail.com,452-951-7122,2024-02-07,South Sierra,IL,USA
CUST-001085,Katie,Gutierrez,katie.gutierrez756@hotmail.com,198-273-4813,2025-07-23,North Jonathanton,FL,United States
CUST-002868,Carla,Smith,carla.smith749@gmail.com,648-810-5039,2025-04-12,South Timothyland,TX,U.S.A.
CUST-000118,Rachel,Lee,rachel.lee182@hotmail.com,112-880-1336,2024-10-21,East Amandachester,AZ,USA
CUST-001927,Julia,Lester,julia.lester936@gmail.com,855-717-4905,2024-09-28,Christinafurt,WA,United States
CUST-001677,Michelle,Villarreal,michelle.villarreal893@hotmail.com,576-264-8163,2026-09-03,Ashleychester,CA,United States
CUST-000492,Paul,Gomez,paul.gomez816@yahoo.com   ,361-721-3145,2025-05-18,New Matthewstad,GA,United States
CUST-000291,James,Johnson,james.johnson582@hotmail.com,890-714-0140,2024-09-07,Port Davidborough,IL,United States
CUST-000629,Robert,Smith,robert.smith961@gmail.com,644-859-5922,2025-06-29,Alexandraborough,NC,USA
CUST-001976,Michelle,Jones,michelle.jones114@hotmail.com,086-332-3430,2023-10-05,Morganside,IL,U.S.A.
CUST-002209,Jessica,Cook,jessica.cook954@hotmail.com,400-381-8036,2024-04-08,Amystad,PA,United States
CUST-002818,Patrick,Evans,patrick.evans856@gmail.com,352-888-9908,2026-09-02,Farmerhaven,TX,United States
CUST-000421,Wesley,Bush,wesley.bush941@gmail.com,309-143-6391,2024-03-27,East Nicholasport,CA,USA
CUST-000955,Lauren,Reese,lauren.reese451@yahoo.com,760-299-1406,2023-12-08,Carlosborough,NC,US
CUST-000930,Victoria,Carter,victoria.carter350@gmail.com,335-384-9516,2026-08-07,Port Donald,FL,United States
CUST-002357,Renee,Castillo,renee.castillo262@hotmail.com,986-832-1208,2025-10-17,Onealview,OH,US
CUST-000577,Ricky,Payne,ricky.payne914@gmail.com,528-733-9785,2026-05-16,Christineside,TX,United States
CUST-001088,Patricia,Galvan,patricia.galvan766@hotmail.com,384-253-6462,2024-10-24,West Matthewmouth,WA,United States
CUST-000396,John,Soto,john.soto296@yahoo.com,289-731-7912,2024-10-20,Potterhaven,NY,United States
CUST-000872,Eric,Miller,eric.miller407@hotmail.com,121-722-1455,2025-08-10,Lake Timothy,CA,U.S.A.
CUST-001446,Natalie,Taylor,natalie.taylor194@yahoo.com,528-413-5694,2023-09-10,West Louiston,TX,U.S.A.
CUST-001248,Darlene,Coleman,darlene.coleman930@hotmail.com,811-640-3439,2025-08-22,New Trevorside,MI,United States
CUST-002742,Sandra,Day,sandra.day395@yahoo.com,371-268-8704,2026-07-17,West Kristinmouth,WA,United States
CUST-000688,Travis,Thompson,travis.thompson415@hotmail.com,784-448-3548,2024-11-02,Connieville,AZ,United States
CUST-001593,Tiffany,Davis,tiffany.davis27@hotmail.com,142-693-7650,2026-08-18,South Lisachester,CA,United States
CUST-000699,Nathaniel,Knight,nathaniel.knight721@gmail.com,858-749-5119,2024-03-22,New Kimberlyside,PA,US
CUST-002049,Jose,Ross,jose.ross214@hotmail.com,839-859-0742,2026-05-31,Christianberg,OH,United States
CUST-000740, Sophia ,Thomas,sophia.thomas99@hotmail.com,950-905-9119,2023-10-07,New Robertburgh,IL,United States
CUST-002723,Michael,Flores,michael.flores282@yahoo.com,013-524-7117,2025-07-23,Chambersstad,AZ,United States
CUST-000063,Antonio,Guzman,antonio.guzman786@hotmail.com,391-725-1355,2023-12-23,Lake Nicole,CA,United States
CUST-002794,Robert,Nguyen,robert.nguyen208@hotmail.com,423-159-6378,2025-12-10,Port Jeffreyland,PA,United States
CUST-001697,Alan,Kelly,alan.kelly241@yahoo.com,346-581-5398,2024-11-28,Danaville,AZ,United States
CUST-001192,Jay,Kaufman,jay.kaufman436@yahoo.com,789-117-9726,2025-05-15,Barbarahaven,TX,United States
CUST-002757,Victor,Henry,victor.henry88@yahoo.com,116-028-5953,2023-12-08,Cooperside,IL,United States
CUST-001298,Mary,Williams,mary.williams817@yahoo.com,810-248-0855,2026-05-21,Camachohaven,FL,US
CUST-001130,Brandon,Crawford,brandon.crawford351@hotmail.com,208-652-3777,2023-12-23,New Russell,CA,United States
CUST-000706,Robert,Clark,robert.clark540@gmail.com,857-481-7006,2026-07-01,Rossville,NC,U.S.A.
CUST-000244,Gina,Bell,  gina.bell477@hotmail.com,443-009-1093,2024-08-03,Lake Susanland,IL,United States
CUST-000597,Joel,Nguyen,joel.nguyen184@yahoo.com,616-420-5955,2024-07-04,Merrittstad,MI,U.S.A.
CUST-000316,Andrew,Rasmussen,andrew.rasmussen266@hotmail.com,003-486-4518,2026-02-21,Port Scott,AZ,USA
CUST-001387,Sarah,Thomas,sarah.thomas219@hotmail.com,143-049-1341,2024-04-03,East Zacharyshire,MI,United States
CUST-001145,Sarah,Davis,sarah.davis84@hotmail,693-957-8752,2025-12-20,South Lindaberg,NY,United States
CUST-000780,Jeanette,Simpson,jeanette.simpson628@hotmail.com,274-907-2801,2026-02-01,East Jose,OH,US
CUST-000586,Whitney,Anderson,whitney.anderson423@yahoo.com,711-148-3753,2024-04-21,Marquezstad,WA,USA
CUST-000303,Tara,Jensen,tara.jensen285@yahoo.com,450-090-2559,2024-10-21,Port Patriciamouth,AZ,USA
CUST-001288,Megan,Jacobs,megan.jacobs370@yahoo.com,254-920-6441,2026-02-01,North Ellenfort,PA,United States
CUST-001404,Angela,Hoffman,angela.hoffman639@yahoo.com,263-211-9604,2023-10-26,Lindseyburgh,FL,USA
CUST-000235,Ashley,Bush,ashley.bush158@gmail.com,971-284-7818,2023-12-19,East Thomasland,TX,United States
CUST-001329,Daniel,  Dyer,daniel.dyer209@gmail.com,545-036-9888,2024-05-18,Heatherborough,WA,United States
CUST-002162,Kristin,Fuentes,kristin.fuentes42@gmail.com,186-801-0936,2025-01-06,New Debrashire,OH,United States
CUST-000216,Lauren,Barron,lauren.barron967@yahoo.com,124-056-8299,2025-07-17,Lopezville,AZ,USA
CUST-001094,Antonio,Campbell,antonio.campbell227@yahoo.com,173-279-8059,2025-09-27,Dawnbury,NC,United States
CUST-002082,Danny,Glenn,danny.glenn526@gmail.com,111-391-5480,2024-03-17,Justinborough,MI,United States
CUST-001426,Michelle,Murphy,michelle.murphy622@yahoo.com,526-075-6999,2024-07-31,East Andreabury,WA,United States
CUST-002967,Melissa,Torres,melissa.torres853,638-987-4955,2026-08-04,North Chelseabury,FL,United States
CUST-000521,Ronald,Dickson,ronald.dickson826@yahoo.com,127-652-8928,2026-08-07,Jameschester,TX,United States
CUST-000962,Gregory,Maldonado,gregory.maldonado920@yahoo.com,605-397-0798,2026-06-27,Powellville,IL,United States
CUST-002447,Kathryn,Garcia,kathryn.garcia472@gmail.com,,2025-02-01,Port Pedro,IL,United States
CUST-002068,Frances,Cox,frances.cox143@gmail.com,349-729-6970,2025-11-14,North Karenborough,PA,United States
CUST-002102,Raymond   ,Davis,raymond.davis846@gmail.com,912-377-4599,2025-12-31,Susanville,TX,United States
CUST-001143,Kristen,Beck,kristen.beck309@gmail.com,975-615-4705,2024-04-23,Johnland,NY,United States
CUST-000678,Robin,Pope,robin.pope730@gmail.com,415-177-3454,2025-03-05,Riveramouth,mi,United States
CUST-002482,Robert,Sanders,robert.sanders65@yahoo.com,752-707-1279,2025-06-17,,IL,United States
CUST-002892,Deborah,Wood,deborah.wood183@gmail.com,413-677-7679,2025-04-04,Lindaborough,il,US
CUST-002799,Brendan,Costa,  brendan.costa677@yahoo.com,,"February 24, 2025",Jacquelineburgh,MI,United States
CUST-002264,  Brian,Rasmussen,brian.rasmussen48@yahoo.com,931-645-9824,2026-01-08,South Amy,GA,United States
CUST-002240,Michael,Pearson,michael.pearson646@yahoo.com,609-121-0407,"March 23, 2024",,NC,U.S.A.
CUST-001592,Charles,Clayton,charles.clayton814@gmail.com,058-330-9673,2026-06-23,Montgomeryport,IL,United States
CUST-000457,Susan,Guzman,susan.guzman772@gmail.com,954-296-1844,2024-09-07,Santosburgh,MI,U.S.A.
CUST-002646,Tracey,Kim,tracey.kim739@hotmail.com,381-133-7049,2026-07-11,Randallport,FL,United States
CUST-000545,Melissa,Neal,melissa.neal106@gmail.com,703-037-6371,2025-06-20,Jasonshire,IL,United States
CUST-001270,Adriana,Tate,adriana.tate330@hotmail.com,114-160-0916,2024-12-18,Port Jimmy,CA,United States
CUST-000264,Stephanie,Whitehead,stephanie.whitehead501@hotmail.com,,2026-06-17,Alexischester,AZ,U.S.A.
CUST-001061,Wayne,Guerrero,wayne.guerrero335@hotmail.com,699-969-8829,2026-07-01,West Victoriamouth,FL,United States
CUST-001843,Tabitha,Jones,tabitha.jones91@yahoo.com,032-675-3180,"December 30, 2024",Tracyfurt,NY,United States
CUST-001975,Randy,Jacobs,randy.jacobs866@hotmail.com,233-700-7158,2024-01-07,Port Anthonyfort,MI,United States
CUST-002126,Christopher,Shaw,christopher.shaw274@hotmail.com,043-171-5578,2023-12-31,Katieland,WA,United States
CUST-000345,Allison,Henderson,allison.henderson961@yahoo.com,814-671-7957,2025-06-18,Smithport,NC,United States
CUST-001469,Misty   ,Kelly,misty.kelly737@yahoo.com,572-927-3186,2024-02-29,Lake Benjamin,FL,United States
CUST-001762,Andrea,Hicks,andrea.hicks841@yahoo.com,480-293-3583,2025-07-23,Jamesland,TX,United States
CUST-000744,Tamara,Rice,tamara.rice597@gmail.com,564-099-5123,2024-03-20,,AZ,United States
CUST-002361,Matthew,Porter,matthew.porter418,,2025-10-30,North Miguelborough,IL,United States
CUST-000755,Courtney,Foster,courtney.foster532@hotmail.com,723-111-2712,2026-04-04,Garyview,NY,USA
CUST-000505,Brandon,Edwards,brandon.edwards414@yahoo.com,054-683-5652,2025-07-12,West Richardhaven,GA,United States
CUST-000819,Bobby,Henry,bobby.henry652@gmail.com,755-047-6816,2026-02-07,Stacyfort,WA,US
CUST-001217,George,  Charles,george.charles878@gmail.com,835-071-2455,2025-07-26,North Gabriel,OH,United States
CUST-002814,Eric,Jackson,eric.jackson342@gmail.com,834-644-2996,2023-10-28,East Aprilmouth,GA,USA
CUST-002554,Kristen,Lowery,kristen.lowery857@gmail.com,898-755-7983,2024-10-31,Lake Jacob,TX,United States
CUST-001422,Ryan,Allen,ryan.allen543@gmail.com,297-323-9644,2024-03-13,East Mistyberg,IL,United States
CUST-000391,Tyler,Mora,tyler.mora291@hotmail.com,337-933-7563,2026-01-14,Lopeztown,FL,US
CUST-000441,Ethan,Hickman,ethan.hickman384@yahoo.com,434-712-8715,2024-03-21,New Katie,WA,United States
CUST-000715,Ashley,Webb,ashley.webb568@yahoo.com,396-737-9487,2024-10-14,Lake Joshuahaven,NC,United States
CUST-002793,Kathy,Boyd,kathy.boyd738@gmail.com   ,408-282-4649,2025-06-25,,GA,U.S.A.
CUST-001365,Amy,Morales,amy.morales160@hotmail.com,706-632-0162,2026-01-25,,WA,US
CUST-002768,Brett,Brown,brett.brown413@gmail.com,709-506-2632,2025-04-09,Sullivanview,MI,USA
CUST-000409,Stephen,Harris,stephen.harris91@gmail.com,716-938-5977,2024-10-20,Johnstonland,MI,United States
CUST-000360,Christopher,Coleman,christopher.coleman427@gmail,,2026-06-04,Wigginsshire,OH,U.S.A.
CUST-000364,Michael,Harrell,michael.harrell52@yahoo.com,794-975-6792,2023-12-27,New Dana,NY,United States
CUST-002739,Adam,Payne,adam.payne920@yahoo.com,448-789-0483,2023-12-04,West Robert,NY,United States
CUST-002100,Sergio,Rios,sergio.rios672@yahoo.com,789-350-5260,2026-03-29,Port Tanner,NY,United States
CUST-002358,Julie,Williamson,julie.williamson439@yahoo.com,250-796-6997,2023-10-12,Frankton,PA,United States
CUST-000036,Darlene,Byrd,darlene.byrd981@gmail.com,890-927-5326,"February 15, 2025",Heathland,NY,United States
CUST-000579,Mark,Walker,mark.walker510@yahoo.com,465-124-1893,2025-02-07,Reginaldton,CA,United States
CUST-000201,Ronald,Parsons,ronald.parsons13@hotmail.com,656-999-8808,2026-01-07,South Stephenton,fl,US
CUST-001607,Crystal,Bond,crystal.bond969@yahoo.com,366-485-3207,2025-05-20,Diazfort,NC,United States
CUST-000906,Paula,Hall,paula.hall995@gmail.com,376-811-8723,2024-12-02,East Nathan,NY,United States
CUST-000238,  William,York,william.york946@yahoo.com,429-444-0192,2023-12-25,Lake Sean,FL,United States
CUST-001122,Amanda,Walker,amanda.walker468@yahoo.com,303-115-8760,2025-08-15,Tinaview,WA,United States
CUST-002275,Alexis,Hale,alexis.hale126@gmail.com,320-448-4567,2026-03-13,Jonesview,GA,United States
CUST-002458,Deborah,Robertson,deborah.robertson871@gmail.com,504-871-5905,2024-10-22,New Davidborough,FL,USA
CUST-000280,Theresa,Foster,theresa.foster994_at_yahoo.com,599-805-6265,2025-08-24,Watsonport,OH,United States
CUST-000223,Philip,Bush,philip.bush16@hotmail.com,795-453-8179,2025-02-12,North Lisa,FL,USA
CUST-002133,Brittney,Curtis,brittney.curtis927@hotmail.com,187-744-9924,05/11/2024,Foxland,GA,United States
CUST-001626,Eric,Wheeler,eric.wheeler122@gmail.com,691-573-7671,2023-11-26,West Derrickhaven,az,United States
CUST-000772,Sarah,Richards,sarah.richards339@gmail.com,,2026-05-07,New Kevin,WA,United States
CUST-001234,Karen,Sweeney,karen.sweeney898@gmail.com,193-978-1459,2026-07-31,Port Andrewshire,NC,United States
CUST-001851,Joe,Vang,joe.vang745@gmail.com,946-248-7238,2024-12-29,Meganfurt,MI,United States
CUST-002375,Anthony,Allen,anthony.allen395@yahoo.com,,2024-11-22,Collinsstad,MI,United States
CUST-000667,Sarah,Smith,  sarah.smith215@yahoo.com,557-277-3826,2023-12-11,Richardshire,PA,U.S.A.
CUST-002044,Amber,Nolan,amber.nolan297@hotmail.com,239-933-0255,2024-03-31,Carpenterberg,PA,United States
CUST-002862,Gabriela,Johnson,gabriela.johnson308@hotmail.com,244-628-8261,2025-01-13,Harrisfurt,CA,US
CUST-002761,Jennifer,Mcintyre,jennifer.mcintyre633@yahoo.com,283-419-0671,2024-11-24,North Candacemouth,IL,United States
CUST-001882,Heather,Anderson,heather.anderson404@hotmail.com,058-837-7435,2025-12-22,Jodyport,TX,United States
CUST-002195,Jaclyn,Huang,jaclyn.huang823@yahoo.com,721-075-2400,2023-12-15,Port Jeffery,GA,United States
CUST-001316,Max,Moore,max.moore992@gmail.com,903-842-2736,2024-03-28,South Jessica,CA,United States
CUST-001025,Donna,Hopkins,donna.hopkins536@hotmail.com,418-135-9989,2023-10-16,Lesterville,TX,United States
CUST-001299,Anthony,Jackson,anthony.jackson496@yahoo.com,432-362-2169,2024-06-27,Port Victoriafurt,TX,United States
CUST-000436,Sarah,Kennedy,sarah.kennedy431@yahoo.com,965-555-3566,2025-04-01,West Morganville,GA,United States
CUST-000991,Patrick,Sandoval,patrick.sandoval945@gmail.com,160-827-1721,2025-06-27,Mcdanielborough,MI,United States
CUST-000395,Laura,Lee,laura.lee548@yahoo.com,559-630-9938,"April 01, 2024",Kristinemouth,NC,United States
CUST-002826,Alec,Cooper,alec.cooper983@gmail.com,001-792-5136,2024-08-08,East James,MI,United States
CUST-002836,Antonio,Costa,antonio.costa968@gmail.com,926-775-0461,2026-07-16,Hollandberg,OH,US
CUST-002575,Cindy,Rivera,cindy.rivera583@hotmail.com,580-363-8364,2024-02-09,Taylorburgh,MI,United States
CUST-002705,Bradley,Thomas,bradley.thomas755@gmail.com,698-142-0768,2025-11-30,South Deniseton,NY,USA
CUST-000865,Heidi   ,Wagner,heidi.wagner749@yahoo.com,,2025-12-08,Port Leeton,CA,United States
CUST-000092,Desiree,Smith,desiree.smith116@hotmail.com,167-618-4723,2025-08-24,West Robertville,PA,United States
CUST-001666,Emily,Hunt,  emily.hunt68@gmail.com,463-348-8933,2024-10-06,Jasonstad,AZ,United States
CUST-002258,Sarah,Williams,sarah.williams591@hotmail.com,867-587-5585,2025-11-20,New Matthewville,TX,United States
CUST-002256,Jimmy,Jones,jimmy.jones751@yahoo.com,998-751-7579,2024-08-21,East Garytown,OH,United States
CUST-000647,William,  Gallegos,william.gallegos350@yahoo.com,183-437-4018,2024-09-04,South Donald,PA,United States
CUST-001974,Cheryl,Heath,cheryl.heath322@gmail.com,066-700-5994,2023-09-14,Sloanfurt,NY,United States
CUST-000485, Joseph ,Anderson,joseph.anderson372@hotmail.com,450-053-4240,2025-01-27,Lake Juliefurt,PA,United States
CUST-000615,Natalie,Pittman,natalie.pittman839@yahoo.com,776-958-7413,2026-01-18,Port Kathrynchester,AZ,United States
CUST-000796,Marcus,Smith,marcus.smith224@gmail.com,587-525-6806,2025-03-21,Randallmouth,NY,United States
CUST-002364,Laura   ,Miller,laura.miller709@gmail.com,842-622-6441,2024-08-05,Port Davidview,NC,United States
CUST-001680,Patricia,Hughes,patricia.hughes564@yahoo.com,203-634-4439,2026-01-20,Richardfurt,GA,United States
CUST-001934,Timothy,Kelley,timothy.kelley278@yahoo.com,721-461-7275,2025-11-15,Port Josephberg,PA,United States
CUST-002966,Sean,Roberson,sean.roberson114@hotmail.com,272-929-4286,2026-06-18,West Amanda,AZ,United States
CUST-001718,Norman,Guerrero,norman.guerrero747@hotmail.com,258-228-2801,2025-02-14,East John,CA,United States
CUST-001488, Alexander ,Johnson,alexander.johnson934@gmail.com,302-865-5052,2023-12-09,West Joyce,PA,USA
CUST-000299,Tracy,Hall,tracy.hall170@gmail.com,010-170-2695,2024-05-18,West Christy,GA,United States
CUST-000217,Michelle,Walton,michelle.walton845@hotmail.com,504-617-3574,2025-11-18,New Kevin,GA,USA
CUST-002649,Juan,Olson,juan.olson282@hotmail.com,258-753-7156,2024-04-11,Craigbury,AZ,United States
CUST-002202,David,Jones,david.jones509@hotmail.com,059-519-4845,2026-05-23,Kaitlinburgh,CA,United States
CUST-000308,Ashley,Schmidt,ashley.schmidt154@yahoo.com,351-484-6853,2026-01-16,Moraleshaven,FL,USA
CUST-000079,Sean,Horne,sean.horne119@yahoo.com,985-524-1406,2024-07-27,East Melissaborough,FL,United States
CUST-000086,Kelly,York,kelly.york634@yahoo.com,099-917-3816,2026-04-09,Robertberg,FL,United States
CUST-002171,Courtney,Sanchez,courtney.sanchez894@hotmail.com,783-056-8287,2025-04-29,Jessemouth,TX,United States
CUST-001701,Curtis,Franklin,  curtis.franklin850@yahoo.com,973-091-2185,2025-01-22,South Rebecca,CA,USA
CUST-002350,Michael,Martin,michael.martin237@gmail.com,164-792-4642,2024-06-26,Thompsonmouth,PA,USA
CUST-001053,Brandon,Spencer,brandon.spencer226@hotmail.com,254-824-2183,2026-07-13,Nataliestad,OH,USA
CUST-002059,Steven,Davenport,steven.davenport867@hotmail.com,824-021-1682,2025-08-16,North Jay,OH,US
CUST-002051,Cassandra,Humphrey,cassandra.humphrey439@yahoo.com,301-647-2861,2026-08-04,Haysfurt,FL,United States
CUST-001020,Brenda,Stephens,brenda.stephens978@hotmail.com,194-905-3152,2023-11-06,West Cherylhaven,OH,USA
CUST-000905,Colleen,Zamora,colleen.zamora52_at_yahoo.com,055-738-5736,2026-01-12,,WA,United States
CUST-001147,Jennifer,Bullock,jennifer.bullock586@hotmail.com,678-976-0987,2025-02-23,North Frederick,OH,United States
CUST-001339,Travis,Reynolds,travis.reynolds122@hotmail.com,693-332-9986,2026-07-22,Codyton,IL,USA
CUST-000008,Donna,Miller,donna.miller545@hotmail.com,431-142-6265,2024-02-12,Danieltown,IL,United States
CUST-002469,  Tiffany,Rogers   ,tiffany.rogers780@yahoo.com,,2026-04-25,Harrisfurt,WA,USA
CUST-002872,Caleb,Johnston,caleb.johnston863@yahoo.com,701-412-8044,2024-09-14,Garciaburgh,NC,US
CUST-000089,Stephanie, Mcclain ,stephanie.mcclain299@hotmail.com,300-335-4216,2025-12-13,Garyton,IL,U.S.A.
CUST-002166,Lisa,Richard   ,lisa.richard940@gmail.com,563-974-8925,2024-02-29,North Tylerville,TX,US
CUST-001521,Christopher,Trevino,christopher.trevino897@hotmail.com,413-068-6240,2026-06-13,Stricklandville,WA,US
CUST-000199,Grace,Howard,grace.howard722@hotmail.com,728-975-2677,2026-06-26,East James,NC,United States
CUST-000062,Jasmine,Hoffman,jasmine.hoffman628@hotmail.com,539-264-4220,2026-09-04,Rosalesshire,TX,United States
CUST-002179,Michael,Skinner,michael.skinner858@gmail.com,101-818-8969,2026-04-13,East Susanshire,AZ,United States
CUST-001155,Micheal,Rodriguez,micheal.rodriguez293@hotmail.com,276-364-3159,2026-08-24,Sabrinaside,OH,US
CUST-001117,Ashley,Brock,ashley.brock445@yahoo.com,504-944-4076,2024-11-03,Pettyport,TX,US
CUST-001106,Corey,Pope,corey.pope721@hotmail.com,215-818-9705,2024-01-28,South Danielville,AZ,United States
CUST-001414, Kathleen ,Sanders,kathleen.sanders57@yahoo.com,229-521-7970,2025-03-29,Hollyfurt,IL,United States
CUST-001084,Lisa,Thomas,lisa.thomas860@hotmail.com,876-989-3652,2026-05-04,Joshuafort,MI,United States
CUST-001977,Kimberly,  Carter,kimberly.carter631@hotmail.com,888-392-3759,2024-10-07,Port Beckyburgh,AZ,USA
CUST-001183,Carla,Stewart,carla.stewart112@gmail.com,427-775-2259,2025-06-03,North Robert,OH,United States
CUST-002436,Stephanie,Bright,stephanie.bright349@hotmail.com,703-854-7872,2026-03-16,,IL,United States
CUST-000329,Diane,Yates,diane.yates779@gmail.com,320-320-7427,2024-01-08,Wilsonfort,MI,United States
CUST-001810,Mark,Fuentes,mark.fuentes840@yahoo.com,155-587-0940,2025-11-28,Edwinport,FL,U.S.A.
CUST-001366,Bonnie,Wang,bonnie.wang898@hotmail.com,919-827-1826,2025-01-27,Tammyborough,CA,United States
CUST-000944,Maria,May,maria.may527@hotmail.com,718-428-5969,2024-08-21,,TX,United States
CUST-001711,Jose,Barnes,jose.barnes283@yahoo.com,474-769-5090,2025-07-13,,MI,United States
CUST-000904,Robert,Peterson,robert.peterson609@yahoo.com,321-464-4936,2023-11-29,Codyfort,CA,United States
CUST-000381,Melissa,Morris,melissa.morris863@yahoo.com,418-775-8030,2024-05-08,Samanthaside,GA,United States
CUST-001814,Emily,Salas,emily.salas775@hotmail.com,563-520-0761,2025-03-24,Bobberg,MI,United States
CUST-002674,Jonathan,Campbell,jonathan.campbell697@hotmail.com,998-575-2563,2024-05-11,Greenview,GA,USA
CUST-001933,Melissa,Brock,melissa.brock221@yahoo.com,,"February 12, 2024",South Susan,AZ,United States
CUST-002035,Kristina,Mckinney,kristina.mckinney815@hotmail.com,,2025-03-13,East Nathan,MI,United States
CUST-000278,Tara,Webster,tara.webster939@hotmail.com,297-517-0281,2024-06-17,Angelbury,CA,United States
CUST-001514,Mary,Stevens,mary.stevens389@hotmail.com,452-719-3678,2025-10-30,Travisport,FL,US
CUST-002539,Caleb,Hamilton,caleb.hamilton398@hotmail.com,841-577-1291,2025-05-10,Geraldstad,IL,United States
CUST-002498,Cathy,Smith,cathy.smith661@hotmail.com,808-140-3340,2025-09-18,Virginiaside,OH,United States
CUST-001655,Johnathan,Hall,johnathan.hall471@yahoo.com,630-930-7968,2024-12-28,Kimberlyton,OH,United States
CUST-000239,Lindsey,Green,lindsey.green614@hotmail.com,372-805-1292,2025-11-12,Mullinschester,IL,United States
CUST-001390,Cindy,Green,cindy.green102@hotmail.com,629-805-6820,2025-04-04,South Donnabury,FL,United States
CUST-000125,Craig,Harvey,craig.harvey119@gmail.com,577-594-9299,2025-07-02,Lindseychester,WA,United States
CUST-000889,Heather,Cabrera,heather.cabrera937@gmail.com,456-185-1744,2025-11-28,Johnsonport,GA,United States
CUST-002267,Eric,Wright,eric.wright611@gmail.com,857-895-9153,03-May-2026,Lake Kevin,OH,United States
CUST-000922,Robert,Salinas,robert.salinas974@hotmail.com,355-054-2960,2025-09-17,Lake Terrychester,TX,US
CUST-000221,Joseph,Moore,joseph.moore86@gmail.com,,2024-08-20,Donaldport,MI,United States
CUST-002152,Jesse,Soto,jesse.soto187@yahoo.com,484-951-6570,2025-08-04,Perkinsborough,AZ,United States
CUST-001333,Patrick,Larson,patrick.larson183@yahoo.com,193-759-1922,2025-02-13,Griffinbury,IL,USA
CUST-000475,Jacob, Bond ,jacob.bond574@hotmail.com,231-260-4326,2024-07-12,New Jameston,MI,United States
CUST-001826,Stephanie,Moses,stephanie.moses762@yahoo.com,550-054-9080,2023-12-17,New Melanie,FL,United States
CUST-001727,Nicholas,Ibarra,nicholas.ibarra639@yahoo.com,671-554-4605,2025-11-06,New Eric,CA,United States
CUST-000343,Darren,Barrera,darren.barrera962@hotmail.com,777-079-3349,2026-04-25,Williamstown,OH,United States
CUST-002885,Scott,Sullivan,scott.sullivan643@hotmail.com,244-569-7918,2024-09-17,West Jasonfurt,WA,USA
CUST-000543,Charles, Murphy , charles.murphy935@hotmail.com ,642-297-1252,2024-03-21,,AZ,USA
CUST-001465,Jose,Collins,jose.collins475@hotmail.com,831-141-4701,2023-11-26,East Tiffany,WA,United States
CUST-000503,Lawrence,May,lawrence.may787@yahoo.com,205-634-1115,2024-02-21,Anthonyport,OH,United States
CUST-000388,William,Pearson,william.pearson493@yahoo.com,498-227-4954,2025-12-05,Tarahaven,CA,US
CUST-000970,Mary,Anderson,mary.anderson694@hotmail.com,937-085-8062,2023-09-10,West Brett,NY,United States
CUST-000573,Barbara,Pennington,barbara.pennington935@hotmail.com,842-599-5996,2024-01-15,North Anthonyburgh,WA,United States
CUST-001483,Betty,Gonzalez,betty.gonzalez113@yahoo.com,114-978-8795,2025-11-24,North Dennis,FL,United States
CUST-002104,Megan,Cox,megan.cox231@gmail.com,640-707-8384,2025-01-16,Schmidtview,NY,United States
CUST-000685,Stephen,Williams,stephen.williams574@hotmail.com,484-131-2840,2024-08-13,East John,NY,United States
CUST-000380,David,Mahoney,david.mahoney482@gmail.com,843-089-4870,2024-11-21,Davidsonton,CA,United States
CUST-002584,Justin,Cooper,justin.cooper501@hotmail.com,829-694-5419,2025-09-16,Port Jeffreymouth,WA,USA
CUST-002506,Michael,Franco,michael.franco203@yahoo.com,745-861-8058,2026-01-01,New John,NY,United States
CUST-000180,Nicole,Jackson,nicole.jackson517@gmail.com,868-528-9755,"September 06, 2023",Meganchester,IL,United States
CUST-000982,William,Sparks,william.sparks637@yahoo.com,874-422-7585,2025-08-11,Ambermouth,PA,United States
CUST-000748,Laura,Williams,laura.williams902@gmail.com,791-815-8998,2026-01-29,Shermanborough,IL,United States
CUST-000570,Peter,Wolfe,peter.wolfe210@gmail.com,766-204-7196,"September 10, 2025",New Kevinmouth,CA,United States
CUST-000023,Kevin,White,kevin.white767@hotmail.com,286-692-9662,2024-07-10,Reidburgh,NC,USA
CUST-001748,James,Saunders,james.saunders369@hotmail.com,007-356-5826,2026-02-22,New Grantmouth,TX,USA
CUST-000682,Michelle,Washington,michelle.washington789@gmail.com,872-760-1534,2025-12-20,East Edward,OH,United States
CUST-001845,Paul,Roberts,paul.roberts605@gmail.com,474-867-9486,2026-08-26,Williamhaven,OH,United States
CUST-002544,Alicia,Williams,alicia.williams517@hotmail.com,756-450-5810,2024-11-25,Alyssaville,NC,United States
CUST-002758,Trevor,Stewart,trevor.stewart357@hotmail.com,204-155-2823,2023-12-22,Port Michellefurt,TX,U.S.A.
CUST-002460,Todd,King,todd.king586@hotmail.com,003-456-8848,2026-02-20,Riverafort,AZ,United States
CUST-001877,Jerry,Thornton,jerry.thornton756@gmail.com,424-375-3916,2024-05-03,Port Sue,IL,USA
CUST-002137,Jeremy,Clark,jeremy.clark128@yahoo.com,840-613-8674,2026-07-25,Tylerbury,NC,US
CUST-000866,Ryan,Briggs,ryan.briggs416@gmail.com,670-551-4377,2025-02-21,Chapmanfurt,AZ,United States
CUST-000287,Kathy,George,kathy.george331@gmail.com,855-445-1895,2026-06-15,North Derrick,IL,USA
CUST-000035,Lisa,Mcneil,lisa.mcneil602@yahoo.com,271-361-1155,2025-06-23,Derrickberg,CA,United States
CUST-002686,Olivia,Moreno,olivia.moreno595@yahoo.com,637-734-8503,2024-08-14,Port Tinaburgh,TX,U.S.A.
CUST-001861,Jason,Miller,jason.miller166@hotmail.com,641-761-3023,"January 29, 2024",Greenville,OH,United States
CUST-001780,Jon,Blackwell,jon.blackwell511@hotmail.com,548-753-1198,2024-01-24,West Garrettstad,OH,United States
CUST-001445,Kimberly,Ramirez,kimberly.ramirez398@gmail.com,349-096-1979,2026-03-19,Parrishshire,TX,United States
CUST-002149,Robert,Thomas,robert.thomas207@yahoo.com,555-267-2036,2026-04-02,Burgessberg,IL,United States
CUST-002947,Raymond,Stanley,raymond.stanley321_at_gmail.com,098-051-8343,2026-01-26,Lisaborough,PA,USA
CUST-001423,Marco,Hines,marco.hines757@yahoo.com,769-924-2773,2025-08-12,East Jennifer,NY,United States
CUST-000814,Cynthia,Garner,cynthia.garner156_at_hotmail.com,236-161-8808,2024-01-18,,WA,United States
CUST-002543,Melissa,Porter,melissa.porter856@yahoo.com,455-072-8310,2023-11-10,New Stacyton,AZ,United States
CUST-001944,Peter,Nielsen,peter.nielsen577@hotmail.com,842-882-8470,2024-01-26,Ericbury,AZ,USA
CUST-002483,Jason,Bernard,jason.bernard211@gmail.com,642-729-9043,2024-04-28,South Rebekahchester,NY,United States
CUST-000561,  Sarah,Wright,sarah.wright224@hotmail.com,666-144-9429,2026-04-05,Sheltonmouth,OH,United States
CUST-001942,Heidi,Evans,heidi.evans467@hotmail.com,858-663-5654,2024-04-21,New Sarahburgh,ga,United States
CUST-002693,Lauren,Stewart,lauren.stewart272@gmail.com,935-311-0158,2025-04-08,Mikemouth,NY,USA
CUST-002347,Christopher,Ross,christopher.ross425@gmail.com,452-636-2886,2025-01-26,East James,GA,US
CUST-001335,Jacqueline,Zamora,jacqueline.zamora738@yahoo.com,173-009-9284,2025-09-02,Nancyview,PA,United States
CUST-001800,  Christopher,Bernard,christopher.bernard311@hotmail.com,015-273-1172,2024-02-13,South Lance,AZ,United States
CUST-000653,Kimberly,Smith,kimberly.smith526@gmail.com,517-863-7673,2024-04-07,South Davidberg,NC,US
CUST-000353,Rachael,Crane,rachael.crane2@hotmail.com,507-208-1155,2026-07-12,Holdenburgh,FL,United States
CUST-002592,Tara,Bowman,tara.bowman588@yahoo.com,492-944-9931,2024-01-22,South Tracy,CA,United States
CUST-001894,Julia,Taylor,julia.taylor195@hotmail.com,543-475-9160,2026-08-17,Johnshire,AZ,United States
CUST-002339,David,Brown,david.brown39@gmail.com,145-676-7761,2024-02-03,Davidshire,TX,United States
CUST-001486,Amanda,Jackson,amanda.jackson255@gmail.com,078-187-1096,2026-06-01,Rodneyberg,IL,United States
CUST-000552,Jocelyn,Phelps,jocelyn.phelps454@hotmail.com,325-122-5720,2024-12-16,Pattersontown,NC,USA
CUST-000290, Jeffrey ,Vincent,jeffrey.vincent120@gmail.com,342-321-6110,2024-01-28,Toddton,MI,United States
CUST-000794,Rodney,Cardenas,rodney.cardenas431@gmail.com,443-240-0615,2024-02-16,Parsonsberg,WA,United States
CUST-001410,David,Martin,david.martin255@hotmail.com,302-520-9452,2024-09-06,Port Sherri,IL,US
CUST-001849,Jesse,Wade,jesse.wade283@hotmail.com,496-552-3917,03/18/2026,Port Jasonbury,FL,United States
CUST-000430,Lisa,Mccoy,lisa.mccoy645@hotmail.com,024-972-4399,2024-02-26,North Darryl,WA,United States
CUST-001943,Courtney,Pierce,courtney.pierce284@hotmail.com,252-128-8669,2025-07-16,West Maryview,AZ,United States
CUST-002924,Andrea,Johnson,andrea.johnson703@gmail.com,075-204-6907,2024-09-11,Jaredtown,AZ,United States
CUST-000824,Michelle   ,Silva,michelle.silva238@yahoo.com,371-122-2990,2023-10-20,Crawfordchester,FL,USA
CUST-001755,Rhonda,Smith,rhonda.smith611@gmail.com,876-477-0906,2025-01-20,Grahamside,GA,United States
CUST-002919,Jasmine,Ayers,jasmine.ayers908@hotmail.com,628-497-5657,2026-08-21,Port Tracey,MI,United States
CUST-002262,Emily,Neal,emily.neal957@hotmail.com,858-574-9110,2024-07-06,Brewerchester,nc,US
CUST-000088,Kathleen,Jackson,kathleen.jackson181@gmail.com,712-966-6676,2024-05-28,North Amandastad,TX,United States
CUST-001904,Anthony,Hughes,anthony.hughes453@yahoo.com,685-304-5555,2026-04-11,Brentchester,OH,United States
CUST-002127,Connie,Riley   ,connie.riley153@hotmail.com,336-860-9316,2026-07-14,New Barbarahaven,NY,United States
CUST-001345,Bernard,Ortiz,bernard.ortiz171@gmail.com,450-956-3217,05/10/2025,Deborahtown,FL,United States
CUST-002160,Janet,Solis,janet.solis21@yahoo.com,525-935-7076,29-Mar-2025,Adamview,MI,United States
CUST-001561,Melinda,Bowers,melinda.bowers650@hotmail.com,630-112-2008,"June 24, 2025",Wesleyview,TX,United States
CUST-000148,Stephanie,Black,stephanie.black836@gmail.com,434-165-1827,2024-09-30,Michaelshire,mi,US
CUST-002022,Adrian,Hawkins,adrian.hawkins694@yahoo.com,546-565-3170,2025-12-29,Robinsonton,TX,US
CUST-000551,Philip,Garcia,philip.garcia366@hotmail.com,473-235-4940,"February 06, 2026",East Wesleyfort,CA,United States
CUST-000129,Elaine,Charles,elaine.charles840@hotmail.com,282-722-9927,2024-08-11,Billyfort,NC,United States
CUST-000837,Stephen,Peterson,stephen.peterson537@yahoo.com,914-168-6013,2026-01-16,Sarahmouth,NC,United States
CUST-001888,Christopher,Price,christopher.price469@hotmail.com,958-970-1522,2024-03-27,Port Jamiefurt,NC,United States
CUST-000694,Angela,Stevenson,angela.stevenson204@gmail.com,987-411-3257,2026-07-11,Craneton,GA,United States
CUST-000103,Pamela,Hart,pamela.hart933@hotmail.com,755-037-5899,2023-10-25,Moranstad,CA,United States
CUST-000478,Michael,Torres,michael.torres37@gmail.com,082-555-9895,2024-12-23,Lake Joshua,AZ,US
CUST-001949,Brian,Rivera,brian.rivera742@yahoo.com,859-730-2732,2025-06-11,New Maxwell,FL,United States
CUST-002918,Gabrielle,Perkins,gabrielle.perkins621@gmail.com,343-292-6205,2024-09-16,Kaylastad,PA,United States
CUST-002820,Eileen,Mitchell,eileen.mitchell490_at_yahoo.com,372-132-6776,"September 20, 2024",Port Angie,CA,United States
CUST-000831,Kaitlyn,Anderson,kaitlyn.anderson85@hotmail.com,,2024-10-11,South Carlland,TX,United States
CUST-002952,Jeffrey,Smith,jeffrey.smith702@gmail.com,,2026-01-12,Kirkfurt,TX,USA
CUST-000987,Traci,Padilla,traci.padilla131@yahoo.com,431-832-8123,2026-05-03,East Jamesberg,GA,United States
CUST-002292,Patricia,Brown,patricia.brown945@yahoo.com,843-507-4509,2024-07-29,Lake Michelle,MI,U.S.A.
CUST-001180,Gina,Green,gina.green888@hotmail.com,633-083-3444,2025-08-15,Wileytown,AZ,United States
CUST-001190,Timothy,Decker,timothy.decker574@hotmail.com,566-464-1962,2026-05-01,West Donna,TX,United States
CUST-002547,Ricky,Perez,ricky.perez834@yahoo.com,922-628-1915,2025-07-24,East Jefferyport,WA,United States
CUST-001653,Patricia,Rodriguez,patricia.rodriguez85@yahoo.com,192-581-4762,2025-12-02,Port Jacquelineburgh,GA,United States
CUST-002680,Brandi,Smith,brandi.smith651@hotmail.com,725-925-0169,2026-08-13,West Ronaldfort,WA,USA
CUST-000091,Jeremy,Acosta,jeremy.acosta844@gmail.com,309-821-5064,2024-05-16,New Virginiaville,MI,US
CUST-001460,Amy,Aguirre,amy.aguirre876@gmail.com,298-861-8207,2026-03-08,South Paulton,CA,USA
CUST-001090,Jessica,Smith,jessica.smith964@gmail.com,855-107-4091,2024-03-27,North Stephanie,FL,U.S.A.
CUST-000941,Darrell,Torres,darrell.torres175@hotmail.com,087-354-3788,2026-04-04,South Brandon,PA,United States
CUST-000643,Larry,Castro,larry.castro379_at_gmail.com,579-197-1112,2024-11-05,East Lonnietown,AZ,US
CUST-000045,Patrick,Hernandez,patrick.hernandez716@gmail.com,863-536-5419,2025-03-16,Davidton,TX,United States
CUST-001169,James,Anderson,james.anderson211@gmail.com,930-202-5691,2024-04-29,East Natalie,MI,United States
CUST-002417,  Zachary,Torres,zachary.torres41@gmail.com,461-597-0001,2023-11-07,North Shannonhaven,GA,USA
CUST-001984, Michele ,Rich,michele.rich423@gmail.com,189-260-5554,2024-02-25,Mataview,IL,United States
CUST-000882,David,Curry,david.curry291@yahoo.com,244-626-3251,2026-08-13,Kyleside,NY,United States
CUST-000595,Jordan,Simpson,jordan.simpson852@gmail.com,229-031-0287,2026-05-11,Bobbybury,TX,United States
CUST-000804,James,Hudson,james.hudson342@hotmail.com,439-457-0394,2024-10-29,New Andrew,AZ,United States
CUST-001960,Jeffrey,Cooper,jeffrey.cooper387@gmail.com,525-207-8821,2025-01-13,Santosville,OH,United States
CUST-001848,Marilyn,Haney,marilyn.haney238@yahoo.com,902-144-4155,2024-03-24,Westbury,NC,United States
CUST-000330,Billy,Kelly,billy.kelly709@hotmail,877-712-1513,2024-06-20,Henryburgh,OH,United States
CUST-000525,Mary,Stone,mary.stone938@hotmail.com,955-296-3863,2025-07-06,Pooleshire,MI,United States
CUST-001123,Mitchell,Owens,mitchell.owens664@hotmail.com,694-757-6945,2026-01-09,West Tammy,wa,United States
CUST-000003,Laura,Miller,laura.miller202@yahoo.com,793-341-0166,2023-10-14,Tranton,TX,U.S.A.
CUST-000782,Jeffery,King,jeffery.king441@yahoo.com,380-442-1017,2025-02-26,Raventon,MI,US
CUST-002173,Richard,Bond   ,richard.bond537@hotmail.com,345-173-9222,2024-03-06,North Scott,GA,US
CUST-000985,Chad,Smith   ,chad.smith523@yahoo.com,708-368-2144,2024-09-02,Melissahaven,IL,United States
CUST-001673,Lauren,Green,lauren.green698@hotmail.com,715-675-6650,2024-06-04,Chasehaven,PA,United States
CUST-000658,Kevin,Green,kevin.green616@hotmail,197-857-5851,2024-04-30,South Amanda,CA,United States
CUST-000825,Andrew,Warren,andrew.warren212@hotmail.com,581-670-4686,2025-10-12,North Christopherstad,MI,USA
CUST-001963,Felicia,Allen,felicia.allen66@hotmail.com,124-402-9363,2025-02-07,Dawntown,NY,United States
CUST-002439,Alyssa,Nielsen,alyssa.nielsen792@gmail.com,140-035-6303,2025-11-05,New Edward,NY,United States
CUST-000414,Donald,Hoover   ,donald.hoover52@gmail.com,209-124-1862,2024-01-27,Lake Kathrynview,OH,United States
CUST-002004,Brittney,Chambers,brittney.chambers66@hotmail.com,674-876-2965,2024-09-15,Port Thomasport,IL,United States
CUST-001902,Charles,Barnes,charles.barnes77@yahoo.com,459-476-1218,2024-09-08,Lake Carla,FL,United States
CUST-002387,Jeffrey,Evans,jeffrey.evans647@hotmail.com,,2023-11-24,South Michael,CA,United States
CUST-000613,Derrick,Bennett,derrick.bennett777@gmail.com,347-272-7423,2025-08-27,New Mercedesborough,NY,US
CUST-001093,Alex,Heath,alex.heath925@hotmail.com,015-153-2594,2026-08-25,Schultzmouth,PA,United States
CUST-001513,Natalie,Patton,natalie.patton175@gmail.com,940-247-0288,2025-08-10,West Christopherberg,fl,United States
CUST-001241,Lori,Allen,lori.allen381@yahoo.com,925-511-6436,2026-04-25,,PA,United States
CUST-001856,John,Anderson   ,john.anderson715@hotmail.com,186-692-5529,2024-03-22,West Andrewburgh,MI,USA
CUST-000232,Patrick,Gardner,patrick.gardner248@hotmail.com,272-386-5624,2026-05-13,East Alexander,AZ,United States
CUST-000106,David,Snow,david.snow926@yahoo.com,982-708-0869,"October 25, 2024",Glassburgh,GA,United States
CUST-000417,Maria,Jackson,maria.jackson525@gmail.com,068-155-8393,2024-11-08,Mcmillanville,WA,United States
CUST-000587,Kimberly,Carter,kimberly.carter587@hotmail.com,384-588-1056,2023-10-13,Ramirezborough,FL,USA
CUST-001461,Morgan,Williams,morgan.williams777@hotmail.com,237-298-2689,2025-01-20,East Joshua,AZ,United States
CUST-002092,John,Simpson,john.simpson880@hotmail.com,084-896-5394,10/17/2025,Nataliebury,ga,United States
CUST-000087,Derrick,Gonzalez,derrick.gonzalez904@yahoo,972-521-7525,2026-05-19,North Shannonborough,FL,US
CUST-001745,Michael,Gonzalez,michael.gonzalez790@yahoo.com,735-589-6070,2025-10-12,Andersonside,NY,United States
CUST-002932,Stephen,Drake,stephen.drake287@gmail.com,847-980-1170,2025-03-17,Katrinaview,OH,USA
CUST-002406,Charles,Martinez,charles.martinez179@hotmail.com,777-649-1361,2025-05-09,Vincentmouth,PA,United States
CUST-002182,Matthew,King,matthew.king929@yahoo.com,922-394-0717,2025-10-08,Lake Kenneth,OH,U.S.A.
CUST-002995,Erin,Smith,erin.smith534@hotmail.com,633-564-1629,2024-04-27,Johnsonburgh,AZ,United States
CUST-002136,Caleb,Merritt,caleb.merritt507@hotmail.com,822-923-2468,2026-04-06,Taylorton,AZ,United States
CUST-000870,Charles,Salazar,charles.salazar547@gmail.com,179-428-1793,2025-03-05,Antoniomouth,PA,USA
CUST-001131,Evelyn,Russell,evelyn.russell989@gmail.com,701-400-5278,2024-11-08,,GA,U.S.A.
CUST-000630,Leah,Crane,leah.crane691@yahoo.com,894-773-5228,2026-01-04,Smithchester,PA,U.S.A.
CUST-000384,Christine,Duran,christine.duran932@hotmail.com,791-100-6512,2026-09-02,Port Scottport,NY,United States
CUST-002902,Jessica,Navarro,jessica.navarro684@hotmail.com,616-338-6381,2023-11-06,North Sheena,NC,United States
CUST-000709,Sharon,Sanford,sharon.sanford300@hotmail.com,251-207-3465,2026-05-31,Christytown,PA,United States
CUST-000196,Tara,Browning,tara.browning877@yahoo.com,782-329-8324,2025-12-11,South Wendy,OH,United States
CUST-002023,Edward,Phelps   ,edward.phelps750@gmail.com,273-663-2567,2025-11-02,Lake Janet,IL,United States
CUST-001709,Roberta,Adams,roberta.adams435@yahoo.com,972-438-7129,2024-02-17,Christophermouth,OH,USA
CUST-000980,Austin,Gomez,austin.gomez67@yahoo.com,698-198-7809,2024-11-18,Port Timothy,MI,United States
CUST-002246,Andrew,Lewis,andrew.lewis996@gmail.com,627-617-6404,2025-07-09,West Jessicafurt,PA,US
CUST-001457,Brittney,Jones,  brittney.jones516_at_hotmail.com,890-737-8159,2023-09-29,West Troyton,PA,United States
CUST-000365,Kathleen,Contreras,kathleen.contreras983@gmail.com,519-966-3658,2023-09-20,,IL,United States
CUST-000793,Sue,Washington,sue.washington821@yahoo.com,983-399-1403,2025-10-06,Johnfurt,OH,US
CUST-002786,Steven,Huff,steven.huff62@gmail.com,534-289-0781,2024-08-16,Hernandezborough,TX,United States
CUST-002597,Regina,Ward,regina.ward742@gmail.com,415-910-6608,2023-11-02,Mathisbury,TX,United States
CUST-001137,Andrea,Stevens,andrea.stevens446@hotmail.com,269-718-2360,2024-11-18,North Travisberg,NC,USA
CUST-002760,Dustin   ,Park,dustin.park442@yahoo.com,,2023-10-25,Daisyfurt,TX,United States
CUST-002222,Shannon,Crosby,shannon.crosby154@hotmail.com,967-788-8922,2023-12-17,Port Saraton,MI,US
CUST-001552,Robert,Hudson,robert.hudson55@yahoo.com,382-011-4065,2026-03-05,Lake Ronnie,AZ,USA
CUST-000081,Jennifer,Fletcher,jennifer.fletcher321@yahoo.com,665-743-7489,2024-10-24,Silvatown,TX,US
CUST-001437,Carlos,Boyd,carlos.boyd17@yahoo.com,134-956-4799,2023-12-21,Petermouth,CA,United States
CUST-002074,Melissa,Wilson,melissa.wilson60@gmail.com,821-938-6827,2026-06-06,Kathrynberg,CA,United States
CUST-000377,Emily,Gomez,emily.gomez597@yahoo.com,956-201-7537,2023-12-21,East Juliaview,NY,United States
CUST-002215,Jennifer,Owen,jennifer.owen143@hotmail.com,898-787-7677,2026-02-11,Michelleborough,NY,United States
CUST-000763,Shawn,Suarez,shawn.suarez170@gmail.com,242-642-5064,2025-01-02,North Steve,ga,United States
CUST-001887,Daniel, Lopez , daniel.lopez400@yahoo.com ,983-045-7627,2026-04-23,Markville,GA,USA
CUST-002687,Morgan,Wells,morgan.wells822@gmail.com,179-316-2505,2024-08-11,Jameschester,CA,United States
CUST-000260,Christina,Wu,  christina.wu901@yahoo.com,010-822-0781,2025-06-05,East Jennifershire,CA,USA
CUST-000039,Danielle,Jones,danielle.jones916@gmail.com,552-696-5827,2024-08-05,North Brendatown,FL,United States
CUST-000812,Jessica,Fernandez,jessica.fernandez728@yahoo.com,562-965-7542,2025-01-18,Lowechester,NC,United States
CUST-001569,Zachary,Price,zachary.price571@hotmail.com,611-997-6759,2025-11-02,Lake James,MI,United States
CUST-001519,Daniel,Mooney,daniel.mooney717@hotmail.com,567-563-5584,2024-03-01,Port Veronica,OH,United States
CUST-002413,Scott,Phillips,scott.phillips979@yahoo.com   ,836-567-0719,2026-03-29,West Richardmouth,WA,United States
CUST-001632,Glenn,Wise,glenn.wise298@hotmail.com,316-816-3603,2024-01-10,Lake Shawnafort,CA,United States
CUST-002767,Kyle,Hernandez,kyle.hernandez813@hotmail.com,815-447-8893,2025-06-20,Reidmouth,PA,United States
CUST-000931,Curtis,Davis,curtis.davis638@hotmail.com,787-180-9339,2023-11-28,Lake Erikafort,PA,U.S.A.
CUST-000981,Joseph,Anderson,joseph.anderson937@hotmail.com,885-622-5866,2026-09-02,West Michelleshire,OH,United States
CUST-001453,Jason,Levy,jason.levy482@hotmail.com,151-817-8824,2024-02-23,South Madeline,WA,United States
CUST-002433,Julie,Yoder,julie.yoder858@yahoo.com   ,333-892-3495,2025-05-08,West Kayla,OH,United States
CUST-001922,Robert,Santiago,robert.santiago514@yahoo.com,110-900-7017,2025-06-17,Anthonyburgh,OH,United States
CUST-002389,Adriana,Romero,adriana.romero488@yahoo.com,571-556-6166,2026-01-25,Tinashire,IL,United States
CUST-001953,Jared,Dawson,jared.dawson105@hotmail.com,124-895-5877,2025-04-08,North Donnachester,WA,United States
CUST-002877,Tamara,Wagner,tamara.wagner292_at_yahoo.com,188-374-4892,2023-12-04,Port Christine,nc,USA
CUST-000850,Patty,Young,patty.young453@gmail.com,911-142-8178,2025-10-07,Jenniferberg,AZ,USA
CUST-000371,Bruce,Marshall,bruce.marshall152@yahoo.com,170-630-4891,2025-12-19,Port Angela,CA,United States
CUST-001738,Joseph,Burch, joseph.burch375@hotmail.com ,741-685-5739,2024-06-01,Edwardberg,PA,United States
CUST-002466,Alexander,Huber,alexander.huber529@yahoo.com,395-260-8853,2024-05-27,New Linda,NC,United States
CUST-001767,Paul,Green,paul.green27@hotmail.com,767-760-0643,2023-12-02,Markshire,il,United States
CUST-000342,Heather,Lopez,heather.lopez554@gmail.com,372-368-3147,2023-11-06,South Robert,CA,United States
CUST-002367,Mark,Jackson,mark.jackson124@yahoo.com,846-790-1752,"November 20, 2023",Port Timothy,WA,United States
CUST-002339,David,Brown,david.brown39@gmail.com,145-676-7761,2024-02-03,Davidshire,TX,United States
CUST-001416,Katherine,Winters,katherine.winters130@yahoo.com,023-515-8501,2026-06-03,Stephanietown,NY,United States
CUST-001470,Annette,  Davis,annette.davis913@hotmail.com,542-332-4165,2023-12-13,New Michaelview,NY,United States
CUST-000164, Stacey ,Woods,stacey.woods202@gmail.com,,2024-10-19,Fosterburgh,NC,United States
CUST-002803,Melissa,Martin,melissa.martin532@hotmail.com,239-554-3448,2024-02-28,North John,PA,United States
CUST-002218,Angela,Jennings,angela.jennings745@yahoo.com,964-031-5758,2026-01-09,Christineshire,PA,United States
CUST-001924,Thomas,Conway,thomas.conway374@hotmail.com,747-539-6597,2024-07-12,Jonathanburgh,GA,USA
CUST-000362,  Antonio,Moore,antonio.moore140@hotmail.com,519-611-5940,2025-08-16,North Nathan,CA,U.S.A.
CUST-002984,Melissa,Cox,melissa.cox75@hotmail.com,559-422-9813,2025-11-27,Lake Edward,NC,United States
CUST-002170,David,James,david.james795@yahoo.com,191-969-9335,"November 18, 2025",Lake Benjamin,PA,USA
CUST-001834,Lisa, Foley ,lisa.foley339@yahoo.com,442-022-4824,2026-06-21,Leeland,NY,United States
CUST-000948,Maria,Merritt,maria.merritt975@yahoo.com,129-965-0826,2025-07-24,Amyberg,FL,United States
CUST-000868,Edward,Patterson,edward.patterson524@gmail.com,200-720-2455,2026-01-07,North Frederickport,MI,USA
CUST-002751,Jesse,Diaz,jesse.diaz848@hotmail.com,600-126-6460,2023-11-15,Joneston,ny,United States
CUST-001177,Bobby,Terry,bobby.terry734@hotmail.com,869-017-0740,2025-07-20,New Edward,NY,United States
CUST-000482,Joy,Sanders,joy.sanders361@hotmail.com,881-278-6866,2026-06-27,Jamietown,TX,United States
CUST-001082,Megan,Blackwell,megan.blackwell970@gmail.com,152-610-5370,2026-04-30,East Bradley,WA,United States
CUST-001504,Marie,Martin,marie.martin656@hotmail.com,456-339-1729,2026-05-02,Alexanderfurt,OH,United States
CUST-002741,Kenneth,Flores,kenneth.flores758@hotmail.com,,2025-08-24,,CA,United States
CUST-000257,Heather,Harris,heather.harris821@hotmail.com,487-632-9092,2025-07-06,Salazarland,CA,United States
CUST-000936,Alyssa,Cooper   ,alyssa.cooper225@gmail.com,926-322-3998,2024-01-16,North John,FL,United States
CUST-002153,Dustin,Rodriguez,dustin.rodriguez726,302-426-4685,2025-04-04,,CA,United States
CUST-001259,Tyler,Lopez,  tyler.lopez360@gmail.com,454-617-1928,2024-05-08,South Marymouth,tx,United States
CUST-002511,Justin,Gibson,justin.gibson595@yahoo.com,341-439-1032,2026-08-18,Lake Isabella,AZ,USA
CUST-001855,Kevin,Clark,kevin.clark814@hotmail.com,897-014-5570,2025-01-28,New Jennifer,IL,USA
CUST-001684,Shelley,Combs,shelley.combs586@hotmail.com,529-537-7403,2025-05-14,Pricechester,GA,United States
CUST-000224,Samantha,Mcdonald,samantha.mcdonald522@yahoo.com,477-332-9456,2023-10-08,Lake Samantha,AZ,United States
CUST-002205,Sherri,Rogers,sherri.rogers371@gmail.com,417-372-2342,2025-11-04,Clinefort,MI,United States
CUST-001256,Heather,Jackson,heather.jackson879@gmail.com,009-536-6219,2024-11-25,Jamesside,IL,United States
CUST-002846,Justin,Ramirez,justin.ramirez252@yahoo.com,764-785-6250,2024-11-06,Sandraton,pa,United States
CUST-002223,Stanley,Taylor,stanley.taylor561@hotmail.com,040-947-1124,2024-12-29,Garciamouth,TX,United States
CUST-001096,Natalie,Patterson,natalie.patterson939@hotmail.com,941-184-9135,2023-10-20,New Michael,TX,United States
CUST-002323,Brooke,Simmons,brooke.simmons349@gmail.com,012-959-0317,2025-01-14,Reidfurt,FL,U.S.A.
CUST-000546,Kathleen,Palmer,kathleen.palmer699@yahoo.com,472-812-3567,2026-07-04,Port Ricardo,NY,United States
CUST-002623,Melissa,Jones,melissa.jones985@yahoo.com,434-241-1475,2024-07-01,Donnachester,IL,United States
CUST-002438,Jacob,Allen,jacob.allen707@hotmail.com,418-545-5418,2025-11-02,West Amber,PA,United States
CUST-001633,Veronica,Rodgers,veronica.rodgers839@hotmail.com,078-947-6720,2024-11-01,North Michaelland,WA,United States
CUST-000729,Jessica,Atkinson,jessica.atkinson471@yahoo.com,555-347-0574,2025-12-21,East Angela,NY,United States
CUST-001449,Cheryl,Pitts   ,cheryl.pitts392@yahoo.com,342-031-9777,2024-03-25,Amandamouth,AZ,United States
CUST-000207,Amy,Smith,amy.smith623@yahoo.com,339-776-7199,2024-07-31,East Nicoleview,tx,US
CUST-002556,Justin,Morris,justin.morris349@hotmail.com,193-442-4627,2026-08-22,East Jacobbury,NY,United States
CUST-002399,Jamie,Leon,jamie.leon998@gmail.com,,2024-11-13,Lake Meganshire,NY,United States
CUST-001247, Shawn ,Nelson,shawn.nelson193@yahoo.com,513-587-2717,2024-08-31,Pamelatown,CA,US
CUST-000971,Joseph,Johnson,joseph.johnson864@yahoo.com,669-579-0012,2025-06-01,Rachelburgh,NY,United States
CUST-000964,George,Walker,george.walker105@yahoo.com,521-650-5871,2024-05-06,Richardberg,WA,USA
CUST-002835,Donald,Jackson,donald.jackson352@gmail.com,651-988-9060,2026-03-22,Port Tommystad,OH,USA
CUST-001327,Brooke,Martin,brooke.martin234@gmail.com,543-904-4890,2025-10-24,East Rachel,NC,USA
CUST-002084,Margaret,Padilla,margaret.padilla712@gmail.com,499-157-3806,2025-07-15,Austinshire,CA,United States
CUST-002407,Robert,Reed,robert.reed864@hotmail.com,226-195-4902,2025-04-07,Annaview,PA,US
CUST-001522,Natalie,Smith,natalie.smith672@hotmail.com,668-904-1728,2026-01-09,North Thomas,NC,United States
CUST-000509,Amy,Novak,amy.novak91@gmail.com,717-524-2149,2026-04-04,Michaelland,GA,USA
CUST-002217,Thomas,Williams,thomas.williams800@yahoo.com,194-558-6817,2025-09-01,West Daniel,NC,United States
CUST-002440,Thomas,Nguyen,thomas.nguyen321@yahoo.com,,2025-12-10,Claytonhaven,WA,United States
CUST-002903,Douglas,Lloyd,douglas.lloyd615@gmail.com,498-640-9466,2023-12-28,Lisaview,PA,USA
CUST-000121,Sarah,Rodriguez,sarah.rodriguez288@hotmail.com,491-476-6072,2026-01-25,East Julie,NC,USA
CUST-002921,Scott,Morse,scott.morse273@hotmail.com,095-728-3978,2026-09-03,,WA,United States
CUST-001743,Donna,Williams,donna.williams547@gmail.com,706-794-9078,2024-06-07,Haynesburgh,GA,USA
CUST-000016,Jacqueline,Burnett,jacqueline.burnett921@hotmail.com,113-529-0965,2024-01-29,Rodriguezville,GA,U.S.A.
CUST-000282,Christopher,Clark,christopher.clark839@yahoo.com,851-961-0646,2024-01-01,New Steven,MI,United States
CUST-001713,Travis,Romero,travis.romero346@hotmail.com,765-699-3136,2025-05-20,South Deborahberg,TX,United States
CUST-002886,Michelle,Hester,michelle.hester814@yahoo.com,755-460-6834,2024-10-06,South Andrew,NC,US
CUST-001343,Amanda,Gomez,amanda.gomez664@hotmail.com,624-728-6394,2025-03-27,Lake Alexander,FL,USA
CUST-000413,Melissa,Sanders,melissa.sanders975@gmail.com,412-577-7118,2023-11-23,Lake Stephanie,MI,United States
CUST-002527,Mark,Blackburn,  mark.blackburn488@yahoo.com,577-773-4265,2025-10-04,Morrisborough,PA,United States
CUST-002514,Dawn,Griffin,dawn.griffin788@hotmail.com,795-334-2253,2025-09-27,New David,IL,United States
CUST-001681,Julie,Higgins,julie.higgins861@gmail.com,181-233-5761,2026-07-09,Kleinton,FL,United States
CUST-001200,Margaret,Jackson,margaret.jackson503@hotmail.com,881-431-9279,2026-05-06,Huberville,TX,United States
CUST-002965,Sheila,Harris,sheila.harris643@hotmail.com,976-621-5415,2026-01-08,New Victoriaton,MI,United States
CUST-002465,Alexandra,Stevens,alexandra.stevens321@gmail.com,481-353-7642,2025-09-21,Port Christina,GA,United States
CUST-002669,Robert,Scott,robert.scott332@hotmail.com,737-805-3425,2023-12-11,New Coryside,GA,United States
CUST-000677,Michael,Moran, michael.moran69@hotmail.com ,761-124-9125,"September 15, 2023",Douglasberg,FL,United States
CUST-002959,Thomas,Taylor,thomas.taylor645@yahoo.com,715-685-3909,2025-01-30,Lake Shannonview,NC,USA
CUST-002516,Adriana,Wiley,adriana.wiley110@gmail.com,114-846-0363,2024-09-22,New Margaret,CA,US
CUST-000024,Angela,Burns,angela.burns841@gmail.com,,2026-06-11,Maynardhaven,WA,United States
CUST-001406,Christopher,Christensen,christopher.christensen22@yahoo.com,619-953-9467,2025-04-03,Cuevasberg,CA,US
CUST-002914,Kim,Ford,kim.ford473@yahoo.com,918-505-8240,2024-07-31,Emilymouth,GA,United States
CUST-001841,Stacey,Hernandez,stacey.hernandez62@yahoo.com,794-074-0337,2024-04-12,Jonathanshire,GA,United States
CUST-001871,Dale,Diaz,dale.diaz645@hotmail.com,423-300-8056,2024-08-03,North Julia,NY,United States
CUST-000766,Jason,Thomas,jason.thomas248@gmail.com,874-960-3358,2025-04-11,Lake Patrick,FL,United States
CUST-001965,  Cathy,King,cathy.king99@gmail.com,325-460-1891,2024-04-06,East Laurenbury,tx,US
CUST-001918,Nicholas,Key,nicholas.key285@hotmail.com,512-798-3124,2024-11-16,New Gail,FL,United States
CUST-000534,Sandra,Wright,sandra.wright519@gmail.com,461-994-2376,2025-11-01,Hendersonview,WA,United States
CUST-002411,Kimberly,Powers,kimberly.powers358@yahoo.com,087-807-2020,2024-04-17,Lake Jennifer,GA,United States
CUST-002658,Phillip,Jimenez,phillip.jimenez693@yahoo.com,993-001-3414,2024-10-24,West Joanside,WA,United States
CUST-001546,James,Mendez,james.mendez390@gmail.com,177-666-5052,2025-07-07,Wongchester,MI,US
CUST-001971,Laura,Mendoza,laura.mendoza360@gmail.com,501-332-0344,2025-09-03,Russellfort,CA,United States
CUST-001959,Patricia,Nguyen,patricia.nguyen404@hotmail.com,362-917-1485,2023-10-19,Priscillaside,PA,United States
CUST-000210,Miguel,Gray,miguel.gray807@gmail.com,681-472-1458,2024-07-14,Warrenborough,NY,US
CUST-002353,George,Nguyen,george.nguyen258@gmail.com,108-124-6437,2025-11-13,Caseport,TX,United States
CUST-000933,Michele,Maxwell,michele.maxwell341@hotmail.com,800-230-0915,2024-04-24,Rodriguezberg,OH,US
CUST-001668,Gregory,Acevedo,gregory.acevedo450@gmail.com,855-074-3509,2025-01-27,Frankside,WA,United States
CUST-001954,Patricia,Allen,patricia.allen97@hotmail.com,459-942-6407,2024-09-06,Johnsonside,NC,US
CUST-000535,Lisa,Dean,lisa.dean544@hotmail.com,663-955-1720,2024-12-29,Brendaport,CA,United States
CUST-000993,George,Garcia,george.garcia589@yahoo.com,591-438-8232,2025-12-29,Denisebury,OH,US
CUST-002904,Ashley   ,Chavez,ashley.chavez878@yahoo.com,364-434-9541,2024-06-24,North Denise,GA,USA
CUST-002731,Eric,Summers,eric.summers640@gmail.com,388-319-6025,2025-07-29,New Jessicaberg,GA,United States
CUST-002443,Debra,Roberts,debra.roberts700@yahoo.com,363-163-3084,2024-12-14,Williamsfort,mi,USA
CUST-001595,Natasha,Casey,natasha.casey144@gmail.com,762-922-6667,2023-10-20,New Hollyborough,TX,United States
CUST-000683,Charlotte,Daniel,charlotte.daniel581@gmail.com,357-790-8335,2026-01-01,South Conniemouth,IL,United States
CUST-000742,Heather,Taylor,heather.taylor733@yahoo.com,214-526-4712,2024-04-29,Richardbury,OH,United States
CUST-000741,Jessica,Wright,jessica.wright920@hotmail.com,220-715-1169,2026-04-28,Ballardfurt,IL,United States
CUST-002810,Robert,Campos,robert.campos969@hotmail.com,167-501-1532,2024-07-22,Burgessborough,OH,United States
CUST-002247,Matthew,Richardson,matthew.richardson212@gmail.com,286-381-1050,2025-10-26,Lake Molly,AZ,United States
CUST-000376,Deborah,Smith,deborah.smith529@yahoo.com,002-687-6811,2025-03-01,Port Lisamouth,FL,United States
CUST-000973,Jacob,Wright,jacob.wright140@gmail.com,894-633-8915,2026-08-11,Martinland,NC,US
CUST-001311,Gina,Powell,gina.powell351_at_gmail.com,728-840-7664,2024-12-28,North Sean,MI,U.S.A.
CUST-001176,Stacey,Washington,stacey.washington887@hotmail.com,379-121-2110,2024-02-08,New Stephenhaven,CA,US
CUST-000520,Teresa,Ray,teresa.ray464@gmail.com,550-448-1776,2025-12-20,Bellside,IL,United States
CUST-001936,Kelly,Rivera,kelly.rivera140@yahoo.com,741-340-1929,2024-11-21,South Wanda,WA,United States
CUST-000135,Stacey,Robinson,  stacey.robinson455@hotmail.com,772-369-2929,2024-02-23,Garymouth,TX,United States
CUST-002797,Cindy,Jennings,cindy.jennings276@yahoo.com,890-098-6068,2024-09-24,Port Kellyland,oh,United States
CUST-000181,Kathryn,Jordan   ,kathryn.jordan139@hotmail.com,593-983-6845,2026-03-24,,AZ,United States
CUST-000769,Melissa,Edwards,melissa.edwards240@yahoo.com,323-415-9597,2024-01-02,Morganburgh,NC,USA
CUST-001334,Cory,Watson,cory.watson391@hotmail.com,626-475-2864,2024-03-02,Garciaberg,MI,United States
CUST-002607,Glenn,Haas,glenn.haas141@yahoo.com,366-983-7555,2023-09-20,West Mariemouth,AZ,US
CUST-001699,Mary,Dudley,mary.dudley850@gmail.com,,2025-05-27,West Amanda,CA,United States
CUST-001988,Kristi,Brown,kristi.brown578_at_hotmail.com,,2024-03-13,Vegastad,CA,United States
CUST-002261,Nancy,Green,nancy.green733@gmail.com,493-941-6674,2024-09-29,,TX,United States
CUST-002647,Megan,Edwards,megan.edwards541@gmail.com,770-053-5588,2024-02-01,Port James,MI,United States
CUST-002428,Joseph,Harper,joseph.harper862@hotmail.com,265-571-3649,2024-04-10,Woodsview,TX,US
CUST-001925,Michael,Reyes,michael.reyes515@hotmail.com,942-041-6415,2026-04-02,South Kelly,NY,United States
CUST-002583,Gerald,Pace,gerald.pace612@gmail.com,447-165-0441,2025-09-13,Jacobview,OH,USA
CUST-001214,  Bradley,Webb,bradley.webb106@hotmail.com,568-652-4062,2026-05-17,North Mario,CA,United States
CUST-001391,Courtney,Smith,courtney.smith475@hotmail.com,661-869-5724,2026-07-13,West Johnport,TX,United States
CUST-002156,  Rachel,Wilson,rachel.wilson26@yahoo.com,,2024-01-03,North Lorimouth,PA,USA
CUST-002745,Antonio,Parker,antonio.parker625@gmail.com,784-640-1577,2025-05-13,Richardfurt,WA,USA
CUST-000724,Nancy,Herring,nancy.herring364@gmail.com,641-769-2743,2025-06-21,North Whitneystad,MI,United States
CUST-000128,Rebecca,Arnold,rebecca.arnold269@hotmail.com,872-563-9427,2025-03-21,South Michaeltown,NY,USA
CUST-001809,Cynthia,Ryan,cynthia.ryan440@gmail.com,720-335-0516,2025-07-19,East Johnberg,WA,United States
CUST-001901,Laura,Rivera,laura.rivera132@gmail.com,935-555-7020,2026-07-22,South Danielview,CA,United States
CUST-001010,Ryan,Atkins, ryan.atkins685@gmail.com ,632-248-1554,2024-12-21,Port Natalie,OH,United States
CUST-000270,Devon,Rogers, devon.rogers711@hotmail.com ,179-335-5486,2024-02-22,Brianstad,TX,USA
CUST-001273,Ryan,Zamora,ryan.zamora138@hotmail.com,371-181-5198,2025-09-25,Heathermouth,PA,United States
CUST-000130,Jesse,Baker,jesse.baker880@gmail.com,038-567-7005,2024-04-07,Lake Tanyaview,CA,United States
CUST-002061,Steven,Barton,steven.barton701@yahoo.com,355-877-4526,2024-12-04,Port Jacqueline,AZ,USA
CUST-001613,Kelsey,Parks,kelsey.parks188@hotmail.com,337-953-1112,2025-12-08,Lake Michael,TX,USA
CUST-000676,Michelle,Jones,michelle.jones880@yahoo.com,481-980-7704,2025-09-15,Claytonton,NC,USA
CUST-000996,Grant,Jones,grant.jones450@gmail.com,539-787-1375,2024-04-24,New Stephanie,tx,United States
CUST-000033,Scott,Smith,scott.smith574@yahoo.com,324-241-5415,2024-05-11,North Randy,OH,United States
CUST-000861,James,Hudson,james.hudson947@yahoo.com,268-943-0120,2026-02-25,Jessicaland,CA,United States
CUST-002985,Charles,Contreras,charles.contreras348@yahoo.com,711-801-6774,2023-10-28,South Brett,OH,USA
CUST-001896,Sandra,Crawford,sandra.crawford14@yahoo.com,816-784-3407,2024-05-20,North Wendy,ny,United States
CUST-000725,John,Horn,john.horn659@yahoo.com,660-144-4856,2024-10-01,Tonyaland,OH,United States
CUST-000265,Jill,Wright,jill.wright449@yahoo.com,693-929-0600,2026-06-05,Quinnhaven,NC,United States
CUST-002873,Benjamin,Hoffman,benjamin.hoffman362@yahoo.com,248-748-5623,2024-08-21,Stephensside,GA,United States
CUST-001663,Elizabeth,Underwood,elizabeth.underwood550@gmail.com,035-659-4299,2024-12-17,North Cynthia,OH,USA
CUST-000500,Chris,Carroll,chris.carroll552@yahoo.com,227-284-7657,2026-02-23,West Danielton,AZ,United States
CUST-000037,Peggy,Taylor,peggy.taylor991@gmail.com,965-652-3413,2024-11-10,Kimberlytown,MI,United States
CUST-001017,Caitlyn,Crawford,caitlyn.crawford755@gmail.com,180-533-9627,2025-07-17,Maryfurt,WA,United States
CUST-001689,Madison,Miller,madison.miller611@hotmail.com,989-965-1181,01/04/2024,Waynemouth,CA,US
CUST-001879,Jonathan,Ramirez,jonathan.ramirez481@yahoo.com,106-166-4970,2024-12-08,Lake Amyport,FL,United States
CUST-001246,Barbara,Andrews,barbara.andrews900@gmail.com,676-490-9228,2024-04-15,Sheenahaven,AZ,United States
CUST-001173,Dorothy,Anderson,dorothy.anderson8@gmail.com,507-648-7177,2025-10-25,Mallorychester,GA,United States
CUST-002882,David,Torres,david.torres344@gmail.com,759-425-0165,2025-12-07,Diazmouth,ga,US
CUST-001801,Cameron,Henry,cameron.henry680@yahoo.com,690-018-4293,2025-02-20,West Cheryl,FL,United States
CUST-000817,Danielle,Lynn,danielle.lynn526@gmail.com,,2024-09-18,Tapiachester,OH,United States
CUST-002342,Michelle,Chandler,michelle.chandler342@gmail.com,959-284-8987,2025-04-24,,NC,USA
CUST-002008,Jennifer,Johnson   ,jennifer.johnson425@yahoo.com,406-351-6852,2023-09-08,West Steven,PA,United States
CUST-001916,Amy,Moore,amy.moore613@hotmail.com,092-826-1641,2025-07-21,Johnsonmouth,IL,United States
CUST-001728,Phillip,Gilbert,phillip.gilbert159@yahoo.com,746-272-0536,2024-07-03,Claireland,AZ,USA
CUST-000230,James,Maldonado,james.maldonado542@yahoo.com,494-651-9098,2023-09-17,Abbottport,NC,United States
CUST-002850,Yvonne,Williams,yvonne.williams666@yahoo.com,306-730-8303,2024-06-04,Andrewchester,MI,United States
CUST-002571,Linda,Rice,linda.rice712@gmail.com,357-845-7208,2024-02-08,East Keithville,OH,United States
CUST-002230,Christopher,Montoya,  christopher.montoya308@gmail.com,034-374-3256,2023-12-29,Phillipsmouth,CA,USA
CUST-002600,Michelle,Richard,michelle.richard748@hotmail.com,706-298-1099,2024-06-05,Dayburgh,NC,United States
CUST-000119,Deborah,Case,deborah.case432,207-501-1024,2024-04-09,New Lorraineview,IL,USA
CUST-002894,Brandi, Wilson ,brandi.wilson811@gmail.com,094-540-2894,2025-12-16,Jameshaven,MI,USA
CUST-001873,Scott,Moran,scott.moran15@yahoo.com,485-220-7201,2025-09-30,Kirkside,TX,USA
CUST-000844,Kristine,Warren,kristine.warren309@yahoo.com,078-967-9352,"October 03, 2025",New Maryfurt,PA,United States
CUST-000828,William,Smith,william.smith24@hotmail.com,498-042-5373,2025-10-02,Lake Thomas,AZ,United States
CUST-002001,Timothy,Bonilla,timothy.bonilla645@gmail.com,966-602-8653,2026-05-14,,GA,United States
CUST-001511,Stephanie,Carrillo,stephanie.carrillo398@yahoo.com,854-842-0353,2025-12-08,South Bryanfort,WA,USA
CUST-001002,Raymond   ,Schultz   ,raymond.schultz800@hotmail.com,,"December 26, 2024",New Kelseyland,AZ,United States
CUST-000076,Larry,Cameron,larry.cameron363@hotmail.com,132-475-4691,2024-05-15,South Jason,NC,US
CUST-002242,Anne,Sanders,anne.sanders867@gmail.com,517-431-6032,05/26/2026,Brianbury,NC,United States
CUST-002961,Cassidy,Gallagher,cassidy.gallagher532@yahoo.com,,2025-04-18,Port Robert,IL,United States
CUST-002455,Carol,Hall,carol.hall249@hotmail.com,,2023-10-17,Cervantesbury,GA,United States
CUST-002582,Brian,Elliott,brian.elliott501@hotmail.com,971-733-1571,2026-06-16,Johnsonview,TX,United States
CUST-002652,Tony,Dean,tony.dean752@yahoo.com,037-930-6189,2024-09-25,North Paula,GA,United States
CUST-002193,Ralph,Bender,ralph.bender106@yahoo.com,132-025-3423,2026-07-09,Alexanderton,MI,US
CUST-001559,Stephen,Harris,stephen.harris152@hotmail.com,982-147-8233,2025-03-08,Brewerberg,TX,United States
CUST-000262,Todd,Zamora,todd.zamora708@gmail.com,397-265-2735,2023-11-29,Jamesberg,TX,United States
CUST-000632,Michael,Hansen,michael.hansen63@gmail.com,503-446-9459,2024-05-10,Villaside,FL,US
CUST-000655,Michael,Mason,michael.mason991@gmail.com,996-132-7303,2024-08-30,Ryanmouth,CA,US
CUST-002770,Timothy,Howell,timothy.howell479@hotmail.com,379-877-5239,2025-08-02,Houstonborough,WA,United States
CUST-001254,Richard,White,richard.white598@yahoo.com,174-224-0432,2023-09-20,Garciaside,AZ,US
CUST-002838,Megan,Bautista,megan.bautista229@yahoo.com,103-653-4764,2024-09-08,West Kellyberg,PA,US
CUST-001153,Andrew,Sanchez,andrew.sanchez871@yahoo.com,,2025-01-17,South Scott,IL,United States
CUST-001358,Jessica,  Miller,jessica.miller30@yahoo.com,564-672-6368,2025-04-05,West Donnaland,MI,United States
CUST-001380,  Erin,Arellano,erin.arellano525@yahoo.com,488-215-9773,2023-11-02,Joshuafurt,GA,United States
CUST-001837,Mariah,Olsen,mariah.olsen738@hotmail.com,256-924-7688,2025-02-04,West Bryan,FL,United States
CUST-002727,Melissa,Morrison,melissa.morrison513@yahoo.com,056-360-7124,2026-02-27,East Thomasport,GA,United States
CUST-002180,John,West,john.west699@yahoo.com,384-811-1570,2024-11-22,West Stephen,IL,USA
CUST-000205,Jessica,Hester,jessica.hester44@hotmail.com,268-602-5922,2026-04-05,East Kayla,TX,U.S.A.
CUST-000142,  Christina,Cohen,christina.cohen888@gmail.com,260-127-9611,2023-12-13,Jeffreyland,NY,United States
CUST-001937,Sabrina,Vazquez,sabrina.vazquez164@hotmail.com,627-519-3463,2024-01-14,North Ericview,TX,United States
CUST-002692,Cesar,Larson,cesar.larson901@yahoo.com,337-026-5781,2026-04-03,Christinebury,NC,United States
CUST-001039,Brooke,Berry,brooke.berry911@hotmail.com,088-067-8214,2026-06-14,South Josephhaven,AZ,United States
CUST-002682,Andrew,Clark,andrew.clark847@yahoo.com,432-692-4941,2026-05-25,North Heathershire,TX,US
CUST-000786,Edward,Shah,edward.shah491@gmail.com,,2025-04-03,Mooreside,WA,United States
CUST-001181,Kevin,Pittman,kevin.pittman572@yahoo.com,899-504-7020,2023-09-29,Christinafurt,NC,United States
CUST-002624,Drew,Browning,  drew.browning44@hotmail.com,223-064-2116,2024-02-27,Richardbury,PA,United States
CUST-000605,Matthew,Summers,matthew.summers618@yahoo.com,999-101-5767,2026-08-09,Robertsfort,FL,United States
CUST-001622,Daniel,Scott,daniel.scott712@yahoo.com,557-672-9911,2025-01-21,Kellytown,AZ,United States
CUST-002009,Julie,Richardson,julie.richardson648@gmail.com,,2026-04-18,Cummingschester,FL,United States
CUST-000483,Ernest,Robinson,ernest.robinson183@hotmail.com,087-884-4344,2024-07-02,East Jeffreyside,AZ,United States
CUST-000627,Hannah,Fischer,hannah.fischer51@yahoo.com,875-357-7881,2026-04-14,South Hollyfurt,TX,United States
CUST-000659,Patrick,Leonard,patrick.leonard912@gmail.com,059-438-9760,2024-08-03,Campbellville,PA,United States
CUST-002319,Theresa,Perez,theresa.perez852@hotmail.com,318-380-1693,2025-02-15,Taylorshire,WA,United States
CUST-000700,Eric,Palmer,eric.palmer870@gmail.com,979-316-4772,2026-04-29,Charlesshire,PA,United States
CUST-002094,Jacob   ,Griffith,jacob.griffith651@gmail.com,369-648-0407,2025-11-20,South Jason,TX,United States
CUST-000240,Kaylee,Young,kaylee.young400@yahoo.com,239-504-1027,2024-09-09,,OH,United States
CUST-002631,April,Howell,april.howell989@hotmail.com,974-095-2905,2023-09-27,Antoniostad,OH,United States
CUST-000937,Joshua,Morgan,joshua.morgan242@gmail.com,140-428-8605,2024-09-25,Port Laurabury,AZ,U.S.A.
CUST-002642,Terri,Ramirez,terri.ramirez968@hotmail.com,412-322-2320,2025-11-14,Floydhaven,AZ,United States
CUST-000901,Michelle,Franco,michelle.franco445@yahoo.com,427-372-0376,2024-03-20,New William,OH,United States
CUST-002282,Lori,Allen,lori.allen10@gmail.com,111-840-6548,2025-02-11,Matthewfort,FL,USA
CUST-001487,Mark,Gibson,mark.gibson254@gmail.com,680-269-3315,2023-10-24,Haroldborough,TX,US
CUST-001803,Tonya,Wright,tonya.wright440@hotmail.com,022-624-7365,2025-10-28,North Jenniferberg,AZ,United States
CUST-001431,Alexander,Williams,alexander.williams979@hotmail.com,638-564-6149,2023-11-23,Adamsfort,WA,United States
CUST-000470,Tony,Moore,tony.moore233@hotmail.com,437-654-5628,2024-02-20,Danielmouth,MI,United States
CUST-002199,Joshua,Curtis,joshua.curtis612@gmail.com,573-189-9593,2024-12-14,Port Christopherchester,NY,USA
CUST-002063,Tara,Frazier,tara.frazier422@gmail.com,805-034-5538,2023-11-13,New Suzanne,AZ,United States
CUST-002812,  Briana,Kennedy,briana.kennedy545,,2024-02-09,Lake Kirsten,OH,United States
CUST-002515,Joseph,Ward,joseph.ward730@yahoo.com,772-774-5750,2024-06-30,North Dominique,OH,United States
CUST-002431,Amy,Cooper,amy.cooper807@yahoo.com,764-670-5068,2025-01-12,New Amyhaven,PA,US
CUST-002994,Jonathan,Orr,jonathan.orr570@gmail.com,281-060-7634,2023-12-20,Jaredview,CA,United States
CUST-002083,Robert,King,robert.king164@hotmail.com,214-990-1086,2025-03-30,Port Sarahview,OH,United States
CUST-000734,Margaret,Sanchez,margaret.sanchez162@gmail.com,407-333-3732,2023-12-21,West Johntown,IL,United States
CUST-001799,Keith,Jackson,keith.jackson567@yahoo.com,225-492-0369,2025-08-05,North Caitlin,MI,US
CUST-000115,Andrea,Jones,andrea.jones148@hotmail.com,583-281-8268,2026-05-31,Davisbury,OH,United States
CUST-001197,Rachel,Miller,rachel.miller843@yahoo.com,186-267-1368,2025-12-12,Tammyville,WA,United States
CUST-000550,Erin,Lucas,erin.lucas291@gmail.com,310-094-3181,2026-04-19,Jeremyfurt,MI,United States
CUST-001305,Lori,Gilmore,lori.gilmore786@yahoo.com,764-278-9615,2024-04-05,Wrightmouth,OH,United States
CUST-002113,Jeanne,Robinson,jeanne.robinson823@hotmail.com,577-973-9824,2025-06-28,Daniellemouth,NY,US
CUST-001267,Martha,Floyd,martha.floyd513@gmail.com,484-864-7082,2026-08-13,East Audreyhaven,GA,United States
CUST-001990,Alexis,Fisher,alexis.fisher686@yahoo.com,959-514-2954,2024-09-10,Chloefurt,IL,United States
CUST-000893,Amber,Baker   ,amber.baker754@hotmail.com,831-522-9107,2024-07-03,Lake Jean,NY,USA
CUST-001850,Michael,Meadows,michael.meadows483@gmail.com,499-926-6536,"January 15, 2024",,CA,United States
CUST-002013,David,Sims, david.sims732@hotmail.com ,384-561-2578,2025-06-14,West Stevenmouth,NC,US
CUST-001908,Andrew,Griffith,andrew.griffith719@yahoo.com,120-039-3449,2025-12-13,South Samuelfort,IL,United States
CUST-000420,Erica,Compton,erica.compton150@hotmail.com   ,252-571-5099,2025-02-05,Reyesbury,IL,United States
CUST-000090,Kenneth,Carter,kenneth.carter152@hotmail.com,898-562-5753,2024-09-20,Port Richard,MI,USA
CUST-001206,Melanie,Rodriguez,melanie.rodriguez539@yahoo.com,347-853-6988,2024-09-04,South Kellyshire,GA,U.S.A.
CUST-002291,David,Allen,david.allen679@hotmail.com,140-307-5598,2026-06-13,Cameronview,GA,USA
CUST-002196,Barry,Moody,barry.moody537@gmail.com,097-247-2542,2026-01-07,Reedland,NY,USA
CUST-000743,Michael,Holland,michael.holland719@gmail.com,571-840-9080,2024-09-10,Codytown,OH,United States
CUST-002855,Felicia,Cantrell,felicia.cantrell776@yahoo.com,134-307-6832,14-Oct-2025,,CA,United States
CUST-001741,John,Roman,john.roman284@yahoo.com,,2026-06-20,Ashleyton,IL,USA
CUST-000422,James,Bennett,james.bennett358@hotmail.com,039-752-4508,2026-05-22,Wongport,PA,United States
CUST-002808,Christie,Carter,christie.carter437@yahoo.com,828-625-5872,2023-09-30,Port Jessica,OH,United States
CUST-001113,Richard,Foster,richard.foster550@gmail.com,059-377-7569,2025-10-19,New Amandaberg,MI,United States
CUST-002513,Sara,Miller,sara.miller323@gmail.com,408-384-3782,2026-04-10,Smithland,OH,United States
CUST-000756,Stephanie,Espinoza,stephanie.espinoza349@hotmail.com,648-449-4116,2026-04-06,North Angela,TX,United States
CUST-001603,Ann,Cruz,ann.cruz524@gmail.com,073-024-2662,2024-06-13,Jacquelineshire,AZ,United States
CUST-001992,Deborah,Griffin,deborah.griffin53@yahoo.com,479-459-2351,2026-05-25,,PA,United States
CUST-000650,Johnny,Brooks,johnny.brooks500@yahoo.com,764-038-1664,2025-01-14,Watkinsburgh,GA,United States
CUST-002225, Eduardo ,Hamilton,eduardo.hamilton285@yahoo.com,,2025-09-18,North Waynemouth,PA,United States
CUST-000097,Natalie,Davis,natalie.davis32@yahoo.com,216-674-6762,2026-01-18,East Heatherton,TX,USA
CUST-000085,Howard,Davis,howard.davis962@gmail.com,482-513-5346,"December 25, 2023",Nathanshire,FL,U.S.A.
CUST-000297,Heather,Madden,heather.madden420@hotmail.com,215-353-9613,2025-05-20,Hardyview,FL,United States
CUST-001675,Andrew,Bray,andrew.bray881@yahoo.com,505-669-3754,2025-04-18,East Malloryview,NC,United States
CUST-000080,Mercedes,Holland,mercedes.holland729@hotmail.com,346-800-7229,2026-07-13,East Johnnyport,GA,USA
CUST-001529,Emily,House,emily.house461@gmail.com,063-578-0378,2025-08-10,Lake Dustinbury,OH,United States
CUST-001541,Mary,Foster,mary.foster239@gmail.com,503-139-2804,2025-09-11,Adrianberg,NY,United States
CUST-001895,Denise,Robertson,denise.robertson925@hotmail.com,859-079-9658,2026-05-03,Shannonbury,WA,United States
CUST-000887,Jacob,Duncan,jacob.duncan38@gmail.com,556-057-1219,2024-11-08,New Derekfort,OH,US
CUST-000159,Catherine,Foster,catherine.foster434@yahoo.com,598-762-2023,2024-12-04,Shelbyland,WA,United States
CUST-001456,Courtney,West,courtney.west612@hotmail.com,847-795-4176,2024-03-28,Edwardsborough,GA,United States
CUST-000574,Jesse,Ortega,jesse.ortega235@yahoo.com,753-312-6610,2024-11-19,Dannyland,GA,USA
CUST-000530,Patricia,Davis,patricia.davis959@yahoo.com   ,536-170-6171,2025-01-05,Lake Robert,PA,USA
CUST-000029,Mario,Padilla,mario.padilla555@yahoo.com,948-126-0422,2025-08-03,East Jennifer,IL,United States
CUST-002982,Michael   ,Richards,michael.richards982@hotmail.com,844-704-1450,2026-05-30,Elizabethfurt,IL,United States
CUST-001556,Sarah,Trevino,sarah.trevino281@gmail.com,062-767-2935,2026-07-12,New Scottborough,FL,United States
CUST-000790,Renee,Orr,renee.orr770@hotmail,748-595-3259,2025-02-17,,AZ,US
CUST-002858,Michele,Olson,michele.olson640@gmail.com,682-611-1476,2026-06-01,North Sean,TX,United States
CUST-002585,Angela,King,angela.king249@hotmail.com,762-093-8373,2026-06-12,Galvanburgh,TX,United States
CUST-001430,Andrew,Wong,andrew.wong200@yahoo.com,758-267-6259,2023-10-09,Port Saraburgh,GA,United States
CUST-000506,Craig,  Aguirre,craig.aguirre303@gmail.com,096-790-4227,2025-02-24,Lake Christopherbury,OH,United States
CUST-001132,Mark,Stone,mark.stone799@gmail.com,002-722-1425,2025-06-11,,IL,United States
CUST-002115,Sue,Gordon,sue.gordon962@gmail.com,557-688-1559,2026-08-12,East Brianhaven,PA,United States
CUST-001744,Sherry,Edwards,sherry.edwards219@hotmail.com,,2026-05-08,Moralesbury,GA,USA
CUST-002711,Paula,Byrd,paula.byrd981@gmail.com,205-994-4769,2026-01-29,North Gregoryburgh,WA,United States
CUST-000493,Sandra,Gillespie,  sandra.gillespie838@gmail.com,922-685-9262,2026-07-27,Colleenport,TX,US
CUST-001648,Julie,Mullins   ,julie.mullins238@gmail.com,694-963-7881,2024-11-19,New Maryborough,IL,U.S.A.
CUST-002821,Stephanie,Parsons,stephanie.parsons169@gmail.com,918-043-8430,"November 13, 2023",Hudsonfort,WA,USA
CUST-002842,Jenna,Ortega,jenna.ortega862@yahoo.com,,2025-11-23,Smithburgh,NY,United States
CUST-001160,Darius,Mendoza,darius.mendoza823@gmail.com,754-853-4655,2025-06-05,Mcbrideberg,IL,US
CUST-001008,James,Mcconnell,james.mcconnell689@hotmail.com,585-642-3041,2025-09-03,,WA,United States
CUST-001929,Sean,Baker,sean.baker379@gmail.com,999-863-2453,05/29/2026,Dustinmouth,NC,United States
CUST-002617,Faith,Conrad,faith.conrad205@yahoo.com,526-158-7898,2025-11-28,South Lisaside,WA,United States
CUST-001021,Benjamin,Lawrence,benjamin.lawrence903@hotmail.com,976-987-3137,2025-07-08,Jenningschester,FL,USA
CUST-000268,Michelle,Jones,michelle.jones333@hotmail.com,580-464-9893,2025-05-23,New Nicoleton,CA,United States
CUST-001317,Henry, Mccarthy ,henry.mccarthy832@gmail.com,271-117-5769,2024-01-24,South Danielburgh,MI,United States
CUST-001923,Alexander,Williams,alexander.williams43_at_yahoo.com,497-239-2010,2024-05-14,New Rachel,AZ,United States
CUST-001797,Karen,York,  karen.york230@gmail.com,802-990-3480,2024-04-27,Davidfort,NC,United States
CUST-000795,Sean,Reyes,sean.reyes614@gmail.com,975-147-4397,2025-07-10,Frankberg,fl,United States
CUST-000611, Samantha ,Moran,samantha.moran362@gmail.com,767-412-4151,2026-08-22,Lake Charles,ca,United States
CUST-002941,Danny,Smith,danny.smith205@gmail.com,686-864-6414,2025-01-15,Mercadostad,FL,United States
CUST-001639,Troy,Harris,  troy.harris180@gmail.com,041-176-1421,2025-07-23,Jacobhaven,IL,United States
CUST-000847,Michael,Adams,michael.adams797@yahoo.com   ,722-398-9830,2026-08-13,Diazbury,NY,USA
CUST-002897,Chelsea,Mcdaniel,chelsea.mcdaniel339@yahoo,474-270-7254,2024-10-27,Matthewberg,TX,United States
CUST-000198,Susan,Turner,susan.turner544@hotmail.com,423-122-0994,2024-03-23,New Jesse,CA,United States
CUST-000813,Michael,Reynolds   ,michael.reynolds141@hotmail.com,425-577-8205,2024-09-21,New Matthew,WA,USA
CUST-000986,Christina,Cruz,christina.cruz544@hotmail.com,727-367-7462,2024-10-20,East Michaelhaven,FL,U.S.A.
CUST-000453, Jennifer ,Atkins,jennifer.atkins90@hotmail.com,260-688-8718,2026-01-22,Port Karenville,AZ,United States
CUST-000924,Michelle,King,michelle.king195@hotmail.com,188-044-2877,2023-12-16,New James,FL,United States
CUST-000559,Kevin,Roberts,kevin.roberts937@yahoo.com,070-349-1074,2025-07-04,South Michaeltown,TX,USA
CUST-001354,Walter,Price,walter.price507@yahoo.com,790-254-8536,2024-10-17,South Anita,MI,United States
CUST-001100,Matthew,Smith,matthew.smith295@gmail.com,501-736-5426,2024-05-09,West Daniel,FL,United States
CUST-001313,Patricia,Reynolds,patricia.reynolds899@hotmail.com,790-604-8869,2023-10-27,East Brian,PA,United States
CUST-002391,Jamie,Cook,jamie.cook551@gmail.com,224-518-2569,2025-03-22,,FL,U.S.A.
CUST-002863,Austin,Ayers,austin.ayers996@hotmail.com,736-314-9318,2026-08-22,East Shannonberg,NC,US
CUST-002067,Sandra,Kelly,sandra.kelly50@hotmail.com,964-574-4331,2024-12-30,Davisville,IL,United States
CUST-001880,Kristina,Rivera,kristina.rivera13@gmail.com,151-764-2962,2024-02-10,New Davidville,AZ,United States
CUST-001853,Patricia,Olson,patricia.olson538@hotmail.com,670-605-5817,2025-04-13,Port Luis,CA,United States
CUST-002977,John,Hurst,john.hurst506@gmail.com,835-728-9091,2024-04-10,North Jenniferchester,IL,United States
CUST-000203,Steven,Henderson,steven.henderson391@hotmail.com,082-771-8129,2024-10-21,South Robert,AZ,US
CUST-001140,Ann,  Santiago,ann.santiago156@hotmail.com,922-256-0629,2026-02-22,Jasonton,MI,United States
CUST-001129,Christopher,Blair,christopher.blair123@yahoo.com,184-523-5426,2024-04-05,Greenfort,MI,USA
CUST-000925,Jennifer,Lopez,jennifer.lopez308@hotmail.com,164-321-2694,2025-05-20,New Ashley,WA,USA
CUST-000680,Ashley,Torres,ashley.torres433@hotmail.com,742-229-4643,2025-05-03,Port Jasonport,GA,United States
CUST-002452,Diane,Parsons,diane.parsons889@yahoo.com   ,147-955-4129,2024-12-26,West Karen,NY,US
CUST-001350,Tammie,Evans,tammie.evans942@gmail.com,165-441-3727,2025-08-12,Barrettfurt,WA,US
CUST-000849,Monica,Lopez,monica.lopez796@yahoo.com,428-131-9092,2026-06-05,Amychester,NY,USA
CUST-000426,Thomas,Henderson,thomas.henderson265@hotmail.com,627-066-1498,2026-01-10,New Jessica,NY,United States
CUST-000508,Billy,Marquez,billy.marquez525@hotmail.com,633-991-2971,2025-07-14,East Katieport,wa,United States
CUST-001497,Helen,Moore,helen.moore140@yahoo.com,466-535-3896,2024-01-09,Port Cynthia,FL,United States
CUST-002164,Steven,Morrow,steven.morrow322@yahoo.com,014-972-6821,2024-11-11,New Matthewfurt,CA,USA
CUST-001397,Benjamin,Cervantes,benjamin.cervantes459@hotmail.com,580-558-1157,2025-06-11,Josephfurt,GA,U.S.A.
CUST-002578,Megan,Garcia,megan.garcia102@gmail.com,961-709-9873,2023-09-14,South Makaylashire,CA,United States
CUST-001577,Charles,Wilcox,charles.wilcox301@hotmail.com,,2026-01-17,Dukeville,WA,United States
CUST-001774,Jessica,White,jessica.white421@hotmail.com,613-826-8709,2023-11-03,Waremouth,IL,U.S.A.
CUST-001364,Judy,Edwards,judy.edwards842@hotmail.com,504-922-1704,2026-04-25,Hubbardland,NC,United States
CUST-001228,Jonathan,Bennett,jonathan.bennett797@yahoo.com,450-999-9001,2025-07-06,New Caitlinmouth,OH,United States
CUST-001344,Melissa,Jackson,melissa.jackson360@gmail.com,341-499-2900,2024-01-24,Fostermouth,NY,United States
CUST-001574,Jonathan,Jones,jonathan.jones34@yahoo.com,025-285-4613,2024-08-19,Port Amyborough,GA,USA
CUST-001161,Michele,Martinez,michele.martinez841@gmail.com,004-496-4612,2023-11-12,New Brian,CA,United States
CUST-002656,Alex,Good,alex.good379@gmail.com,996-844-5657,2024-09-05,Port Jessicaview,IL,United States
CUST-002335,Gary,Davidson,gary.davidson391@yahoo.com,328-290-1832,2024-10-25,West Danielburgh,MI,United States
CUST-001760,Andrea,Mclaughlin,andrea.mclaughlin71@yahoo.com,891-368-2967,2023-12-21,South Joshuaville,PA,USA
CUST-000846,Debbie,Brown,debbie.brown831@hotmail.com,069-556-0767,2024-09-13,Davisview,NC,US
CUST-002632,Timothy,Duncan,timothy.duncan401@hotmail.com,184-726-6806,2025-02-10,Lake Natasha,TX,US
CUST-002898,Timothy,Jenkins,timothy.jenkins896@gmail.com,954-728-7407,2025-04-13,Tinabury,NC,United States
CUST-001531,Kristen,Vargas,kristen.vargas230@yahoo.com,084-290-6969,2025-06-13,Lake Kennethberg,OH,United States
CUST-002215,Jennifer,Owen,jennifer.owen143@hotmail.com,898-787-7677,2026-02-11,Michelleborough,NY,United States
CUST-000912,Daniel   ,Duran,daniel.duran958@gmail.com,126-163-2488,2023-09-25,Oliviaburgh,PA,United States
CUST-000271,Michael,Tucker,michael.tucker919@hotmail.com,178-847-9513,09/26/2024,Millerfurt,AZ,United States
CUST-000275,Kayla,Williams,kayla.williams834@yahoo.com,472-928-4222,2025-08-02,East Daryl,NC,United States
CUST-000693,Tanya,Gomez,tanya.gomez478@gmail.com,740-334-4505,2025-02-09,Gibbsmouth,az,United States
CUST-002298,Lisa,Kennedy,  lisa.kennedy403@gmail.com,912-990-3719,2025-10-18,East Valeriestad,NY,U.S.A.
CUST-000212,Tyler,Daniel,tyler.daniel6@yahoo.com,729-343-0107,2025-05-17,Lake Melaniechester,CA,United States
CUST-002040,Mary,Mullen,mary.mullen59@hotmail.com,,2026-05-08,,TX,United States
CUST-000078,Mary,Wright,mary.wright316@yahoo.com,,2025-03-10,West Tracy,TX,United States
CUST-001579,Kayla,Russell,kayla.russell47@gmail.com,996-833-4400,2024-03-02,Edwinport,CA,United States
CUST-002401,Lisa,Clark,lisa.clark566@yahoo.com,666-369-4728,2026-07-28,Lake Johnchester,IL,United States
CUST-002802,Ashley,Miller,ashley.miller290@gmail.com,633-492-2777,2024-06-24,New Markport,MI,US
CUST-002969,Michael,Choi,michael.choi21@hotmail.com,753-029-6149,2024-10-09,Port Nancyport,NY,United States
CUST-000214,Gina,Peterson,gina.peterson962@hotmail.com,990-235-5770,11-Jun-2026,South Eric,NY,USA
CUST-001735,Gregg,Thomas,gregg.thomas483@gmail.com,949-076-3415,2024-04-20,West Brittney,FL,U.S.A.
CUST-001057,Bruce,Bradford,bruce.bradford781@hotmail.com,630-453-0693,2025-06-06,Jenniferhaven,NY,United States
CUST-002075,Ronald,Erickson,ronald.erickson785@gmail.com,933-045-9692,2024-06-28,South Richardfurt,IL,United States
CUST-001573,Adam,Golden,adam.golden271@gmail.com,028-532-7276,2025-09-24,Watkinsbury,NC,United States
CUST-000418,Jesse,Rodriguez,jesse.rodriguez532@yahoo.com,206-506-3731,2023-11-13,Debrastad,GA,United States
CUST-002487,Lisa,Joseph,lisa.joseph169@yahoo.com,766-540-5324,2025-06-04,Lake Teresa,FL,US
CUST-000015,Cynthia,Allen,cynthia.allen546@hotmail.com,266-179-7968,2023-10-22,Stephensstad,TX,United States
CUST-002906,Frank,Smith,frank.smith815@gmail.com,650-456-8696,2026-07-15,North Saraburgh,PA,United States
CUST-000723,Abigail,Warren,abigail.warren149@hotmail.com,,2024-11-11,Port Reneemouth,NY,United States
CUST-002853,Dawn,Sanchez,dawn.sanchez664@hotmail.com,556-769-5979,2025-06-30,New Nicholas,PA,United States
CUST-001636,Maurice,Price,maurice.price937@gmail.com,927-671-3771,2025-06-25,Bradychester,AZ,United States
CUST-001886,Mark,Holt,mark.holt655@yahoo.com,592-055-9675,2025-02-10,Crawfordland,AZ,U.S.A.
CUST-001156,Mary,Hines,mary.hines617@hotmail.com,654-663-4544,09/10/2024,West Jenna,AZ,United States
CUST-000267,Allen,Caldwell,allen.caldwell752@gmail.com,799-077-2625,2023-12-09,Padillatown,WA,United States
CUST-002111,Dustin,Villegas,dustin.villegas468@hotmail.com,531-850-0423,2025-07-29,Lake Staceyberg,NY,United States
CUST-000481,Rhonda,Jones,rhonda.jones393@yahoo.com,880-294-2409,12-Oct-2023,Port Teresaborough,PA,United States
CUST-002989,Danielle,Johnson,danielle.johnson678@yahoo.com,312-605-5740,2023-09-15,Lake Wanda,NC,United States
CUST-001740,Eric,Hurst,eric.hurst173@hotmail.com,413-623-3470,2024-04-30,Andrewville,az,United States
CUST-001167,Deborah,Compton,deborah.compton312@yahoo.com,417-430-4350,2026-07-03,East Amanda,nc,United States
CUST-001411,Katherine,Carroll,katherine.carroll752@hotmail.com,953-192-6009,2025-03-22,Williamsmouth,FL,United States
CUST-002297,Sarah,Garcia,sarah.garcia970@yahoo.com,339-062-7989,23-Oct-2023,Williamport,GA,United States
CUST-000326,Wendy,Crosby, wendy.crosby759@hotmail.com ,004-896-4652,2024-05-07,,WA,US
CUST-000557,Rachel,Cole,rachel.cole401@hotmail.com,245-569-6443,2024-11-24,New Abigailmouth,OH,US
CUST-001723,Michael,Flores,michael.flores102@yahoo.com,641-967-8963,2025-11-07,Port Brendanborough,MI,United States
CUST-000274,Todd,Wade,todd.wade842@hotmail.com,877-492-4243,2025-12-17,Watsonport,WA,United States
CUST-002490,Marilyn,Anderson,marilyn.anderson767@gmail.com,510-705-5705,2025-09-07,New Sophia,NC,US
CUST-002839,Jennifer,Page,  jennifer.page580@hotmail.com,719-745-3145,2024-12-17,Michaelside,TX,United States
CUST-002654,Joseph,Mendoza,joseph.mendoza38@gmail.com,550-652-9905,2024-10-15,South Lindsay,AZ,United States
CUST-002449,Tamara,Butler,tamara.butler58@hotmail.com,788-457-3216,2024-02-23,Brianburgh,NY,United States
CUST-002513,Sara,Miller,sara.miller323@gmail.com,408-384-3782,2026-04-10,Smithland,OH,United States
CUST-002742,Sandra,Day,sandra.day395@yahoo.com,371-268-8704,2026-07-17,West Kristinmouth,WA,United States
CUST-002028,Jonathan,Snyder,jonathan.snyder654@gmail.com,387-805-2890,2025-09-05,Paulstad,NC,USA
CUST-002960,Tony,Kent,tony.kent795@yahoo.com,080-308-9229,2024-08-28,,MI,United States
CUST-000533,Anthony,Taylor,anthony.taylor65@gmail.com,244-731-5847,2024-12-15,Grahamfurt,FL,U.S.A.
CUST-002655, Shelby ,Weber,shelby.weber961@gmail.com,207-209-5789,2025-04-23,Port Jimmouth,NY,United States
CUST-000896,Aaron,Wilson,aaron.wilson880@hotmail.com,342-929-1320,2025-03-19,East Julie,NC,United States
CUST-002374,Allison,Turner,allison.turner525@yahoo.com,602-093-1378,2025-09-06,Lake Ericland,IL,United States
CUST-002109,Deborah,Nolan,deborah.nolan83@hotmail.com,996-633-0923,"December 08, 2024",Melissafurt,GA,United States
CUST-001320,Joseph,Poole,joseph.poole249@gmail.com,680-177-0316,12-Jun-2025,South Paige,NC,United States
CUST-002816,James,Le,james.le238@hotmail.com,216-298-6042,2026-03-22,Hunterfort,IL,United States
CUST-001830,Eric,Rogers,eric.rogers674@yahoo.com,560-022-3023,2026-07-25,Benjaminfurt,MI,United States
CUST-001325,Robert,Foster,robert.foster5@yahoo.com,272-845-3974,2025-03-27,Andrewtown,OH,USA
CUST-001725,Alice,Malone,alice.malone263@hotmail.com,349-276-6809,2024-03-01,Ryanton,FL,USA
CUST-002878,Veronica,Johnson,veronica.johnson195@gmail.com,445-025-6702,2026-01-26,South Lisaburgh,TX,United States
CUST-000010,Christopher,George,christopher.george857@yahoo.com,604-661-8398,2025-12-31,Lake Oscar,NC,United States
CUST-002701,Elizabeth,Schwartz,elizabeth.schwartz516@yahoo.com,175-418-2771,2024-09-24,West Annaville,GA,United States
CUST-002168,William,Acevedo,william.acevedo28@yahoo.com,779-359-9584,2024-06-21,New Joe,MI,United States
CUST-002740,Laura,Ryan,laura.ryan525@hotmail.com,726-021-3180,2026-01-21,Warnerchester,PA,U.S.A.
CUST-001163,Matthew,Byrd,matthew.byrd293@yahoo.com,086-199-3145,2025-09-09,Jaimemouth,FL,U.S.A.
CUST-000026,Gary,Ellis,gary.ellis832@hotmail.com,788-191-4858,2025-12-30,Port Jenniferside,NY,United States
CUST-002596,Amanda,Melton,amanda.melton744@hotmail.com,388-953-1154,2025-12-15,New Timothy,OH,United States
CUST-001296,Thomas,Jackson,thomas.jackson853@hotmail.com,780-727-9037,2025-03-06,South Danieltown,NC,US
CUST-001687,Jessica,Hernandez,jessica.hernandez867@hotmail.com,445-385-6535,2023-10-05,,MI,United States
CUST-000649,Jacob,Howard,jacob.howard532@gmail.com,782-079-7996,2025-02-08,Wellsbury,TX,United States
CUST-002849,Emily,Hardy   , emily.hardy175@yahoo.com ,591-819-8052,2026-03-13,Port Cassandra,TX,US
CUST-002895,Devon,Pittman,devon.pittman785@yahoo.com,,2024-06-27,Randallshire,NC,United States
CUST-001330,Cindy,Fischer,cindy.fischer537@gmail.com,324-362-9620,2024-10-09,West Anneside,TX,United States
CUST-001570,Robert,Alvarez,robert.alvarez72@gmail.com,505-835-3458,2024-08-01,New Michaelmouth,NC,United States
CUST-000876,Benjamin,Smith,benjamin.smith62@yahoo.com,595-501-7833,2024-08-29,West Erin,OH,United States
CUST-001491,David,Ortega,david.ortega175@gmail.com,562-019-0113,2025-06-29,Amandaborough,OH,United States
CUST-000440,Marisa,Davies,marisa.davies348@yahoo.com,271-783-3321,2025-07-04,South Victoriatown,OH,United States
CUST-000098,Tina,Richard,tina.richard891@gmail.com,697-972-9659,2024-08-12,Port Gabrielleberg,TX,United States
CUST-001547,Carl,Johnson,carl.johnson178@hotmail.com,281-578-0619,2024-02-03,East Davidland,MI,U.S.A.
CUST-001720,Mario,Arnold,mario.arnold440@yahoo.com,449-597-5213,"February 04, 2025",Daisyland,CA,United States
CUST-000490,Amy,Meyers,amy.meyers528@hotmail.com,132-797-2457,2026-05-29,East Brian,PA,United States
CUST-002453,Beth,Moore,beth.moore142@gmail.com,881-520-8952,2026-08-09,Port Scottfurt,GA,United States
CUST-001307,William,Peterson,william.peterson527_at_yahoo.com,260-972-3602,2024-02-03,Kristinchester,IL,USA
CUST-000121,Sarah,Rodriguez,sarah.rodriguez288@hotmail.com,491-476-6072,2026-01-25,East Julie,NC,USA
CUST-001590,Colleen,Williams,colleen.williams697@hotmail.com,304-376-6136,2023-10-16,Jacksontown,CA,United States
CUST-001218,Maria,Lam,maria.lam920@gmail.com,036-221-1732,2024-05-21,Simpsonchester,GA,U.S.A.
CUST-002523,Derek,Williams,derek.williams420@hotmail.com,100-142-8669,2026-09-05,South Ianland,NY,U.S.A.
CUST-000916,Matthew,Medina,matthew.medina557@yahoo.com,458-220-6732,2025-09-18,Lake Daisy,IL,U.S.A.
CUST-000374,Brenda,Dixon,brenda.dixon30@gmail.com,289-141-6128,2024-10-21,Natalieborough,FL,United States
CUST-000698,Michael,Gonzalez,michael.gonzalez5@hotmail.com,449-021-6667,2025-09-01,Port Allisonhaven,MI,United States
CUST-001643,Brendan,Newton,brendan.newton160@hotmail.com,291-187-2282,2025-11-09,Timothyhaven,NY,United States
CUST-001433,Lisa,Smith,lisa.smith415@yahoo.com,932-664-3223,2024-09-18,Patriciaville,WA,United States
CUST-001874,Kenneth,Gardner,kenneth.gardner204@yahoo.com,162-796-3651,2024-06-30,New Jessica,FL,US
CUST-001530,Madison,Oliver,madison.oliver843@hotmail.com,743-699-0558,2025-05-17,Susanfort,NY,United States
CUST-002430,Jennifer,Pena,jennifer.pena613@hotmail.com,901-851-1156,2026-04-15,,CA,United States
CUST-001562,David,Montoya,david.montoya801@hotmail.com,333-679-6082,2023-11-24,Jimenezland,FL,United States
CUST-000012, Brittney ,Gonzalez,brittney.gonzalez68@gmail.com,240-659-6575,2026-03-11,Ochoaberg,AZ,US
CUST-000607,Jennifer,Ramirez,jennifer.ramirez348@gmail.com,347-509-8898,2024-02-18,Mitchellfurt,PA,United States
CUST-000242,Suzanne,Vega,suzanne.vega948@gmail.com,185-694-5441,2026-07-11,Destinyfurt,OH,United States
CUST-001484,Haley,Roberts,haley.roberts338@hotmail.com,543-776-6183,2024-12-17,Lake Allisonstad,FL,United States
CUST-001462,Jasmine,Bates,jasmine.bates872@yahoo.com,497-035-0675,2023-09-30,Dixonchester,TX,United States
CUST-001260,Jonathan,Sanchez,jonathan.sanchez913@gmail.com,234-422-5216,2023-12-29,East Matthewborough,PA,United States
CUST-000979,Jessica,Sampson,jessica.sampson192@gmail.com,367-500-9421,2024-11-26,Stephanieland,PA,United States
CUST-001480,Jeffery,Bradley,jeffery.bradley325@yahoo.com,695-592-2776,2026-04-18,Lisaport,ny,US
CUST-001964,Barbara,Davis,barbara.davis249@hotmail.com   ,180-525-7959,2024-04-19,,PA,USA
CUST-002336,Bryan,Lee,bryan.lee684_at_gmail.com,636-801-9905,2025-08-04,East Kevinfurt,TX,United States
CUST-002471,Thomas,Reeves,thomas.reeves398@gmail.com,188-771-6991,2024-04-22,Floresmouth,MI,United States
CUST-002504,Joe,Mason,joe.mason653@hotmail.com,641-645-0862,2025-12-12,Jamesberg,NC,United States
CUST-001058,Maria,Adams,maria.adams347@gmail.com   ,534-001-8167,2026-08-18,Wagnerhaven,CA,US
CUST-002586,Larry,Thompson,larry.thompson640@yahoo.com,607-414-6440,2024-07-11,South Heather,GA,United States
CUST-002713,Laura,Horn,laura.horn921@hotmail.com,206-370-3559,2023-12-10,Nicoleville,AZ,United States
CUST-001608,Adam,Romero,adam.romero673@hotmail.com,432-698-3443,2023-12-23,Sheamouth,TX,USA
CUST-000352,Matthew, Wagner ,matthew.wagner178@gmail.com,456-532-8632,2024-07-19,Gutierrezchester,TX,US
CUST-000657,Gina,Garcia,gina.garcia920@yahoo.com,025-298-6707,2026-08-19,Hendersonton,PA,United States
CUST-001216,Deborah,Phillips,deborah.phillips60@gmail.com,474-764-8455,2024-02-09,New Samuel,NC,USA
CUST-000192,James,Horton,james.horton361@yahoo.com,070-164-5104,2024-01-06,Hallfurt,NC,United States
CUST-000702,Jonathan,Walker,jonathan.walker172@hotmail.com,587-395-9232,2023-10-17,West Hunter,AZ,United States
CUST-002744,Carrie,Sheppard,carrie.sheppard773@yahoo.com,331-782-7305,2023-10-09,Ortizberg,MI,United States
CUST-001308,Katherine,Kirby,katherine.kirby87@yahoo.com,467-720-5171,2026-05-07,South Jameshaven,FL,United States
CUST-000558,Mary,Martinez,mary.martinez290@yahoo.com,954-107-2728,2024-07-28,Cindyburgh,AZ,United States
CUST-000084,Jordan,Barnes,jordan.barnes310@yahoo.com,099-353-8758,2026-06-08,Meganside,nc,USA
CUST-000496,  Carolyn,Fields,carolyn.fields657_at_gmail.com,366-878-8788,10/18/2023,South Christopher,OH,USA
CUST-002481,Aaron,Reid,aaron.reid223@yahoo.com,430-402-5600,2025-01-05,Davidville,TX,United States
CUST-002385,Kathy,Martinez,kathy.martinez737@hotmail.com,467-093-6725,2023-11-15,Lake Davidhaven,NY,USA
CUST-001464,Matthew   ,Williams,matthew.williams255@yahoo.com,705-218-7993,2024-10-22,Jenniferview,GA,United States
CUST-002915,Kayla,Butler,kayla.butler344@yahoo.com,120-690-6119,2024-06-27,Kelseymouth,PA,USA
CUST-002356,Samuel,Bell,samuel.bell470@gmail.com,112-502-3160,2024-12-28,,NC,United States
CUST-001473,Elizabeth,Sullivan,elizabeth.sullivan663@hotmail.com,141-344-7609,2025-03-21,Lisaborough,FL,United States
CUST-001606,Paula,Hester,paula.hester626@hotmail.com,658-348-3483,2026-06-23,Dianachester,WA,USA
CUST-001647,Melissa,Grimes,melissa.grimes728@yahoo.com,631-631-2975,2024-02-25,Shaneburgh,PA,United States
CUST-000522,Cynthia,Park,cynthia.park132@gmail.com,111-096-1798,2026-07-13,Lake Seanshire,OH,United States
CUST-002609,Crystal,Miller,crystal.miller243@gmail.com,598-043-3315,2026-02-04,Carpenterview,WA,United States
CUST-002762,Angelica,Carter,angelica.carter215@gmail.com,982-993-1642,2025-06-02,East Wesleychester,IL,United States
CUST-001676,Rachel,Pope,rachel.pope889@yahoo.com,178-925-7140,2025-12-11,West Brian,CA,United States
CUST-001634,Jonathan,Love,jonathan.love499@gmail.com,707-163-4850,2025-07-25,Daltonborough,NY,USA
CUST-002484,Steven,Taylor,steven.taylor12@gmail.com,702-543-1639,2025-06-08,West Williamchester,WA,United States
CUST-001379,Dean,Hubbard,dean.hubbard905@hotmail.com,405-536-4818,2023-11-15,Clarkeview,MI,United States
CUST-000929,Micheal,Hawkins,micheal.hawkins806@hotmail.com,824-527-9050,2026-05-10,Gloriaton,NY,United States
CUST-001466,Laura,Rosales,laura.rosales514@gmail.com,687-156-8910,2024-03-20,Johnsmouth,OH,United States
CUST-001442,Mark,Moore, mark.moore315@yahoo.com ,441-899-7402,2024-09-01,East Allison,PA,United States
CUST-000915,Jennifer,Velasquez,jennifer.velasquez514@gmail.com,828-323-0898,2025-09-04,East Amberland,AZ,United States
CUST-001621,Diane,Santos,diane.santos657@gmail.com,259-364-5028,2025-01-02,Port Jennifer,mi,United States
CUST-002241,Lisa,Gomez,lisa.gomez448@gmail.com,960-160-9932,2026-01-09,Taylormouth,IL,United States
CUST-000053,Linda,Taylor,linda.taylor263@gmail.com,032-365-1994,2025-04-16,North Wendyborough,NC,USA
CUST-001633,Veronica,Rodgers,veronica.rodgers839@hotmail.com,078-947-6720,2024-11-01,North Michaelland,WA,United States
CUST-000609,Joshua,Gonzales,joshua.gonzales163@gmail.com,449-134-2138,2024-08-10,North Carmen,FL,United States
CUST-000469,Daniel,Bailey,daniel.bailey603@hotmail.com,265-016-7318,2026-08-30,South David,AZ,United States
CUST-002270,Michelle,Lang,michelle.lang701@gmail.com,706-007-4614,2025-12-12,East Monica,TX,United States
CUST-002142,Joe,Stewart,joe.stewart129@hotmail.com,508-143-2298,2024-09-06,Nolanchester,OH,United States
CUST-001226,Sara,Daniel   ,sara.daniel345@yahoo.com,801-891-5673,2025-03-15,Joshuafurt,OH,USA
CUST-000565,David,Santiago,david.santiago795@yahoo.com,870-104-1591,2025-07-23,Arianamouth,OH,U.S.A.
CUST-001609,Michelle,Johnson,michelle.johnson254@gmail.com,450-509-2846,2024-04-13,Martintown,WA,United States
CUST-000435,Matthew,Richards,matthew.richards502@yahoo.com,710-040-9013,2023-10-31,South Carrieview,TX,United States
CUST-000752,Patricia,Joseph,patricia.joseph704@gmail.com,373-990-0631,2024-10-08,Adambury,WA,United States
CUST-002175,Christian,Turner,christian.turner727@gmail.com,243-453-5381,2024-10-14,Lake Markstad,PA,USA
CUST-002997,Amanda,Jackson,amanda.jackson682@gmail.com,235-472-2405,2024-08-10,Leahbury,AZ,US
CUST-000219,Kayla,Garcia,kayla.garcia114@hotmail.com,230-768-1040,2024-03-11,West Steventon,TX,United States
CUST-001544,Michael,Greene,michael.greene929@gmail.com,799-230-4532,2024-01-16,North Suzanne,NY,United States
CUST-002295,Raymond,Kim,raymond.kim73@yahoo.com,573-554-8147,2026-04-23,East Reginachester,OH,US
CUST-001023,Jesus,Thompson,jesus.thompson982@yahoo.com,623-899-4991,2026-03-31,Romanland,AZ,United States
CUST-000842,Cody,Bruce,cody.bruce161@gmail.com,379-223-4103,2024-09-14,Ryanfurt,GA,United States
CUST-001753,Margaret,Schneider,margaret.schneider967@gmail.com,937-684-1847,2026-05-19,West Patrickberg,GA,United States
CUST-002032,Gregory,Rodriguez,gregory.rodriguez752@gmail.com,560-387-1088,2025-04-07,East Markport,TX,United States
CUST-000770,Keith,Garcia,keith.garcia109@hotmail.com,222-618-9628,2026-03-13,Gravesview,NC,United States
CUST-000002,Andre,Li,andre.li433@hotmail.com,621-182-3398,02/25/2024,Lisaview,MI,United States
CUST-002457,Katherine,Mclaughlin,katherine.mclaughlin40@gmail.com,330-864-1486,2025-09-12,Port David,WA,US
CUST-000997,Sonya,Stone,sonya.stone856@gmail.com,201-256-0832,2024-10-22,North Josephside,WA,United States
CUST-000801,Andrea,Williams,andrea.williams920@hotmail.com,033-970-5195,2024-06-05,South Jason,MI,United States
CUST-002185,Xavier,Whitehead,xavier.whitehead439@yahoo.com,641-854-1333,2024-04-03,Myerstown,TX,United States
CUST-000230,James,Maldonado,james.maldonado542@yahoo.com,494-651-9098,2023-09-17,Abbottport,NC,United States
CUST-001110,David,House,david.house654@gmail.com,220-414-4743,2024-03-06,Lake Michelle,AZ,United States
CUST-001705,Matthew,Brown,matthew.brown874@yahoo.com,191-061-6691,2026-08-12,North Paulahaven,PA,United States
CUST-001095,Elizabeth,Calderon,elizabeth.calderon316@gmail.com,064-934-0391,2024-03-12,West Michaelton,FL,US
CUST-000516,Monica,Warren,monica.warren893@hotmail.com,420-165-4235,2023-11-13,Olsonside,PA,USA
CUST-001293,Andrea,Vargas,andrea.vargas353@hotmail.com,011-400-3471,2024-11-23,North Karen,CA,United States
CUST-000588,Rhonda,Skinner,rhonda.skinner202@hotmail.com,348-315-2037,2023-11-16,Bentontown,PA,USA
CUST-001550,Catherine,Lee,catherine.lee618@gmail.com,037-539-8923,2026-01-17,East Douglaschester,FL,United States
CUST-000590,Jeffrey,Gray,jeffrey.gray411@hotmail.com,680-408-5095,2025-09-13,Lisashire,NY,United States
CUST-002676,Anthony,Cunningham,anthony.cunningham476@yahoo.com,307-277-2827,2026-08-06,Armstronghaven,MI,USA
CUST-000228,Mary,Wilson,mary.wilson371@hotmail.com,758-172-4619,2026-03-08,Lake Lisafurt,TX,United States
CUST-000875,Frank,King,frank.king103@gmail.com,752-023-8974,2024-09-30,Lake Henry,IL,United States
CUST-001064,Anthony,Mora,anthony.mora979@gmail.com,932-880-9832,2023-11-02,North Bradley,WA,United States
CUST-001985,Gregory,Sanders,gregory.sanders189_at_gmail.com,684-377-1403,2024-11-26,Natalieview,IL,United States
CUST-000157,Barbara,Santos,barbara.santos603@hotmail.com,245-587-7169,2025-02-15,Stevenberg,NY,United States
CUST-001029,Sarah,Dixon,sarah.dixon152@yahoo.com,942-968-8276,2026-02-15,Beckton,AZ,United States
CUST-002243,Kara,Good,kara.good399,439-884-4278,2026-03-07,Ericbury,MI,United States
CUST-001656, Debra ,Patterson,debra.patterson116@hotmail.com,459-872-4089,2023-11-15,Lake Daniel,AZ,US
CUST-002829,Stephanie,Smith,stephanie.smith706@hotmail.com,353-335-0162,2025-10-27,Andersonland,MI,USA
CUST-001014,Tracy,Coleman,tracy.coleman764@gmail.com,808-157-1290,2025-10-22,West Janetmouth,NC,United States
CUST-002155,Kim,Cummings, kim.cummings771@gmail.com ,633-057-5437,2025-07-26,North Beckyside,AZ,United States
CUST-001983,Scott,Stephens,scott.stephens931@hotmail.com,436-116-8611,2025-06-24,Paultown,WA,United States
CUST-002238,Justin,Browning,justin.browning936@hotmail.com,649-304-6400,2025-11-17,Smithshire,il,United States
CUST-000358,Shane,Armstrong,shane.armstrong267@gmail.com,753-998-9354,2024-03-27,Elizabethshire,NC,United States
CUST-002252,Ann,Hansen,ann.hansen771@gmail.com,873-095-0793,2024-12-21,South Shannon,OH,United States
CUST-000773,Phillip,Hernandez,phillip.hernandez231@hotmail.com,354-159-7099,2024-09-17,Freystad,IL,United States
CUST-002983,Jason,Gonzalez,jason.gonzalez968@gmail.com,695-118-1961,2023-12-06,New Deanna,GA,United States
CUST-000310,Alexa,Diaz,  alexa.diaz5@gmail.com,,2025-10-01,Debbieview,TX,United States
CUST-000109,Glenda,Morse, glenda.morse825@gmail.com ,288-515-8799,2026-02-03,Craigside,TX,United States
CUST-000096,Lisa,Sawyer,lisa.sawyer6@yahoo.com,556-110-0225,2026-08-10,Patriciaview,AZ,United States
CUST-001506,Robert,Small,robert.small258@gmail.com,353-910-1612,2026-03-03,Kristenshire,FL,US
CUST-001133,David,Johnson,david.johnson443@yahoo.com,391-368-1720,2025-02-14,North James,PA,United States
CUST-000532,Adam, Boyd ,adam.boyd745@yahoo.com,139-080-8823,2024-03-17,Dannyborough,FL,United States
CUST-000161,Nicole,Parker,nicole.parker670@gmail.com,472-282-0055,2024-05-08,Mcdonaldside,MI,United States
CUST-000667,Sarah,Smith,  sarah.smith215@yahoo.com,557-277-3826,2023-12-11,Richardshire,PA,U.S.A.
CUST-000726,Alexander,Marquez,alexander.marquez507@yahoo.com,397-396-4178,2024-01-11,Obrienfurt,NC,United States
CUST-001187,Melissa,Williams,melissa.williams695@hotmail.com,832-112-2121,2025-09-04,Karahaven,FL,United States
CUST-002106,Timothy,  Palmer,timothy.palmer761@hotmail.com,031-788-3643,2024-01-08,South Travishaven,GA,United States
CUST-001502,Thomas,Martin,thomas.martin467@gmail.com,148-967-8082,2024-03-20,Dennisshire,NY,USA
CUST-000909,Sandy,Ramirez,sandy.ramirez38@yahoo.com,557-820-1904,2026-05-23,East Lynn,NC,United States
CUST-002446,Alexandria,Cox,alexandria.cox323@yahoo.com,414-085-7962,2025-03-31,New Michael,NY,United States
CUST-002432,Jill,  Riddle,jill.riddle284@hotmail.com,346-502-7586,2024-05-15,East Sandraport,FL,USA
CUST-000222,Audrey,Jackson,audrey.jackson812@yahoo.com,958-702-0701,2023-12-14,Brownchester,GA,United States
CUST-002618,Michelle,Garcia,michelle.garcia760@gmail.com,511-142-4124,2025-10-12,Virginiaport,GA,United States
CUST-002699,Brian,Maynard,brian.maynard309@yahoo.com,693-477-9660,2026-07-03,Jonathanhaven,FL,United States
CUST-002085,Oscar,Estrada,oscar.estrada398@yahoo.com,720-961-0237,2025-05-19,South Kevin,PA,United States
CUST-001752,Abigail,Salinas,abigail.salinas385@hotmail.com,851-367-3805,2026-05-31,North Jamie,CA,United States
CUST-001276,Joseph,Schneider,joseph.schneider550@gmail.com,281-822-3879,2025-04-20,Tammyberg,PA,United States
CUST-000538,Alison,Garcia,alison.garcia846@yahoo.com,919-665-5330,2025-01-24,Jimenezview,MI,United States
CUST-001054,Laura   ,Whitney,laura.whitney416@yahoo.com,006-445-4752,2024-02-15,Port Nicole,GA,U.S.A.
CUST-001184,Norma,Bailey,norma.bailey762@gmail.com,292-059-2294,2026-06-19,North Marcuschester,FL,United States
CUST-000562,Linda,Taylor,linda.taylor710@gmail.com,426-834-4149,2026-06-19,Gardnerfurt,NC,United States
CUST-000923,Jared,Ortiz,jared.ortiz965@hotmail.com,879-509-8221,2024-03-01,West Laurieville,NY,United States
CUST-001885,Leah,Ferguson,leah.ferguson222@hotmail.com,097-186-1422,2026-06-30,West Susan,OH,United States
CUST-002677,Nicole   ,Jimenez,nicole.jimenez530@hotmail.com,894-266-0366,2025-10-25,Port Daisymouth,OH,United States
CUST-000434,Jacob,Brown,jacob.brown699@gmail.com,346-791-2141,2025-12-31,Martinezland,MI,USA
CUST-001702,Kenneth,Branch,kenneth.branch440@yahoo.com,613-315-5530,2024-05-29,West Jeffreyborough,PA,US
CUST-000810,Bradley,Brown,bradley.brown363@yahoo.com,473-404-3370,2026-03-14,Port Annachester,AZ,United States
CUST-001912,Sarah,Brown,sarah.brown107@gmail.com,228-012-6980,2024-07-03,Jonathanchester,PA,United States
CUST-002970,Caleb,Mcdonald,caleb.mcdonald635@yahoo.com,202-798-9145,2025-10-04,Sandraland,OH,USA
CUST-001771,Patricia, Ward ,patricia.ward341@hotmail.com,476-111-0797,2024-12-31,Parkermouth,MI,United States
CUST-002434,Shannon,Morgan,shannon.morgan599@yahoo.com   ,578-263-8803,2026-04-20,West Wanda,FL,United States
CUST-001961,Morgan,Bishop,morgan.bishop489@hotmail.com,,2024-02-06,North Kristine,NY,US
CUST-000749,Justin,Taylor,justin.taylor193@gmail.com,466-661-7071,2024-08-09,Annafurt,MI,United States
CUST-001637,John,Gomez,john.gomez173@gmail.com,266-783-0557,2025-09-29,South Corey,OH,USA
CUST-000255,Laura,Duran,laura.duran384@hotmail.com,251-142-6258,2024-02-03,South John,IL,United States
CUST-001119,Dennis,Macias,dennis.macias488@gmail.com,142-436-2585,2025-09-24,Emilyville,TX,United States
CUST-000634,Cassandra,Levy,cassandra.levy924@hotmail.com,973-203-3192,2025-08-05,East Thomas,NY,U.S.A.
CUST-000234,Lori,Cruz,lori.cruz257@gmail.com,269-097-3846,2024-08-26,,OH,US
CUST-001269,Kathleen,Smith,kathleen.smith175@gmail.com,088-634-6739,2025-08-15,New Adamhaven,NC,United States
CUST-001591,William   ,Cochran,william.cochran624@gmail.com,268-159-4747,2026-04-09,Port Michaelbury,AZ,United States
CUST-002096,Jerry,Patel,jerry.patel236@hotmail.com,963-346-7464,2024-01-12,Shieldston,CA,USA
CUST-000011,Dominic,Turner,  dominic.turner165@yahoo.com,212-646-4715,2024-01-19,Sherylfort,NC,United States
CUST-002110,Michael,Costa,michael.costa192@gmail.com,079-915-4027,2024-12-25,East Anthony,AZ,United States
CUST-001747,Frederick,Reid,frederick.reid955@hotmail.com,366-357-9671,2026-01-28,Abigailtown,MI,United States
CUST-002560,Victor,Hudson,victor.hudson947@yahoo.com,855-004-4507,2026-04-19,New Ricardo,CA,United States
CUST-001306,Manuel,Hubbard,manuel.hubbard303@gmail.com,281-775-1239,2026-05-08,Kathyfort,MI,USA
CUST-000833,William,Hughes,william.hughes392@hotmail.com,989-992-7517,2024-11-13,Amandaland,AZ,US
CUST-000014,Michael,Frederick,michael.frederick364,982-807-3741,2023-10-25,Chambersberg,IL,United States
CUST-001914,Sabrina,Kidd,sabrina.kidd286@gmail.com,573-787-4778,2026-07-25,Alexistown,FL,United States
CUST-001822,Anne,Acevedo,anne.acevedo114@yahoo.com,886-751-8571,2023-11-26,South Kevinchester,nc,United States
CUST-002775,Laurie,Hartman,laurie.hartman766@gmail.com,786-499-5870,2026-06-30,West Davidberg,GA,United States
CUST-000495,Becky   ,Moyer,becky.moyer930@yahoo.com,215-226-5576,2025-02-01,Steelechester,WA,USA
CUST-000336,Christopher,Henderson,christopher.henderson534@yahoo.com,926-610-8573,2025-05-25,South Alison,TX,United States
CUST-002874,Ronald,Jones,ronald.jones3@gmail.com,277-606-3951,2024-12-16,South Angela,NY,U.S.A.
CUST-000061,Alicia,Diaz,alicia.diaz140@gmail.com,569-154-5226,2024-06-30,Banksburgh,OH,United States
CUST-001279,Daniel,Wilson,daniel.wilson991@yahoo.com,125-590-4610,2026-02-14,South Carolynbury,CA,United States
CUST-002419,Jason,Andrews,jason.andrews884@yahoo.com,967-183-2130,2023-11-05,Kellyside,CA,United States
CUST-002565,Nathan,Hammond,nathan.hammond780@hotmail.com,051-306-9672,2026-07-12,Port Davidville,AZ,U.S.A.
CUST-002580,Michael,Garcia,michael.garcia308@yahoo.com,546-625-7312,2024-05-08,Jefferyville,IL,United States
CUST-002454,Amy,Wilson,amy.wilson340@gmail.com,696-250-5073,2026-05-10,West Kara,MI,United States
CUST-001449,Cheryl,Pitts   ,cheryl.pitts392@yahoo.com,342-031-9777,2024-03-25,Amandamouth,AZ,United States
CUST-000932,Jay,Sullivan,jay.sullivan9@yahoo.com,306-011-9875,2024-04-28,Davishaven,AZ,United States
CUST-001438,Zachary,Parks,zachary.parks921@hotmail.com,496-383-0972,2026-01-13,,TX,United States
CUST-002665,Michael,Richmond,michael.richmond769@gmail.com,684-446-9645,2026-06-17,West Felicia,IL,United States
CUST-001828,Kelsey,Brown,kelsey.brown761@gmail.com,914-352-9493,2024-01-30,South Heatherview,fl,United States
CUST-002204,Daniel,Adkins,daniel.adkins550@gmail.com,096-745-1363,2025-03-20,Avilatown,az,United States
CUST-001937,Sabrina,Vazquez,sabrina.vazquez164@hotmail.com,627-519-3463,2024-01-14,North Ericview,TX,United States
CUST-000285,Carol,Cox,carol.cox724@yahoo.com,964-715-8904,2024-02-05,New Brian,WA,United States
CUST-000969,Kimberly,Stuart,kimberly.stuart863@gmail.com,779-876-8299,2024-05-06,,IL,United States
CUST-002729,Michael,Steele,michael.steele177@gmail.com,459-456-8150,2024-01-25,Victoriaport,NY,United States
CUST-002978,John,Davidson,john.davidson527@yahoo.com,180-420-2230,2026-01-02,Kimberlyshire,IL,United States
CUST-001627,Faith,Freeman,faith.freeman413@yahoo.com,459-915-3044,2024-05-04,Brentburgh,FL,United States
CUST-001134,Cindy,Bell,cindy.bell703@gmail.com,862-092-9735,2025-11-02,Lake Nathaniel,NC,United States
CUST-001496,Kristin,Brennan,kristin.brennan604@hotmail.com,096-641-4753,2023-12-29,South Melinda,NC,USA
CUST-002832,Joel,Williams,joel.williams291@yahoo.com,385-743-3919,2026-02-16,Morgantown,PA,United States
CUST-002338,Angela,Crane,angela.crane37@hotmail.com,124-079-0448,2024-04-11,East Amyhaven,OH,United States
CUST-000908,Julie,Mays,julie.mays844@gmail.com,074-820-7365,2024-03-20,North Williambury,NC,United States
CUST-000963,Shawn,Graves,shawn.graves739@yahoo.com,736-820-5068,2024-01-10,North Donna,NY,United States
CUST-000774,Melissa,Lee,melissa.lee718@yahoo.com,807-520-3447,2024-02-11,Morganview,NY,USA
CUST-000788,Joe,Harding,joe.harding988@gmail.com,670-425-4969,2025-10-30,New Davidport,TX,United States
CUST-002859,Jonathan,Ryan,jonathan.ryan514@gmail.com,541-455-6473,2026-07-14,Lake Connorfurt,NC,U.S.A.
CUST-002512,Margaret,Reynolds,margaret.reynolds534@hotmail.com,679-066-7477,2024-10-20,Port Brett,MI,United States
CUST-001565,Thomas,Cobb,thomas.cobb624@hotmail.com,080-388-9044,2025-01-03,North Juanview,GA,US
CUST-001195,John,Moreno,john.moreno335@gmail.com,805-826-9299,2025-01-28,North Shannonside,GA,United States
CUST-001909,Patricia,Gaines,patricia.gaines990@yahoo.com,218-333-9192,09/11/2024,Loganberg,IL,United States
CUST-002974,Morgan,Fisher,morgan.fisher168@gmail.com,846-900-1581,2024-05-24,Port Jason,ca,United States
CUST-000064,Christopher,Fletcher,christopher.fletcher188@hotmail.com,570-433-1541,2023-11-16,North Paulchester,FL,United States
CUST-001518,Sarah,Owens,sarah.owens150@hotmail.com,994-885-6694,2026-08-31,North Anthony,AZ,USA
CUST-000679,Holly,Carroll,holly.carroll939,022-840-3595,2024-12-12,Kristopherburgh,PA,United States
CUST-000041,Christian,Mccall,christian.mccall995@gmail.com,856-914-6303,2024-02-11,South Darrenton,OH,United States
CUST-000753,Donna,Herman,donna.herman628@yahoo.com,263-560-2293,2025-04-01,Nicolechester,NC,United States
CUST-001355,Blake,Watts,blake.watts352@gmail.com,386-410-0953,2026-03-02,Conniemouth,NY,United States
CUST-002410,Teresa,Mueller,teresa.mueller998@yahoo.com,936-019-4127,2025-03-26,South Patrickside,PA,United States
CUST-000486,Sonya,Scott,sonya.scott165@hotmail.com,983-735-4396,2024-11-11,South Jesse,FL,United States
CUST-002608,Amy,Fernandez,amy.fernandez320@yahoo.com,007-709-9031,2024-12-12,Clarkeville,WA,United States
CUST-000943,Hunter,Smith,hunter.smith807@yahoo.com,492-699-9699,2026-04-23,Kaneport,WA,United States
CUST-001427,David,Smith,david.smith312@yahoo.com,433-226-2277,2026-05-29,Owensborough,NC,United States
CUST-002016,Jennifer,Soto,jennifer.soto389@yahoo.com,396-885-9342,2026-07-10,Lake Leah,PA,United States
CUST-001648,Julie,Mullins   ,julie.mullins238@gmail.com,694-963-7881,2024-11-19,New Maryborough,IL,U.S.A.
CUST-000614,Aaron,Jones,aaron.jones95@hotmail.com,932-064-9693,2023-11-23,Toddburgh,IL,United States
CUST-002425,Anita,Pierce,anita.pierce428@gmail.com,331-178-6057,2024-04-24,Sullivanmouth,TX,USA
CUST-001352,Mark,Peterson,mark.peterson25@hotmail.com,870-179-9932,2026-07-17,Heiditon,WA,USA
CUST-001540,David,  Turner,david.turner88@yahoo.com,782-153-9266,2026-08-07,South Michele,OH,United States
CUST-002989,Danielle,Johnson,danielle.johnson678@yahoo.com,312-605-5740,2023-09-15,Lake Wanda,NC,United States
CUST-002792,Rachel,Scott,rachel.scott594@yahoo.com,950-133-6721,2025-12-29,Port Markmouth,FL,USA
CUST-002027,Samantha,Carter,samantha.carter179@hotmail.com,581-045-7346,2025-05-04,Aliport,PA,United States
CUST-001831,Julia,Hayes,julia.hayes221@gmail.com,251-589-0418,2025-04-28,Port Michelle,ny,US
CUST-002529,Caitlyn,Olson,caitlyn.olson57@yahoo.com,,2025-09-20,Port Shariport,PA,United States
CUST-002441,Breanna,Kim, breanna.kim598@gmail.com ,132-508-6286,2025-10-05,Paulborough,TX,United States
CUST-001792,Michael,Allen,michael.allen626@hotmail.com,297-049-3795,2024-06-24,New Regina,WA,USA
CUST-001793,Matthew,Oconnell,matthew.oconnell399@hotmail.com,551-163-9714,2025-01-17,North Rebecca,MI,USA
CUST-001808,Jesse, Peterson ,jesse.peterson915@hotmail.com,302-364-1224,17-Jul-2025,Mahoneytown,OH,United States
CUST-000313,Penny,Powers,penny.powers325@gmail.com,623-198-1898,2024-12-09,Tylerland,AZ,United States
CUST-001526,Katie,Schmidt, katie.schmidt207@gmail.com ,064-157-8097,2024-08-25,North David,MI,United States
CUST-000322,Brandon,Williamson,brandon.williamson382@hotmail.com,421-529-1086,2026-03-01,Wilcoxfort,CA,United States
CUST-002491,Barry,Ross,barry.ross107@yahoo.com,,2023-12-11,Riosmouth,MI,United States
CUST-000563,Kimberly,Bass,kimberly.bass156_at_gmail.com,287-585-7567,2025-01-18,Alimouth,IL,United States
CUST-002940,Zachary,Smith,zachary.smith21@hotmail.com,176-635-2152,2025-09-04,Webbmouth,GA,United States
CUST-000386,Nichole,Harvey,nichole.harvey475@yahoo.com,078-593-1109,2026-04-13,New Kristineborough,NY,United States
CUST-002643,Karen,Tanner,karen.tanner947@yahoo.com,094-391-3708,2025-01-27,Annamouth,NY,United States
CUST-002475,Bryan,Norton,bryan.norton799@gmail.com,763-185-5967,11-Feb-2026,South Lorrainechester,OH,United States
CUST-001472,Michael,Campbell,michael.campbell131@gmail.com,749-161-7050,2025-08-02,East Chase,NC,United States
CUST-001215,Max,Harper,max.harper845@yahoo.com,256-222-1905,2026-09-03,East Sarah,OH,USA
CUST-000370,Robert,Nguyen,robert.nguyen490@yahoo.com,103-399-3788,2023-12-28,Averyview,WA,United States
CUST-002305,Justin,Gray,justin.gray717@hotmail.com,684-154-6351,2024-09-20,Edwardsborough,TX,U.S.A.
CUST-001289,Kim,Payne,kim.payne262@gmail.com,827-306-3435,2026-08-06,Vincenthaven,GA,US
CUST-000797,Christie,Hodges,christie.hodges629@hotmail.com,459-908-0271,2026-05-20,East Edwardhaven,AZ,United States
CUST-000462,Andrea,Macias,andrea.macias742@yahoo.com,792-408-2226,2024-06-10,Brianstad,OH,United States
CUST-000479,Breanna,Miller   ,breanna.miller4@gmail.com,291-093-3711,2024-08-24,Kevinfort,NC,United States
CUST-001051,David,Baxter, david.baxter678@gmail.com ,995-704-7264,2025-02-04,Lake Lisa,GA,United States
CUST-001083,Steven,Pacheco,steven.pacheco49@hotmail.com,500-741-8948,2025-10-19,Hollybury,MI,United States
CUST-001628,Adam,Parsons,adam.parsons674@yahoo.com,838-789-0345,2024-05-07,East Brookehaven,CA,USA
CUST-001588,Vanessa,Flores   ,vanessa.flores478@yahoo,369-301-0009,2026-05-31,New Lorishire,GA,United States
CUST-000927,Christopher,Marks,christopher.marks943@yahoo.com,462-554-0263,2023-12-30,Matthewburgh,PA,USA
CUST-002507,Nicole,Johnson,nicole.johnson77@gmail.com,544-278-8598,2025-03-09,New Georgechester,NY,USA
CUST-001385,Sabrina,Hamilton,sabrina.hamilton56@yahoo.com,134-820-8493,2024-09-04,West Jameshaven,MI,U.S.A.
CUST-002843,Michael,Rogers,michael.rogers853@gmail.com,134-176-2280,2024-08-14,Kevinland,IL,United States
CUST-000363,Vickie,Turner,vickie.turner738@yahoo.com,022-960-4432,2025-01-09,Smithside,TX,United States
CUST-002036,Megan   ,Perry,  megan.perry768@hotmail.com,601-385-5002,2023-12-19,Kristenfort,WA,United States
CUST-002408,Betty,  Phillips,betty.phillips659@hotmail.com,457-766-1388,2025-02-13,Coopermouth,IL,United States
CUST-000501, Nicole ,Johnson,nicole.johnson877@gmail.com,820-667-8498,2024-10-22,Jennachester,CA,United States
CUST-002722,Kyle,Reyes,kyle.reyes160@hotmail.com,,2025-11-22,West Heatherside,NC,USA
CUST-001568,Ana,Johnson,ana.johnson274,027-169-8837,2026-02-19,South Clarencestad,GA,USA
CUST-000708,Anne,Anderson,anne.anderson626@gmail.com,270-093-4596,2024-01-14,South Gerald,TX,USA
CUST-000162,Sarah,Dunn,sarah.dunn769@gmail.com,829-979-6884,2025-08-10,Timothybury,FL,United States
CUST-000720,Brandon,Costa,brandon.costa663@yahoo.com,468-677-5240,2025-01-25,West Jeanetteport,AZ,U.S.A.
CUST-000151,Juan,Walker,juan.walker616@hotmail.com,208-678-0856,2026-07-28,South Tiffany,NC,United States
CUST-001139,Scott,Baker,scott.baker99@gmail.com,332-228-0194,2026-03-05,Wendystad,PA,United States
CUST-002526,Melissa,Dodson,melissa.dodson806@yahoo.com,171-972-5123,2026-09-05,Jamiebury,NY,United States
CUST-000555,Elizabeth,King,elizabeth.king450@yahoo.com,054-589-7148,2023-09-06,East Tiffanybury,AZ,United States
CUST-000279,Sean,Davis,  sean.davis193_at_gmail.com,939-834-3018,2024-11-11,Rhodesland,FL,United States
CUST-002564,Jennifer,Hubbard,jennifer.hubbard644@hotmail.com,805-365-9726,2023-11-23,Port Christine,IL,United States
CUST-001141,Rachel,Allen,rachel.allen488@hotmail.com,731-180-4674,2026-06-27,Port Joelfort,IL,United States
CUST-002935,Leonard,Robinson,leonard.robinson124@gmail.com,804-533-4304,2025-03-17,North Kristin,TX,United States
CUST-000447,Vickie,Kelley,vickie.kelley726@yahoo.com,675-661-8443,2024-07-28,Davismouth,NY,United States
CUST-000144,Zachary,Hall,zachary.hall282@gmail.com,053-021-4656,2025-04-20,Willishaven,CA,United States
CUST-001527,Amber,York,amber.york824@gmail.com,419-453-4195,2025-06-09,Port Kathleen,OH,USA
CUST-002579,Walter,Wilson,walter.wilson420@yahoo.com,688-130-3846,2026-01-07,Lake Henryville,FL,United States
CUST-002861,David,Payne,david.payne734@yahoo.com,781-656-0880,2025-11-28,Pennyhaven,NC,United States
CUST-002766,Amber,Logan,amber.logan729@yahoo.com,590-731-2821,2026-06-05,Port Charlesfurt,WA,USA
CUST-001897,Denise,Davis,denise.davis10@hotmail.com,776-135-0078,2025-07-16,South Brandy,CA,United States
CUST-000269,Zachary,Kent,zachary.kent756@yahoo.com,016-579-0552,2025-02-14,New Jennaborough,PA,United States
CUST-001174,Daniel,Buchanan,daniel.buchanan989@hotmail.com,240-658-3872,2026-03-10,Fullermouth,MI,USA
CUST-001212,Amber,Kirk,amber.kirk750@yahoo.com,679-087-0187,2025-07-11,South Natalie,NC,United States
CUST-000030,Maria,Juarez,maria.juarez38@hotmail.com,672-946-6711,2026-03-09,Robertsonview,TX,United States
CUST-002330,Daniel,Hamilton,daniel.hamilton992@yahoo.com,862-902-5153,2024-02-17,Baxterburgh,PA,United States
CUST-001271,Gina,Harris,gina.harris316@yahoo.com,989-790-6085,2024-07-11,Amyland,PA,United States
CUST-001115,Alyssa,Wilson,alyssa.wilson590@gmail.com,438-419-6622,2025-11-04,Port Mistyville,CA,United States
CUST-002139,Carlos,Navarro,carlos.navarro508@yahoo.com,764-494-3632,2023-10-30,Johnsonchester,WA,US
CUST-000211,Cheryl,Rodriguez,cheryl.rodriguez289@hotmail.com,817-946-9548,2025-01-02,,OH,United States
CUST-001332,Stephanie,Wilson,stephanie.wilson911@gmail.com,,2024-12-07,North Rebecca,WA,United States
CUST-002422,John,Daniels,john.daniels646@yahoo.com   ,676-606-2895,2025-09-10,East Kimberlyport,FL,United States
CUST-002659,Brett,Mccoy,brett.mccoy540@gmail,914-465-4840,2025-01-30,North Billyport,CA,US
CUST-000739,Stacey,Luna,stacey.luna935@hotmail.com,976-263-7484,2024-07-11,Jessehaven,IL,U.S.A.
CUST-000045,Patrick,Hernandez,patrick.hernandez716@gmail.com,863-536-5419,2025-03-16,Davidton,TX,United States
CUST-002548,Jamie,Mercado,jamie.mercado117@yahoo.com,345-052-1940,2026-06-21,Rebekahtown,AZ,United States
CUST-001459,Andrew,Moore,andrew.moore821@gmail.com,761-239-6121,2024-09-09,Lake Melissaland,NY,US
CUST-002131,Ryan,Wright,ryan.wright579@yahoo.com,208-348-1242,2025-11-11,Grahamfort,AZ,US
CUST-001921,Thomas,Mitchell,thomas.mitchell357@yahoo.com,336-895-7967,2025-12-03,Lake Rhonda,GA,United States
CUST-001297,Angela,Hunt,angela.hunt779@hotmail.com,722-399-6477,2024-08-11,New Jamesmouth,OH,United States
CUST-002442,Kenneth,Hughes,kenneth.hughes759@hotmail.com,882-309-2587,2026-01-27,New Carly,OH,United States
CUST-000331,Karen,Carson,karen.carson115@hotmail.com,,2023-12-21,Rhodesmouth,FL,US
CUST-000809,Timothy,Simon,timothy.simon676@gmail.com,316-600-7676,2025-07-13,North Barbara,CA,United States
CUST-002641,Dale,Keller,dale.keller760@hotmail.com,133-010-7535,2025-07-01,East Mirandafurt,AZ,United States
CUST-002476,Karen,Davenport,karen.davenport579@yahoo.com,814-400-0407,2026-08-29,Robertberg,NY,USA
CUST-000515,Jason,Lewis,jason.lewis734@gmail.com,644-212-1461,2024-10-05,Morganmouth,GA,United States
CUST-001483,Betty,Gonzalez,betty.gonzalez113@yahoo.com,114-978-8795,2025-11-24,North Dennis,FL,United States
CUST-000917,April,Weber,april.weber513@gmail.com,681-572-4500,2025-07-21,Port Anthonytown,IL,United States
CUST-001372,Kim,Wilson,kim.wilson533@gmail.com,926-407-0308,2025-08-27,New Danielleland,NY,USA
CUST-002403,Marissa,Henry,marissa.henry472@gmail.com,531-324-5275,2024-03-08,Hayesville,NC,USA
CUST-000571,Brad,Meadows,brad.meadows762@gmail.com,774-025-8835,2024-05-26,Palmerburgh,WA,USA
CUST-002089,Matthew,Jacobs,matthew.jacobs345@gmail.com,586-794-3364,2024-06-22,Nicoleton,OH,U.S.A.
CUST-001301,Robin,Diaz,robin.diaz436@hotmail.com,215-016-4261,2024-09-29,,WA,United States
CUST-001342,Gary,Torres,gary.torres273@gmail.com,551-962-8222,2026-01-18,Alanville,TX,United States
CUST-002478,Wesley,Villanueva,wesley.villanueva625@hotmail.com,427-344-9799,2024-06-28,Port Nicholas,NY,United States
CUST-002477,John,Hensley,john.hensley618@gmail.com,064-079-7296,2024-02-23,East Jessica,NY,U.S.A.
CUST-002120,Eddie,Roberts,eddie.roberts461@hotmail.com,379-790-0704,2025-03-06,Patriciaport,PA,United States
CUST-002910,Christian,Parker,christian.parker334@hotmail.com,732-652-3465,2024-07-26,,WA,United States
CUST-001036,Paula,Gamble,paula.gamble725@gmail.com,592-361-3376,2024-06-04,West Jacobbury,MI,United States
CUST-000540,Benjamin,Ferguson,benjamin.ferguson442@hotmail.com,050-171-6445,2026-08-24,Richardside,OH,United States
CUST-001391,Courtney,Smith,courtney.smith475@hotmail.com,661-869-5724,2026-07-13,West Johnport,TX,United States
CUST-001840,Shawn,Phillips,shawn.phillips298@hotmail.com,783-103-1456,2026-07-02,Leroyberg,FL,United States
CUST-001520,Shane,Ramsey,shane.ramsey302@yahoo.com,266-256-5046,2026-06-19,,NY,United States
CUST-001500,John,Lane,john.lane853@yahoo.com,168-249-7939,2024-04-23,South Colebury,AZ,United States
CUST-001947,Joanne,Jarvis,joanne.jarvis483@hotmail.com,320-877-8347,2025-03-02,Lake Adrianburgh,PA,United States
CUST-002747,Richard,Thompson,richard.thompson884@gmail.com,990-722-6794,2023-09-10,South Elizabethville,NY,United States
CUST-001395,Scott,Benjamin, scott.benjamin578@yahoo.com ,235-107-6519,2026-03-06,Port Thomaston,AZ,United States
CUST-000416,Katie,Mcfarland,katie.mcfarland619@yahoo.com,331-060-0531,2025-06-25,North Laura,OH,United States
CUST-000209,Brandon,Butler,brandon.butler453@gmail.com,249-998-2795,2026-08-12,North Kaylamouth,TX,USA
CUST-001382,Nathan, Collins ,nathan.collins613@yahoo,220-429-8622,2025-10-10,Elliottberg,TX,United States
CUST-001490,Michelle,Coleman,michelle.coleman218@gmail.com,382-222-4005,2025-05-21,Port Tiffany,GA,US
CUST-002360,Beth,Jackson,beth.jackson58@hotmail.com   ,599-475-7637,2025-05-08,,PA,United States
CUST-001327,Brooke,Martin,brooke.martin234@gmail.com,543-904-4890,2025-10-24,East Rachel,NC,USA
CUST-001428,Sheila,Perry,sheila.perry536@hotmail.com,806-647-0703,2026-05-26,Brianfurt,NC,US
CUST-001795,Carolyn,Holmes,carolyn.holmes745@hotmail.com,,2025-09-13,Jacksonview,NC,United States
CUST-002194,Lisa,Wells,lisa.wells502@gmail.com,429-398-7667,2025-02-26,Brettside,FL,United States
CUST-000491,Heather,Burton,heather.burton839@gmail.com,001-841-8620,2025-11-05,North Jeremy,AZ,USA
CUST-001474,Heather,Cochran,heather.cochran126@yahoo.com,029-286-4330,2025-11-11,South Suzanne,FL,USA
CUST-000341,Misty,  Church,misty.church83@hotmail.com,749-956-4122,2026-03-17,East Danieltown,CA,United States
CUST-001981,Zachary   ,Rojas,zachary.rojas339@hotmail.com,416-371-2063,2026-04-08,South Masonburgh,FL,United States
CUST-002211,Jose,Henderson,jose.henderson288@yahoo.com,878-732-1499,2025-10-12,Atkinstown,FL,United States
CUST-002359,Deborah,Mitchell,deborah.mitchell849@yahoo.com,424-607-3723,2024-01-23,Jonesstad,WA,United States
CUST-000100,Ryan,Barber,ryan.barber45@yahoo.com,562-890-0287,2025-01-21,Boothland,NY,United States
CUST-001079,Robert,Sampson,robert.sampson348@yahoo.com,232-472-8289,2024-06-23,Paigeview,TX,United States
CUST-002627,Dale,Vazquez,dale.vazquez389@gmail.com,713-463-1078,2025-08-18,Lake Timothychester,FL,USA
CUST-001551,Melvin,Hopkins,melvin.hopkins937@hotmail.com,669-327-8417,2023-12-08,Port Felicia,AZ,United States
CUST-001868,Javier,Lee,javier.lee903@hotmail.com,418-029-5599,2025-03-22,Mcdonaldbury,NY,U.S.A.
CUST-002144,Jill,  Henry,jill.henry903@gmail.com,522-918-4574,2025-03-28,Coxtown,MI,United States
CUST-001688,David,  Jenkins,david.jenkins364@gmail.com,004-709-1103,2025-08-20,Brendastad,PA,United States
CUST-002065,Sean,Sharp,sean.sharp560@gmail.com,075-313-6859,2023-11-10,North Nathan,NC,US
CUST-000779,Samantha,House,  samantha.house59@gmail.com,110-633-0165,2024-03-12,South Lisa,AZ,United States
CUST-002271,Anthony,Williams,anthony.williams920@yahoo.com,917-443-6871,2024-01-29,Allenmouth,CA,United States
CUST-002381, Gary ,Johnson,gary.johnson322@gmail.com,589-377-1258,2024-10-20,New Joseph,PA,United States
CUST-002644,Susan,Harris,susan.harris178@hotmail.com,213-168-2260,2024-01-18,New Wendyborough,NC,United States
CUST-002169,Paul,Lane,paul.lane259@yahoo.com,125-201-9306,2025-10-20,Ronaldshire,CA,United States
CUST-000369,Ian   ,Tate,ian.tate449@gmail.com   ,462-095-2004,2024-02-08,Garciaberg,NY,United States
CUST-002988,Kurt,Acosta,kurt.acosta179@hotmail.com,084-319-6521,2023-11-20,Hoodton,AZ,United States
CUST-002532,Lisa,Randall,lisa.randall905@yahoo.com,612-614-9936,2024-11-03,North Kelli,FL,United States
CUST-002436,Stephanie,Bright,stephanie.bright349@hotmail.com,703-854-7872,2026-03-16,,IL,United States
CUST-000439,Valerie,Vincent,valerie.vincent628@gmail.com,649-328-9802,2024-04-23,Roblesport,WA,United States
CUST-000603,Robert,Lucero,robert.lucero464@hotmail.com,,2024-04-22,Newtonberg,CA,United States
CUST-001411,Katherine,Carroll,katherine.carroll752@hotmail.com,953-192-6009,2025-03-22,Williamsmouth,FL,United States
CUST-000935,Micheal,  Conner,micheal.conner379@gmail.com,014-911-8941,2024-12-20,Jeremiahfurt,PA,USA
CUST-002093,Scott,Briggs,scott.briggs489@yahoo.com,807-805-3833,2025-03-29,Sarashire,AZ,USA
CUST-001560,Heather,House,heather.house810@hotmail.com,451-676-7063,2026-07-05,Mccoyberg,FL,United States
CUST-001261,Rhonda,Nelson,rhonda.nelson351@gmail.com,209-447-7269,2025-07-23,East Emilychester,tx,United States
CUST-001042,Daniel,  Austin, daniel.austin713@hotmail.com ,920-753-6051,2024-06-13,South Christianton,GA,United States
CUST-000154,Tiffany,Parks,tiffany.parks783@gmail.com,438-663-2270,"December 18, 2025",South Victor,WA,United States
CUST-001721,Sharon,Morris,sharon.morris315_at_yahoo.com,592-897-4874,2024-05-24,Lake Calebport,FL,United States
CUST-000350,Lauren,Estes,lauren.estes619@gmail.com,199-180-8121,2025-01-09,West Eric,OH,United States
CUST-001557,Jonathan,Wiley,jonathan.wiley376@gmail.com,129-146-5022,2024-03-13,West Patricia,GA,United States
CUST-001216,Deborah,Phillips,deborah.phillips60@gmail.com,474-764-8455,2024-02-09,New Samuel,NC,USA
CUST-001710,Jacob,Love,jacob.love715@gmail.com,580-286-0604,2024-09-17,East Laceyburgh,CA,US
CUST-002789,Brooke,Irwin,brooke.irwin108@yahoo.com,709-960-8749,2024-12-12,Wilcoxberg,AZ,United States
CUST-000075,  Richard,Montgomery,richard.montgomery849@hotmail.com,,2025-03-25,Lisaport,IL,United States
CUST-000349,Daniel,Perez,daniel.perez983@hotmail.com,374-550-8428,2025-11-26,Lake Brentmouth,GA,United States
CUST-000307,Terri,Jones,terri.jones417@hotmail.com,344-049-6391,2026-08-23,New Matthewland,AZ,U.S.A.
CUST-000548,Dorothy,Chavez,dorothy.chavez461@yahoo.com,181-563-2686,2026-07-24,Brianview,OH,United States
CUST-002201,Jennifer,Arnold,jennifer.arnold680@yahoo.com,949-996-3576,2026-08-28,Bushchester,NC,USA
CUST-002734,Brian,Peters,brian.peters144@hotmail.com,233-097-0199,2024-03-28,West Steven,NC,United States
CUST-002365,Michael,Carter,michael.carter60@hotmail.com,593-565-3524,2026-02-28,South Kendra,OH,United States
CUST-002916,Jeffery,Gonzales,jeffery.gonzales390@yahoo.com,303-158-4643,2024-03-06,Josephberg,GA,United States
CUST-001812,Brenda,Richard,brenda.richard727@hotmail.com,505-349-4197,2026-04-10,,IL,USA
CUST-002546,Kelsey,Kelley,kelsey.kelley816@yahoo.com,636-465-3334,2025-02-25,Ramosshire,WA,USA
CUST-000167,Julian,Martinez,julian.martinez597@yahoo.com,031-207-3564,2025-11-02,Boltonmouth,GA,US
CUST-000011,Dominic,Turner,  dominic.turner165@yahoo.com,212-646-4715,2024-01-19,Sherylfort,NC,United States
CUST-001013,Daniel,Peters,daniel.peters336@gmail,810-306-8317,2024-11-01,Hillland,IL,United States
CUST-001361,Joseph,Coleman,joseph.coleman516@hotmail.com,330-677-3067,2024-09-03,New Sarahburgh,PA,USA
CUST-002351,Jessica, Morris ,jessica.morris478@hotmail.com,,2024-05-10,South Leslieville,AZ,United States
CUST-002117,Brenda,Wilson,brenda.wilson469@hotmail.com,508-924-4640,2025-03-05,West Anthony,GA,USA
CUST-002146,Michelle,Burton,michelle.burton197@yahoo.com,513-061-0922,2025-04-22,South Andreamouth,TX,United States
CUST-000686,Kathleen,Woods,kathleen.woods186@gmail.com,805-137-1717,2025-10-03,North Amy,TX,US
CUST-000272,Rachael,Roberts,rachael.roberts201@gmail.com,124-127-2380,2024-06-29,Robertside,mi,U.S.A.
CUST-002286,Paul,Williams,paul.williams501@gmail.com,999-162-4694,2024-01-10,Fisherburgh,FL,US
CUST-000967,Deborah,Evans,deborah.evans631@hotmail.com,598-811-4578,2026-01-10,Riverston,NC,USA
CUST-000663,Dana,Macias,dana.macias935@yahoo.com,815-466-0241,2025-02-01,Sanfordborough,FL,US
CUST-001221,Melissa,Williams,melissa.williams380@yahoo.com,914-774-4735,2023-10-20,West Kelsey,az,United States
CUST-000183,Samantha,Dixon,samantha.dixon488@hotmail.com,921-075-2245,2025-10-04,East Jonathan,OH,United States
CUST-001708,Donald,Marsh,donald.marsh473@hotmail.com,572-287-0322,2025-07-15,North Susanmouth,fl,United States
CUST-002907,Nancy,Lopez,nancy.lopez643@yahoo.com,240-415-7584,2026-01-21,South Rodney,GA,USA
CUST-001572,Clinton,Whitehead,clinton.whitehead466@hotmail.com,758-015-8466,2026-06-22,Jacobsborough,AZ,United States
CUST-002528,Elizabeth,Smith,elizabeth.smith539@hotmail.com,979-140-7712,2025-01-10,Port Robertshire,NC,United States
CUST-002567,Susan,Berry   ,susan.berry659@yahoo.com,137-173-0639,2024-08-21,Port Susanstad,NY,United States
CUST-000467,Michael,Williams,michael.williams834@yahoo.com,625-153-8144,2024-10-24,Carterborough,WA,USA
CUST-000056,Timothy,Miller,timothy.miller128@yahoo.com,263-838-0657,2024-12-04,Coopershire,IL,United States
CUST-001772,Michael,Nunez,michael.nunez540@yahoo.com,,2025-08-23,West William,MI,United States
CUST-002848,Alan,Meyer,alan.meyer165@hotmail.com,514-382-5520,2026-01-17,East Sheila,GA,United States
CUST-000398,Shannon,Young,shannon.young861@gmail.com,466-925-4812,2024-02-19,West Seanstad,CA,United States
CUST-001001,Miranda,Dixon,miranda.dixon317@gmail.com,930-967-1397,20-May-2024,New Tammyberg,MI,United States
CUST-002078,Kurt,Page,kurt.page717@gmail.com,648-116-5955,2023-11-19,Ashleyview,PA,United States
CUST-001099,Heather,Martinez,heather.martinez13@gmail.com,394-495-3006,2024-09-11,Ellisburgh,CA,United States
CUST-000783,Christine   ,Roth,christine.roth504@gmail.com,701-595-9194,2025-12-11,Shannonfort,NC,United States
CUST-000005,Gabrielle,Ramirez,gabrielle.ramirez513@hotmail.com,902-503-9261,2024-09-20,Franciscobury,TX,United States
CUST-001995,Dana,Preston,dana.preston64@gmail.com,552-833-7287,2023-12-12,Michelefort,AZ,U.S.A.
CUST-000978,  Ralph,Davis,ralph.davis196@yahoo.com,715-531-3259,2024-08-30,Port Robert,MI,U.S.A.
CUST-001211,Cristian,Oneal,cristian.oneal762@hotmail.com,,2024-01-24,Port Samuel,TX,United States
CUST-000426,Thomas,Henderson,thomas.henderson265@hotmail.com,627-066-1498,2026-01-10,New Jessica,NY,United States
CUST-002936,Melinda,Smith,melinda.smith606@gmail.com,675-547-5396,2025-11-10,Kristyland,OH,United States
CUST-001049,Lance,Taylor,lance.taylor740@yahoo.com,916-011-2411,2025-02-27,Reneehaven,CA,United States
CUST-002362,Catherine,Blair,catherine.blair745@hotmail.com,150-439-0356,2025-08-16,Port Dennisstad,FL,United States
CUST-001787,Raymond,Moreno,raymond.moreno233@hotmail.com,210-466-2750,2026-01-14,West Georgeshire,FL,United States
CUST-000208,Christine,Grant,christine.grant862@gmail.com,022-050-2099,2025-12-21,Markland,CA,United States
CUST-000894,Gary,Bernard,gary.bernard688@hotmail.com,836-084-9378,2024-12-09,North Russell,FL,United States
CUST-002815,Charles,Byrd,charles.byrd82@yahoo.com,069-939-9451,2025-07-30,South Dianehaven,CA,United States
CUST-002492,Anna,Carlson,anna.carlson649@yahoo.com,,2024-04-07,Christophershire,FL,United States
CUST-001476,Veronica,Gutierrez,veronica.gutierrez929@gmail.com,025-634-2022,22-Feb-2024,Lake Holly,tx,USA
CUST-000914,Mary,Gonzalez,mary.gonzalez410@yahoo.com,687-191-2038,2024-11-20,New Timothyshire,PA,United States
CUST-000800,Timothy,Williams,timothy.williams226@gmail.com,228-556-6084,2025-07-13,Johnsonchester,NC,United States
CUST-000631,Harold,Ruiz,harold.ruiz442@gmail.com,433-187-5109,2025-07-29,Wheelerland,CA,United States
CUST-001210,Angela,Perry,angela.perry137@gmail.com,027-500-0305,2024-08-24,Wolffurt,CA,US
CUST-002684,Victoria,Bullock,victoria.bullock237@yahoo.com,659-511-2033,2025-03-29,West Carriefurt,IL,USA
CUST-001494,Russell,Lee,russell.lee497@gmail.com,095-367-7349,2025-10-06,Gregoryfort,CA,United States
CUST-002130,Amy,Fields,amy.fields502@hotmail.com,218-893-8447,2025-03-23,Port Katelynmouth,AZ,United States
CUST-002030,Lisa,Kelly,lisa.kelly119@hotmail.com,685-938-0625,2026-05-20,East Johnhaven,WA,USA
CUST-001074,Shawn,Richmond,shawn.richmond492@hotmail.com,982-604-1809,2026-06-23,Sarahland,TX,U.S.A.
CUST-001489,Cody,Kramer,cody.kramer194@gmail.com,667-015-1459,2025-09-19,,OH,USA
CUST-000767,Zachary,White,  zachary.white706@yahoo.com,036-924-9269,2025-05-14,East Robert,PA,USA
CUST-002208,Patricia,Robinson,patricia.robinson627@gmail.com,493-310-8862,2024-07-14,North Lisa,FL,USA
CUST-002280,Michael,Williams,michael.williams397,298-738-6400,2026-05-03,Mcbrideberg,CA,USA
CUST-000060,Andrew,Woods,andrew.woods662@yahoo.com,932-525-0029,2026-02-18,Port Daniel,IL,United States
CUST-001598,Rhonda,Wood,rhonda.wood216@hotmail.com,805-014-1716,2026-09-01,Timothyshire,OH,United States
CUST-000761,Mitchell,Thomas,mitchell.thomas395@gmail.com,306-090-6913,2026-02-20,New Amytown,FL,United States
CUST-001972,Chase,Kline,chase.kline819@yahoo.com,650-775-2572,2025-08-02,North Margaret,NY,United States
CUST-002737,Larry,Glenn,larry.glenn604@yahoo.com,284-658-0681,2025-08-15,Carlsonburgh,AZ,United States
CUST-002700,Megan,Cook,megan.cook374@gmail.com,575-042-2464,2024-08-10,South Brittanyview,GA,United States
CUST-002294,Taylor,Davis,taylor.davis72@hotmail.com,235-327-7376,2025-06-14,Matthewmouth,PA,US
CUST-001222,Kenneth,  Russo,kenneth.russo7@hotmail.com,417-159-4973,2023-11-16,Keithborough,NY,United States
CUST-002937,Stacy,Clark,stacy.clark576@gmail.com,511-723-0358,2025-10-17,North Thomas,TX,United States
CUST-002405,Raymond,Hernandez,raymond.hernandez457@hotmail.com,489-185-2983,2024-02-03,North Rebecca,IL,United States
CUST-000654,Ricardo,Murphy,ricardo.murphy182@yahoo.com,696-815-7903,2024-04-27,Port Joe,OH,United States
CUST-002696, Connor ,Ibarra,connor.ibarra213@yahoo.com,926-218-9224,2026-01-06,North Robertborough,PA,United States
CUST-002805,Eric,Mcconnell,eric.mcconnell550@yahoo.com,508-397-3175,2026-06-27,Port Luis,IL,USA
CUST-002574,Matthew,Turner,matthew.turner78@hotmail.com,892-270-6990,2025-09-08,Collinsport,MI,United States
CUST-002664,Melissa,Arellano,melissa.arellano921@hotmail.com,631-032-3197,2024-10-16,Ruizburgh,OH,US
CUST-000984,Derek,Rosales,derek.rosales702@gmail.com,024-539-3132,08-Aug-2026,Port Markmouth,GA,USA
CUST-002011,April,Marshall,april.marshall894@gmail.com,722-593-1033,2024-09-13,Summerston,NY,United States
CUST-001189,Alyssa,Baker,alyssa.baker805@hotmail.com,064-420-0629,2025-02-12,Ramoshaven,MI,United States
CUST-000873,Robert,Spears,robert.spears442@hotmail.com,894-370-5263,2024-10-30,Carlton,GA,United States
CUST-002477,John,Hensley,john.hensley618@gmail.com,064-079-7296,2024-02-23,East Jessica,NY,U.S.A.
CUST-000738,Brittany,Brown,brittany.brown531@gmail.com,087-805-7215,2024-09-24,Lake Joshuaview,PA,United States
CUST-001737,Lori,Hopkins,lori.hopkins792@hotmail.com,872-255-7856,2024-07-08,Dalemouth,PA,United States
CUST-001443,Rhonda,Bolton,rhonda.bolton469@gmail.com,835-701-7036,2025-01-28,North Nicole,PA,United States
CUST-002158,Nicholas,Gomez,nicholas.gomez281@gmail.com,739-301-0559,2024-04-06,Port Nicholasside,CA,United States
CUST-001237,Barbara,Cobb,barbara.cobb36@gmail.com,038-297-4255,2024-06-03,East Jenniferton,GA,United States
CUST-002971,Lisa,Hart,lisa.hart228@hotmail.com,172-845-8487,2026-05-29,Brendaton,GA,United States
CUST-000840,Brian,Rodriguez,brian.rodriguez57@hotmail.com,446-333-9994,2024-06-28,Maryberg,MI,United States
CUST-000911,Rhonda,Harris   ,rhonda.harris721@hotmail.com,462-127-6025,2024-02-12,New Gregorychester,AZ,United States
CUST-002235,Jennifer,Weber,jennifer.weber998@gmail.com,814-994-0232,2025-08-05,West Angela,AZ,United States
CUST-000044,Brian,Villarreal,brian.villarreal771@gmail.com,524-191-3800,2024-02-03,,ga,United States
CUST-000818,Shirley,Stanley,shirley.stanley134@gmail.com,945-653-4699,2025-08-27,Reidshire,AZ,United States
CUST-000357,Andrew,Zamora,andrew.zamora256@hotmail.com,943-468-1054,2025-05-12,Davidville,NC,US
CUST-001032,Jacqueline,Campbell,jacqueline.campbell788@hotmail,,2026-07-16,Edwardmouth,pa,United States
CUST-001373,Shawn,Morales,shawn.morales860@hotmail.com,296-824-4850,2026-08-30,South Dylanhaven,WA,USA
CUST-001471,Amanda,Aguilar,amanda.aguilar156@yahoo.com,073-446-7462,2025-09-14,West Juliashire,AZ,United States
CUST-002140,Daniel,Hayden,daniel.hayden895@yahoo.com,344-200-4218,2024-03-20,Ramosmouth,FL,USA
CUST-000502,Sarah,Nelson,sarah.nelson797@gmail.com,862-369-0362,2023-11-04,Port Heatherfort,TX,United States
CUST-000771,Hannah,Mckee,hannah.mckee439@gmail.com,271-026-7672,2026-08-13,New Haileystad,NC,United States
CUST-000473,Laura,Martinez,laura.martinez62@yahoo.com,803-056-9067,2025-09-06,Justinland,IL,United States
CUST-002461,Karen,Mendoza,karen.mendoza988@yahoo.com,966-607-2366,2026-02-19,Port Kellyfort,WA,United States
CUST-000776,Norman,Johnson,norman.johnson365@hotmail.com,465-586-6525,2024-12-17,Andreafort,TX,United States
CUST-002324,Rebecca,Terry,rebecca.terry691@gmail.com,001-917-6532,2025-02-23,Melissahaven,AZ,United States
CUST-002415,Jessica,Smith,jessica.smith840@hotmail.com,546-887-3058,2025-05-21,Fergusonton,NC,US
CUST-000737,Kristen,Romero,kristen.romero821@yahoo.com,851-935-8374,2023-10-24,South Christinefort,TX,United States
CUST-002928,Michael,Ramos,michael.ramos426@yahoo.com,520-831-3001,2025-04-19,Millerhaven,CA,USA
CUST-002409,Allen,Doyle,allen.doyle222@gmail.com,915-956-7832,2026-01-19,New Heidi,NY,United States
CUST-000730,Michelle,Wong   ,michelle.wong620@hotmail.com,652-715-5983,2023-11-25,Mariaville,AZ,United States
CUST-002053,Raymond,Smith,raymond.smith313@gmail.com,498-246-8967,2026-08-21,North Randyfurt,MI,United States
CUST-000114,Angela   ,Anderson,angela.anderson499@hotmail.com,405-720-2590,2025-05-12,Tracyshire,CA,United States
CUST-000956,James,Chavez,james.chavez126@gmail.com,255-235-6178,2026-04-10,South Alexburgh,CA,United States
CUST-002958,Michelle,Carroll,michelle.carroll625@hotmail.com,129-835-8448,2024-07-06,Lake Corymouth,FL,United States
CUST-002077,Tina,Yates,tina.yates330@yahoo.com,124-210-6378,2025-03-13,South Katherinetown,IL,United States
CUST-002501,Douglas,Wilson,douglas.wilson339@hotmail.com,598-362-0749,2025-01-05,Brendamouth,NY,United States
CUST-002018,Madison,Fisher,  madison.fisher811@yahoo.com,510-250-6668,2025-11-27,Littleton,TX,United States
CUST-000359,Emily,Klein,emily.klein171@hotmail.com,315-893-5712,2026-07-15,Pooleland,PA,United States
CUST-000325,Heather,Mcdaniel, heather.mcdaniel263@hotmail.com ,669-411-8005,2025-12-09,South Rebekah,GA,United States
CUST-000480,Veronica,Harris,veronica.harris282@hotmail.com,202-368-4855,2024-08-17,,IL,United States
CUST-002228,Sarah,Berry,sarah.berry329@yahoo.com,692-470-4811,2025-06-03,North Christopher,PA,United States
CUST-001066,Samantha,Rhodes,samantha.rhodes226@hotmail.com,610-814-3561,2024-01-20,Bryanbury,NY,USA
CUST-000778,Laurie,Maxwell,laurie.maxwell899@gmail.com,005-912-9751,2026-03-26,North Janetborough,NY,USA
CUST-001170,Jerry,Robinson,jerry.robinson555@yahoo.com,677-116-7507,2025-10-14,Thomasfort,PA,United States
CUST-000750,Kevin,Gay,kevin.gay302@yahoo.com,080-314-9982,2025-08-28,Jocelynside,WA,United States
CUST-000001,Bruce,Little, bruce.little90@hotmail.com ,770-088-6008,2026-05-26,Amandaport,NC,United States
CUST-001062,Timothy,Warner,timothy.warner352@yahoo.com,147-246-3019,2025-05-20,,FL,United States
CUST-001171,Chelsea,Reed,chelsea.reed325@yahoo.com,302-453-0123,2023-11-02,Lisaburgh,NY,United States
CUST-000017,Jonathan,Dixon,jonathan.dixon411@hotmail.com,899-375-6798,2024-08-10,West Whitney,FL,United States
CUST-000881, Keith ,Wilson,keith.wilson825@gmail.com,685-283-0615,2025-12-16,South Andrew,FL,United States
CUST-000946,Richard,Castro,richard.castro57@gmail.com,690-872-6176,2025-04-18,Lake Scottborough,NY,USA
CUST-002047,Richard,Hill,richard.hill574@gmail.com,804-460-8197,2026-01-01,West Benjaminside,MI,United States
CUST-001510,Patricia,Johnson,patricia.johnson582@hotmail.com,866-168-0199,2026-03-22,East Kellyville,FL,United States
CUST-001232,Lori,Evans,lori.evans331@hotmail.com,397-170-5984,2025-06-07,Saraville,TX,United States
CUST-001891,Rita,Chase,rita.chase660@gmail.com,387-885-2858,2024-05-02,Huntville,TX,USA
CUST-001625,Susan,Lamb,susan.lamb612@yahoo.com,328-162-9108,2024-01-15,Perezberg,MI,United States
CUST-001326,William,Payne,william.payne67@yahoo.com,067-560-2080,2025-12-08,New Susanburgh,AZ,United States
CUST-001732,Timothy,Wood,timothy.wood349@gmail.com,944-149-2531,2024-04-22,Hardinside,CA,United States
CUST-001619,Andrew,Anthony,andrew.anthony448@hotmail.com,951-670-4505,2024-05-07,Port David,AZ,United States
CUST-001253,Corey,Walters,corey.walters715,248-709-8726,2026-07-07,Michelleshire,FL,United States
CUST-001069,Nicholas,  Flowers,  nicholas.flowers932@yahoo.com,006-666-4110,2025-01-20,Hendricksport,FL,USA
CUST-001600,Brian,Pearson,brian.pearson564@gmail.com,092-449-2878,2025-02-14,Baileymouth,TX,US
CUST-001812,Brenda,Richard,brenda.richard727@hotmail.com,505-349-4197,2026-04-10,,IL,USA
CUST-002912,Christina,Thornton,christina.thornton479@hotmail.com,914-353-5425,2024-12-19,Martinezside,GA,United States
CUST-001031,Emily,Stokes,emily.stokes725@hotmail.com,835-651-7962,2023-10-08,Daniellechester,AZ,United States
CUST-000298,Kathy,Miranda,kathy.miranda566@hotmail.com,465-796-7842,2023-12-06,Rodriguezview,CA,United States
CUST-000077,Madison,Figueroa,madison.figueroa542@hotmail.com,508-214-8628,2025-04-03,East Jamesborough,TX,United States
CUST-001374,Donna,Church,donna.church177@hotmail.com,274-116-8069,2024-12-18,Lake Carolfurt,NY,United States
CUST-001247, Shawn ,Nelson,shawn.nelson193@yahoo.com,513-587-2717,2024-08-31,Pamelatown,CA,US
CUST-000952,William,Jones,william.jones23@hotmail.com,395-001-6809,2024-12-23,Christopherland,MI,United States
CUST-002667,Kaitlin,Nguyen,kaitlin.nguyen283@hotmail.com,144-894-0094,2026-08-17,,NY,United States
CUST-001048,Jeremy,Brown,jeremy.brown42@hotmail.com,622-122-4276,2025-09-05,Bensonfort,MI,United States
CUST-002595,Angela, Ferguson ,angela.ferguson451@gmail.com,,2024-08-31,East Johnberg,mi,United States
CUST-001348, Daniel ,Cohen,daniel.cohen496@yahoo.com,076-264-3850,2025-12-17,New Markmouth,MI,United States
CUST-001758,Destiny,Flynn,destiny.flynn445@yahoo.com,967-419-9160,2024-04-27,,AZ,USA
CUST-001448,Brandon,Barrett,brandon.barrett544@yahoo.com,029-442-0315,2024-04-17,West Abigail,AZ,United States
CUST-001199,Jillian,Chandler,jillian.chandler970@gmail.com,875-067-7610,2025-01-09,Camposstad,FL,United States
CUST-002497,Stacy,Spencer,stacy.spencer267@hotmail.com,126-817-9300,2026-06-30,,GA,United States
CUST-000437,Aaron,Harrell,aaron.harrell210@yahoo.com,209-184-3579,2026-02-26,Robertsonborough,AZ,United States
CUST-001838,Brandon,Green,brandon.green923@yahoo.com,131-811-8140,2024-01-10,Sandrabury,NC,US
CUST-000385,Cheryl,Reynolds,cheryl.reynolds154_at_gmail.com,080-466-1963,"December 18, 2024",South Patrickchester,TX,United States
CUST-000433,Kim,Butler,kim.butler444@yahoo.com,462-252-2372,2024-04-24,South Ashleyborough,TX,US
CUST-000425,Frank,Gonzalez,frank.gonzalez468@yahoo.com,293-449-7347,2025-07-23,West Raymondburgh,TX,U.S.A.
CUST-000854,Sharon,Jackson,sharon.jackson222@yahoo.com,203-195-4196,2024-12-06,Bennettstad,tx,United States
CUST-001300,Andrea,Bradford,andrea.bradford935@yahoo.com,670-675-1691,2026-04-27,New Melissa,AZ,U.S.A.
CUST-001967,John,Weiss,john.weiss235@gmail.com,120-291-3813,2024-11-24,North Kellyport,PA,United States
CUST-002804,Cynthia,Wilson,cynthia.wilson67@yahoo.com,576-941-5139,2023-10-26,Tonibury,CA,United States
CUST-001695,Kevin,Turner,kevin.turner522@gmail.com,035-944-1023,2026-05-27,Brewerstad,IL,United States
CUST-002143,Jennifer,Harris,jennifer.harris41@yahoo.com,904-233-8106,2026-06-04,Lake Laurenland,MI,United States
CUST-002370,Jodi,Harrison,jodi.harrison347@yahoo.com,385-139-7635,13-Oct-2025,New Justin,TX,United States
CUST-000051,Steven,Russell,steven.russell366@hotmail.com,537-474-1124,2025-12-17,East Marymouth,MI,United States
CUST-001360,Blake,Gibson,blake.gibson404@hotmail.com,604-356-6050,2026-07-20,Lake John,CA,United States
CUST-002828,Paul,Hughes,paul.hughes368@hotmail.com,360-772-7204,2024-04-10,Brandonshire,FL,United States
CUST-000566,Michelle,Martinez,michelle.martinez24@hotmail.com,803-828-7232,2025-07-23,Courtneytown,AZ,United States
CUST-001764,Kevin,Solomon,kevin.solomon678@gmail.com,283-319-5589,2024-12-19,Knighttown,TX,United States
CUST-000172,Gina,Morgan,gina.morgan170@hotmail.com,005-281-2735,2025-11-02,Lindamouth,NC,United States
CUST-002178,Ashley,Nelson,ashley.nelson492@hotmail.com,441-010-4279,2024-08-04,Greenborough,MI,United States
CUST-001644,James,Miller,james.miller31@gmail,796-075-7898,2024-02-29,Marissafort,OH,United States
CUST-002086,Emily,Brown,emily.brown883@hotmail.com,699-724-5971,2025-07-20,,AZ,USA
CUST-002553,Timothy,Young,timothy.young742@hotmail.com,212-384-8775,2025-12-20,Orrland,NC,United States
CUST-001277,Susan,Myers,susan.myers109@gmail.com,858-174-5273,2026-02-10,Danaborough,OH,U.S.A.
CUST-001037,  Bradley,Scott,bradley.scott129@hotmail.com,816-502-5447,2025-09-05,West David,FL,US
CUST-000703,Anthony,Guzman,anthony.guzman790@gmail.com,285-155-3334,2025-05-10,,NY,United States
CUST-000961,Jose,Arias,jose.arias870@yahoo.com,298-579-7363,2024-10-21,North Melanie,IL,United States
CUST-000898,  Dylan,Wong,dylan.wong650@gmail.com,556-684-7323,2024-12-18,Gomezbury,MI,United States
CUST-000821,Austin,Collins,austin.collins87@hotmail.com,739-610-2908,2026-07-09,Jonesburgh,NC,United States
CUST-002394, Ashley ,Rivas,ashley.rivas163@gmail.com,259-164-2301,2023-12-29,South Juan,FL,USA
CUST-000123,Kevin,Goodman,kevin.goodman764@hotmail.com,536-822-2394,2024-10-18,North Howard,OH,US
CUST-000040,Jose,Williams,jose.williams127@gmail.com,684-866-6188,2025-02-09,West Christopher,PA,USA
CUST-001617,Scott,Cruz,scott.cruz132@gmail.com,157-562-6412,2025-08-10,Johnsonview,PA,United States
CUST-000048,Stephanie,Smith,stephanie.smith239@hotmail.com,641-383-6702,2024-10-20,Christopherbury,FL,United States
CUST-000204,Shannon,White,shannon.white684@hotmail.com,371-452-1117,2025-12-03,Christopherfurt,FL,USA
CUST-002260,Matthew,Fernandez,matthew.fernandez616@gmail.com,420-438-4504,2024-01-06,Thomasfort,NC,United States
CUST-002638,Brittney,Kemp,brittney.kemp411@yahoo.com,158-719-9425,2026-04-12,Port Elaineshire,WA,USA
CUST-000126,Gary,Edwards,gary.edwards114@gmail.com,645-257-7754,2026-02-28,Arnoldburgh,OH,US
CUST-002015,Kyle,Luna,kyle.luna601@hotmail.com,215-783-7926,2026-07-04,Anthonyborough,IL,US
CUST-002519,Melissa,Marquez,melissa.marquez367@hotmail.com,794-677-8189,2024-12-12,Lewischester,MI,United States
CUST-001287,David,Edwards,david.edwards640@yahoo.com,,2023-09-18,West Krystalchester,NC,USA
CUST-001599,Jacob,Jones,jacob.jones257@gmail.com,,2024-12-28,Aliciaton,PA,United States
CUST-001791,Tyler,Zavala,tyler.zavala46@yahoo.com,209-251-9201,2026-06-14,New Jennifer,NC,USA
CUST-002629,Danielle,Freeman,danielle.freeman996@yahoo.com,334-359-7369,2024-10-09,,OH,United States
CUST-000720,Brandon,Costa,brandon.costa663@yahoo.com,468-677-5240,2025-01-25,West Jeanetteport,AZ,U.S.A.
CUST-002420,Dana,Pena,dana.pena817@hotmail.com,251-119-0359,2024-04-05,Michelletown,TX,United States
CUST-001922,Robert,Santiago,robert.santiago514@yahoo.com,110-900-7017,2025-06-17,Anthonyburgh,OH,United States
CUST-001907,Andre,Arroyo,andre.arroyo878@gmail.com,209-755-0617,2024-09-03,South Dawnmouth,PA,United States
CUST-002594,Kathryn,Johnson,kathryn.johnson329@gmail,613-177-9053,2026-02-13,Blakeborough,CA,United States
CUST-002866,Heather,Hansen,heather.hansen152@hotmail.com,,2024-04-24,East Christopherfurt,FL,US
CUST-001063,Joseph,Conway,joseph.conway911@hotmail.com,,"January 07, 2026",Lake Donnafort,WA,United States
CUST-002702,Patrick,Wood,patrick.wood624@hotmail.com,019-755-7082,2026-07-28,Vasquezside,WA,United States
CUST-000591,Jay,Johnson,jay.johnson648@hotmail.com,966-018-6487,2026-04-12,Armstrongshire,NC,United States
CUST-002112,Holly,Chang,holly.chang746@hotmail.com,682-048-1093,2026-03-30,West Kennethport,wa,United States
CUST-002922,Charles,Morrison,charles.morrison612@yahoo.com,598-460-7456,2024-07-19,Lake Luis,FL,United States
CUST-002327,Jennifer,Smith,jennifer.smith452@hotmail.com,349-123-2160,2025-04-03,West Michelleborough,TX,United States
CUST-002132,Joshua,Luna,joshua.luna434@yahoo.com,440-478-3279,2026-07-27,Russellmouth,FL,USA
CUST-002923,Julie,Bowman,julie.bowman151@gmail.com,327-188-7587,2025-05-14,Brianshire,IL,US
CUST-000867,Russell,Young,russell.young360@gmail.com,925-295-9611,2025-06-27,North Lauratown,GA,United States
CUST-002332,Michael,Gonzalez,michael.gonzalez407@hotmail.com,841-050-7550,2024-09-15,Warrenburgh,IL,United States
CUST-002079,Garrett,Dean,garrett.dean410@yahoo,931-363-6597,2026-06-20,South Ricardo,MI,United States
CUST-000344,Curtis,Abbott,curtis.abbott449@yahoo.com,679-984-0767,2024-01-11,Hallton,IL,U.S.A.
CUST-001719,Jason,Kim,jason.kim989@hotmail.com,856-846-7678,2024-08-15,New Stacyview,FL,United States
CUST-000891,Lauren,Hall,lauren.hall69@yahoo.com,488-189-8484,2024-11-18,South Karenton,NY,USA
CUST-001535,Marcus,Walter,marcus.walter143@gmail.com,842-324-2348,2025-01-03,Port Anthonyland,GA,United States
CUST-000504,Francisco, Rodriguez ,francisco.rodriguez153@gmail.com,904-383-0341,2026-03-20,New Valeriefort,AZ,United States
CUST-001932,Joseph,Reed,joseph.reed886@yahoo.com,,2026-01-14,Lake Chelsealand,GA,United States
CUST-002400,Mark,Wade,mark.wade678@yahoo.com,218-531-1128,2026-05-01,South Toddtown,mi,USA
CUST-002057,Mark,Yu,mark.yu889@hotmail.com,342-322-1091,2024-04-02,New Joseph,nc,United States
CUST-002176,Anthony,Matthews,anthony.matthews556@yahoo.com,,2026-09-03,Schneiderchester,NY,United States
CUST-001060,Michael,Jones,michael.jones943@hotmail.com,937-810-5391,2024-11-26,New Stephen,TX,United States
CUST-000200,Antonio,Duran,antonio.duran967@gmail.com,463-331-2797,2025-09-13,Michellebury,IL,United States
CUST-002307,Alexander,Floyd,alexander.floyd74@hotmail.com,337-522-9648,2025-05-28,Danaland,GA,United States
CUST-002172,Megan,Thompson,megan.thompson682@hotmail.com,202-948-7478,2026-01-25,North Jacobburgh,PA,United States
CUST-001712,Teresa,Silva,teresa.silva274@yahoo,664-301-6556,2026-03-08,East Zachary,OH,United States
CUST-001495,  Maria,Kelly,maria.kelly930@gmail.com,526-655-9147,2025-07-26,Hornestad,TX,United States
CUST-000289,Darryl,Anderson,darryl.anderson431@gmail.com,754-527-9852,2023-09-28,Anthonyville,MI,United States
CUST-000304,Oscar,Patterson,oscar.patterson460@yahoo.com   ,650-333-4911,2025-08-12,Dannyburgh,MI,United States
CUST-001766,Patricia,Turner,patricia.turner484@gmail.com,460-516-4838,2026-03-12,Jasonmouth,CA,United States
CUST-000524,Adrian,Brooks,adrian.brooks804@gmail.com,844-446-3060,2025-03-24,North Ericstad,NY,USA
CUST-002979,Thomas,Cooper,thomas.cooper800@gmail.com,368-287-6575,2025-10-03,Michaelmouth,PA,United States
CUST-001679,Nicholas,Cook,nicholas.cook564@hotmail.com   ,304-852-7758,2025-10-22,Blaketon,PA,United States
CUST-001946,Patrick,Kim,patrick.kim512@yahoo.com,277-862-6852,2025-08-06,Thomasmouth,TX,United States
CUST-001517,Amy,Olsen,amy.olsen372@yahoo.com,252-741-0254,2024-02-07,Leland,FL,United States
CUST-001846,Chad,Smith,chad.smith685@hotmail.com   ,361-007-7017,2026-06-30,Herringbury,CA,United States
CUST-000999,Preston,Brown,preston.brown140@gmail.com,304-436-1995,2023-12-25,,FL,United States
CUST-001040,Melanie,Garcia,melanie.garcia706@gmail.com,592-664-8698,2025-07-23,Lake Theresa,FL,United States
CUST-000138,Heidi,Patterson,heidi.patterson515@yahoo.com,659-916-2473,2024-05-11,West Carmenside,GA,United States
CUST-001980,Dustin,Allen,dustin.allen667@gmail.com,043-647-5846,2026-01-05,Roachview,TX,United States
CUST-001884,Mary,Ford,mary.ford832@hotmail.com,888-260-3174,2023-11-03,East Andrewstad,PA,United States
CUST-001407,Monique,White,monique.white208@yahoo.com,960-530-2618,2024-08-08,Allenstad,GA,United States
CUST-002540,Bryan,Garza,bryan.garza106@yahoo.com,176-558-9223,"February 23, 2025",Michaelberg,WA,USA
CUST-002899,Cheryl,Huynh,cheryl.huynh660@yahoo.com,037-828-0356,2026-07-18,Lake Rebeccaside,PA,US
CUST-000631,Harold,Ruiz,harold.ruiz442@gmail.com,433-187-5109,2025-07-29,Wheelerland,CA,United States
CUST-001150,Dana,White,dana.white898@gmail.com,202-191-5057,2025-12-28,Nelsonport,CA,USA
CUST-001455,Shannon,Shaw,shannon.shaw407@hotmail.com,022-379-0065,2023-10-16,Moniqueside,AZ,United States
CUST-002187,Brian,Murphy,brian.murphy406@hotmail.com,492-219-1142,2025-08-08,Williamport,PA,United States
CUST-001587,Kristy,Flores,kristy.flores174@hotmail.com,085-432-7163,2026-07-20,Lake Heatherborough,GA,U.S.A.
CUST-002879,Christine,Clarke,christine.clarke225@hotmail.com,881-610-3763,2025-06-08,New Kelly,TX,United States
CUST-001734,Timothy,Ward,timothy.ward71,943-436-8771,2024-02-12,Michelleshire,OH,United States
CUST-000717,Tami,Martinez,tami.martinez87@gmail.com,711-842-5476,2025-01-26,Port Teresaburgh,CA,United States
CUST-001951,Patricia,Bird,patricia.bird429@hotmail.com,041-167-8815,2025-05-13,Walshport,TX,USA
CUST-000104,Jennifer,Wilson,jennifer.wilson279@hotmail.com,305-548-8510,2025-01-08,South Donald,TX,United States
CUST-000746,Pamela,Leon   ,pamela.leon716@gmail.com   ,441-529-8217,2026-07-11,New Eric,CA,USA
CUST-001512,Ariana,Lambert,ariana.lambert592@yahoo.com,913-860-1571,2024-12-07,Port Tylerborough,IL,United States
CUST-001128,Shawn,Gutierrez,shawn.gutierrez266@hotmail.com,,2025-11-03,East Sarah,AZ,United States
CUST-001665,Ashley,Davis,ashley.davis886@gmail.com,839-093-4242,2024-04-06,Aaronchester,PA,United States
CUST-002917,Amy,  Watts,amy.watts822@yahoo.com,009-231-9507,2025-09-18,Sanchezmouth,FL,United States
CUST-001149,Michael,Pittman,michael.pittman73@gmail.com,943-191-6543,2026-01-10,New Emilyshire,GA,United States
CUST-002717,Cynthia,Roberts,cynthia.roberts810@gmail.com,000-665-8484,2026-02-11,Port Jennifer,OH,United States
CUST-002097,John,Rosales,john.rosales993@gmail.com,739-974-1592,2025-06-26,Lake Stephanieshire,PA,USA
CUST-001501,Emily,Porter, emily.porter618@gmail.com ,683-710-3073,2023-12-17,Andersonton,NC,United States
CUST-002214,Ashley,Anderson,  ashley.anderson543@hotmail.com,722-395-6721,2026-01-13,Grayland,NY,United States
CUST-001162,Anthony   ,Merritt,anthony.merritt27@yahoo.com,121-375-6589,2025-01-12,Leeshire,WA,United States
CUST-001319,Mary,Moses,mary.moses242@gmail.com,392-202-6980,2025-01-25,West Jackfurt,IL,United States
CUST-002694,Megan,Best,megan.best661@gmail.com,370-017-4931,2025-06-12,Wardtown,TX,United States
CUST-000132,Lisa,Reed,lisa.reed319@yahoo.com   ,908-272-3184,2025-10-11,East Jacob,FL,United States
CUST-001185,Jeffery,Hernandez,jeffery.hernandez62@yahoo.com,596-363-7262,2024-05-02,Elizabethburgh,WA,United States
CUST-002518,Sergio,Wells,sergio.wells309@yahoo.com,939-285-3202,2026-01-19,Lanceland,OH,United States
CUST-000220,Dakota,Miranda,dakota.miranda539@hotmail.com,409-435-3344,2024-09-25,Kendraville,ga,United States
CUST-002148,Lauren,White,lauren.white517@yahoo.com,656-023-3616,2023-10-26,Matthewtown,NC,United States
CUST-002423,Alvin,Lewis,alvin.lewis273@hotmail.com,,2025-11-20,New Jamesbury,WA,United States
CUST-001286,Eileen,Lane,eileen.lane377@hotmail.com,350-061-8489,2024-11-05,Holderberg,CA,United States
CUST-002217,Thomas,Williams,thomas.williams800@yahoo.com,194-558-6817,2025-09-01,West Daniel,NC,United States
CUST-000399,Jerry,Williams,jerry.williams383@hotmail.com,956-776-6575,2026-01-12,Patrickburgh,CA,United States
CUST-001716,Jordan,Lamb,jordan.lamb726@hotmail.com,053-472-8395,2025-05-12,Lake Robertborough,PA,United States
CUST-002661,Richard,Campbell,richard.campbell494@hotmail.com,992-466-2576,2026-02-26,North Tammyhaven,TX,United States
CUST-000013,Kevin,Morrison,kevin.morrison677@hotmail.com,375-265-4793,2025-06-22,Nicholasfurt,NC,United States
CUST-001302,James,Williams,james.williams522@hotmail.com,842-431-9839,2026-07-24,West Amber,IL,USA
CUST-001761,Susan,Nielsen,susan.nielsen527@gmail.com,936-252-6022,03-Sep-2025,South Ashleytown,PA,US
CUST-002663,Ashlee,Guzman,ashlee.guzman346@yahoo.com,315-071-7416,2023-09-23,Timothyfort,TX,United States
CUST-002186,Donald,Peterson,donald.peterson37@hotmail.com,156-581-7915,2023-12-30,Dunnshire,FL,United States
CUST-000620,Randall,Robbins,randall.robbins521@yahoo.com,255-638-3000,2025-08-27,New Raymondfort,NY,United States
CUST-002038,Carla,Lawson,carla.lawson97@hotmail.com,136-505-5191,2024-09-14,Port Sarah,CA,United States
CUST-001876,Ruben,Thompson,ruben.thompson857@hotmail.com,003-607-2235,2024-04-06,East Juliehaven,TX,United States
CUST-002630,Wayne,Ward,wayne.ward824@yahoo.com,317-504-0937,2024-06-21,North Rhondaville,IL,United States
CUST-000596,Bruce,Klein,bruce.klein180,405-809-3511,2026-02-16,Wilsonland,IL,United States
CUST-002521,Jerry,Chen,jerry.chen129@hotmail.com,019-473-7796,2024-12-11,South Emily,NY,United States
CUST-001445,Kimberly,Ramirez,kimberly.ramirez398@gmail.com,349-096-1979,2026-03-19,Parrishshire,TX,United States
CUST-000120,Rickey,Hayes,  rickey.hayes846@yahoo.com,650-618-0919,2024-09-23,Lake Melaniestad,CA,United States
CUST-002354,Jamie,Williams,jamie.williams812@hotmail.com,146-066-9610,2025-08-31,Lambchester,TX,United States
CUST-001583,Taylor,Rogers,taylor.rogers78@yahoo.com,833-548-8357,2025-07-03,New Jacobport,OH,United States
CUST-000321,Michael,Long,michael.long739@yahoo.com,930-089-3173,2023-11-22,Jacquelineburgh,GA,USA
CUST-002239,Amanda,Dixon,amanda.dixon369@gmail.com,648-627-5537,2025-02-22,,PA,United States
CUST-001080,Adam,Davis,adam.davis977@hotmail.com,822-473-1261,"November 19, 2025",Davidside,WA,United States
CUST-002510,Patricia,Smith,patricia.smith490@yahoo.com,710-629-4502,2026-06-01,Guerreroshire,OH,United States
CUST-002747,Richard,Thompson,richard.thompson884@gmail.com,990-722-6794,2023-09-10,South Elizabethville,NY,United States
CUST-002090,  Gary,Gonzalez,gary.gonzalez932@yahoo.com,676-596-4587,2025-10-15,Cruzview,OH,US
CUST-000534,Sandra,Wright,sandra.wright519@gmail.com,461-994-2376,2025-11-01,Hendersonview,WA,United States
CUST-002255,  Diana,Woods,diana.woods385@gmail.com,189-452-3959,2025-01-19,Bartonberg,NC,United States
CUST-001847,Desiree,Edwards,desiree.edwards623_at_yahoo.com,933-078-1117,2025-05-06,New Jadechester,TX,United States
CUST-002778,Julie,Bailey,julie.bailey229@hotmail.com,438-720-7579,2026-06-17,Lake Collin,OH,US
CUST-002535,Monica,Combs,monica.combs387@hotmail.com,113-537-3965,2026-02-12,South Sandra,FL,United States
CUST-002313,Nicholas,Parker,nicholas.parker506@hotmail.com,360-943-8682,2024-05-08,Rebeccatown,TX,United States
CUST-001199,Jillian,Chandler,jillian.chandler970@gmail.com,875-067-7610,2025-01-09,Camposstad,FL,United States
CUST-002628,Barbara,Cohen,barbara.cohen444@yahoo.com,760-188-3041,2026-06-09,Cynthiaview,NC,US
CUST-000327,William,Conrad,william.conrad610@yahoo.com,215-862-4150,2023-12-03,South Monica,GA,United States
CUST-001658,Shawn,Mendoza,shawn.mendoza436@gmail.com,173-402-4222,2025-05-12,Cliffordhaven,FL,United States
CUST-001255,Maria,  Williams,maria.williams57@gmail.com,468-616-3070,2025-08-28,New Reginald,PA,United States
CUST-002355,John,Griffin,john.griffin438@yahoo.com,912-187-9065,2025-10-19,South Chrisview,NY,United States
CUST-001034,Audrey,  Clarke,audrey.clarke729@gmail.com,486-883-9062,2026-02-17,Randallberg,PA,U.S.A.
CUST-002348,Stephen,Campbell,stephen.campbell429@yahoo.com,551-434-4211,2026-02-19,South Matthewshire,WA,United States
CUST-000163,Linda,Ramos,linda.ramos959@yahoo.com,642-400-8254,2023-09-11,Nicholsfort,MI,United States
CUST-001989,Antonio,Wilson,antonio.wilson908@gmail.com,640-348-4843,2023-11-19,Hesston,CA,United States
CUST-001408,Todd,Peters,todd.peters444@yahoo.com,036-860-5063,2025-07-25,South Randychester,CA,United States
CUST-000705,Jamie,James,jamie.james673@gmail.com,128-981-2317,2026-01-29,Karamouth,MI,USA
CUST-002859,Jonathan,Ryan,jonathan.ryan514@gmail.com,541-455-6473,2026-07-14,Lake Connorfurt,NC,U.S.A.
CUST-002386,  Heidi,Brown,heidi.brown45@hotmail.com,417-707-3460,2025-05-20,North Robert,OH,United States
CUST-002551,Christina,Brewer,christina.brewer231@hotmail.com,587-489-5571,2024-08-03,North Lauren,PA,United States
CUST-001070,Mikayla,Fletcher,mikayla.fletcher68@hotmail.com,340-785-1699,2024-03-04,Kelseyfort,NC,USA
CUST-001817,Alice,Grant,alice.grant516@hotmail.com,930-461-6388,2025-04-29,South Tammyfort,OH,United States
CUST-001640,Jeremy,  Burke,jeremy.burke142@hotmail.com,636-470-4656,2025-06-10,Watkinsfort,FL,United States
CUST-001669,Cynthia,Boyle,cynthia.boyle334@hotmail.com,594-703-9696,2024-03-10,Markmouth,PA,US
CUST-000902,Sarah,Rodriguez,sarah.rodriguez923@hotmail.com,584-148-4601,2024-11-05,,TX,United States
CUST-001751,Christine,Torres,christine.torres899_at_yahoo.com,744-653-2554,2026-01-29,Sandraville,WA,United States
CUST-000600,Melanie,Rose,melanie.rose945@gmail.com,978-875-4394,2025-10-12,West John,FL,USA
CUST-002570,Timothy,Hopkins,timothy.hopkins855@yahoo.com,040-258-9881,2023-11-26,Lake Ambermouth,NY,USA
CUST-001534,William,Lee,william.lee913@hotmail.com,699-296-4447,2025-06-29,Heathburgh,WA,United States
CUST-000714,Mark,Brooks,mark.brooks114@gmail.com,,2023-11-23,South Marcus,TX,United States
CUST-001244,Brad,Brooks,brad.brooks835@gmail.com,038-802-7304,2025-10-18,South Robert,NC,USA
CUST-002942,Nancy,Larsen,nancy.larsen494@yahoo.com,895-374-2525,2024-07-17,Wallacefurt,NC,U.S.A.
CUST-001802,Traci,Nelson,traci.nelson5@yahoo.com,229-835-9667,2024-01-15,Roblesland,PA,United States
CUST-001740,Eric,Hurst,eric.hurst173@hotmail.com,413-623-3470,2024-04-30,Andrewville,az,United States
CUST-000059,Jade,Bell,jade.bell20@hotmail.com,929-378-4270,2025-03-20,North Jessebury,NC,USA
CUST-002210,Jennifer,Byrd,jennifer.byrd290@gmail.com,218-241-4081,2024-09-07,Williamshaven,CA,United States
CUST-001208,Stephen,Sanders,stephen.sanders917@yahoo.com,890-082-4845,2026-08-04,Port Jeffreyside,IL,United States
CUST-002418,William,Flores,william.flores176@yahoo.com,734-743-6939,11/15/2023,New Cassandraville,FL,USA
CUST-001998,Charles,Fitzpatrick,charles.fitzpatrick8@yahoo.com,461-198-3097,2026-03-21,Laurenburgh,NY,United States
CUST-002248,David,Higgins,david.higgins7@gmail.com,074-595-2827,2023-12-01,Henryview,FL,United States
CUST-002703,Patrick, Bernard ,patrick.bernard121@gmail.com,444-144-2942,2026-03-19,Snydertown,PA,USA
CUST-000361,Victor,Henderson,victor.henderson778@yahoo.com,762-282-7728,2024-12-15,Lake Jasonfort,PA,United States
CUST-000638,Sarah,Cowan,sarah.cowan470@gmail.com,,2024-11-09,Wesleytown,TX,United States
CUST-002456,Ann,Wagner,ann.wagner798@yahoo.com,403-765-4399,2026-03-21,Ericside,TX,United States
CUST-002316,Jon,King,jon.king366@yahoo.com,661-051-4961,2025-09-27,South Mollyfurt,FL,United States
CUST-000215,Steven,Grimes,steven.grimes245@yahoo.com,760-849-5880,2025-04-08,,CA,USA
CUST-000556,Donna,Thomas,donna.thomas945@yahoo.com,039-653-1361,2024-12-21,Natalieside,TX,United States
CUST-001418,Kevin,Clark,kevin.clark757@hotmail.com,547-940-6453,2023-12-09,Lake Lisamouth,GA,United States
CUST-000839,David,White,david.white106@yahoo.com,001-418-8421,2025-11-16,Harrisshire,GA,United States
CUST-000531,Pamela,Schultz,pamela.schultz768@yahoo.com,224-029-9015,2026-07-02,Timothyside,AZ,United States
CUST-001338,Michelle,Hernandez,  michelle.hernandez309@gmail.com,883-458-1920,2024-08-21,Kelseyfort,PA,United States
CUST-000864,Victor,Ramsey,victor.ramsey452@yahoo.com,094-412-8333,2026-01-12,Steinville,WA,US
CUST-001507,Anthony,Morales,anthony.morales488@hotmail.com,399-490-1333,2026-01-04,Teresaborough,NC,United States
CUST-002772,Eric,Martin,eric.martin15@gmail.com,901-651-5995,2025-04-11,South Sarah,OH,United States
CUST-000665,Brandon, Ross ,brandon.ross59@gmail.com,440-630-6244,2025-08-29,Georgemouth,FL,United States
CUST-002569,Brandon,Ross,brandon.ross525@yahoo.com,559-573-5410,2024-09-01,Sherrymouth,CA,United States
CUST-002200,Erin,Watkins,erin.watkins333@hotmail.com,135-347-0507,2024-05-07,South Timothytown,TX,USA
CUST-002110,Michael,Costa,michael.costa192@gmail.com,079-915-4027,2024-12-25,East Anthony,AZ,United States
CUST-000649,Jacob,Howard,jacob.howard532@gmail.com,782-079-7996,2025-02-08,Wellsbury,TX,United States
CUST-002340,Raymond,Johnson,raymond.johnson702@yahoo.com   ,092-176-4517,2023-11-23,Changton,CA,US
CUST-002611,Patrick,Parks,patrick.parks495@gmail.com,164-266-3316,2024-02-19,West Brianside,TX,United States
CUST-001436,Julie,Horton,julie.horton749@gmail.com,888-223-7887,2024-07-20,West Dianeport,OH,United States
CUST-000667,Sarah,Smith,  sarah.smith215@yahoo.com,557-277-3826,2023-12-11,Richardshire,PA,U.S.A.
CUST-000396,John,Soto,john.soto296@yahoo.com,289-731-7912,2024-10-20,Potterhaven,NY,United States
CUST-001696,Victoria,Medina,victoria.medina878@hotmail.com,664-774-1313,2025-06-15,Charlesborough,TX,United States
CUST-002334,Wendy,Santos,wendy.santos641@yahoo.com,440-583-5501,2024-03-14,Orrmouth,NC,United States
CUST-001240,Michael,Lindsey,michael.lindsey161@gmail.com,058-561-5473,2025-04-22,Lake Matthewfurt,wa,US
CUST-002625,April,Avery,april.avery549@hotmail.com,515-923-4665,2025-01-31,North Megan,TX,USA
CUST-001362,Jessica,Fisher,jessica.fisher252@yahoo.com,941-908-7886,2025-09-07,Jefferymouth,WA,United States
CUST-002908,Robert,Singleton,robert.singleton491@hotmail.com,277-933-3356,2024-08-08,Rebeccatown,PA,USA
CUST-001028,Jordan   ,Williams,jordan.williams512@yahoo.com,571-236-9149,2026-07-19,Davisland,FL,United States
CUST-000390,Heather,Holden,heather.holden895@hotmail.com,599-594-6521,09-Jul-2026,Walterton,NC,US
CUST-002266,Raven,Taylor,raven.taylor674@gmail.com,327-357-1256,2024-03-18,Branchland,NC,United States
CUST-002735,Brent,Mcdaniel,brent.mcdaniel933@yahoo.com,186-210-9863,2025-11-11,Stevensburgh,PA,United States
CUST-000787, Joshua ,Lee,joshua.lee762@hotmail.com,766-270-5115,2023-12-22,Franklinberg,PA,USA
CUST-001818,Jasmine,Gross,jasmine.gross472@gmail.com,856-905-0965,06/02/2025,Blakeside,OH,United States
CUST-002508,Cheryl,Watson,cheryl.watson754@hotmail.com,325-962-7622,2026-07-21,South Amber,NY,United States
CUST-002285,Stephanie,Sloan,stephanie.sloan633@yahoo.com,338-958-6417,2023-10-20,West Shirley,PA,United States
CUST-000834,John,Adams,john.adams248@yahoo.com,498-355-3935,2026-03-20,Jamesmouth,MI,United States
CUST-000446,Timothy,Poole,timothy.poole47@yahoo.com,460-523-3027,2025-03-14,Evansburgh,WA,U.S.A.
CUST-001024,Jennifer,Bartlett,jennifer.bartlett366@gmail.com,620-370-8782,2024-09-28,North Robertburgh,IL,United States
CUST-002604,Cindy,Moran,cindy.moran982@hotmail.com,921-327-3815,2024-06-21,East Caitlin,CA,US
CUST-000974,Gabrielle,Moon,gabrielle.moon436@gmail.com,857-256-2926,2026-03-16,Port Heather,NY,US
CUST-001839,Eric,Fields,eric.fields373@yahoo.com,904-470-8560,2026-02-27,Laurafurt,FL,United States
CUST-002259,Kevin,Williams,kevin.williams645@hotmail.com,723-669-4627,2024-11-20,New Ruben,il,United States
CUST-002973,Michael,Pham,michael.pham891@gmail.com,,2025-08-21,Mauricestad,CA,United States
CUST-000215,Steven,Grimes,steven.grimes245@yahoo.com,760-849-5880,2025-04-08,,CA,USA
CUST-001377,Gregory,Fitzgerald,gregory.fitzgerald532@yahoo.com,242-536-9091,2024-03-05,,MI,United States
CUST-001357,Jose,Simmons,jose.simmons301@yahoo.com,761-437-8844,2026-05-24,South Brett,NY,United States
CUST-000429,Paul,Cunningham,paul.cunningham879@gmail.com,645-875-0663,2023-09-21,South Austin,GA,US
CUST-000141,Angela,King,angela.king536@yahoo.com,956-213-7213,2026-03-20,Hartmanside,CA,United States
CUST-001102,Mary,Williams,mary.williams261@gmail.com,088-684-3021,2026-01-08,South Philipbury,MI,United States
CUST-000962,Gregory,Maldonado,gregory.maldonado920@yahoo.com,605-397-0798,2026-06-27,Powellville,IL,United States
CUST-002151,Teresa,Miller,teresa.miller819@hotmail.com,167-932-3539,2026-07-26,Port Heather,IL,USA
CUST-000468,Aaron,Welch,aaron.welch31@yahoo.com,348-079-7050,2024-05-10,Murphystad,NC,United States
CUST-000105,Jennifer,Griffith,jennifer.griffith968@gmail.com,493-316-3735,"May 21, 2025",Port Robertshire,TX,United States
CUST-000619,Andrew,Bowen,andrew.bowen414@yahoo.com,155-810-8358,2024-03-31,East Mary,NY,United States
CUST-000954,Andre,Simpson,andre.simpson674@yahoo.com,,2026-04-27,West Andrew,IL,United States
CUST-000127,Debbie,Miller,debbie.miller274@yahoo.com,283-411-0809,2025-05-18,Hammondborough,IL,United States
CUST-001213,Linda,Johnson,linda.johnson153@hotmail.com,365-103-4444,2024-02-05,New Caitlin,MI,USA
CUST-000032,Troy,  Morris,troy.morris854@yahoo.com,589-297-5001,2023-09-16,Smithburgh,PA,USA
CUST-001303,Kelly,Jones,kelly.jones490@gmail.com,041-691-0530,2026-06-26,North Micheal,CA,United States
CUST-000471,Diana,Gonzales,diana.gonzales385@gmail.com,560-531-3402,2025-04-22,,FL,USA
CUST-002622,Michael,Roberson   ,michael.roberson110@yahoo.com,001-915-4260,2024-11-02,Tranberg,FL,United States
CUST-000575,Scott,Brooks,scott.brooks168@hotmail.com,025-176-2983,2025-11-14,West Travis,IL,US
CUST-001328,Michael, Lee ,michael.lee68@gmail.com,202-351-0255,2024-11-02,Melissaton,IL,US
CUST-002720,Brian,Harrison,brian.harrison46@gmail.com,789-027-6451,2024-05-18,North Gina,AZ,United States
CUST-002264,  Brian,Rasmussen,brian.rasmussen48@yahoo.com,931-645-9824,2026-01-08,South Amy,GA,United States
CUST-000311,Gloria,Young,gloria.young508@gmail.com,,2024-05-03,Lucaston,NC,United States
CUST-002293,Shelly,Robertson,shelly.robertson674@hotmail.com,997-024-4043,2026-02-10,North Rebeccatown,GA,USA
CUST-000178,Taylor,Fowler,taylor.fowler475@yahoo.com,865-094-8014,2025-12-21,East Susanville,IL,United States
CUST-002203,Rachel,Aguilar,rachel.aguilar772@yahoo.com,133-059-1541,2024-06-02,Clarkstad,IL,United States
CUST-002708,Adam,Cole,adam.cole700@yahoo.com,842-845-5761,2026-09-03,Mccallfort,GA,United States
CUST-000781,Natalie,Johnston,natalie.johnston623@gmail.com,113-253-2694,2023-11-08,Hunterport,AZ,United States
CUST-002435,Joanne,Odonnell,joanne.odonnell205@yahoo.com,161-862-8697,2024-12-13,Timothyburgh,IL,United States
CUST-002764,  Christopher,Wang,christopher.wang930@hotmail.com,434-565-1234,2024-04-03,West Joshua,FL,United States
CUST-000751,Anthony,Rasmussen,anthony.rasmussen777@yahoo.com,358-068-8285,2026-08-27,East Coreyburgh,GA,U.S.A.
CUST-002552,Cheryl,King,cheryl.king674@yahoo.com,496-163-9525,2024-07-15,Kingfort,CA,United States
CUST-002920,Jerome,Sanchez,jerome.sanchez883@hotmail.com,431-095-1888,2026-04-01,Kathleenside,IL,United States
CUST-002154,Angel,Le,angel.le391_at_yahoo.com,115-488-0510,2025-04-05,East Justin,PA,United States
CUST-001052,Charles,Cross,charles.cross297@gmail.com,038-437-5365,2025-01-16,Delacruzside,NC,US
CUST-001369,Carol,Brown,carol.brown798@yahoo.com,873-054-9824,2026-06-08,,NY,United States
CUST-000477,Jennifer,Wright,jennifer.wright333@gmail.com,200-053-4749,2025-03-02,South Jackfort,NY,United States
CUST-000402,Sonya,Underwood,  sonya.underwood124@hotmail.com,078-263-3373,2024-11-16,Sharpmouth,MI,United States
CUST-001055,Daniel,Blackburn,daniel.blackburn488@gmail.com,748-979-1776,2024-05-12,East Elizabeth,WA,United States
CUST-002145,Matthew,Anderson,matthew.anderson578@gmail.com,259-961-1435,2025-03-21,North Larry,AZ,United States
CUST-002494,Joseph,Oneill,joseph.oneill602@yahoo.com,801-976-2134,2024-07-24,Hinesfurt,OH,United States
CUST-001754,Gabriel,Shah,gabriel.shah742@yahoo.com,833-354-0112,2026-05-03,Jacksonborough,IL,USA
CUST-002304,Richard,Arnold,richard.arnold936@gmail.com,728-470-3446,2025-09-25,East Ivan,MI,United States
CUST-001776,Sandra,Jones,sandra.jones459@gmail.com,073-512-8962,2025-03-31,Lake Laura,MI,United States
CUST-000173,Jessica,Smith,jessica.smith445@yahoo.com,524-077-8487,2026-04-09,New Jacob,NC,USA
CUST-001191,Daniel,Thomas,daniel.thomas966@yahoo.com,221-320-4104,2026-08-17,New Johnny,MI,United States
CUST-001126,Nathan,James,nathan.james692@yahoo.com,721-307-4235,2024-06-28,West Hunterville,PA,USA
CUST-001044,Nicholas,  Smith,nicholas.smith506@gmail.com,994-248-9420,2025-07-14,Samanthafurt,WA,United States
CUST-002017,Benjamin,Morrison,benjamin.morrison771@hotmail.com,978-331-5032,2024-01-16,New Williamshire,OH,United States
CUST-000007,Cassie,Austin,cassie.austin781@hotmail.com,650-477-3586,2024-04-09,Lopezshire,OH,USA
CUST-002913,Elizabeth,Henderson,elizabeth.henderson453@hotmail.com,078-138-4751,2023-09-29,Lake Kathy,WA,United States
CUST-002733,Brad,Martin,brad.martin295@yahoo.com,789-663-6805,2025-08-10,South James,CA,USA
CUST-002673,Tammy,Rangel,tammy.rangel848@gmail.com,405-770-2501,2024-12-25,Miguelport,FL,United States
CUST-000791,Joel,Weiss,joel.weiss119@yahoo.com,970-581-6295,"September 25, 2023",New Travisview,MI,United States
CUST-001852,Michaela,Booker,michaela.booker421@gmail.com,927-687-1413,2026-01-21,Barbaraville,PA,United States
CUST-001527,Amber,York,amber.york824@gmail.com,419-453-4195,2025-06-09,Port Kathleen,OH,USA
CUST-002780,James,Ramirez,james.ramirez345@hotmail.com,277-157-3685,2024-03-08,Lake Seanmouth,GA,United States
CUST-000411,Holly,Davis,holly.davis721@hotmail.com,032-484-1376,2025-10-03,West Charlesville,CA,United States
CUST-001525,Joseph,Jacobs,joseph.jacobs680@gmail.com,351-135-0535,2025-08-07,Penningtonburgh,AZ,United States
CUST-001353,Nicole,Mitchell,nicole.mitchell559@gmail.com,744-417-2345,2026-07-16,Normanborough,GA,United States
CUST-001220,Donald,Villarreal,donald.villarreal412@gmail.com,618-575-9171,2024-12-14,West Sabrinahaven,IL,USA
CUST-002525,Zachary,Webb,zachary.webb965@gmail.com,422-749-6652,2026-08-13,Lisaborough,TX,U.S.A.
CUST-000656,Patrick,White,patrick.white846@gmail.com,446-704-6226,2025-04-23,South Lindastad,WA,US
CUST-000449,Jill,Smith,jill.smith344@hotmail.com,912-662-0157,2024-09-27,North David,FL,United States
CUST-000428,Michelle,Cross,michelle.cross244@yahoo.com,766-656-7491,2026-01-24,Dyerville,NY,United States
CUST-000231,Bryan,Santana, bryan.santana871@gmail.com ,085-140-3696,2023-12-25,Jenniferfurt,PA,United States
CUST-001067,Rachael,Roberts,rachael.roberts599@yahoo.com,319-807-4682,2025-01-06,West Kyle,AZ,US
CUST-002020,Jennifer,Davis,jennifer.davis532@hotmail.com,038-524-2762,2023-12-20,North Mark,WA,USA
CUST-000134,David,Vargas,david.vargas156,809-202-4286,2023-11-18,Lake Jessicaport,FL,United States
CUST-000957,Erika,Miller,erika.miller593@gmail.com,061-363-8527,2024-02-07,Paynestad,MI,United States
CUST-000644,Katie,Kramer,katie.kramer730@gmail.com,571-343-2406,2025-07-20,Gregoryberg,WA,United States
CUST-001649,Alicia,Norris   ,alicia.norris370@hotmail.com,990-682-0130,2026-07-25,Jonesfort,NC,United States
CUST-000512,Alan,Farrell,alan.farrell278@yahoo.com,629-613-6715,2025-04-26,Mcdonaldside,AZ,United States
CUST-002503,Tyler,Valenzuela,tyler.valenzuela937@gmail.com,665-781-3049,2025-08-20,Melissaport,CA,United States
CUST-002603,Anthony,Williams,anthony.williams370@hotmail.com,626-070-2474,2025-10-14,Patriciamouth,NY,United States
CUST-000419,Bradley,Mcclure,bradley.mcclure268@yahoo.com,497-189-2419,2023-09-11,Tinafurt,NC,U.S.A.
CUST-002308,Alan,Moore,alan.moore809@gmail.com,514-557-9537,2024-12-11,East Todd,FL,United States
CUST-001796,Kenneth,Reid,kenneth.reid445@gmail.com,549-787-2965,2025-10-23,Rodriguezfurt,NC,United States
CUST-002346,Maria,Vincent,maria.vincent6@gmail.com,620-166-3340,2024-05-11,West Hayleyberg,IL,United States
CUST-002007,Randy,Frey,randy.frey189_at_gmail.com,032-645-2573,2025-07-03,North Cheryl,AZ,United States
CUST-000055,Gerald,Lewis,  gerald.lewis80@gmail.com,447-209-9934,2026-01-10,Jenkinsside,TX,US
CUST-001290,Linda   ,Ramsey,linda.ramsey928@hotmail,849-680-6640,2023-11-21,Melanieville,TX,US
CUST-002352,Jose,Jarvis,jose.jarvis762@hotmail.com,183-479-2305,2025-10-19,Hessside,wa,United States
CUST-002956,Justin,Thompson,justin.thompson718@gmail.com,452-488-1603,2024-12-07,Lindsayport,AZ,United States
CUST-000498,Michael,Allison,michael.allison211@gmail.com,,2024-10-15,Lake Janefurt,AZ,United States
CUST-001813,Michael,Avery,michael.avery402@yahoo.com,632-824-6306,2024-05-09,Lake Robertland,GA,United States
CUST-002738,Crystal,Garcia,crystal.garcia911@hotmail.com,979-703-1080,2026-01-29,West Angelica,GA,United States
CUST-002750,Bruce,Ward,bruce.ward228@yahoo.com,748-084-3714,2023-12-28,,CA,United States
CUST-002396,Denise,Copeland,denise.copeland454@yahoo.com,536-062-2306,2025-10-28,West Robert,IL,United States
CUST-002822,Mark,Wise,mark.wise630_at_hotmail.com,421-818-0187,2025-05-22,Stevenland,NC,United States
CUST-002678,Ryan,Golden,ryan.golden778@yahoo.com,829-435-0079,2026-09-02,Phamchester,MI,US
CUST-000691,Mario,Lee,mario.lee134@yahoo.com,229-258-7964,2023-10-21,West Thomas,IL,United States
CUST-002272,Samuel,Golden, samuel.golden413@yahoo.com ,774-054-5866,2025-10-25,New Edwardside,AZ,United States
CUST-002232,Alexander,Garcia,alexander.garcia358@hotmail.com,693-005-2214,2025-01-10,Frankchester,FL,U.S.A.
CUST-002746,Dominic,Greene,dominic.greene500@hotmail.com,785-652-5542,2024-10-05,Matthewchester,FL,United States
CUST-002299,Carol,Bradley,carol.bradley868@yahoo.com,571-421-1622,2026-05-07,Port Sarafurt,IL,United States
CUST-001597,Amanda,Taylor,amanda.taylor245@yahoo.com,977-726-5976,2024-11-03,Angelborough,PA,United States
CUST-001536,Shawn,Martinez,shawn.martinez317@gmail.com,553-691-5855,07/05/2026,Campbellshire,CA,U.S.A.
CUST-001251,Sandra,Jones,sandra.jones198@gmail.com,319-057-7204,2025-08-19,Carlton,CA,United States
CUST-002314,Alyssa,Rogers,alyssa.rogers277@gmail.com,562-972-6692,2025-07-19,,MI,United States
CUST-000610,Bernard,Macdonald, bernard.macdonald639@hotmail.com ,307-053-4967,2024-06-05,Port Shawn,GA,United States
CUST-000914,Mary,Gonzalez,mary.gonzalez410@yahoo.com,687-191-2038,2024-11-20,New Timothyshire,PA,United States
CUST-000335,Jill,Dorsey,jill.dorsey637@hotmail.com,925-158-3776,2024-09-05,Adamschester,FL,United States
CUST-001188,Elizabeth,Stephenson,elizabeth.stephenson864@hotmail.com,582-686-8764,2024-10-21,North Kathrynville,WA,United States
CUST-000529,Kristi,Townsend,kristi.townsend913@hotmail.com,041-209-1179,2026-05-01,North Donaldview,MI,United States
CUST-002080,Ronald,Vasquez,ronald.vasquez678@yahoo.com,593-586-1341,2025-02-02,Scottland,IL,United States
CUST-000254,Lisa,Rodriguez,lisa.rodriguez246@yahoo.com,,2024-01-30,West Mary,FL,USA
CUST-002159,Jaime,Love,jaime.love443@gmail.com,793-647-0894,2025-12-06,Bradleystad,AZ,USA
CUST-001564,Daniel,Lopez,daniel.lopez275@yahoo.com,951-935-0011,2026-03-26,Kellyville,PA,United States
CUST-000332,  Anthony,Maldonado,anthony.maldonado865@hotmail.com,165-915-2017,2026-03-18,Gibsonview,NY,United States
CUST-000735,Meredith,Webb,meredith.webb767@yahoo.com,688-936-2896,2026-06-14,Francisstad,GA,United States
CUST-001624,Elizabeth,Richards,elizabeth.richards296@yahoo.com,115-062-9179,2026-03-20,South Rebecca,WA,USA
CUST-002021,Ashlee,Morales,ashlee.morales894@hotmail.com,743-963-9949,2025-12-01,Sallyport,IL,USA
CUST-002297,Sarah,Garcia,sarah.garcia970@yahoo.com,339-062-7989,23-Oct-2023,Williamport,GA,United States
CUST-002555,Brooke,Fowler,brooke.fowler575@gmail.com,059-054-5173,2026-01-26,Morrisstad,PA,USA
CUST-001965,  Cathy,King,cathy.king99@gmail.com,325-460-1891,2024-04-06,East Laurenbury,tx,US
CUST-001816,Andrew,Mahoney   ,andrew.mahoney203@gmail.com,901-014-6103,2024-11-18,South Mariah,TX,U.S.A.
CUST-001475,Cynthia,Costa,cynthia.costa21@hotmail.com,099-621-8366,16-Mar-2026,Stevensfurt,AZ,US
CUST-000572,Diana,Bell,diana.bell680@hotmail.com,957-244-6176,2026-06-25,Obrienburgh,NC,USA
CUST-000949,  Ryan,Adams,ryan.adams255@hotmail.com,696-561-3087,"December 10, 2024",,OH,United States
CUST-000175,Nicholas,Lopez,nicholas.lopez721@gmail.com,,2024-04-30,Cannonberg,OH,United States
CUST-002577,Richard,Wright,richard.wright981@hotmail,000-453-9804,2024-04-06,Simpsonburgh,IL,United States
CUST-001264, Nicole ,Holder,nicole.holder961@hotmail.com,498-647-8686,2024-12-13,East Steven,MI,US
CUST-001028,Jordan   ,Williams,jordan.williams512@yahoo.com,571-236-9149,2026-07-19,Davisland,FL,United States
CUST-001629,Ricardo,Juarez,ricardo.juarez88@gmail.com,304-093-4675,2026-04-22,Colleenside,TX,United States
CUST-002116,David,Henderson,david.henderson744@hotmail.com,954-487-6150,26-Jul-2025,Williamport,AZ,United States
CUST-002281,Kevin,Valencia,kevin.valencia647@yahoo.com,390-321-4303,2026-04-03,New Heathershire,AZ,United States
CUST-001775,Scott,Brooks,scott.brooks161@gmail.com,399-626-3779,2023-12-03,Lake Lindsey,TX,US
CUST-001870,Evelyn,Jones,evelyn.jones958@yahoo.com,367-038-6256,2024-06-12,Royville,NC,United States
CUST-001371,Elizabeth,Byrd,elizabeth.byrd988@yahoo.com,890-164-9281,20-May-2026,Aaronmouth,tx,USA
CUST-002451,Christina,Brooks,christina.brooks711@gmail.com,305-066-7148,2026-02-28,Jesusbury,IL,United States
CUST-000960,Rebecca,Figueroa,rebecca.figueroa197@yahoo.com,822-102-1798,2024-07-29,North Courtney,OH,U.S.A.
CUST-002769,Jennifer,Russo,jennifer.russo453@gmail.com,265-720-7980,2025-04-22,Joanneton,FL,United States
CUST-000143,Chelsea,Ramsey,chelsea.ramsey642@yahoo.com,984-902-7703,2025-04-25,Jameshaven,PA,United States
CUST-001450,Michael,Diaz,michael.diaz867@gmail.com,418-648-2308,2025-12-23,Port Catherine,OH,United States
CUST-002125,Angela,Booker,angela.booker975@gmail.com,357-668-0895,2023-12-04,West Vanessashire,NY,USA
CUST-000710,Krista,Rivera,krista.rivera964@yahoo.com,026-086-9822,07/02/2025,North Michaelbury,MI,U.S.A.
CUST-000940,William,White,william.white636@hotmail.com,177-682-9384,2025-06-13,Karaton,PA,United States
CUST-001991,Ronald,Murphy,  ronald.murphy372@gmail.com,175-627-5280,2025-06-19,North Robertland,TX,United States
CUST-001005,Elizabeth,Turner,elizabeth.turner271@hotmail.com,124-211-4086,2024-11-27,West Michelle,TX,United States
CUST-001135,Christina,Wilcox,christina.wilcox81@hotmail.com,332-227-3938,2024-10-25,North Justin,GA,US
CUST-002568,Alyssa,Johnson,alyssa.johnson360@hotmail.com,483-681-6723,2026-05-24,Colemanchester,MI,United States
CUST-002763,Michael,Bailey,michael.bailey53@hotmail.com,702-489-1055,2024-06-11,Elliottshire,FL,US
CUST-000455,Christopher,Martinez,christopher.martinez234@yahoo.com,582-603-4084,2026-04-27,Taylorfort,FL,United States
CUST-001045,Faith,Hill,faith.hill303@hotmail.com,896-676-0564,2026-05-19,,GA,United States
CUST-000312,James,Nelson,james.nelson874@gmail.com,448-207-0015,2024-06-26,Michellechester,AZ,United States
CUST-001883,Tyler,Sullivan,tyler.sullivan802@yahoo.com,395-011-1525,2025-12-01,Williamchester,CA,USA
CUST-001746,Amanda,Nelson,amanda.nelson294@gmail.com,335-139-0143,2025-08-26,New Taylorport,oh,United States
CUST-000012, Brittney ,Gonzalez,brittney.gonzalez68@gmail.com,240-659-6575,2026-03-11,Ochoaberg,AZ,US
CUST-002121,Amy,Collins,amy.collins635@hotmail.com,674-166-2395,2026-04-18,Hopkinsfort,NC,USA
CUST-002445,Crystal,Hamilton,crystal.hamilton842@gmail.com,430-310-1663,01-Oct-2023,Reynoldsberg,WA,U.S.A.
CUST-001945,Christian,Robinson,christian.robinson829@hotmail.com,298-871-2320,2024-08-15,Port Ryan,AZ,United States
CUST-001065,Daryl,Lopez,daryl.lopez327_at_gmail.com,001-867-6610,2025-08-12,New Maureenside,TX,United States
CUST-002730,Patrick,Hall,patrick.hall433@hotmail.com,187-989-7633,06-Nov-2025,East Jamesview,NY,United States
CUST-002773,Sean,Owen,sean.owen41@hotmail.com,715-533-3179,2024-01-08,North Laura,PA,United States
CUST-002867,Tommy,Russell,tommy.russell136@hotmail.com,338-417-8760,2024-12-14,New Trevor,GA,US
CUST-000731,Robin,Davis,robin.davis325@yahoo.com,597-263-4755,2025-03-02,Huangburgh,NC,United States
CUST-001225,James,Mitchell,james.mitchell849@hotmail.com,625-152-1746,2024-12-04,Marieborough,PA,United States
CUST-002517,Jennifer,Ferguson,jennifer.ferguson68@hotmail.com   ,842-047-5983,2024-11-12,Elizabethport,CA,United States
CUST-000277,Amanda,Martinez,amanda.martinez306@gmail.com,672-752-0885,2025-06-22,Thomasport,NY,US
CUST-000020,Jesse,Sullivan,jesse.sullivan330@gmail.com,266-093-7966,2026-03-29,Lake Jasonview,NY,United States
CUST-001537,Sarah,Cruz,sarah.cruz70@yahoo.com,960-242-5703,2024-10-05,East Diane,NC,USA
CUST-001250,Cindy,Rodriguez,cindy.rodriguez746@yahoo.com,386-028-2625,2024-10-04,Kristinton,NC,United States
CUST-002749,James,Herrera,james.herrera914@hotmail.com,862-254-6862,2026-02-20,,AZ,United States
CUST-002530,Kayla,Richardson,kayla.richardson978@yahoo.com,830-325-3695,2025-02-28,West Mark,OH,United States
CUST-001399,  Jennifer,Flores,jennifer.flores527@yahoo.com,184-039-8221,2024-02-06,Lake Jasonfurt,OH,United States
CUST-000568,Scott,Brown,scott.brown119@gmail.com,467-238-4979,2024-08-02,South Dustintown,AZ,United States
CUST-000250,Michael,Castaneda,  michael.castaneda526@yahoo.com,174-328-0634,2024-09-17,Mosleystad,WA,United States
CUST-001604,Shannon,Allen,shannon.allen86@hotmail.com,405-714-4695,2024-04-15,Gregoryfort,CA,United States
CUST-002163,Joshua,Armstrong,joshua.armstrong816@hotmail.com,170-032-7628,2026-06-11,West Sarahhaven,NY,United States
CUST-000623,Cory,Costa,cory.costa525@hotmail.com,764-613-6847,2026-01-21,Rebeccaside,WA,United States
CUST-002864,Kathryn,Lawrence,kathryn.lawrence769@gmail.com,804-503-0834,2025-06-13,Lake Christopherport,OH,United States
CUST-001997,Nicole,Daniel,nicole.daniel719@gmail.com,870-894-1079,2025-10-21,North Vanessaville,CA,United States
CUST-002756,Tiffany,Mcknight,tiffany.mcknight454@yahoo.com,349-465-2650,2025-12-24,Teresaport,TX,United States
CUST-001722,Tara,Cruz,tara.cruz47@gmail.com,675-119-9764,2024-01-02,Jeffreychester,CA,United States
CUST-000195,Sherry,Avery,sherry.avery423@gmail.com,256-216-8936,2023-12-22,New Eric,TX,US
CUST-001731,Raymond,Davidson,raymond.davidson257@yahoo.com,460-789-0751,2026-06-04,New Williammouth,IL,USA
CUST-000547,Casey,Henderson,casey.henderson633@hotmail.com,491-271-1307,2025-04-16,West Anthony,FL,United States
CUST-000645,Annette,Gutierrez,annette.gutierrez271@gmail.com,432-447-4175,2024-01-04,,IL,United States
CUST-002790,Edward,Roy,edward.roy231@hotmail.com,308-788-4779,2025-08-25,West Kimberly,MI,USA
CUST-001836,Lisa,Mora,lisa.mora882@gmail.com,939-606-1047,2024-04-26,Port Walterville,WA,United States
CUST-002289,Erik,Herman,erik.herman307@gmail.com,519-045-6244,2026-02-17,Barkerberg,NC,United States
CUST-002620,Diamond,Daniels,diamond.daniels703@yahoo.com,034-011-7617,2025-10-28,South Damonton,IL,United States
CUST-001378,John,White,john.white567@yahoo.com,976-039-6702,2024-04-10,Johnmouth,MI,USA
CUST-001165,Arthur,Wright,arthur.wright133@yahoo.com,742-463-1043,2025-04-20,Kleinchester,PA,United States
CUST-002268,Matthew,Price,matthew.price501@gmail.com,098-057-8369,2024-12-19,Lake Stephanietown,PA,United States
CUST-000806,Chris,Rodriguez,chris.rodriguez699@gmail.com,090-040-4769,2025-12-20,North Brian,FL,USA
CUST-001477,Jeffrey,Austin,jeffrey.austin188@hotmail.com,013-768-3675,2025-08-08,North Thomasmouth,TX,US
CUST-001532,April,Owen,april.owen139@yahoo.com,061-065-6733,2024-01-31,Avilastad,NY,US
CUST-000412,William,Chan,william.chan132@yahoo.com,724-380-7017,2024-09-30,Cooperfurt,FL,United States
CUST-000099,Timothy,Freeman,timothy.freeman367@yahoo.com,701-450-8993,2026-08-04,Aprilville,oh,US
CUST-003000,Angela,Fox,angela.fox64@gmail.com,843-997-4869,2025-04-07,North Morganstad,MI,USA
CUST-000450,Zachary,Morgan,zachary.morgan974@yahoo.com,263-013-6749,2026-07-08,Lake Julie,NY,United States
CUST-000314,John,Martinez,john.martinez74@yahoo.com,596-363-2123,2024-08-09,Scottview,NC,United States
CUST-002392,Christopher,Thomas,christopher.thomas922@hotmail.com,697-486-9784,2026-01-12,Duncanhaven,MI,United States
CUST-001104,Jillian,Wise,jillian.wise333@yahoo.com,260-336-2027,2026-01-10,Michaelburgh,GA,United States
CUST-000315,Michelle,Brown,michelle.brown222@hotmail.com,515-867-3425,2023-12-05,Baldwinport,PA,USA
CUST-001900,Lisa,Mitchell,lisa.mitchell644@yahoo.com,249-032-2347,2025-03-24,Joneschester,WA,United States
CUST-001485,Wayne,Brown,wayne.brown159@hotmail.com,873-143-9151,2025-08-17,West Jeremyfort,PA,United States
CUST-002760,Dustin   ,Park,dustin.park442@yahoo.com,,2023-10-25,Daisyfurt,TX,United States
CUST-002788,Ryan,Berg,ryan.berg848@gmail.com,590-411-7977,2023-10-11,Leonardville,FL,United States
CUST-002318,Katherine,Lowe,katherine.lowe703@hotmail.com,518-695-6134,2024-07-18,Brandonside,OH,United States
CUST-000497,Jennifer,Rose,jennifer.rose637@hotmail.com,313-503-0587,2024-03-03,North Brian,NC,United States
CUST-000900,Nicole,Taylor,nicole.taylor339@yahoo.com,260-781-9754,2025-12-13,South James,PA,United States
CUST-002909,Clayton,Adams,clayton.adams249@yahoo.com,766-162-9506,2025-09-19,Cameronborough,FL,United States
CUST-002424,Eugene,Avila,eugene.avila591@hotmail.com,397-026-6382,2025-08-15,South Davidport,TX,United States
CUST-002784,Michael,Ellis,michael.ellis616@gmail.com,297-741-0506,2025-12-05,Christinaberg,OH,United States
CUST-000207,Amy,Smith,amy.smith623@yahoo.com,339-776-7199,2024-07-31,East Nicoleview,tx,US
CUST-001389,Kenneth,Smith,kenneth.smith655@hotmail.com,208-235-3097,2025-08-10,Pattersonville,OH,United States
CUST-001447,Steven,Gomez,steven.gomez569@yahoo,748-095-7394,2024-11-09,West Breannaside,OH,United States
CUST-002824,Jason,Anderson,jason.anderson769@yahoo.com,817-042-3275,2024-09-04,Port Christophermouth,PA,United States
CUST-000320,Tara,Rivas, tara.rivas656@gmail.com ,965-772-4295,2023-12-03,Jameschester,nc,US
CUST-001105,Chris,Murray,chris.murray471@yahoo.com,092-071-1523,2025-05-31,East Jaimeburgh,TX,United States
CUST-000982,William,Sparks,william.sparks637@yahoo.com,874-422-7585,2025-08-11,Ambermouth,PA,United States
CUST-000998,Tracy,Cochran,tracy.cochran415@hotmail.com,,04/13/2024,Jackside,IL,USA
CUST-000983,Jessica,Henderson,jessica.henderson662@yahoo.com,594-282-4911,2023-12-25,Duketown,GA,United States
CUST-001046,Sarah,Edwards,sarah.edwards652@yahoo.com,775-809-7453,2025-10-08,Port William,WA,US
CUST-002601,Michelle,Henderson,michelle.henderson991@yahoo.com,650-836-8168,2023-11-01,North Kelly,FL,United States
CUST-000910,Jim,Williams,jim.williams540@gmail.com,333-247-0739,2025-10-07,North David,IL,United States
CUST-002975,Mercedes,Nelson,mercedes.nelson531@gmail.com,494-700-2519,2025-03-06,South Paulamouth,WA,United States
CUST-000762,Deborah   ,Bartlett,deborah.bartlett189@hotmail.com,649-673-7945,2023-10-15,Mendozaberg,MI,USA
CUST-001386,Julie,Cherry,julie.cherry284@hotmail.com,122-600-0144,2025-12-19,Lake Tiffanymouth,TX,USA
CUST-000393,Jeffery,Green,jeffery.green908@gmail.com,583-230-2410,2026-07-02,South Diana,AZ,United States
CUST-000368,Travis,Peck,travis.peck776@yahoo.com,626-085-6411,2026-01-27,New Garyberg,CA,United States
CUST-002534,Jeff,Smith,jeff.smith980@hotmail.com,636-210-5164,2024-03-13,South Williamton,OH,United States
CUST-002191,Olivia,Murphy,olivia.murphy957@hotmail.com,164-491-5321,2026-07-31,North Coreyton,PA,United States
CUST-000009,Sherry,Wallace,sherry.wallace92@yahoo.com,121-267-8886,2026-07-23,North Christopherside,PA,United States
CUST-000636,Jasmin,Kelly,jasmin.kelly290@hotmail.com,581-932-4268,2024-09-24,Henryview,AZ,United States
CUST-001274,Walter,Malone,walter.malone47@yahoo.com,203-401-5353,2024-02-18,Roberttown,AZ,United States
CUST-002129,Bradley,Sullivan,bradley.sullivan842@gmail.com,093-339-6379,2025-05-29,East Reneebury,CA,United States
CUST-002558,William,Cross,william.cross84@gmail.com,960-878-7578,"April 06, 2024",Port Jacqueline,TX,US
CUST-002377,Audrey,Watson,audrey.watson30@gmail.com,089-233-3135,2023-09-18,West Terrihaven,WA,United States
CUST-001770,Jessica,Robinson,jessica.robinson811@gmail.com,815-605-4270,2023-12-30,Wheelershire,TX,United States
CUST-000176,Chloe,  Morris,chloe.morris520@hotmail.com,511-810-2203,2025-04-08,South Jameston,OH,United States
CUST-000083,Diana,Farley,diana.farley141@hotmail.com,432-830-9652,2026-08-02,Lake Tylerport,PA,United States
CUST-001420,Nicole,Spencer, nicole.spencer522@gmail.com ,597-487-6805,2024-11-07,Williamsburgh,WA,United States
CUST-001030,Joseph,Chapman,joseph.chapman19@gmail.com,141-961-5607,2026-03-06,East Tony,TX,United States
CUST-001765,Sarah,Morgan,sarah.morgan378@hotmail.com,717-717-0305,2024-11-05,Masonton,MI,United States
CUST-000553,Gregory,Baker,gregory.baker235@gmail.com,209-579-0737,2025-05-28,North Lorishire,TX,USA
CUST-002437,Vicki,Lopez,vicki.lopez521@gmail.com,922-941-2328,2025-02-09,Port Sheilafurt,GA,United States
CUST-000494,Michael   ,Garcia,michael.garcia681@yahoo.com,541-022-5267,2025-12-16,,WA,United States
CUST-000919,Jennifer,Mcneil,jennifer.mcneil586@yahoo.com,618-444-2182,2024-06-18,Mitchellhaven,CA,United States
CUST-002954,Cristina,Phillips,cristina.phillips558@yahoo.com,705-005-7458,2026-02-21,South Robertport,OH,United States
CUST-001554,Emily,Edwards,emily.edwards579@yahoo.com,976-487-8496,2026-01-25,East Joshua,FL,United States
CUST-001376,Virginia,Fisher,virginia.fisher945@hotmail.com,444-359-6245,06/01/2025,Yoderland,NY,USA
CUST-001823,Brandon,Barnett,brandon.barnett438@yahoo.com,634-318-0739,2026-05-13,,CA,USA
CUST-002721,Katrina,Flores,katrina.flores74@hotmail.com,019-857-5473,2025-01-27,New Justinfort,TX,USA
CUST-002183,Joshua,Reyes,joshua.reyes993@gmail.com,954-700-6039,2024-07-12,North Scottstad,GA,United States
CUST-001413,Jeffrey,Davis,jeffrey.davis973@hotmail.com,081-896-5583,2026-08-06,Oliviaport,AZ,USA
CUST-000953,  Michaela,Morris,michaela.morris518@yahoo.com,628-397-6205,05-Feb-2026,Lake Joshua,OH,United States
CUST-000107,Heather,Thompson,heather.thompson417@gmail.com,169-958-6693,2023-12-17,Raymondmouth,NY,USA
CUST-002210,Jennifer,Byrd,jennifer.byrd290@gmail.com,218-241-4081,2024-09-07,Williamshaven,CA,United States
CUST-002326,Rachael,Vaughn,rachael.vaughn201@yahoo.com,027-282-0400,2024-03-27,Lake Vickie,MI,USA
CUST-002691,Craig,Stewart,craig.stewart202@gmail.com,180-204-0410,2025-08-12,Shaffershire,NY,United States
CUST-002203,Rachel,Aguilar,rachel.aguilar772@yahoo.com,133-059-1541,2024-06-02,Clarkstad,IL,United States
CUST-000082,William,Bates,  william.bates974@yahoo.com,899-441-7154,2026-08-31,Michelleview,NY,United States
CUST-002378,Leslie,Francis,leslie.francis814@gmail.com,702-640-6260,2024-02-19,Alexanderville,AZ,United States
CUST-002052,Pamela,Flores,pamela.flores439@gmail.com,262-976-1166,2025-08-27,Port Jennifer,PA,United States
CUST-002010,Caroline,Clark,caroline.clark962@gmail.com,763-342-2856,2025-03-07,Port Stacey,TX,USA
CUST-000701,Matthew,Rose,matthew.rose792@hotmail.com,606-940-9600,2025-12-13,West Ronald,IL,United States
CUST-002901, Courtney ,Galloway,courtney.galloway890@yahoo.com,797-463-1771,2026-03-30,Whitechester,WA,United States
CUST-001120,Erin,Horn,erin.horn937@hotmail.com,087-991-9623,2025-09-08,Rebeccaland,WA,United States
CUST-002302,Vincent   ,Flores,vincent.flores643@yahoo.com,808-785-7109,2026-05-30,East Amber,AZ,United States
CUST-000536,Cassandra,Wiley,cassandra.wiley700@hotmail.com,560-125-6253,2026-07-07,East Dianestad,MI,United States
CUST-002416,Melissa,Rivera,melissa.rivera185@gmail.com,292-662-5478,2025-10-21,Lake Antoniomouth,OH,United States
CUST-001432,Debbie,Clark,debbie.clark215@hotmail.com,399-798-4914,05-Feb-2025,Johnsonmouth,FL,United States
CUST-001652,Heather,Mckee,heather.mckee446@gmail.com,998-127-4392,2025-09-30,West Kimberly,FL,U.S.A.
CUST-002884,Jennifer,Hines,jennifer.hines943@yahoo.com,109-600-6616,2025-05-01,Lake Matthewland,WA,United States
CUST-002300,Melissa,Griffith,melissa.griffith914@yahoo.com,910-044-3643,2025-12-31,Adamsview,FL,United States
CUST-002660,Benjamin,Carter,benjamin.carter36@yahoo.com,454-976-8348,2024-12-18,Bellstad,WA,United States
CUST-001403,Jennifer,Greene,jennifer.greene607@hotmail.com,184-311-3266,2024-11-13,North Matthewview,TX,United States
CUST-002486,Luke,Pope,luke.pope573@yahoo.com,026-134-0973,2024-07-18,Port Derekton,OH,United States
CUST-001401,Cathy,Morgan,cathy.morgan337@yahoo.com,469-333-5623,2026-04-19,,AZ,United States
CUST-001452,Nicholas,Dean,nicholas.dean307@yahoo.com,276-748-3173,2024-06-03,,TX,U.S.A.
CUST-000188,Ashley,Hoffman,ashley.hoffman313@hotmail.com,833-146-5911,2024-09-11,Hendersonstad,TX,United States
CUST-001396,Tiffany,Watts,tiffany.watts538@yahoo.com,173-289-5145,2024-05-03,Leeview,MI,United States
CUST-001019,Lance,Rivera,lance.rivera833@hotmail.com,011-079-7714,2026-03-23,North Kaitlynview,AZ,United States
CUST-002748,Leonard,Ayala,leonard.ayala460@gmail.com,382-738-6883,2024-08-09,New Dennis,MI,United States
CUST-001926,Shelley,Buchanan,shelley.buchanan528@yahoo.com,133-793-7669,2024-04-07,Grayville,IL,United States
CUST-001367,Kendra,Hall,kendra.hall198@gmail.com,708-649-4269,2026-04-10,Ericborough,PA,United States
CUST-000324,Laura,Johnson,laura.johnson443@yahoo.com   ,397-359-7107,2025-10-26,Port Marcus,CA,United States
CUST-000466,Kara,Sanchez,kara.sanchez739@hotmail.com,890-972-8321,2024-09-25,Maryhaven,FL,United States
CUST-000431,Christopher,Dawson,christopher.dawson89@yahoo.com,691-836-2644,2023-12-31,Willischester,GA,USA
CUST-002830,Austin,Cameron,austin.cameron159@hotmail.com,461-730-5151,2024-11-28,East Diane,TX,USA
CUST-000337,Deborah,Miller,deborah.miller187@yahoo.com,617-422-4386,2024-03-10,Ashleyside,AZ,USA
CUST-001605,Jonathan,Le,jonathan.le212@hotmail.com,735-445-3451,2026-02-01,Oscarchester,TX,United States
CUST-002055,Susan,Peterson,susan.peterson589@yahoo.com,,2026-05-14,South Hectorstad,MI,United States
CUST-002034,David,Harmon,david.harmon656@gmail.com,,2023-10-01,Tiffanyside,FL,United States
CUST-001777,Richard,Rasmussen,richard.rasmussen281@hotmail.com,243-233-3023,2024-11-24,West Joshua,WA,United States
CUST-000775,Karen,Wolf, karen.wolf175@yahoo.com ,158-029-0904,2026-08-24,Gonzalezfort,FL,United States
CUST-000640,Karen,Holland,karen.holland797@hotmail.com,105-092-2216,2025-09-27,North Scottton,MI,United States
CUST-002265,Joseph,Smith,joseph.smith839@gmail.com,793-651-8756,2024-11-05,South Rachel,NY,United States
CUST-001203,Kyle,Hunter,kyle.hunter390@hotmail.com,255-394-6074,2023-10-31,New Michelle,NC,United States
CUST-001829,Daniel,Frey,daniel.frey501@hotmail.com,654-662-8973,2026-01-19,Coryfurt,TX,United States
CUST-001724,Michael,Gordon,michael.gordon21@gmail.com,016-301-5972,2026-05-16,West Duane,GA,USA
CUST-000213,Robert,Cook,robert.cook819@hotmail.com,303-441-4488,2026-07-15,Katieville,OH,USA
CUST-000382,Shane,Smith,shane.smith603@gmail.com,519-036-1332,2025-07-17,Lanceville,CA,United States
CUST-002890,Glenda,Miller   ,glenda.miller363@gmail.com,455-799-9007,2024-01-06,West Richard,GA,United States
CUST-000803,Rachael,Long,rachael.long420@hotmail.com,470-798-6321,2026-06-12,South Lindaborough,NY,United States
CUST-000733,Melissa,Thomas,melissa.thomas186@yahoo,856-261-4991,2026-06-11,Yvonnemouth,OH,United States
CUST-001913,Michael,Riley,michael.riley548@gmail.com,476-096-0647,2025-03-30,Lake Courtney,GA,United States
CUST-002284,Shawn,Mckay,shawn.mckay981@gmail.com,517-983-8713,2023-11-08,Michaelfurt,NC,United States
CUST-000606,Isabel,Quinn,isabel.quinn259@hotmail.com,981-209-9576,2023-09-14,Samuelhaven,NC,USA
CUST-000836, Bonnie ,Thompson,bonnie.thompson541@hotmail.com,433-952-7536,2024-11-08,Loveshire,FL,United States
CUST-001707,George,Casey,george.casey539@hotmail.com,962-083-4791,2024-01-20,North Michaelbury,PA,United States
CUST-000347,Laura, Marsh ,laura.marsh386@gmail.com,934-172-2329,2026-02-28,Garciachester,NY,United States
CUST-000582,Joseph,Williams,joseph.williams746@gmail.com,783-567-4300,2026-07-17,Port Kimberlyborough,NC,United States
CUST-001581,Stephen,Cox,stephen.cox775@yahoo.com,736-015-7911,2026-02-13,Benjaminville,AZ,U.S.A.
CUST-002883,Thomas,Boyd,thomas.boyd821@gmail.com,281-070-5605,2024-04-01,,IL,United States
CUST-001698,Tracy,Guzman,tracy.guzman247@yahoo.com,990-984-1286,2024-03-02,Michaelhaven,GA,US
CUST-001018,Samuel,Hernandez,samuel.hernandez737@yahoo.com,918-327-0004,2024-01-08,Perryville,TX,USA
CUST-001789,Stephanie,Thomas,stephanie.thomas141@gmail.com,836-806-0145,2025-08-04,Levineberg,NC,United States
CUST-002219,Daniel,Rollins,daniel.rollins803@hotmail.com,536-205-4493,2024-03-25,New Ian,NC,United States
CUST-000405,Ashley,Lloyd,ashley.lloyd793@hotmail.com,966-361-8637,2025-02-19,West Ashleymouth,PA,U.S.A.
CUST-002777,Taylor,Johnston,taylor.johnston331@hotmail.com,274-622-6897,2024-03-30,Jamesland,WA,United States
CUST-002108,Arthur,Sims,arthur.sims559@yahoo.com,605-269-9015,2026-06-28,East Martha,PA,United States
CUST-002668,Jonathan,Sullivan,jonathan.sullivan404@hotmail.com,248-878-0737,2024-09-07,Wadefort,WA,USA
CUST-001015, Christopher ,Romero,christopher.romero846@yahoo.com,713-073-5104,2025-12-22,Taraview,PA,United States
CUST-001759,Chelsea,Smith,chelsea.smith915@yahoo.com,909-703-4251,2025-07-20,Flemingville,OH,United States
CUST-001409,Maria,Watson,maria.watson521@gmail.com,816-409-8910,2025-07-27,New Bradley,FL,United States
CUST-000848, Christopher ,Moon,christopher.moon289@gmail.com,980-418-4724,2025-09-14,Port Ryan,GA,United States
CUST-002811,Mary,Wang,mary.wang632@yahoo.com,775-688-6371,2023-12-19,South Vanessa,IL,United States
CUST-000474,Kathleen,Wright,kathleen.wright878@gmail.com,823-414-3637,2024-08-16,Lake Jessicaburgh,GA,US
CUST-002573,Christopher,Reid,christopher.reid259@hotmail.com,661-340-4750,"January 31, 2025",North Monicaport,FL,USA
CUST-000066,Andrew,Green,andrew.green792@gmail.com,152-621-8159,2024-08-25,Bushchester,NY,US
CUST-001779,Nichole,Morris,nichole.morris938@gmail.com,941-285-3700,2026-06-03,Hensleyview,IL,US
CUST-000249,Megan,Norman,megan.norman197@gmail.com,830-671-9855,2025-09-09,Richardland,IL,United States
CUST-000459,Leslie,French,leslie.french588@yahoo.com,093-141-8186,2024-06-07,West Daniellestad,CA,United States
CUST-001429,Lauren,Rogers, lauren.rogers463@yahoo.com ,298-424-1074,2026-03-21,East Rachaelview,OH,United States
CUST-000593,Christina,Ward,christina.ward162@hotmail.com,490-149-5427,2025-08-13,Smithtown,NY,USA
CUST-000511,Scott,Hunt,scott.hunt290@hotmail.com,551-687-4090,2024-03-03,Lake Lori,MI,USA
CUST-002273,Jennifer,Parker,jennifer.parker145@yahoo.com,278-531-4198,2026-05-28,Thompsonborough,WA,United States
CUST-002306,Lee,Travis,lee.travis153@gmail.com,851-769-6595,2026-08-05,Murphychester,MI,United States
CUST-002184,Daniel,Lee,daniel.lee386@gmail.com,141-202-2417,2024-03-14,Reginaldfurt,IL,United States
CUST-000339,Joy,Ford,joy.ford495@gmail.com,601-645-9779,2024-09-22,Matthewburgh,MI,United States
CUST-001000,Stephanie,Wiggins,stephanie.wiggins26@hotmail.com,102-929-5014,2023-12-07,South Joshua,MI,United States
CUST-001685,Angela,Campbell,angela.campbell398_at_yahoo.com,207-675-1497,2023-11-10,Jamesland,TX,United States
CUST-000661,Sean,Evans,sean.evans240@gmail.com,915-086-3218,2025-06-11,East Jessicafort,IL,United States
CUST-000863,Alison,Contreras,alison.contreras605@hotmail.com,984-933-0674,2025-09-10,Shelbyport,IL,United States
CUST-002653,Justin,Calhoun,justin.calhoun164@hotmail.com,207-216-2474,2023-09-16,West Ryan,CA,United States
CUST-000544,Aimee,Allen,aimee.allen995_at_yahoo.com,745-731-4415,2024-06-30,Lake Deborah,NC,USA
CUST-000427,Jonathan,Ford,jonathan.ford919@yahoo.com,468-971-5273,2025-07-01,East Adam,MI,US
CUST-001399,  Jennifer,Flores,jennifer.flores527@yahoo.com,184-039-8221,2024-02-06,Lake Jasonfurt,OH,United States
CUST-001858,Kristin,Faulkner,kristin.faulkner887@hotmail.com,981-213-0088,2026-09-01,Lake Kathryn,MI,USA
CUST-002103,Holly,Church,holly.church29,768-705-8079,2024-12-05,Port Bradleyfurt,GA,USA
CUST-002480,Carl,Brown,carl.brown80@hotmail.com,539-259-0677,2025-07-22,New Mariofurt,WA,USA
CUST-001493,Erin,Cook,erin.cook193@gmail.com,428-644-9760,2024-02-20,West Brandy,CA,United States
CUST-002779,Michelle,Evans,michelle.evans869@hotmail.com,,2025-02-27,Lake Jose,FL,United States
CUST-001499,Danielle,Boyer,danielle.boyer824@hotmail.com,638-354-3468,2026-04-07,Vincentchester,OH,United States
CUST-001700,Stephanie,Davis,stephanie.davis77@hotmail.com,003-814-6342,2023-10-08,West Robin,GA,United States
CUST-001154,Daniel,Reid,daniel.reid785@hotmail.com,529-635-3059,2024-06-25,Ballburgh,PA,United States
CUST-000278,Tara,Webster,tara.webster939@hotmail.com,297-517-0281,2024-06-17,Angelbury,CA,United States
CUST-000594,Steven,Church,steven.church62@yahoo.com,836-091-4985,2025-06-10,South Hectorview,WA,U.S.A.
CUST-001941,Robert,Hensley,robert.hensley357@gmail.com,213-807-8287,2025-11-11,South Robertmouth,GA,US
CUST-000651,William,Nielsen,william.nielsen862@hotmail.com,839-225-0142,2025-12-23,Stephenburgh,NY,United States
CUST-001763,Adam,Cox,adam.cox798@gmail.com,517-454-6935,2026-05-13,North Nancyland,PA,United States
CUST-001224,Adriana,Burke, adriana.burke58@gmail.com ,608-788-2815,2023-12-02,South Amy,CA,United States
CUST-001683,Sean,Edwards,sean.edwards126@gmail.com,898-977-4759,2023-12-26,Gabriellebury,FL,United States
CUST-000186,Mark,Wolfe,mark.wolfe816@gmail,067-998-1364,2025-03-22,Hernandezmouth,NC,United States
CUST-001906,Barbara,Burke,barbara.burke935@yahoo.com,600-823-6962,2025-08-03,Wushire,PA,United States
CUST-001258,Christina,Davis,christina.davis701@gmail.com,722-113-8690,2026-01-02,Wilkersonfurt,NY,USA
CUST-002785,John,Brown,  john.brown735@yahoo.com,621-470-6165,2024-03-21,Port Mary,NY,US
CUST-002998, Brandon ,Sullivan,brandon.sullivan977@gmail.com,139-004-5892,2025-10-30,Coxburgh,PA,United States
CUST-002101,Jessica,Valencia,jessica.valencia681@yahoo.com,567-071-8129,2024-06-12,East Nicole,NY,USA
CUST-002707, Lawrence ,Martinez,lawrence.martinez686@yahoo.com,150-076-0175,2025-12-04,Lake Juliatown,FL,United States
CUST-002806,Erin,Love,erin.love604@gmail.com,434-213-9579,2025-06-18,Nguyenchester,CA,USA
CUST-002105,William,Gonzalez,william.gonzalez537_at_gmail.com,348-573-6540,12-Feb-2024,Natalieberg,IL,United States
CUST-000069,Tiffany,Wells,tiffany.wells152@gmail.com,467-741-8625,2024-09-01,Woodmouth,AZ,United States
CUST-001935,Christy,Prince,christy.prince166@yahoo.com,769-889-7988,2024-03-17,Shepardmouth,OH,United States
CUST-001157,Kristen   ,Conner, kristen.conner392@yahoo.com ,916-999-3934,2026-02-10,Bethport,WA,United States
CUST-002321,Walter,Richardson,walter.richardson547@gmail.com,023-915-2313,2024-04-16,Port Margaret,NY,United States
CUST-001729,Daniel,Vazquez,daniel.vazquez295@hotmail,856-728-5021,2025-03-01,,AZ,US
CUST-002345,Philip,Rhodes,philip.rhodes421@gmail.com,391-886-7622,2024-09-25,,MI,USA
CUST-001252,Jasmine,Simpson,jasmine.simpson772@hotmail.com,419-324-5381,2024-10-06,New Timothyport,AZ,USA
CUST-000560,Brendan,Taylor,brendan.taylor249@yahoo.com,882-142-3691,2026-02-22,Jefferyfort,FL,US
CUST-000583,Amanda,Dalton,amanda.dalton27@hotmail.com,087-066-2668,2024-12-31,North Samuel,TX,US
CUST-000947,Kyle,Hahn,kyle.hahn983@hotmail.com,389-359-5382,2025-08-05,Port Loriport,PA,United States
CUST-002202,David,Jones,david.jones509@hotmail.com,059-519-4845,2026-05-23,Kaitlinburgh,CA,United States
CUST-000152,Helen,Stevens,helen.stevens825@hotmail.com,003-691-5594,2024-03-01,New Jose,PA,United States
CUST-002996,Mark,Davis,mark.davis645@hotmail.com,143-517-2368,2023-09-20,Bradleyport,TX,United States
CUST-000179,Craig,Hall   ,craig.hall727@yahoo.com,338-392-8861,2025-12-07,Emilychester,NC,USA
CUST-002993,Lisa,Marshall,lisa.marshall624@gmail.com,514-928-6327,2024-08-30,East Jamiemouth,GA,United States
CUST-001193,Colin,Martin,colin.martin114@hotmail.com,318-003-6660,2026-06-11,Lake Aaron,CA,USA
CUST-002927,Jessica,Montgomery,jessica.montgomery100@hotmail.com   ,426-166-6471,2024-11-18,South Heatherbury,CA,United States
CUST-002244,Ronald,Hartman,ronald.hartman327@yahoo.com,949-645-4959,2024-06-14,Meganhaven,NC,United States
CUST-000464,Christopher,Torres,christopher.torres454@yahoo.com,111-312-9014,2025-06-06,Stokestown,TX,US
CUST-002980,William,Grant,william.grant421@yahoo.com,850-664-8782,2024-06-17,Collinshaven,GA,United States
CUST-000777,Juan,Miller,juan.miller700,158-102-1312,2026-08-03,Calvinshire,FL,United States
CUST-002509,Christopher,Thompson,christopher.thompson856@yahoo,341-839-9557,2026-07-29,East Rebeccaberg,PA,United States
CUST-001087,Matthew,Hull,matthew.hull374@yahoo.com,806-486-0673,2024-07-18,Lake Wendy,PA,United States
CUST-000758,  Samuel,Thomas,samuel.thomas225@hotmail.com,083-350-9025,2024-05-17,Sandrastad,MI,United States
CUST-001983,Scott,Stephens,scott.stephens931@hotmail.com,436-116-8611,2025-06-24,Paultown,WA,United States
CUST-002134,Kevin,Dodson,kevin.dodson319,939-953-1556,2023-10-24,Collinsberg,IL,USA
CUST-001739,Amanda,Levy,amanda.levy806@yahoo.com,809-579-4758,2026-03-29,Lake Rileyton,NC,US
CUST-002957, Daniel ,Coleman,daniel.coleman553@yahoo.com,461-411-9101,2024-04-29,Emilymouth,PA,United States
CUST-002227,Kendra,Knight,kendra.knight604@hotmail,749-030-4381,2025-06-05,Ramoshaven,OH,United States
CUST-002119,Samuel,Rivera,samuel.rivera486@yahoo.com,777-459-2541,2023-11-10,East Willie,WA,US
CUST-002561,Sierra,Kline,  sierra.kline695@hotmail.com,010-793-2265,2026-03-05,South Zachary,OH,United States
CUST-002594,Kathryn,Johnson,kathryn.johnson329@gmail,613-177-9053,2026-02-13,Blakeborough,CA,United States
CUST-001336,Bruce,Martin,bruce.martin302@gmail.com,153-550-5143,2023-12-31,North Bonnie,OH,United States
CUST-001492,Jeffrey,Garcia,jeffrey.garcia743@gmail.com,252-861-3239,2026-08-06,Matthewchester,TX,United States
CUST-001833,Kelsey,Tucker,kelsey.tucker392@hotmail.com,098-636-1527,2024-10-01,Carrside,NY,United States
CUST-001168,Lacey,Richardson,lacey.richardson735@gmail.com,228-946-6527,2026-06-14,Jessicaburgh,IL,United States
CUST-001098,Alexander,Smith,alexander.smith337@hotmail,680-186-7740,2026-04-08,,OH,USA
CUST-001451,Kristin,Meyer,kristin.meyer125@yahoo.com,841-962-3326,2024-09-29,Lake Dawnside,WA,US
CUST-001242,Rhonda,Ruiz,rhonda.ruiz943@gmail.com,702-896-6605,2026-08-02,West Gregory,TX,United States
CUST-001201,Steven,Gordon,steven.gordon611@gmail.com,596-983-8457,2025-10-03,Lake Emma,OH,USA
CUST-000637,Gina,Grant,gina.grant804@yahoo.com,520-575-6398,2026-05-23,South Neil,WA,United States
CUST-000642,Calvin,Bryan,calvin.bryan439@hotmail.com,,2024-09-11,Thompsontown,IL,United States
CUST-002533,Ralph,Valencia,ralph.valencia211@yahoo.com,564-439-0951,2024-11-26,Phillipfurt,az,United States
CUST-001819,Katherine,James,katherine.james567@gmail.com,800-727-2081,2025-02-12,,NC,United States
CUST-001158,Jeremy   ,Ibarra   ,jeremy.ibarra761@yahoo.com,408-822-3095,2025-04-22,Andersonfort,wa,United States
CUST-002614,Whitney,Diaz,whitney.diaz934@yahoo.com,176-352-4130,2025-08-11,Lake Jacob,TX,United States
CUST-002373,William,Mitchell,william.mitchell551@hotmail.com,917-160-3330,2026-07-16,Kellyland,CA,United States
CUST-001818,Jasmine,Gross,jasmine.gross472@gmail.com,856-905-0965,06/02/2025,Blakeside,OH,United States
CUST-000052,Eddie,Dawson,eddie.dawson457@yahoo.com,680-442-0678,2024-03-17,North Steven,FL,U.S.A.
CUST-002880,Jeffrey,Sparks,jeffrey.sparks431@hotmail.com,043-741-2698,14-Jun-2025,New Jessicamouth,NY,United States
CUST-001582,Bradley,Sanders,bradley.sanders942@gmail.com,600-802-6589,2024-08-22,,TX,USA
CUST-002029,Samantha,Miller,samantha.miller185@gmail.com,784-771-9888,2023-11-12,South Joshua,FL,U.S.A.
CUST-001120,Erin,Horn,erin.horn937@hotmail.com,087-991-9623,2025-09-08,Rebeccaland,WA,United States
CUST-002233,Kristen,Kim,kristen.kim665@gmail.com,538-425-6116,2026-05-30,Lake Larryshire,NY,United States
CUST-002598,Jennifer,Gomez,jennifer.gomez119@yahoo.com,602-622-4789,2024-06-03,East Sarah,MI,U.S.A.
CUST-002402,Stephanie,Nguyen,stephanie.nguyen432@hotmail.com,450-337-9029,2026-04-12,Vanessatown,CA,United States
CUST-001159,Jennifer,Robinson,jennifer.robinson275@hotmail.com,889-413-2109,2024-09-02,Andersonburgh,NY,USA
CUST-000293,Cory,Lane,cory.lane997@gmail.com,833-428-0138,2025-05-29,,AZ,United States
CUST-001867,George,Kelly,george.kelly448@gmail.com,204-637-2162,2023-10-04,Fostertown,PA,United States
CUST-001930,Jill,Rodriguez,jill.rodriguez671@gmail.com,108-518-4668,2025-09-21,Candaceburgh,GA,United States
CUST-000596,Bruce,Klein,bruce.klein180,405-809-3511,2026-02-16,Wilsonland,IL,United States
CUST-000669,Claudia,Cunningham,claudia.cunningham850@yahoo.com,048-736-8269,2025-06-19,North Randyborough,NY,United States
CUST-000880,Brandon,Jones,brandon.jones170@yahoo.com,886-084-9079,2024-03-09,New Donna,MI,US
CUST-000662,Ryan,Hill,ryan.hill452@yahoo.com,938-970-1550,2025-05-31,New Tiffany,CA,USA
CUST-000646,Shannon,Welch,shannon.welch383@gmail.com,096-289-3654,2024-11-22,West Holly,IL,United States
CUST-002034,David,Harmon,david.harmon656@gmail.com,,2023-10-01,Tiffanyside,FL,United States
CUST-002382,Valerie,Hansen,valerie.hansen481@gmail.com,994-951-6599,03/27/2025,Lake Jasmineshire,AZ,United States
CUST-002964,Teresa, Grimes ,teresa.grimes500@hotmail.com,722-030-7108,2025-10-20,Port Rogerburgh,NC,USA
CUST-002444,Eric,Long,eric.long829@gmail.com,803-364-9084,2025-09-12,Campbellland,TX,United States
CUST-001563,Heidi,James,heidi.james63@yahoo.com,494-692-0856,2024-11-25,Ashleyton,NY,United States
CUST-002698,Christopher,Greer,christopher.greer119@hotmail.com,004-501-5311,2025-12-19,Cherylchester,IL,United States
CUST-001576,David,Wolf,david.wolf337@yahoo.com,252-786-3090,2025-03-02,South Rebeccaberg,CA,United States
CUST-002831,Anthony,Foster,anthony.foster741@gmail.com,092-407-4135,2024-09-03,Perrybury,IL,United States
CUST-002058,Jonathan,Manning,jonathan.manning339@hotmail.com,141-408-7834,2023-12-13,Lake Megan,NC,United States
CUST-000939,Nicole,Davis,nicole.davis959@gmail.com,627-153-1234,2026-01-19,Michaelchester,FL,United States
CUST-001389,Kenneth,Smith,kenneth.smith655@hotmail.com,208-235-3097,2025-08-10,Pattersonville,OH,United States
CUST-001864,Steven,Green,steven.green854@hotmail.com,952-252-9644,2025-06-24,,az,United States
CUST-000815,Elizabeth,  Martin,elizabeth.martin173@gmail.com,571-558-6863,2024-11-12,Karaville,NY,United States
CUST-002464,Jeanette,Webb,jeanette.webb848@yahoo.com,526-684-8031,2026-02-28,Gonzalezfort,NY,United States
CUST-002845,Jacob,Harris,jacob.harris962@hotmail.com,,2024-12-15,East Lisafurt,NC,US
CUST-000790,Renee,Orr,renee.orr770@hotmail,748-595-3259,2025-02-17,,AZ,US
CUST-001674,Robert,Smith,robert.smith828@gmail.com,674-492-3435,2024-03-24,Johnstonmouth,NC,United States
CUST-001970,Edward,Hodges,edward.hodges404@hotmail.com,670-417-1038,2024-04-08,New Dariushaven,IL,United States
CUST-002404,Brandi,Peterson,brandi.peterson80@hotmail.com,305-687-8071,2024-03-23,Lake Michele,WA,United States
CUST-002263,Stephen,Hernandez,stephen.hernandez410@yahoo.com,418-793-9789,2026-05-19,Jayfort,GA,United States
CUST-001257,Brandy,Smith,brandy.smith871@yahoo.com,795-001-7325,2026-07-24,North Laurenborough,TX,United States
CUST-002167,Roger,Burgess,roger.burgess323@hotmail.com,867-358-1821,2023-10-16,Acostaview,CA,United States
CUST-001784,Tyler,Mckenzie,tyler.mckenzie785@hotmail.com,142-495-6291,2025-04-25,Sextonshire,mi,United States
CUST-000921,Aaron,Green,aaron.green709@gmail.com,655-158-4826,2024-10-02,Hartbury,CA,United States
CUST-001367,Kendra,Hall,kendra.hall198@gmail.com,708-649-4269,2026-04-10,Ericborough,PA,United States
CUST-002473,Heather,Dunn,heather.dunn932@gmail.com,829-127-8988,2024-09-16,Rhondaburgh,PA,USA
CUST-000190,Eric,Chandler,eric.chandler737@gmail.com,103-924-0514,2024-09-14,Ruizmouth,WA,USA
CUST-002856,Christopher,Schultz,christopher.schultz542@yahoo.com,051-917-0242,2023-11-17,South Kara,NC,United States
CUST-000166,Ian,Roberts,ian.roberts177@hotmail.com,797-497-3502,2024-06-09,,GA,United States
CUST-000877,Michaela,Manning,michaela.manning18@yahoo.com,868-999-3607,2024-03-11,Ambermouth,MI,USA
CUST-002933,Steven,Kane,steven.kane990@yahoo.com,585-757-9033,2024-12-28,Fullermouth,GA,United States
CUST-000945,Dakota,Smith,dakota.smith532@hotmail.com,499-323-1234,2025-11-25,Port Tanya,MI,United States
CUST-000764,Jennifer,Weaver,jennifer.weaver750@gmail.com,625-366-6777,2026-02-16,Fordmouth,WA,United States
CUST-000187,Christopher,Duncan,christopher.duncan794@gmail.com,864-168-6227,2024-12-26,,WA,United States
CUST-000378,Erin,  Fletcher,erin.fletcher862@gmail.com,194-337-5047,2024-09-19,North James,GA,United States
CUST-000859,Michael,Nguyen,michael.nguyen208@yahoo.com,089-177-6808,2024-12-24,East Sarahfurt,WA,United States
CUST-001966,Jose,Shaw,jose.shaw651@yahoo.com,713-399-6276,2023-11-04,Millerfort,PA,United States
CUST-002976,Rebecca,Parker,rebecca.parker907@yahoo.com,609-577-2487,2024-05-25,Robertsfurt,WA,United States
CUST-001915,Lisa,Lyons, lisa.lyons802@yahoo.com ,657-770-6129,2026-02-08,Ashleyberg,AZ,United States
CUST-002648,Joseph,Cummings,joseph.cummings941@hotmail.com,180-829-3850,2024-06-19,,NC,United States
CUST-001558,Steven,Riggs,steven.riggs5@hotmail.com,045-797-2518,2025-06-05,Helenton,IL,United States
CUST-002499,Mary,Rodriguez,mary.rodriguez915@hotmail.com,,2025-11-30,North Kimberly,NY,United States
CUST-001283,Daniel,Davis,daniel.davis676@gmail.com,057-347-2435,2023-10-10,Millerchester,OH,United States
CUST-001790,Jermaine,Morales,jermaine.morales727@gmail.com,485-819-7015,2026-02-10,Lake Danielchester,GA,United States
CUST-001654,Jasmine,Sullivan,jasmine.sullivan921@gmail.com,186-399-4541,2026-07-08,Lake Kendra,CA,United States
CUST-002593,Dana,Simpson,dana.simpson341@hotmail.com,668-490-5366,2026-06-15,Lucasborough,CA,US
CUST-001243,Christopher,Aguirre,christopher.aguirre38@yahoo.com,161-019-7535,2024-09-14,Robertview,NC,United States
CUST-002943,Amanda,Davenport,amanda.davenport357@hotmail.com,773-951-6603,2025-04-03,Lake Debra,IL,United States
CUST-002765,Jennifer,Mcdonald,jennifer.mcdonald132@gmail.com,806-313-9594,2026-05-29,,AZ,USA
CUST-001266,Travis,Harvey,travis.harvey538@hotmail.com,216-400-6983,2025-06-26,Franklinberg,OH,United States
CUST-000994,Kristina,Foley,kristina.foley124@hotmail.com,358-446-1777,2024-08-20,East Lindsey,FL,United States
CUST-000765,Mark,Ross,mark.ross801@hotmail.com,833-339-3957,2026-07-24,Brooksport,TX,United States
CUST-002099,Tiffany,Baker,tiffany.baker929@yahoo.com,797-383-3061,2025-07-05,Johnmouth,TX,US
CUST-001081,Sandra,Norton,sandra.norton658@yahoo.com,071-058-0119,2025-03-21,Theresaburgh,IL,United States
CUST-001478,Christina,Murphy,christina.murphy795@hotmail.com,446-144-0923,2025-10-27,Port Michele,PA,United States
CUST-000438, Aaron ,Little,aaron.little804@yahoo.com,050-573-9769,2026-01-11,West Ronniefort,ga,US
CUST-000165,Jennifer,Brewer,jennifer.brewer765@yahoo.com,341-638-9448,2025-10-22,Robertland,OH,United States
CUST-001198,Aaron,Jones,aaron.jones306@gmail.com,823-392-1883,2025-04-18,Rachaelmouth,OH,U.S.A.
CUST-002557,John,Ware   ,john.ware749@gmail.com,653-353-5975,2024-10-31,New Randyburgh,NC,US
CUST-001233,Kristy,Norton,kristy.norton182@gmail.com,672-868-1123,2026-02-01,East Allisonmouth,NY,USA
CUST-001207,Amanda,Baker,amanda.baker499@yahoo.com,092-860-5210,2026-05-13,South Donald,IL,United States
CUST-000102,Christopher   ,Jimenez,christopher.jimenez499@yahoo.com,170-166-0880,2024-08-26,Port Cassandraport,PA,United States
CUST-002690,Patrick,Jensen,patrick.jensen162@gmail.com,407-629-6965,2024-04-30,Port Kara,NY,USA
CUST-001566,John,Bailey,john.bailey125@yahoo.com,851-353-8148,2025-03-05,South Kyle,IL,US
CUST-002472,Herbert,Ortiz,herbert.ortiz245@yahoo.com,110-485-7867,2026-07-29,East Paulfort,OH,U.S.A.
CUST-002056,Stephanie,Brown,stephanie.brown315@gmail.com,053-531-3184,2024-06-15,Samanthatown,FL,USA
CUST-002234,Jennifer,Collins,jennifer.collins593@hotmail.com,261-845-5375,2023-12-30,,TX,United States
CUST-001003,Darren,  Reyes,darren.reyes190@gmail.com,220-190-7258,2026-03-18,Randolphborough,TX,US
CUST-000454,Henry,George,henry.george673@gmail.com,,2025-05-29,New Jonathanton,il,United States
CUST-002650,Javier,Johnson,javier.johnson317@gmail.com,666-706-3311,2025-09-16,Lake Ryanland,FL,United States
CUST-001539,Rhonda,Taylor,rhonda.taylor657@yahoo.com,629-917-2174,2024-04-30,New Dominic,WA,United States
CUST-001318,Brian,Phillips,brian.phillips698@hotmail.com,851-448-6983,2024-12-07,West Gregoryville,PA,United States
CUST-000432,Karen,Glass,karen.glass533@gmail.com,195-243-6402,2026-08-14,Smithland,NC,United States
CUST-002599,Susan,Garcia,susan.garcia671@hotmail.com,261-350-6210,"June 16, 2025",Antoniomouth,IL,United States
CUST-001392,Travis,Martinez,travis.martinez93@gmail.com,531-379-5610,2026-08-22,South Tracyborough,OH,United States
CUST-002550,Nicholas,Armstrong,nicholas.armstrong605@hotmail.com,591-981-7473,2025-09-19,Grahamborough,NC,US
CUST-002716,Virginia,Mcintyre,virginia.mcintyre25@yahoo.com,940-978-7387,2024-07-16,Port Maryborough,WA,United States
CUST-000768,Taylor,Parrish,  taylor.parrish149,759-980-1110,2024-07-10,Port Mollymouth,CA,United States
CUST-000695,Kimberly,Price, kimberly.price522@hotmail.com ,734-996-0105,2026-07-27,Amandamouth,MI,United States
CUST-001866,Angel,Hoffman,angel.hoffman544@yahoo.com,155-590-6278,2025-03-21,Hickmanton,AZ,US
CUST-000354,Ryan,Long,ryan.long251@gmail.com,290-846-6845,2025-01-06,,NC,USA
CUST-002873,Benjamin,Hoffman,benjamin.hoffman362@yahoo.com,248-748-5623,2024-08-21,Stephensside,GA,United States
CUST-002003,Tony,Frank,tony.frank301@hotmail.com,866-932-0709,2026-02-15,West William,PA,United States
CUST-002732,Tyler,Green,tyler.green42@gmail.com,438-666-8470,2023-12-01,Pearsonfurt,TX,USA
CUST-002398,Mary,Mckinney,mary.mckinney502@gmail.com,273-032-4827,2026-01-07,Michellefurt,FL,United States
CUST-002591,David,West,david.west446@hotmail.com,,2023-12-06,Kathrynside,OH,United States
CUST-001219,Kelsey,Herrera,kelsey.herrera60@hotmail.com,395-855-8522,2026-08-19,Georgestad,OH,United States
CUST-002834,Joseph,Cox,joseph.cox947@gmail.com,394-558-4642,2026-02-19,North Waynetown,FL,US
CUST-001006,Barbara,Nguyen,barbara.nguyen133@gmail.com,294-620-9355,2025-07-19,Francoland,CA,United States
CUST-001546,James,Mendez,james.mendez390@gmail.com,177-666-5052,2025-07-07,Wongchester,MI,US
CUST-000112,Heather,Williams,heather.williams508@yahoo.com,665-800-4397,2026-06-20,Lake Janet,OH,U.S.A.
CUST-002871,Kimberly,Williams,kimberly.williams238@gmail.com,486-115-6230,2025-09-10,Jimeneztown,GA,United States
CUST-000628,David,Smith,david.smith407@hotmail.com,123-710-6728,2025-10-29,Taylorside,TX,US
CUST-002376,Kent,Williamson,kent.williamson919@gmail.com,348-195-4351,2025-12-17,North Donaldborough,NY,United States
CUST-001638,Amy,Christian,amy.christian568@yahoo.com,402-234-6144,2026-04-06,Blackwellburgh,GA,USA
CUST-000324,Laura,Johnson,laura.johnson443@yahoo.com   ,397-359-7107,2025-10-26,Port Marcus,CA,United States
CUST-002493,Monique,Griffin,monique.griffin245@yahoo.com,193-784-9531,2025-11-19,South Leah,FL,United States
CUST-002005,Emily, Adams ,emily.adams408@yahoo.com,657-267-6541,2024-04-16,New Dakota,TX,United States
CUST-001706,Dana,Moore,dana.moore788@yahoo.com,216-826-8221,2025-03-21,Kellyfurt,OH,United States
CUST-001425,  Gregory, Ramirez ,gregory.ramirez76@gmail.com,347-199-8290,2026-07-01,Riveramouth,NC,United States
CUST-000989,Jennifer,Ford,jennifer.ford727@gmail.com,827-681-7225,2026-06-29,Marshallview,IL,US
CUST-001205,Adam,Casey,adam.casey871@yahoo.com,474-859-9464,2023-12-21,New Jameshaven,FL,US
CUST-002135,James,Ramirez,james.ramirez555@gmail.com,690-896-4966,2024-04-14,Contrerashaven,NC,USA
CUST-001127,Sarah,Mitchell,sarah.mitchell17@hotmail.com,489-332-6145,2026-03-25,Jasonton,WA,United States
CUST-000883,Heather,Fowler,heather.fowler188@gmail.com,210-314-2175,2024-06-19,New Katieside,TX,United States
CUST-002301,Jason,Martin,jason.martin454@hotmail.com,691-422-0072,2024-11-28,South Raymond,OH,US
CUST-001186,Brad,Bennett,brad.bennett265@yahoo.com,498-085-1331,2023-12-31,Lake Amanda,il,United States
CUST-000458,Ricardo,Miller,ricardo.miller613@yahoo.com,628-314-3598,2024-05-15,South Lorraine,AZ,U.S.A.
CUST-002234,Jennifer,Collins,jennifer.collins593@hotmail.com,261-845-5375,2023-12-30,,TX,United States
CUST-002283,Luis,Anderson,luis.anderson99@yahoo.com,529-615-1436,2026-01-28,Mayerstad,TX,United States
CUST-002174,Steve,Reynolds,steve.reynolds991@gmail.com,394-750-5577,2024-10-16,,NC,US
CUST-002706,Ruben,Miller,ruben.miller897@yahoo.com,365-972-3976,2025-07-30,Mclaughlinton,FL,USA
CUST-000300,Cole,Jones,cole.jones713@hotmail.com,773-477-8485,2025-04-16,Port Anthonychester,AZ,United States
CUST-001804,Cassie,Smith,cassie.smith500@gmail.com,064-761-4427,2026-06-05,Wrightmouth,TX,United States
CUST-001860,David,Rhodes,david.rhodes809@yahoo.com,365-561-9221,2025-12-01,East Andrew,AZ,United States
CUST-001097,Kathleen,Sanchez,kathleen.sanchez383@yahoo.com,952-056-1006,2026-05-11,Hudsonshire,GA,United States
CUST-000413,Melissa,Sanders,melissa.sanders975@gmail.com,412-577-7118,2023-11-23,Lake Stephanie,MI,United States
CUST-001265,Yvette,Velez,yvette.velez946@hotmail.com,844-740-8378,2026-05-25,New Danielton,NC,United States
CUST-002545,Aaron,Conway,aaron.conway748@hotmail.com,679-744-7619,2024-01-06,South Amanda,AZ,United States
CUST-002312,Donna,Douglas,donna.douglas752@yahoo.com,679-007-8244,2023-12-08,Jordanfurt,OH,US
CUST-001026,Christopher,Wallace,christopher.wallace92@gmail.com,889-480-1864,2024-01-25,Amandaburgh,AZ,United States
CUST-001614,Anthony,Chaney,anthony.chaney980@gmail.com,652-742-8662,2024-08-05,Danielton,GA,United States
CUST-001986,Crystal,Edwards,crystal.edwards628@yahoo.com,956-600-3011,2024-09-09,Schneiderberg,AZ,United States
CUST-001072,Kristen,Rice,kristen.rice122@hotmail.com,688-891-7879,2025-11-13,West Anthonyshire,NC,USA
CUST-000895,Christina,Price,christina.price645@hotmail.com,452-696-9443,2024-08-24,Lake Robertfort,MI,United States
CUST-000150,David,Miller,david.miller579@hotmail.com,790-807-5957,2023-09-23,Travishaven,nc,United States
CUST-001940,Shannon,Bradshaw,shannon.bradshaw144@gmail.com,303-727-1862,2025-08-03,Kennethstad,CA,United States
CUST-000266,Arthur,Schmidt,arthur.schmidt770@yahoo.com,177-318-0632,2024-02-05,Kennethland,GA,USA
CUST-000318, Thomas ,Gutierrez,thomas.gutierrez952@yahoo.com,612-481-5698,2023-12-09,Shawntown,CA,United States
CUST-000236,Gabriella,Ryan,gabriella.ryan690@hotmail.com,490-580-7787,2023-10-24,Robertport,WA,United States
CUST-002944,Diane,Singh,diane.singh388@gmail.com,140-950-7151,2025-01-04,Chandlerbury,FL,United States
CUST-002197,Samuel,Cochran,samuel.cochran264@hotmail.com,,2025-12-26,East Angela,PA,United States
CUST-002002,Whitney,Stevens,whitney.stevens944@yahoo.com,468-210-0370,2025-11-14,South Brandonbury,MI,United States
CUST-001882,Heather,Anderson,heather.anderson404@hotmail.com,058-837-7435,2025-12-22,Jodyport,TX,United States
CUST-002986,Joseph,Hanson,joseph.hanson297@gmail.com,985-927-1436,2023-12-30,Thomasborough,WA,United States
CUST-002091,Lori,Schultz,lori.schultz184@yahoo.com,155-347-4502,2026-08-16,,GA,United States
CUST-000006,Ashley,Atkinson,ashley.atkinson500@hotmail.com,856-218-5016,2024-08-17,,WA,US
CUST-000635,Aaron,Miller,aaron.miller326@gmail.com,287-675-4813,2024-10-12,Bennettfurt,IL,United States
CUST-001103,Laura,Jensen,laura.jensen261@gmail.com,457-598-8759,2023-09-27,North George,FL,United States
CUST-002817,Laura,Rodriguez,laura.rodriguez972@gmail.com,363-056-9562,2026-07-15,Courtneyshire,IL,United States
CUST-001893,Tina,Atkinson,tina.atkinson356@hotmail,445-744-4107,2024-06-12,Perkinsburgh,PA,US
CUST-002755,Courtney,Shelton,courtney.shelton870@yahoo.com,117-134-0250,2023-12-14,South Josephberg,NC,United States
CUST-001651,Karen,Williams,karen.williams136@hotmail.com,903-729-5458,2026-03-15,Wesleymouth,AZ,United States
CUST-001581,Stephen,Cox,stephen.cox775@yahoo.com,736-015-7911,2026-02-13,Benjaminville,AZ,U.S.A.
CUST-001671,Matthew,Taylor,matthew.taylor188@hotmail.com,734-496-6866,2025-10-17,Chapmanshire,WA,USA
CUST-002949,Steven,Thomas,steven.thomas298@hotmail.com,743-096-4742,2024-04-19,East Peter,TX,USA
CUST-001815,Brian,Lawson,brian.lawson913@hotmail.com,685-697-7143,2025-04-07,Lake Tamara,OH,United States
CUST-001441,Joshua,Smith,joshua.smith125@yahoo.com,875-868-2405,2024-08-06,South Patrickview,TX,United States
CUST-000043,Kara,Marks,kara.marks334@hotmail.com,105-648-1491,2025-04-18,Gibsonstad,CA,United States
CUST-000754,Erin,Mckinney,erin.mckinney46@hotmail.com,434-606-6643,05/23/2024,Kingtown,GA,United States
CUST-001050,Lisa,King,lisa.king553@hotmail.com,600-801-7986,2025-06-01,Dawsonside,TX,United States
CUST-000111,Mary,Vaughn,mary.vaughn972@yahoo,380-571-9838,2024-08-01,Youngport,FL,United States
CUST-001678,Michele,Oneill,michele.oneill200@hotmail.com,,2024-08-28,South Andrea,IL,United States
CUST-001125,Andrew,Wolfe,andrew.wolfe330@gmail.com,,2025-04-23,West Kristin,WA,United States
CUST-001832,Nicole,Smith,nicole.smith477@gmail.com,666-081-2392,2024-11-20,Roseport,MI,United States
CUST-002322,Dana,Jennings,dana.jennings17@hotmail.com,140-982-1270,2025-01-03,East David,IL,United States
CUST-000526,Roy,Ayers,roy.ayers912@yahoo.com,265-826-3128,2023-12-23,Lake Barbarafurt,GA,United States
CUST-000160,Jason,Sanders,jason.sanders235@gmail.com,178-006-8114,2025-07-12,North Diana,FL,US
CUST-000401,James,Gonzalez,james.gonzalez301@yahoo,444-392-8404,2024-11-02,Lynnfurt,GA,United States
CUST-000451,Kimberly,Esparza,kimberly.esparza57@hotmail.com,176-475-0111,2024-02-12,South Darlenehaven,IL,United States
CUST-002278,Vincent,Mclaughlin,vincent.mclaughlin345@yahoo.com,296-455-2175,2024-05-28,West Ashleyside,FL,USA
CUST-000641,Leon,Hodge,leon.hodge577@yahoo.com,390-552-9580,"May 06, 2026",Butlerton,WA,United States
CUST-000237,Keith,Johnson,keith.johnson130@hotmail.com,494-079-2904,2025-01-31,West Toddberg,TX,United States
CUST-001889,Jenna,Larson,jenna.larson499@yahoo.com,008-347-6128,2026-03-21,North Gloria,GA,United States
CUST-001869,Jennifer,Cordova,jennifer.cordova220@hotmail.com,395-795-5192,2024-12-28,Jenniferview,FL,USA
CUST-001138,Randy,Gomez,randy.gomez524@hotmail.com,388-217-6484,2024-12-12,Mendozamouth,MI,United States
CUST-001236,Nathaniel,Burton,nathaniel.burton726@hotmail.com,,2024-05-27,Lake Julieville,IL,US
CUST-001788,Seth,Hill,seth.hill282@gmail,360-785-4833,2023-11-08,New Tammyhaven,FL,United States
CUST-000131,Mary,Baker,mary.baker358@hotmail.com,926-659-1846,2025-11-05,New Richard,TX,USA
CUST-000137,Thomas,Mendez,thomas.mendez830@gmail.com,881-172-9806,2026-05-07,Woodton,CA,United States
CUST-001515,Michelle,Lopez,michelle.lopez5@gmail.com,381-074-9161,2026-04-03,Garyberg,OH,United States
CUST-002189,Adam,Martinez,adam.martinez425@gmail.com,017-402-0984,2025-07-28,Ryanhaven,ga,United States
CUST-002039,  Robert,Kim,robert.kim437@hotmail.com,671-708-0492,2026-06-22,Lake Frank,OH,United States
CUST-001911,Steven,Goodman,steven.goodman632@gmail.com,705-498-5788,2025-09-03,Mccormickside,NC,United States
CUST-000684,William, Nelson ,william.nelson930@hotmail.com,810-798-3342,2026-03-31,East Hannah,NY,United States
CUST-002066,Karen,Taylor,karen.taylor637@gmail.com,107-414-4301,08-Jan-2025,Port Paulview,GA,United States
CUST-002566,Lonnie,Kelley,lonnie.kelley180@hotmail.com,702-785-3798,2025-12-08,North Keith,FL,United States
CUST-001249,Terry,Pearson,terry.pearson990@yahoo.com,833-364-7704,05/23/2026,East Jennifertown,PA,United States
CUST-002274,Jeanne,  Parks,jeanne.parks704@gmail.com,122-339-9821,2024-05-24,Annatown,AZ,United States
CUST-000525,Mary,Stone,mary.stone938@hotmail.com,955-296-3863,2025-07-06,Pooleshire,MI,United States
CUST-002645,Sean,Watson,sean.watson855@hotmail.com,317-844-9883,2025-05-20,East Seanview,FL,United States
CUST-001601,Victoria,Sims,victoria.sims536_at_hotmail.com,029-301-1250,2025-03-04,Lake Williamton,NC,US
CUST-000518,Madison,Navarro,madison.navarro330@hotmail.com,502-727-5164,2023-09-08,South Sherryberg,IL,United States
CUST-000760,Chad,Sanchez,chad.sanchez801@hotmail.com,482-285-0116,2024-02-20,New Jennifermouth,TX,United States
CUST-000826,Thomas,Hunter,  thomas.hunter636@gmail.com,210-219-2378,2025-01-22,Angelafort,FL,United States
CUST-000784,Mitchell,Evans,mitchell.evans759@yahoo.com,583-392-0567,2025-07-02,Nguyenfurt,CA,United States
CUST-001825,Timothy,Vargas,timothy.vargas272@gmail.com,615-487-2012,2025-02-06,Elizabethberg,NY,US
CUST-000309,Shawn,Hines,shawn.hines969@gmail.com,082-973-7489,2026-06-30,Michaelton,GA,United States
CUST-000226,David,Garcia,david.garcia5@hotmail.com,158-148-7696,2026-01-13,New John,CA,US
CUST-001285,Stephanie,Chase,stephanie.chase458@yahoo.com,,2025-05-12,Mcdonaldland,OH,U.S.A.
CUST-000182,Aaron,Johnson,  aaron.johnson785@yahoo.com,908-240-4335,2025-01-21,Port Lynnview,TX,United States
CUST-001451,Kristin,Meyer,kristin.meyer125@yahoo.com,841-962-3326,2024-09-29,Lake Dawnside,WA,US
CUST-002390,John,Villa,john.villa753,646-059-5516,2024-07-04,Port Rebeccabury,FL,United States
CUST-002752,Ashley,Vincent,ashley.vincent611@gmail.com,091-665-9545,2025-06-25,Selenabury,TX,United States
CUST-001798,Bianca,Barnes,bianca.barnes262@gmail.com,009-409-1657,2023-12-11,South Robert,CA,U.S.A.
CUST-000907,Benjamin,Smith,benjamin.smith831@hotmail.com,614-973-1539,2026-08-24,North Lindaside,GA,United States
CUST-001782,Andrea,Walsh,andrea.walsh76@yahoo.com,860-203-9221,2026-03-16,North Sally,MI,United States
CUST-001315,Caitlyn,Cole,caitlyn.cole60@yahoo.com,053-567-0789,2025-03-25,Portermouth,FL,United States
CUST-000968,Heather,Alexander,heather.alexander222@yahoo.com,238-676-7382,2023-12-31,New Shannonfurt,GA,United States
CUST-001345,Bernard,Ortiz,bernard.ortiz171@gmail.com,450-956-3217,05/10/2025,Deborahtown,FL,United States
CUST-000975,Matthew,Franklin,matthew.franklin532@hotmail.com,513-818-6550,2025-09-04,Stonefurt,CA,US
CUST-001101,Amanda,White,amanda.white379@gmail.com,292-334-5110,2024-12-31,New Billchester,TX,US
CUST-000145,Alexis,Padilla,alexis.padilla924@gmail.com,848-955-4393,2026-03-19,Spearsshire,PA,United States
CUST-002783,Jimmy,Cooley,jimmy.cooley923@gmail.com,026-557-6475,2025-05-08,Richardfurt,AZ,United States
CUST-000047,Kristen,Stevenson,kristen.stevenson495@gmail.com,759-738-3206,2026-03-31,East Ambertown,IL,United States
CUST-002541, Hannah ,Morris,hannah.morris841@yahoo.com,063-022-8293,2024-04-20,West Stephanie,NY,United States
CUST-002992,Jose,Aguilar,jose.aguilar252@gmail.com,325-802-4557,2026-05-12,,nc,United States
CUST-001077,Sherry,Cook,sherry.cook668,170-454-2185,2025-06-08,Nathanton,NC,USA
CUST-000113,Deborah,Fischer,deborah.fischer520@hotmail.com,933-472-1228,2025-10-20,South Billyview,FL,US
CUST-001022,Patrick,Hawkins,patrick.hawkins501@yahoo.com,166-123-7407,2025-01-18,Duncanbury,OH,US
CUST-002854,Jillian,Perez,jillian.perez807@hotmail.com,732-437-0391,2026-01-16,West Robertmouth,MI,USA
CUST-002709,Lauren,Hamilton,lauren.hamilton334@yahoo.com,219-228-3491,2025-03-21,Jamieshire,CA,U.S.A.
CUST-000246,Jonathan,Norman,jonathan.norman589@yahoo.com,066-504-4271,2024-03-29,Krauseborough,GA,United States
CUST-001955,Brooke,Clark,brooke.clark527@gmail.com,203-398-0138,2025-04-27,Davisfurt,PA,USA
CUST-002950,Joel,Turner,joel.turner447@yahoo.com,092-951-6289,2023-10-01,New Larryview,PA,United States
CUST-002962,Luis,Chavez,luis.chavez139@gmail.com,802-386-5626,2026-02-07,North Angelastad,GA,United States
CUST-002657,Kelly,Lopez,kelly.lopez971@yahoo.com,405-155-6740,2025-07-30,North Dave,WA,United States
CUST-002896,Peter,Savage,peter.savage758@hotmail.com,786-391-4183,2023-11-25,Breannaport,NC,United States
CUST-001968,Ann,Martin,ann.martin606@hotmail.com,908-881-9664,2025-09-08,Ericville,IL,United States
CUST-000869, Mark ,Williams,mark.williams734@hotmail.com,109-032-6714,31-Jan-2025,Christinahaven,MI,United States
CUST-001881,David,Smith,david.smith151@gmail.com,969-961-3152,2025-11-02,Nathanbury,AZ,United States
CUST-000792,Carl, Price ,carl.price128@gmail.com,425-073-3055,2025-06-19,Hoffmanview,WA,United States
CUST-002279,April,Moreno,april.moreno860@hotmail.com,887-275-4422,2026-06-25,South Chaseside,NC,USA
CUST-000507,Nicole,Aguirre,nicole.aguirre73@hotmail.com,228-898-5725,2025-01-05,Michaelchester,IL,U.S.A.
CUST-001041,Randy,Montgomery,randy.montgomery403@yahoo.com,486-941-5594,2024-11-11,Lindaton,WA,United States
CUST-001688,David,  Jenkins,david.jenkins364@gmail.com,004-709-1103,2025-08-20,Brendastad,PA,United States
CUST-001769,Mathew,Fischer,mathew.fischer607@yahoo.com,451-048-4809,2025-11-02,Jaclynmouth,NY,United States
CUST-001948,Elizabeth,Perez,elizabeth.perez839@gmail.com,455-735-6232,2023-10-17,Porterton,AZ,United States
CUST-002753,Benjamin,Davis,benjamin.davis341@hotmail.com,462-742-0522,2025-02-22,Elizabethside,MI,United States
CUST-000584,Penny,Haas,penny.haas268@yahoo,535-603-3190,2024-08-19,South Julie,NC,United States
CUST-000798,Frank,Reeves,frank.reeves60@gmail.com,,2025-08-20,New Robertfurt,MI,United States
CUST-000972,Kimberly,Cooper,kimberly.cooper163@yahoo.com,442-867-9632,2025-08-05,Margaretport,WA,United States
CUST-002672,Karen,West,karen.west614@hotmail.com,105-639-6704,2025-08-28,Kristenfort,MI,United States
CUST-002679,Michael,Mendoza,michael.mendoza627@yahoo.com,842-471-6491,2025-01-01,South Jameschester,OH,United States
CUST-001467,Christine,Medina   ,christine.medina912@gmail.com,344-568-4467,2025-06-20,Angelbury,PA,US
CUST-001726,Stephanie,Brock,stephanie.brock38@hotmail.com,040-334-8015,2025-12-08,South Julie,GA,United States
CUST-001730,Angela,Valencia,angela.valencia31@hotmail.com,775-582-1262,2025-03-04,Greenstad,CA,USA
CUST-000456,Heather,Mills,heather.mills313@yahoo.com,988-310-3032,2024-05-03,Melissaborough,NC,US
CUST-000920,Renee,Jones,renee.jones366@gmail.com,489-056-7086,2023-11-24,Johnsonton,NC,USA
CUST-000621,Bobby,Campbell,bobby.campbell651@gmail.com,330-416-6241,2026-07-09,North Williamchester,mi,United States
CUST-000732,Susan,Morris,susan.morris423@gmail.com,394-884-8826,2024-08-19,East Clarencefurt,NY,United States
CUST-000721,Jason,Quinn,jason.quinn41@hotmail.com,106-227-2362,"February 11, 2025",Myersborough,NY,United States
CUST-000448,Karen,Carpenter,karen.carpenter472@gmail.com,472-927-7423,2026-07-31,Port Kaitlin,NC,US
CUST-001179,Kaitlyn,Wright,kaitlyn.wright885@hotmail.com,722-054-2216,2025-12-01,South Erin,IL,United States
CUST-001368,Jennifer,Garza,jennifer.garza552@hotmail.com,313-549-0145,2024-08-14,Colefurt,FL,United States
CUST-000379,Lori,Foster,lori.foster743@yahoo.com,987-283-9992,2025-04-02,New Davidland,FL,US
CUST-001538,Christine,Morgan,christine.morgan97@hotmail.com,452-315-8286,2025-04-09,North Joshua,MI,US
CUST-000397,Nicholas,Stone,nicholas.stone635@gmail.com,558-777-4969,2024-03-03,East Jeffreyborough,FL,United States
CUST-002363,Katrina,Chen,katrina.chen772@hotmail.com,660-963-5476,2024-09-13,South Markland,CA,United States
CUST-002441,Breanna,Kim, breanna.kim598@gmail.com ,132-508-6286,2025-10-05,Paulborough,TX,United States
CUST-000305,Andrew,Nguyen,andrew.nguyen507@yahoo.com,698-640-7905,2024-11-22,Hudsonmouth,GA,United States
CUST-002587,James,Lee,james.lee707@gmail.com,555-618-3262,2024-11-25,East Amandaville,MI,United States
CUST-002502,Carol,Boone,carol.boone261@yahoo.com,092-033-1465,2024-06-01,Schmittstad,NC,United States
CUST-002724,Alexander, Ward ,alexander.ward243@gmail.com,918-418-0514,2024-03-04,East Andrewtown,NC,United States
CUST-001152,  Tyler,Evans,tyler.evans211@yahoo.com,974-163-6560,2025-08-13,Michaelaton,IL,United States
CUST-000463,Jasmine,Wright   ,jasmine.wright520@hotmail.com,672-757-8446,2025-02-03,West Cynthia,TX,United States
CUST-002054,Eric,Jimenez,eric.jimenez961@yahoo.com,402-157-2312,2025-09-18,Earlburgh,GA,USA
CUST-002467,Mary,Hobbs,mary.hobbs661@yahoo.com,011-499-7475,2025-11-28,Jessicaborough,NC,United States
CUST-002331,Ryan,Hall,ryan.hall289@gmail.com,220-994-1753,2025-01-13,West Soniatown,GA,US
CUST-001126,Nathan,James,nathan.james692@yahoo.com,721-307-4235,2024-06-28,West Hunterville,PA,USA
CUST-001239,Richard,Bullock,richard.bullock782@hotmail.com,873-662-7135,2026-04-09,Carrollborough,TX,United States
CUST-001842,  Christina,Montes,christina.montes989@yahoo.com,093-391-3694,2025-03-02,East Lisafurt,IL,United States
CUST-001370,Julia,Ramirez,julia.ramirez257@gmail.com,021-781-6780,2023-12-13,Waltersview,GA,United States
CUST-001321,Benjamin,Peterson,benjamin.peterson712@gmail.com,049-332-6724,2024-06-04,Nicholasbury,GA,USA
CUST-000811,Angelica,Warner,angelica.warner209,045-195-7782,2024-10-26,Donnastad,NY,United States
CUST-002890,Glenda,Miller   ,glenda.miller363@gmail.com,455-799-9007,2024-01-06,West Richard,GA,United States
CUST-002474,Jonathan,Moses,jonathan.moses49@hotmail.com,196-084-1585,2023-10-25,Jamesbury,OH,USA
CUST-002397,Jamie,Doyle,jamie.doyle754@yahoo.com,756-942-9841,2025-08-05,Port Kennethtown,FL,U.S.A.
CUST-000146,Adam,Thompson,adam.thompson94@hotmail.com,181-845-1848,2025-09-02,Heatherfurt,MI,United States
CUST-001091,Wendy,Ford,wendy.ford8@hotmail.com,619-025-4760,2024-11-26,East Cynthia,NC,U.S.A.
CUST-000018,Timothy,Phillips,timothy.phillips77@gmail.com,125-457-3875,2024-09-01,Davismouth,IL,United States
CUST-000527, Megan ,Burton,megan.burton870@yahoo.com,825-311-0609,2026-07-03,North Christine,FL,United States
CUST-001238,Audrey,Vaughn,audrey.vaughn265@yahoo.com,818-104-5024,2024-01-06,Lake Steven,WA,United States
CUST-000027,Jeffery,Coleman,jeffery.coleman796@hotmail.com,340-745-1713,2025-06-18,Port Joan,NC,United States
CUST-000392,Michael,Jones,michael.jones556@gmail.com,812-473-9500,2024-12-14,East Justin,IL,United States
CUST-001509,Caroline,Johnson,caroline.johnson768@yahoo.com,811-604-9910,2025-04-19,Port Larryburgh,AZ,United States
CUST-002253,Maria,Perez,maria.perez8@gmail.com,973-414-8502,2024-05-18,Santiagostad,TX,United States
CUST-001641,Sara,Robinson,sara.robinson635@hotmail.com,830-048-3793,2024-11-03,Danielland,OH,United States
CUST-001086,Eric,Hampton,eric.hampton52@hotmail.com,963-217-4357,2023-11-25,Alexandriabury,il,United States
CUST-000038,Melanie,  Barrett,melanie.barrett821@yahoo.com,389-836-4037,2024-05-04,Rodriguezfort,CA,United States
CUST-000193,William,Mckinney,william.mckinney140@yahoo.com,798-123-8780,2024-01-17,East Sandraport,WA,U.S.A.
CUST-001337,Daniel,Young,daniel.young285@gmail.com,877-972-4792,2024-04-11,Heatherview,WA,United States
CUST-002141,Jennifer,Grimes,jennifer.grimes966@gmail.com,035-191-9850,2023-12-19,Robertville,CA,United States
CUST-001388,Tyler,Hernandez   ,tyler.hernandez219@hotmail.com,872-099-8656,2025-05-01,Ernestberg,NC,United States
CUST-002675,Sarah,Dunn,sarah.dunn128@yahoo.com,557-663-3542,2025-05-27,Lake Rebeccamouth,OH,United States
CUST-000404,Alec,Cochran,alec.cochran669@yahoo.com,536-668-4590,2024-07-29,East Ericmouth,GA,United States
CUST-000294,Jacob,Nunez,jacob.nunez391_at_gmail.com,256-638-3615,2025-09-29,South Danielberg,NY,United States
CUST-002876,Judith,Wall,judith.wall231@yahoo.com,184-535-7777,2025-08-25,Annaview,ca,United States
CUST-000351,Kelly,Alexander,kelly.alexander853@hotmail.com,712-552-1376,2024-10-15,East Maryfort,NY,United States
CUST-001272,Sherri,Delacruz,sherri.delacruz519@hotmail.com,674-630-0099,2025-04-25,,WA,United States
CUST-001618,Alicia,Dixon,alicia.dixon514@hotmail.com,762-099-0693,2025-02-16,New Marisabury,TX,United States
CUST-001878,Anthony,Obrien,anthony.obrien630@yahoo.com,631-669-6874,2024-01-03,East Jamietown,IL,United States
CUST-002934,Cynthia,Christensen,cynthia.christensen370@yahoo.com,791-099-9937,2024-10-16,Amberfurt,NC,USA
CUST-002931,Brandon,Long,brandon.long470@yahoo.com,737-788-9214,2026-06-09,,OH,United States
CUST-002440,Thomas,Nguyen,thomas.nguyen321@yahoo.com,,2025-12-10,Claytonhaven,WA,United States
CUST-001009,Timothy,Brown,timothy.brown269@gmail.com,592-738-7402,2026-08-10,South Jenniferland,FL,United States
CUST-002537,Jennifer,Johnson,jennifer.johnson229@gmail.com,299-699-1548,2025-12-27,Port Shelley,IL,United States
CUST-000140,Denise,King,denise.king735@hotmail.com,695-946-3688,2025-06-22,Whiteside,MI,US
CUST-001666,Emily,Hunt,  emily.hunt68@gmail.com,463-348-8933,2024-10-06,Jasonstad,AZ,United States
CUST-001223,Benjamin,Hall,benjamin.hall338@hotmail.com,803-318-3611,2025-01-21,East Margaret,IL,United States
CUST-001033,  Alexander,Hoffman,alexander.hoffman547@gmail.com,622-593-6488,2024-10-28,North Wayne,IL,US
CUST-000476,Omar,Warren,omar.warren534@hotmail.com,335-670-8604,2025-08-21,West Michaelstad,PA,United States
CUST-000284,Eric,Evans,eric.evans793@hotmail,714-627-3014,2026-01-07,Gambleland,NC,United States
CUST-000031,Heather,Wiley,heather.wiley439@yahoo.com,759-017-5186,11-Nov-2024,South Mallory,GA,United States
CUST-002605,Margaret,Thompson,margaret.thompson155@hotmail.com,725-401-4938,2024-11-28,Tracystad,CA,United States
CUST-001107,Wesley,Lewis,wesley.lewis314@yahoo.com,588-195-9772,2024-08-20,South Angelaton,MI,United States
CUST-002650,Javier,Johnson,javier.johnson317@gmail.com,666-706-3311,2025-09-16,Lake Ryanland,FL,United States
CUST-001657,Timothy,Frank,timothy.frank530@gmail.com,516-681-1339,2024-08-13,Leechester,PA,United States
CUST-000697,Amy, Guerrero ,amy.guerrero910@hotmail.com,840-215-5732,2024-05-19,Taylormouth,TX,United States
CUST-001229,Timothy,Ray,timothy.ray26@hotmail.com,352-118-9684,2024-04-19,Georgeport,OH,United States
CUST-000519,Cynthia,Fowler,cynthia.fowler402@hotmail.com,103-368-2963,2025-11-21,,WA,United States
CUST-002651,Yolanda,Hays,yolanda.hays739@hotmail.com,553-093-7313,2025-01-20,Ginabury,PA,United States
CUST-000564,Anthony,Hansen,anthony.hansen244@yahoo.com,129-439-8529,2025-08-28,,PA,United States
CUST-002287,Brittany,Long,  brittany.long825@hotmail.com,842-685-1797,2023-11-15,South Timothy,TX,United States
CUST-002626,Tyler,Coleman,tyler.coleman93@yahoo.com,331-649-5060,2024-05-15,Debbieport,IL,United States
CUST-001807,Michelle,Moody,michelle.moody517@hotmail.com,528-783-5733,2024-09-24,East Johnfort,OH,US
CUST-001857,Pedro,Brown,pedro.brown956@gmail.com,110-156-1619,2026-07-12,Leeview,AZ,USA
CUST-002114,Joel,Gallegos,  joel.gallegos712@yahoo.com,182-723-8264,2024-05-21,New Michael,OH,United States
CUST-000072,Shane,Rush,shane.rush441@gmail.com,332-061-6329,2024-11-10,Luisland,AZ,United States
CUST-001672,Jonathan, Smith ,jonathan.smith374@hotmail.com,170-690-1497,2025-07-05,North Anthonyborough,TX,United States
CUST-000681,Eddie,Smith,eddie.smith626@yahoo.com,886-792-5298,2025-06-17,Alexandrafurt,GA,United States
CUST-001384,Carrie,Bean,carrie.bean505@hotmail.com   ,335-876-8877,2024-02-03,Carrstad,IL,United States
CUST-000243,Steven,Leonard,steven.leonard919@gmail.com,938-525-8001,2025-09-29,South Connorville,CA,United States
CUST-001523,Gary,Mason,gary.mason389@gmail.com,152-232-8222,2024-08-05,West Alexander,GA,U.S.A.
CUST-002380,Donna,Chavez,donna.chavez405@hotmail.com,730-294-0695,2024-04-01,Hullstad,CA,US
CUST-000340,Jason,Miller,jason.miller344@hotmail.com,416-800-6102,2026-02-21,Stevensfurt,TX,United States
CUST-000366,Debbie,Cline,debbie.cline789@hotmail.com,094-818-1398,2025-08-17,New Aimeefort,FL,United States
CUST-002888,Zachary,Johnson,zachary.johnson322@gmail.com,403-634-8745,2025-01-31,East Lauriefurt,NY,United States
CUST-000789,Matthew,Brooks,matthew.brooks197@hotmail.com,259-710-7563,2026-06-07,West Haley,NC,USA
CUST-002807,Gabriel,Smith,gabriel.smith783@gmail.com,350-064-5580,2026-04-18,Kimberlyburgh,FL,United States
CUST-000174,Michael,Oconnor,michael.oconnor930@yahoo.com,982-182-7448,2024-07-10,Shawnhaven,AZ,United States
CUST-002383,Joshua,Huff,joshua.huff162@yahoo.com,446-452-3900,2025-05-24,Charlesstad,IL,United States
CUST-001235,Crystal,Jackson,crystal.jackson959@gmail.com,779-055-2866,2024-06-11,East Madeline,OH,United States
CUST-001821,Kathleen,Silva,kathleen.silva644@hotmail.com,514-549-8367,2026-03-22,West Paulview,FL,United States
CUST-002520,Julie,Miller,julie.miller561@gmail.com,959-459-2118,2024-08-20,Kaitlinburgh,MI,USA
CUST-000722,John,Bell,john.bell355@gmail.com,426-192-3724,2025-04-16,Alexville,TX,United States
CUST-002384,Geoffrey,Salas,geoffrey.salas537@hotmail.com,867-855-4701,2025-03-27,Gillstad,OH,United States
CUST-000452,Jeffrey,Matthews,jeffrey.matthews128@hotmail.com,741-926-7649,2025-03-08,North Mark,CA,United States
CUST-001978,Douglas,Rosales,douglas.rosales112@yahoo.com,825-854-5513,2024-08-06,New Stephanietown,CA,United States
CUST-000820,Virginia,James,virginia.james72@yahoo.com,174-811-3176,2026-04-11,Johnfort,NY,USA
CUST-000296,Jeremiah,Russell,jeremiah.russell607_at_yahoo.com,317-520-7167,"August 03, 2024",North Douglasfurt,AZ,United States
CUST-000992,Scott,Love,scott.love200@gmail.com,992-052-2299,2024-03-02,Lake Robert,MI,United States
CUST-002635,Edgar,Mckenzie,edgar.mckenzie128@gmail.com,331-256-7725,2026-07-19,Port Hannahborough,AZ,United States
CUST-001806,Lisa,Adams,lisa.adams357@hotmail.com,393-439-6904,2023-11-05,Melissashire,OH,United States
CUST-001323,Jordan,Moore,jordan.moore265@yahoo.com,,2024-03-29,Haynesfort,FL,US
CUST-000153,Joseph,Mullen,joseph.mullen966@yahoo.com,,2026-07-31,Whiteberg,MI,United States
CUST-002325,John,Esparza,john.esparza750@hotmail.com,715-154-7469,2025-05-17,North Steventon,FL,United States
CUST-000021,Karen,Stokes,karen.stokes939@gmail.com,918-255-3714,2023-10-17,Rosemouth,IL,USA
CUST-000609,Joshua,Gonzales,joshua.gonzales163@gmail.com,449-134-2138,2024-08-10,North Carmen,FL,United States
CUST-000465,Suzanne,Coleman,suzanne.coleman375@hotmail.com,277-881-6093,2026-07-12,Lake Ronaldside,OH,USA
CUST-001586,Rachel,  Hinton,rachel.hinton297@yahoo.com,240-002-0860,2026-04-16,West Elizabethfurt,AZ,United States
CUST-001956,Douglas,Walker,douglas.walker158@yahoo.com,689-058-1080,2024-01-10,West Loriborough,PA,United States
CUST-002019,Richard,Ellis,richard.ellis656@yahoo.com,767-149-9863,2025-03-19,New Brandy,FL,USA
CUST-002344,Elizabeth,Gonzalez,elizabeth.gonzalez25@hotmail.com,846-484-4273,2025-06-16,West Jennifer,FL,United States
CUST-001594,Timothy,Delacruz,timothy.delacruz938@hotmail.com,776-288-3636,2024-10-25,Angelfurt,GA,US
CUST-001962,Elizabeth,Wells,elizabeth.wells175@yahoo.com,947-308-8240,2026-06-11,Port Jessica,WA,US
CUST-002929,Jeffrey,Davis,jeffrey.davis841@gmail.com,900-741-6643,2025-08-30,New Nicholasport,PA,United States
CUST-000827,Carl,Tyler,carl.tyler119@gmail.com,961-803-3242,2024-06-14,Smithton,FL,United States
CUST-002951,Alicia,Moore,alicia.moore206@gmail.com,773-312-5812,2024-10-15,Longfurt,NC,United States
CUST-002662,Benjamin,Ruiz,benjamin.ruiz850@yahoo.com,,2026-02-11,New Emilystad,MI,United States
CUST-000942,Jesus,Brooks,jesus.brooks412@hotmail.com,101-570-9085,2026-03-20,Port Keithshire,WA,USA
CUST-001056,Deanna,Gregory,deanna.gregory112@gmail.com   ,720-388-6217,2025-01-30,Jenniferside,PA,United States
CUST-002353,George,Nguyen,george.nguyen258@gmail.com,108-124-6437,2025-11-13,Caseport,TX,United States
CUST-001089,Lisa,Mcintosh,lisa.mcintosh551@hotmail.com,065-795-5156,2026-01-06,,WA,USA
CUST-002276,Daniel,Sampson,daniel.sampson219@hotmail.com,660-456-8939,2026-02-24,North Richardport,CA,United States
CUST-001363,Erica,Stokes,erica.stokes428@gmail.com,673-963-4289,2023-10-14,Archertown,NY,USA
CUST-001939,Jacqueline,Allen,jacqueline.allen207@gmail.com,706-594-8053,2024-11-02,South Austinberg,CA,U.S.A.
CUST-000276,Victoria,Andrews,victoria.andrews479@yahoo.com,452-380-5525,2024-04-10,Fernandezburgh,IL,United States
CUST-002819,Casey,Wilkerson,casey.wilkerson513@gmail.com,714-923-6036,2023-11-20,New Debraside,FL,USA
CUST-001660,Joseph,Phillips,joseph.phillips97@hotmail.com,,2023-11-30,Jenkinsland,TX,United States
CUST-000139,Ricky,Lopez,ricky.lopez827@hotmail.com,098-180-6356,2026-07-29,Danielchester,fl,United States
CUST-002388,Deborah,Robbins,deborah.robbins948@hotmail.com,328-678-5150,2026-02-07,Solomonfurt,CA,United States
CUST-002341,David,Hernandez,david.hernandez716@gmail.com,804-534-7827,11/29/2024,,AZ,United States
CUST-002224,Michael,Vasquez,michael.vasquez684@hotmail.com,041-048-6671,2025-05-16,Scottview,WA,United States
CUST-002948,Rick, Morris ,rick.morris529@hotmail.com,087-793-4724,2024-08-14,Clintonchester,CA,USA
CUST-000460,Regina, Strickland ,regina.strickland940@gmail.com,340-163-6112,2025-06-07,Briannafort,FL,United States
CUST-000598,Thomas,  Beltran,thomas.beltran954@hotmail.com,025-042-9019,2026-08-22,Port Lawrence,MI,United States
CUST-000343,Darren,Barrera,darren.barrera962@hotmail.com,777-079-3349,2026-04-25,Williamstown,OH,United States
CUST-000241,Julie,Goodwin,julie.goodwin154@hotmail.com,366-742-8604,2024-11-11,Reyesmouth,WA,United States
CUST-002064,Erik,Benitez,erik.benitez41@yahoo.com,676-660-8288,2024-07-11,Evanshaven,PA,United States
CUST-001420,Nicole,Spencer, nicole.spencer522@gmail.com ,597-487-6805,2024-11-07,Williamsburgh,WA,United States
CUST-001567,Luis,Wagner,luis.wagner539@gmail.com,090-168-5647,2024-02-13,South Marymouth,TX,United States
CUST-001144,Lauren,Zuniga,lauren.zuniga494@hotmail.com,,2025-07-30,Nelsonshire,MI,USA
CUST-001050,Lisa,King,lisa.king553@hotmail.com,600-801-7986,2025-06-01,Dawsonside,TX,United States
CUST-002014,Craig,Mills,craig.mills435@hotmail.com,,2024-06-22,Meganstad,OH,United States
CUST-000489,Alexander,Garcia, alexander.garcia72@yahoo.com ,010-023-1429,2025-03-04,Port Tammyville,IL,United States
CUST-001872,William,Thomas,william.thomas28@gmail.com,482-873-2107,2025-02-17,North George,MI,United States
CUST-001291,Victoria,White,  victoria.white381@gmail.com,543-412-3016,2026-04-05,West Cherylhaven,CA,USA
CUST-001078,Luis,Chan,luis.chan802@gmail.com,092-257-0900,2023-11-29,Lake Reginaldmouth,OH,US
CUST-000295,Tyler,Ward,tyler.ward316@yahoo.com,,2025-09-22,Gloriamouth,NY,United States
CUST-002309,Robert,Nelson,robert.nelson582@yahoo.com,264-302-9708,2025-08-10,East Kristyberg,TX,United States
CUST-002728,Christina,Taylor,christina.taylor956@yahoo.com,819-366-9436,2025-10-04,Jaredchester,AZ,United States
CUST-000878,Bradley,Cook,bradley.cook59@yahoo.com,917-679-9359,2024-07-01,South Joseph,WA,United States
CUST-001996,Audrey,Peters,audrey.peters880@hotmail.com,302-656-4771,2024-02-25,West Zacharyberg,AZ,United States
CUST-000394,Nicole,Morgan,nicole.morgan733@gmail.com,473-552-8961,2024-02-13,East Nicoleberg,NC,United States
CUST-002181,Randall,Day,randall.day709@yahoo.com,426-245-5462,2026-08-19,East Suzannebury,NY,United States
CUST-002046,Kathryn,Dalton,kathryn.dalton477@gmail.com,450-521-1203,2025-03-06,Smithville,TX,USA
CUST-000227,Erik,Olson,erik.olson459@gmail.com,539-669-5832,2024-08-28,Lake Sarahshire,GA,United States
CUST-002896,Peter,Savage,peter.savage758@hotmail.com,786-391-4183,2023-11-25,Breannaport,NC,United States
CUST-001439,Brent,Daniels,brent.daniels120@hotmail.com,261-662-0165,2024-07-23,Rachelmouth,FL,United States
CUST-001059,Rebecca,Kirby,rebecca.kirby604@yahoo.com,244-454-4608,2025-10-14,Port Amanda,FL,United States
CUST-002237,Jennifer,Romero,jennifer.romero20@hotmail.com,735-442-5247,2026-07-28,Burnsview,OH,United States
CUST-001121,Diane,Duncan,diane.duncan467@yahoo.com,433-853-2472,2024-09-18,Elizabethstad,FL,United States
CUST-002795,Michael,Hunt,michael.hunt574@gmail.com,369-004-7904,2025-04-17,Grossport,IL,United States
CUST-001631,Craig,Sanchez,craig.sanchez5@yahoo.com,018-422-0138,2026-07-18,West Laura,ca,United States
CUST-000149,Joseph,Valentine,joseph.valentine240@hotmail.com,373-334-3333,2026-01-12,Ericville,AZ,USA
CUST-001662,Christine,Brown,christine.brown796@gmail.com,705-424-5190,2024-07-19,South Michelle,GA,USA
CUST-002857,Scott,Daniel,scott.daniel320@gmail.com,738-013-1843,2025-02-22,Charlesstad,AZ,United States
CUST-002122,David,Rivera,david.rivera135@hotmail.com,350-276-7490,2025-07-12,Turnerberg,IL,United States
CUST-001268,Robert   ,Hill,robert.hill36@gmail.com,202-123-7205,2024-09-28,Aaronborough,AZ,United States
CUST-000355,Rachel,Bishop,rachel.bishop634@gmail.com,673-899-7563,2024-09-10,Christopherside,IL,United States
CUST-002688,Scott,Obrien,scott.obrien69,483-726-8779,2024-03-31,Lake William,OH,United States
CUST-002226,Kimberly,Hall,kimberly.hall131,570-443-0732,2025-11-30,Marychester,MI,U.S.A.
CUST-002107,Mark,Weber,mark.weber66@yahoo.com,440-889-5930,27-Jan-2025,East Teresa,IL,United States
CUST-001768,Lauren,Gibson,lauren.gibson627@hotmail.com,317-303-3249,2025-03-05,Goodmanmouth,GA,USA
CUST-001304,Charles,Alvarez,  charles.alvarez462@yahoo.com,864-633-9534,2026-07-29,North Aarontown,OH,United States
CUST-002939,Wayne,Turner,wayne.turner545@hotmail.com,306-577-2112,2024-02-06,Rodriguezfurt,OH,United States
CUST-000673,Sonia,Nguyen,sonia.nguyen637@gmail.com,297-150-9688,2023-10-06,Port Robin,AZ,United States
CUST-000958,Nicholas,Lee,nicholas.lee681@yahoo.com,184-449-0295,2024-07-24,East Michelleport,TX,United States
CUST-001610,Brett,Gonzalez,brett.gonzalez817@gmail.com,,2026-05-16,Josephstad,FL,United States
CUST-000004,Dana,Warner,dana.warner735@gmail.com,765-918-0339,2024-11-06,Nelsonland,NC,USA
CUST-002563,Andrea,Townsend,andrea.townsend796@hotmail.com,724-581-9870,2024-09-16,Adrianmouth,pa,United States
CUST-002025,Arthur,Smith,arthur.smith335,866-073-2644,2026-01-13,Ayalaside,WA,USA
CUST-002469,  Tiffany,Rogers   ,tiffany.rogers780@yahoo.com,,2026-04-25,Harrisfurt,WA,USA
CUST-002123,Rhonda,Odom,rhonda.odom528@yahoo.com,276-531-4513,2024-11-05,Dakotaton,GA,United States
CUST-002685,Tonya,Frazier,tonya.frazier44@hotmail.com,942-394-3837,2026-04-17,Nicoleport,NC,United States
CUST-001035,Vicki,Mullins,vicki.mullins973@yahoo.com,991-609-1141,2023-11-07,Port Daniel,FL,United States
CUST-000095,Christopher,Rodriguez,christopher.rodriguez736@hotmail.com,721-811-4374,2026-05-27,Stevenville,GA,United States
CUST-000871,Elizabeth,Neal,elizabeth.neal798@yahoo.com,584-466-3453,2026-09-01,South Eduardo,NY,United States
CUST-001703,Brian,Parker,brian.parker50@gmail.com,778-110-9659,2026-04-23,Elizabethmouth,MI,USA
CUST-000661,Sean,Evans,sean.evans240@gmail.com,915-086-3218,2025-06-11,East Jessicafort,IL,United States
CUST-002213,Monica,Ballard,monica.ballard354@yahoo.com,601-041-3135,2025-03-19,Matthewmouth,OH,United States
CUST-002964,Teresa, Grimes ,teresa.grimes500@hotmail.com,722-030-7108,2025-10-20,Port Rogerburgh,NC,USA
CUST-001415,Alexander,Montes,alexander.montes829@yahoo.com,162-486-0704,2025-12-29,Shieldsberg,NC,USA
CUST-001324,Henry,Callahan,henry.callahan339@gmail.com,916-350-4960,2025-12-21,Port Russell,GA,USA
CUST-002372,Charles,Rose,charles.rose454@yahoo.com,873-728-2659,2026-06-18,Lake Jeffery,NC,United States
CUST-002495,Joshua,Bennett,joshua.bennett203@yahoo.com,265-322-2470,2026-01-24,North Danielhaven,AZ,United States
CUST-002542,Amy,Gonzales,amy.gonzales434@hotmail.com,715-359-6472,2024-11-30,Foxport,IL,United States
CUST-001076,Colin,Chambers,colin.chambers277@hotmail.com,824-199-6264,2025-08-23,East Donald,OH,United States
CUST-002070,Richard,Gould,richard.gould758@gmail.com,159-927-9437,2025-12-27,Levinebury,GA,USA
CUST-000885,Victoria,Martin,victoria.martin31@yahoo.com,288-375-0566,2024-08-07,Port Williamfurt,TX,USA
CUST-001503,Jared,Anderson,jared.anderson70@gmail.com,463-947-6254,2024-11-06,Lake Belinda,TX,USA
CUST-001347,Clayton,Herring,clayton.herring61@gmail.com,600-608-2770,2024-10-20,Ricardofurt,MI,U.S.A.
CUST-000286,Luis,Johns,luis.johns880@gmail.com,520-456-5044,2023-11-23,New Jamesburgh,WA,USA
CUST-001233,Kristy,Norton,kristy.norton182@gmail.com,672-868-1123,2026-02-01,East Allisonmouth,NY,USA
CUST-001664,Greg,Castillo,greg.castillo930@hotmail.com,669-692-2953,2024-07-30,New Patrick,WA,USA
CUST-002429,Helen,Davis,helen.davis519@hotmail.com,453-752-5744,2025-01-27,Port Marcus,IL,United States
CUST-002869,Glenn,Dixon,glenn.dixon907@gmail.com,793-985-9308,2024-06-17,Port Ivan,OH,United States
CUST-002889,David,Elliott,david.elliott690@gmail.com,790-229-3094,2026-06-06,Jasonland,GA,United States
CUST-002192,Zachary,Andrade,zachary.andrade299@gmail.com,156-823-4284,2025-01-14,Lake Davidview,NY,United States
CUST-001263,Margaret,Howard,margaret.howard292@hotmail.com,,2026-03-06,East Lindaside,mi,United States
CUST-002459,Steven,Jackson,steven.jackson373@gmail.com,907-444-7939,2026-06-20,Lake Charlesville,GA,United States
CUST-002704,Alyssa,Brown,alyssa.brown506@yahoo.com,015-137-8626,2024-01-11,,WA,United States
CUST-000251,Tom,Mcclure,tom.mcclure807@yahoo.com,320-309-3761,2025-09-09,Victormouth,GA,US
CUST-002161,Philip,Booth,philip.booth589@yahoo.com,856-227-1926,2025-05-16,Port Davidfurt,NC,United States
CUST-002865,Tracy,Scott,tracy.scott412@gmail.com,738-681-3372,2025-06-01,Lake Tony,MI,United States
CUST-001331,Zoe,Hall,zoe.hall315@gmail.com,441-290-7596,2025-09-23,Rebeccaberg,MI,United States
CUST-001585,Stephanie   ,Schwartz,stephanie.schwartz540@hotmail.com,665-282-4685,2026-04-28,Micheleshire,CA,United States
CUST-001280,Brian,Simmons,brian.simmons255@gmail.com,012-838-2710,2024-12-08,Lake Natashaburgh,IL,United States
CUST-002220,Christopher, Elliott ,christopher.elliott309@yahoo.com,063-856-7020,2026-04-13,Stuartland,FL,United States
CUST-000988,Natasha   ,Brewer,natasha.brewer969@hotmail.com,491-060-1836,2026-03-10,Tracyborough,NY,United States
CUST-002689,Elizabeth,Hudson,elizabeth.hudson297@yahoo.com,912-867-2877,2025-09-17,,FL,USA
CUST-002403,Marissa,Henry,marissa.henry472@gmail.com,531-324-5275,2024-03-08,Hayesville,NC,USA
CUST-000612,Eric,Rogers,eric.rogers597@yahoo.com,815-061-8538,2025-11-18,Lake Courtneybury,MI,United States
CUST-000074,Brianna,Chang,brianna.chang952@gmail.com,191-485-6467,2026-05-20,Johnsonview,FL,United States
CUST-000206,Brett,Parker,brett.parker24@hotmail.com,742-123-0940,2025-06-24,Jimenezfort,OH,United States
CUST-001151,Anna,Bryant,anna.bryant987@yahoo.com,700-026-8764,2025-04-13,Amychester,AZ,USA
CUST-002823,Jennifer,Schwartz,jennifer.schwartz268@gmail.com,112-659-7460,2025-07-18,North David,OH,United States
CUST-001295,Megan,Fields,megan.fields200@hotmail,550-113-7535,2026-04-06,Lake David,IL,United States
CUST-000549,Mitchell,Williams,mitchell.williams286@yahoo.com,634-362-9489,2024-06-02,,NY,USA
CUST-001993,Jeremy,Martin,jeremy.martin9@yahoo.com,897-100-1707,2026-04-30,East Feliciaport,WA,United States
CUST-002782,Joshua,Poole,joshua.poole628@yahoo.com,661-966-7601,2025-12-18,Brianview,TX,United States
CUST-002712,Matthew,Sullivan,matthew.sullivan763@gmail.com,083-610-8802,2024-02-27,Traviston,NC,United States
CUST-000461,Cody,Bailey,cody.bailey425@hotmail.com,484-910-2562,2023-10-14,Lindaside,TX,USA
CUST-001786,Harold,Freeman,harold.freeman180@yahoo.com,120-220-1754,2026-02-23,Staceyland,NC,United States
CUST-001405,Dwayne,Edwards, dwayne.edwards796@hotmail.com ,707-745-4470,2026-08-13,Lake Paula,NY,United States
CUST-001578,Katherine,Flowers,katherine.flowers396@hotmail.com,619-971-6596,2025-03-29,,NY,United States
CUST-001440,Gabrielle,Russell,gabrielle.russell330@yahoo.com,578-655-5751,2026-03-04,West Thomas,PA,United States
CUST-002681,Alyssa,Castillo,alyssa.castillo415@hotmail.com,230-700-8133,2024-03-06,Malloryshire,OH,United States
CUST-000966,Keith,Payne,keith.payne543@gmail.com,220-509-3869,2024-06-02,Williamport,OH,United States
CUST-000542,Victoria,Callahan,victoria.callahan953@hotmail.com,632-135-8004,2026-01-14,North Brandonport,AZ,USA
CUST-000139,Ricky,Lopez,ricky.lopez827@hotmail.com,098-180-6356,2026-07-29,Danielchester,fl,United States
CUST-000403,Matthew,Miller,matthew.miller236@gmail.com,663-778-0529,2026-04-02,West Sherry,TX,United States
CUST-001635,Stephen,Rice,stephen.rice344@gmail.com,,2026-06-30,Thomasfurt,AZ,United States
CUST-001650,Michael,Pope,michael.pope861@hotmail,216-336-1317,2026-07-25,Josephton,IL,United States
CUST-001785,Philip,Evans,philip.evans565@yahoo.com,033-288-8070,2025-08-24,West Christianton,MI,United States
CUST-000057,Wayne,Price,wayne.price721@gmail.com,059-304-0785,05/09/2026,East Craig,FL,United States
CUST-001209,Natalie,Berry,natalie.berry389@gmail.com,057-488-3997,2024-11-25,Marthaville,NY,United States
CUST-001393,Dawn,Jones,dawn.jones314@yahoo.com,036-192-0259,2025-12-23,New Jamesfort,NY,United States
CUST-000670,Victoria,  Duncan,victoria.duncan961@gmail,268-653-6945,2025-05-03,Crystalmouth,MI,United States
CUST-001031,Emily,Stokes,emily.stokes725@hotmail.com,835-651-7962,2023-10-08,Daniellechester,AZ,United States
CUST-000067,Sherri,Martin,sherri.martin988@yahoo.com,201-533-6884,2024-11-28,Kennethville,PA,United States
CUST-001910,Daniel,Horn,daniel.horn146@gmail.com,071-226-0082,2024-12-29,New Jesse,GA,USA
CUST-000281,Michael,Parker,michael.parker14@yahoo.com,813-767-4266,2024-09-28,Port Brenda,TX,United States
CUST-001805,Louis,Hopkins,louis.hopkins612@gmail.com,423-169-7920,2024-05-31,Ramosstad,NY,United States
CUST-001394,James,Stevens,james.stevens239@gmail.com,424-447-4890,2025-06-18,Trevortown,GA,United States
CUST-000745,Theresa,Davis,theresa.davis494@hotmail.com,295-927-2827,2025-09-10,New Benjaminside,MI,United States
CUST-002379,Luis,Duarte,luis.duarte474@hotmail.com,448-762-1648,2025-07-06,Lake Vanessa,WA,U.S.A.
CUST-000904,Robert,Peterson,robert.peterson609@yahoo.com,321-464-4936,2023-11-29,Codyfort,CA,United States
CUST-002576,Kevin,Nguyen,kevin.nguyen51@hotmail.com,170-833-5142,2026-07-30,Josephchester,OH,United States
CUST-002813,Jeffrey,Hopkins,jeffrey.hopkins925@hotmail.com,657-537-6445,2026-03-16,East Conniefurt,CA,United States
CUST-000510,Harold,Ingram,harold.ingram583@yahoo.com,747-219-7054,2025-11-08,Ortizberg,CA,United States
CUST-002427,Arthur,Gordon,arthur.gordon74@gmail.com,303-606-7787,2025-11-14,New Monicaburgh,NC,United States
CUST-002719,Joshua,Atkins,joshua.atkins506@hotmail.com,375-904-4790,2024-04-25,Juliebury,NC,United States
CUST-000845,Gary,Powell,gary.powell505@gmail.com,,2026-01-15,Lake Savannahbury,PA,United States
CUST-000356,Matthew,Hardy,matthew.hardy949,288-431-8848,"October 22, 2024",Katherineburgh,AZ,United States
CUST-002041,Kathryn,Ramirez,kathryn.ramirez168@yahoo.com,220-940-0371,2024-02-14,Crawfordhaven,WA,United States
CUST-002666,Christopher,Beck,christopher.beck583@gmail.com,,2025-03-17,Port Beth,NC,USA
CUST-000802,Amanda,Herman,amanda.herman299@hotmail.com,944-858-6239,2025-11-24,Matthewmouth,GA,USA
CUST-000554,Erin,Roberts,erin.roberts604@gmail.com,882-211-4577,2026-01-04,Veronicaview,TX,United States
CUST-001146,Andrew,Jackson,andrew.jackson194@gmail.com,019-712-1241,2025-09-27,New John,AZ,USA
CUST-000283,Ashley,Melendez,ashley.melendez556@gmail.com,264-870-4947,2025-07-25,Walkertown,OH,United States
CUST-002798,Roy,Fowler,roy.fowler911@hotmail.com,611-772-9420,2025-08-21,Onealfort,PA,United States
CUST-002870,Shane,Friedman,shane.friedman65@gmail.com,469-539-5369,2025-12-19,East Stacey,MI,United States
CUST-001350,Tammie,Evans,tammie.evans942@gmail.com,165-441-3727,2025-08-12,Barrettfurt,WA,US
CUST-000515,Jason,Lewis,jason.lewis734@gmail.com,644-212-1461,2024-10-05,Morganmouth,GA,United States
CUST-000705,Jamie,James,jamie.james673@gmail.com,128-981-2317,2026-01-29,Karamouth,MI,USA
CUST-000042,Kyle,Harmon,kyle.harmon418@hotmail.com,210-202-7588,2024-01-28,Garyberg,NC,United States
CUST-001278,Robert,Moore,robert.moore326@gmail.com,570-041-2918,2025-03-16,New Jacqueline,FL,United States
CUST-001931,Charles,Kelly,charles.kelly16@hotmail.com,618-307-3480,2025-04-04,East Dylanchester,IL,United States
CUST-002496,Hannah,Jackson,hannah.jackson454@hotmail.com,719-884-0894,2025-01-22,South Kayla,CA,US
CUST-000856,Tommy,Owens,tommy.owens516@yahoo.com,537-260-3214,2025-05-26,Brianmouth,NC,United States
CUST-001275,Sean,Brooks,sean.brooks615@hotmail.com,994-494-6672,2024-09-08,North Brianberg,FL,United States
CUST-002410,Teresa,Mueller,teresa.mueller998@yahoo.com,936-019-4127,2025-03-26,South Patrickside,PA,United States
CUST-000602,Shane,Barnes,shane.barnes384@hotmail.com,283-692-9445,2024-09-19,Davidchester,NC,USA
CUST-000666,Colton,Walker,colton.walker434@hotmail.com,531-949-7969,2025-06-12,Amberfort,NC,United States
CUST-000811,Angelica,Warner,angelica.warner209,045-195-7782,2024-10-26,Donnastad,NY,United States
CUST-000576, Erika ,Perez,erika.perez267@hotmail.com,268-319-0130,2026-07-03,North Michael,TX,US
CUST-001463,Michelle,Logan,michelle.logan603,355-707-7312,2024-06-02,North Marcus,CA,United States
CUST-000387,Rebecca,Martinez,rebecca.martinez231@hotmail.com,456-797-2320,2026-06-17,East Larrychester,OH,USA
CUST-002006,Whitney,Nelson,whitney.nelson286@yahoo.com,950-034-5220,2024-12-01,South Theresa,FL,United States
CUST-002488,Daniel,Huffman,daniel.huffman917@hotmail.com,435-328-6178,2025-10-24,West Angelaland,PA,United States
CUST-002613,Cassandra,Walsh,cassandra.walsh428@yahoo.com,081-900-5673,2024-11-21,Ericchester,IL,United States
CUST-000585,Pamela,Mcguire,pamela.mcguire454@hotmail.com,003-010-2724,2024-07-11,West Michaelbury,NC,United States
CUST-001016,Travis,Gonzalez,travis.gonzalez145@yahoo.com,213-009-6258,2025-10-12,Seanchester,CA,United States
CUST-002833,Jacqueline,Johnson,jacqueline.johnson46@hotmail.com,416-267-5014,2025-01-13,Stoneville,NY,United States
CUST-000537,Dustin,Edwards,dustin.edwards362@gmail.com,505-379-5381,2025-06-01,Campbellborough,IL,US
CUST-001166,William,Steele,william.steele831,680-085-2946,2025-04-27,East Olivialand,PA,United States
CUST-001892,Amy,Wang,amy.wang280@gmail.com,976-309-0073,2024-05-15,Matthewsshire,AZ,United States
CUST-000704,Jesse,Gillespie,jesse.gillespie198@yahoo.com,027-160-7360,2026-03-13,Gonzalesborough,AZ,United States
CUST-000617,  Anthony,Adams,anthony.adams463@gmail.com,,2024-03-12,Greenton,NY,United States
CUST-002825,Cheryl,Jackson,cheryl.jackson989@yahoo.com,304-165-2726,2025-12-22,New Pamelaville,IL,United States
CUST-000539,Robert,Martinez,robert.martinez855@gmail.com,959-639-0409,2025-05-23,South Justinfurt,PA,United States
CUST-001111,Julie,Jones   ,julie.jones326@yahoo.com,993-020-2030,"June 08, 2026",Sharonberg,WA,United States
CUST-001642,Kathy,Ray,kathy.ray35_at_gmail.com,291-270-6593,2024-08-05,Calebview,FL,United States
CUST-000886,Jason,Lee,jason.lee734@hotmail.com,791-378-7655,2025-09-27,North Benjamin,PA,USA
CUST-002610,Andrew,Williams,andrew.williams336,601-933-5206,2026-03-30,East Lisa,FL,United States
CUST-001630,Jennifer,Thomas,jennifer.thomas274@yahoo.com,881-013-8272,2023-11-22,North Monicamouth,PA,United States
CUST-000487,Jessica,Richardson,jessica.richardson380@yahoo.com,172-722-3972,2023-12-22,Andrewburgh,TX,US
CUST-000622,Andrew,Newton,andrew.newton344@hotmail.com,921-963-9456,2025-12-09,West Joshuaborough,WA,United States
CUST-000070,Bradley,Gonzales,bradley.gonzales467@yahoo.com,349-021-1586,2024-02-09,New Bruce,NC,United States
CUST-001756, John , Marshall ,john.marshall519@gmail.com,950-767-1621,2026-05-07,Thomasport,AZ,USA
CUST-000977,Charles,Collier,charles.collier872@yahoo.com,972-038-5934,2023-10-26,North Maryborough,NC,U.S.A.
CUST-000879,Patricia,Phelps,patricia.phelps129@gmail.com,946-408-3037,2025-01-08,South Aaron,TX,U.S.A.
CUST-002042,Angela,Cruz,angela.cruz294@hotmail.com,748-066-1126,2026-02-25,Lake Antonio,GA,United States
CUST-001580,Sierra,Downs,sierra.downs782@yahoo.com,537-932-2191,2024-11-11,Johntown,MI,United States
CUST-002764,  Christopher,Wang,christopher.wang930@hotmail.com,434-565-1234,2024-04-03,West Joshua,FL,United States
CUST-002946,Jerry,Strickland,jerry.strickland118@yahoo.com,162-906-2881,"November 16, 2023",Jenniferchester,AZ,United States
CUST-001979,Tamara,Calhoun,tamara.calhoun202@hotmail.com,236-788-3873,2024-04-25,Humphreyborough,AZ,US
CUST-001575,Shelly,Smith,shelly.smith148@hotmail.com,720-738-2777,2024-02-21,Gillespieville,MI,United States
CUST-001715,Jason,Smith,jason.smith691@yahoo.com,148-953-8294,2024-01-06,Charlesville,AZ,USA
CUST-000410,Keith,Ibarra,keith.ibarra166@yahoo.com,546-926-3296,2025-10-30,Cruzburgh,OH,United States
CUST-000888,Angela,Arnold,angela.arnold307@yahoo.com,190-534-8640,2026-03-09,North Sheilaberg,OH,United States
CUST-000444,Kelsey,Salinas,kelsey.salinas362@gmail.com,899-316-0875,2025-03-25,Port Sherri,WA,United States
CUST-002212,Jason,Anderson,jason.anderson514@gmail.com,434-743-3442,2023-10-16,North Robertland,OH,United States
CUST-000407,Kelly,Warren,kelly.warren553@yahoo.com,058-025-6621,2026-08-08,New Robert,AZ,United States
CUST-001349,Glenn,Nelson,glenn.nelson800@gmail.com,762-313-3610,2024-03-15,,NC,United States
CUST-001175,William,Velazquez,william.velazquez76@gmail.com,259-095-6684,2025-02-02,Robinberg,TX,United States
CUST-000890,Mark,Joseph,mark.joseph704@gmail.com,899-151-1455,2026-03-21,East Barbarashire,WA,United States
CUST-001964,Barbara,Davis,barbara.davis249@hotmail.com   ,180-525-7959,2024-04-19,,PA,USA
CUST-002796,Carmen,Brown,carmen.brown411@yahoo.com,,2024-08-27,Port Jacquelineland,IL,USA
CUST-001424,Michelle,Pearson,michelle.pearson885@gmail.com,232-091-4016,2024-01-26,East Kathleen,NY,United States
CUST-000990,Julie,Cox,julie.cox521@hotmail.com,472-629-0529,2024-07-09,New Lisamouth,GA,United States
CUST-000258,Courtney,Patton,courtney.patton565@yahoo.com,608-331-8195,2025-03-09,South Kaylee,WA,United States
CUST-002012,Adam,Schwartz,adam.schwartz416@yahoo.com,234-037-0433,2026-02-08,Port James,FL,US
CUST-000400,Scott,Baker,scott.baker658@gmail.com,514-888-1431,2024-05-04,North Michaelside,GA,USA
CUST-002726,Kristen,Reyes,kristen.reyes64@hotmail.com,947-387-9309,2024-07-21,Lake Mike,CA,United States
CUST-002080,Ronald,Vasquez,ronald.vasquez678@yahoo.com,593-586-1341,2025-02-02,Scottland,IL,United States
CUST-001555,Leah,Roberts,leah.roberts439@yahoo.com,104-625-0692,2025-01-30,Murphyside,NY,US
CUST-002118,Sarah,Gutierrez,sarah.gutierrez706@yahoo.com,559-355-8810,2025-07-31,Lake Elijah,CA,United States
CUST-001753,Margaret,Schneider,margaret.schneider967@gmail.com,937-684-1847,2026-05-19,West Patrickberg,GA,United States
CUST-001905,Jason,Cook,jason.cook616@gmail.com,,2024-11-21,Hodgeborough,AZ,USA
CUST-000054,Rachel,Ramos,rachel.ramos788@gmail.com,151-070-2966,2024-01-06,Johnsonchester,IL,United States
CUST-002349,Joseph,Frey,joseph.frey419@yahoo.com   ,742-188-4246,01/03/2025,New Daniel,WA,United States
CUST-000302,Jennifer,Freeman,jennifer.freeman650@gmail.com,978-897-7828,2025-05-04,South Joseshire,MI,USA
CUST-002124,Brian,Campbell,brian.campbell457@yahoo.com,583-455-9556,2026-05-26,North Roger,MI,United States
CUST-002245,Nancy,  Thompson,nancy.thompson764@hotmail.com,317-427-1832,2024-03-24,Lake Joshua,FL,United States
CUST-000759,Steven,Valenzuela   ,steven.valenzuela563@gmail.com,662-481-3235,2025-01-01,Johnsonmouth,TX,U.S.A.
CUST-001194,Adam,Mayer,adam.mayer177@hotmail.com,,2024-01-08,West Lisaview,AZ,United States
CUST-000855,Andrew,Freeman,andrew.freeman615@gmail.com,362-792-4632,2024-08-15,East Rebeccaview,MI,United States
CUST-000158,Miranda,Davidson,miranda.davidson505@yahoo.com,699-611-2535,02/26/2024,Deniseview,WA,United States
CUST-001692,Nicholas,Rose,nicholas.rose482@hotmail.com,142-330-2927,2025-07-03,Odonnelltown,AZ,United States
CUST-002762,Angelica,Carter,angelica.carter215@gmail.com,982-993-1642,2025-06-02,East Wesleychester,IL,United States
CUST-001148,Tracy,Webb,tracy.webb606@gmail.com,922-760-7598,2025-02-03,Wongchester,FL,United States
CUST-001824,Dennis,Moreno,dennis.moreno278@yahoo.com,653-377-7303,2026-06-07,South Tylerside,WA,United States
CUST-000472,Rachel,Martin,rachel.martin617@gmail.com,741-678-7256,2023-11-05,Andersonville,NY,United States
CUST-001890,Samantha   ,Campbell,samantha.campbell808@gmail.com,139-979-9271,2025-04-13,Heatherton,NC,U.S.A.
CUST-002463,Krystal,  Gregory,krystal.gregory660@hotmail.com,404-393-5160,2023-11-24,South Cathy,IL,United States
CUST-002311,Ashley,Hurst,ashley.hurst283@hotmail.com,407-695-3908,2026-08-10,Ryanborough,NY,US
CUST-000348,Sherry,Snyder,sherry.snyder890@gmail.com,380-054-5228,2026-01-31,Port Brycechester,MI,United States
CUST-000567,Linda,Hanson,linda.hanson106@gmail,110-291-8133,2026-07-21,South Angelhaven,TX,USA
CUST-002881,Luis,Wilson,luis.wilson681@hotmail.com,619-970-7839,2026-01-18,Lake Christopher,CA,US
CUST-001528,Kathleen,Davis,kathleen.davis607@hotmail.com,447-867-4280,2025-02-13,North Darlene,OH,United States
CUST-002448,Adam,Barnes,adam.barnes678@gmail.com,174-953-8916,2026-07-18,West Joshua,GA,United States
CUST-000136,Sandra,Carlson,sandra.carlson708@gmail.com,366-210-3886,2024-04-30,New Cole,CA,United States
CUST-002288,Jessica,Obrien,jessica.obrien437@gmail.com,102-719-0952,2026-05-29,,MI,United States
CUST-000312,James,Nelson,james.nelson874@gmail.com,448-207-0015,2024-06-26,Michellechester,AZ,United States
CUST-001400,Phillip,Martin,phillip.martin533@hotmail.com,038-588-6407,2025-10-05,East Peterburgh,GA,USA
CUST-002900,Denise,Watson,denise.watson518@yahoo.com,770-750-1399,2026-04-02,Port Leah,OH,United States
CUST-002190,William,Meyer,william.meyer725@yahoo.com,594-818-2729,2024-01-20,East Ebonymouth,MI,United States
CUST-000884,Steven,Martinez,steven.martinez62@hotmail.com,941-515-2638,06/29/2024,Jessicaland,AZ,United States
CUST-001969,Makayla,  Rodriguez,makayla.rodriguez448@hotmail.com,908-213-3568,2026-08-22,North Scott,wa,United States
CUST-002801,Gina,Bishop,gina.bishop981@hotmail.com   ,764-194-9583,2024-11-07,West Charles,PA,United States
CUST-001749,Howard,Frey,howard.frey231@yahoo.com,379-412-8866,2025-08-03,North Lisaberg,GA,USA
CUST-000892,Larry,Humphrey,larry.humphrey780@gmail.com,540-211-9017,2024-02-09,South Lisafurt,FL,United States
CUST-001794,Steven,Rivas,steven.rivas991@yahoo.com,414-248-7396,"April 02, 2026",South David,WA,United States
CUST-001285,Stephanie,Chase,stephanie.chase458@yahoo.com,,2025-05-12,Mcdonaldland,OH,U.S.A.
CUST-002637,Jacob,Harris,jacob.harris595@hotmail.com,737-421-4209,2024-06-04,Jacobmouth,NC,US
CUST-000424,Calvin,Vasquez,calvin.vasquez657@gmail,023-212-9833,2024-05-14,South Jessicaport,WA,United States
CUST-000862,Jeffery,Herman,jeffery.herman917@gmail.com,711-759-5749,2025-04-01,Crystalmouth,GA,United States
CUST-000484,John,Williams,john.williams833@gmail.com,424-033-8105,16-May-2025,Markside,AZ,United States
CUST-001903,Sue,Hernandez,sue.hernandez273_at_hotmail.com,065-076-1222,2025-07-27,Lake Jennifer,CA,United States
CUST-002059,Steven,Davenport,steven.davenport867@hotmail.com,824-021-1682,2025-08-16,North Jay,OH,US
CUST-000592,Kayla,Green,kayla.green759@yahoo.com,732-044-1384,2023-12-28,Ashleyton,TX,United States
CUST-001749,Howard,Frey,howard.frey231@yahoo.com,379-412-8866,2025-08-03,North Lisaberg,GA,USA
CUST-000256,Brandi,Anderson,brandi.anderson56@hotmail.com,962-071-0021,2026-06-25,Robertfort,CA,USA
CUST-000073,Christopher,Hawkins,christopher.hawkins542@hotmail.com,548-709-9861,2025-08-10,Hernandezshire,IL,United States
CUST-002522,William,Casey,william.casey175@yahoo.com,549-977-9178,2024-11-27,Port Michelle,FL,United States
CUST-000713,Julia,Love,julia.love280@yahoo.com,913-342-4579,2024-06-14,Kathleenberg,WA,United States
CUST-000110,Justin,Boone,justin.boone567@gmail.com,810-620-0342,2025-01-06,Francesberg,AZ,United States
CUST-000049,Phyllis,Meyer,phyllis.meyer606@hotmail.com,571-918-2619,2023-11-12,South Elaineberg,WA,United States
CUST-002538,Albert,Sandoval,albert.sandoval597@hotmail.com,331-326-8937,2025-04-17,Robertburgh,AZ,United States
CUST-002150,Shawn,Edwards,shawn.edwards996@gmail.com,056-870-6905,2024-05-01,Kruegerland,PA,United States
CUST-002188,Daniel,Smith,daniel.smith939@gmail.com,385-699-3914,2024-05-31,South Marc,OH,United States
CUST-001204,Andrew,Adams,andrew.adams526@yahoo.com,296-694-1799,2026-04-22,Washingtonside,PA,United States
CUST-002930,Eddie,Mathews,eddie.mathews446@gmail.com,167-232-4644,2025-12-12,Wilsonfurt,PA,United States
CUST-002269,James,Kent,james.kent21@gmail.com,365-329-8568,2026-04-17,Christinamouth,OH,US
CUST-002157,Jane,Russo,jane.russo233@gmail.com,833-971-7856,2026-02-13,South Nicholasmouth,FL,USA
CUST-001938,Mckenzie,Rice,mckenzie.rice581@yahoo.com,793-656-1156,2024-05-12,Taylorberg,AZ,United States
CUST-002875,Michelle,Williams,michelle.williams410@yahoo.com,741-698-4366,2024-04-17,Lake John,AZ,U.S.A.
CUST-002236,Brittany,Petersen,brittany.petersen94@hotmail,035-288-0507,2025-08-29,Brandonfort,MI,United States
CUST-002421,Becky,Martin,becky.martin16@hotmail.com,412-597-9990,2025-02-04,Port Kelsey,MI,United States
CUST-000156,Jonathan,Combs,jonathan.combs433@gmail.com,754-558-8450,2026-05-28,Martinezborough,IL,United States
CUST-002468,Emily,Pena,emily.pena484@yahoo.com,049-909-6781,2026-05-10,Michaelfurt,OH,United States
CUST-002426,Trevor,Watkins,trevor.watkins35@hotmail.com,889-203-0287,2026-04-04,Lindaview,NY,USA
CUST-001616,Christian,Wade,christian.wade168@yahoo.com,555-370-6272,2025-06-19,South Stanleybury,IL,United States
CUST-000838,Sarah,Pierce,sarah.pierce122@yahoo.com,896-340-6791,2023-09-21,Kimmouth,NC,US
CUST-001670,Carolyn,Franco,carolyn.franco806@yahoo.com,650-471-8830,2023-09-18,Port Brittanyshire,FL,United States
CUST-002257,Lori,Pierce,lori.pierce858@hotmail.com,060-941-7502,2025-02-24,Davidbury,MI,United States
CUST-000696,Sandra,Rodriguez,sandra.rodriguez311@gmail.com,156-229-4938,2025-05-26,South Johnshire,az,USA
CUST-002851,Dana,Marshall,dana.marshall346@yahoo.com,921-910-5071,2026-05-05,Johnsonstad,NC,United States
CUST-002060,Cindy,Knight,cindy.knight961@hotmail.com,818-100-9624,2023-11-02,South Maurice,FL,United States
CUST-000101,Karen,Flores,karen.flores997@yahoo.com,408-386-6317,2023-12-01,Solismouth,NC,U.S.A.
CUST-001714,Megan,Johnson,megan.johnson677@gmail.com,,2025-11-27,Port Barbaratown,TX,US
CUST-001421,Tara,Chaney,tara.chaney190@hotmail.com,771-843-0192,2024-06-26,North Carrie,NC,United States
CUST-002254,Catherine,Gallegos,catherine.gallegos793@hotmail.com,082-680-0907,2024-05-14,East Anthony,WA,United States
CUST-000094,Jose,Mills,jose.mills410@gmail.com,564-208-7375,2024-10-29,North Alexander,WA,United States
CUST-000541,Kim,Snyder,kim.snyder808@gmail.com,647-715-9103,2024-12-08,Port Alexville,NY,US
CUST-001982,Bailey,Castillo,bailey.castillo130@gmail.com,145-840-8114,2025-12-03,Laurenstad,GA,United States
CUST-001383,Alex,Butler,alex.butler27@gmail.com,799-623-5699,2024-03-04,New Robin,CA,US
CUST-001043,Jeremy,Carlson,jeremy.carlson506@hotmail.com,636-536-2189,2026-03-03,Markton,GA,United States
CUST-000443,Julie,Wilson,julie.wilson68@yahoo.com,256-904-0983,2024-12-27,Whitneymouth,NY,United States
CUST-000624,William,Reyes,william.reyes928@yahoo.com,658-173-9063,2026-03-19,Woodshire,OH,United States
CUST-001862,Hannah,Graham,hannah.graham675@gmail.com,,2026-06-05,Alexisbury,MI,United States
CUST-000202,Natalie,Sanchez,natalie.sanchez737@hotmail.com,608-680-3476,05/19/2024,Kimport,NC,United States
CUST-002216,Vincent,Marshall,vincent.marshall960@gmail.com,,2025-04-01,North Joshua,FL,US
CUST-001351,Alexandra,Woods,alexandra.woods850@yahoo.com,063-494-2904,2025-03-31,Lambfort,GA,United States
CUST-001282,Karen,Walker,karen.walker116@hotmail.com,446-042-2763,2024-12-07,,GA,United States
CUST-001262,Darlene,Gomez,darlene.gomez807@gmail.com,327-617-9480,2025-02-23,West Stacy,WA,United States
CUST-001227,Tyler,Moss,tyler.moss189@yahoo.com,629-691-4336,2025-04-10,New Cassandra,OH,USA
CUST-000225,Mark,Valencia,mark.valencia509@yahoo.com,770-171-5772,2026-03-07,Katrinashire,CA,United States
CUST-002221,Katrina,Gonzalez,katrina.gonzalez457@hotmail.com,420-555-5354,2024-01-17,Sharonton,CA,United States
CUST-002524,Marc,Morris,marc.morris598@yahoo.com,149-096-7108,2024-07-23,North Jenniferstad,NY,USA
CUST-002497,Stacy,Spencer,stacy.spencer267@hotmail.com,126-817-9300,2026-06-30,,GA,United States
CUST-001341,George,Hampton,george.hampton653@hotmail.com,672-620-8467,2025-05-15,Lake Breanna,NC,US
CUST-000747,Christie,Rogers,christie.rogers719@yahoo.com,867-181-5352,2024-03-01,Port Travis,OH,USA
CUST-001356,Timothy,Acevedo,timothy.acevedo800@gmail.com,164-359-9009,2025-04-19,South Amanda,AZ,United States
CUST-000116,Nicole,Alvarado,nicole.alvarado722_at_yahoo.com,543-987-8015,2025-08-18,Allenbury,TX,United States
CUST-001820,Stephen,Bell,stephen.bell263@yahoo.com,078-308-3069,2026-07-26,Farleyhaven,NC,United States
CUST-001109,Joshua,Ali,joshua.ali897@yahoo.com,018-227-2002,2025-08-22,New Kelly,TX,US
CUST-001203,Kyle,Hunter,kyle.hunter390@hotmail.com,255-394-6074,2023-10-31,New Michelle,NC,United States
CUST-002037,  James,Stone,james.stone601@gmail.com,012-457-1815,2025-02-22,South Julieland,IL,United States
CUST-001661,David,Fitzgerald,david.fitzgerald327@yahoo.com,156-409-9414,2023-09-17,Bellside,CA,United States
CUST-000301,Nicole,Wilson,nicole.wilson878@yahoo.com,567-700-2842,2023-09-09,Jordanport,IL,USA
CUST-002791,Spencer,Howell,spencer.howell468@hotmail.com,686-274-8230,2026-07-18,New Jenniferland,GA,United States
CUST-001444,Kenneth,Zuniga,kenneth.zuniga409@gmail.com,386-020-5089,2024-04-22,North Tonya,CA,US
CUST-001950,  Sandra,West,sandra.west870@gmail.com,424-025-5546,2023-11-27,New Laura,TX,United States
CUST-000874,Maureen,Lara,maureen.lara371@yahoo.com,277-657-2565,2024-12-25,North Misty,GA,United States
CUST-002098, Justin ,Cabrera,justin.cabrera901@gmail.com,102-760-7819,2024-01-06,Dannyport,FL,United States
CUST-000077,Madison,Figueroa,madison.figueroa542@hotmail.com,508-214-8628,2025-04-03,East Jamesborough,TX,United States
CUST-001340,Gabriel,Mcdonald,gabriel.mcdonald694@hotmail.com,464-085-8588,2026-07-19,Port Joanne,GA,United States
CUST-001686,Charles,Webster,charles.webster3@gmail.com,309-900-0940,2025-07-14,Watsonstad,MI,United States
CUST-001292,Rodney,Colon,rodney.colon355@gmail.com,721-860-0320,2025-10-16,North Brooke,CA,United States
CUST-000608,Lucas,White,lucas.white754@gmail.com,036-849-9515,2025-06-27,Gabrielport,FL,United States
CUST-000851,Amanda,Lopez,amanda.lopez813@gmail.com,524-808-8062,2025-08-02,North Taylor,AZ,U.S.A.
CUST-000790,Renee,Orr,renee.orr770@hotmail,748-595-3259,2025-02-17,,AZ,US
CUST-001543,Aaron,Lucas,aaron.lucas818@gmail.com,956-162-2564,2024-01-25,Brownstad,NC,United States
CUST-001957,Stephen,Monroe,stephen.monroe812@gmail.com,567-027-7287,2025-04-10,West Sarastad,MI,United States
CUST-001047, Charlotte ,Coleman,charlotte.coleman56@gmail.com,546-622-6540,2024-01-25,South Cynthiastad,PA,United States
CUST-000043,Kara,Marks,kara.marks334@hotmail.com,105-648-1491,2025-04-18,Gibsonstad,CA,United States
CUST-002333,Amy,Gutierrez,amy.gutierrez437@yahoo.com,703-784-6797,2025-08-30,Lake Adambury,PA,United States
CUST-002031,Michelle,Newman,michelle.newman485@hotmail.com,646-924-3435,2025-04-28,Allisonmouth,AZ,USA
CUST-000338,Charles,Williams,charles.williams734@gmail.com,866-179-4549,2026-02-06,Port Wesleyville,OH,United States
CUST-000513, Rachel ,Marshall,rachel.marshall750@gmail.com,216-636-5155,2026-02-17,Lewisfort,OH,United States
CUST-002470,Amber,Sweeney,amber.sweeney981@hotmail.com,108-041-7569,2025-04-18,Pamelaton,OH,United States
CUST-002671,Patricia,Martin,patricia.martin874@yahoo.com,259-931-7697,2024-03-07,New Laurachester,WA,United States
CUST-002781,Emily,Huang,emily.huang259@gmail.com,511-031-8672,2024-06-09,South Michaelville,AZ,United States
CUST-000580,Amy,Snow,amy.snow87_at_hotmail.com,740-056-4350,2024-01-29,East Amy,IL,USA
CUST-001549,David,Kelly,david.kelly265@gmail.com,126-848-5637,2024-03-26,North Justinberg,TX,United States
CUST-001402,Kevin, Horn ,kevin.horn608@hotmail.com,806-708-9870,2025-05-31,North Tiffany,CA,United States
CUST-000117,Susan,Fleming,susan.fleming7@yahoo.com,616-484-0858,2024-04-14,Tuckerport,AZ,United States
CUST-001164,Randy,Walker,randy.walker331@gmail.com,388-503-4236,2026-09-05,Lake Joyce,NY,United States
CUST-001659,Nichole,Franco,nichole.franco193@gmail.com,063-236-5401,2026-03-25,Lake Krystalport,GA,United States
CUST-001114,Katrina,Sutton,katrina.sutton477@hotmail.com,291-617-4690,2024-12-02,New Kaitlyn,GA,United States
CUST-002827,Denise,Jones,denise.jones733@hotmail.com,702-098-1940,2023-12-02,Port Ruthview,OH,United States
CUST-001667,Curtis,Krueger,curtis.krueger692@hotmail.com,669-408-6542,2024-11-28,Johnside,CA,United States
CUST-000860,Mark,Klein,mark.klein294@hotmail.com,422-319-6463,2026-07-03,North Kevinberg,OH,USA
CUST-002315,Douglas,West,douglas.west476@gmail.com,734-689-2704,2025-06-12,Thompsonbury,NY,United States
CUST-002033,Robert,Roberts,robert.roberts209@yahoo.com,049-037-6474,2024-10-04,Jordanshire,TX,USA
CUST-001192,Jay,Kaufman,jay.kaufman436@yahoo.com,789-117-9726,2025-05-15,Barbarahaven,TX,United States
CUST-000926,Elizabeth,Cross,elizabeth.cross153@yahoo.com,,2025-10-08,West Susanview,NY,US
CUST-000028,Hannah,Callahan,hannah.callahan471@hotmail.com,629-233-0958,2024-08-13,Candiceburgh,GA,USA
CUST-002500,Yvonne,Davis,yvonne.davis995@hotmail.com,694-602-1246,2025-04-13,Gallegosview,WA,United States
CUST-000807,Jason,Lee,jason.lee608@yahoo.com,514-604-0142,26-Sep-2025,Stephenborough,NC,United States
CUST-002043,Jerome,Brown,jerome.brown468@yahoo.com,951-657-1211,2025-02-03,Williamsland,PA,US
CUST-001038,Connor,Stewart,connor.stewart861@gmail.com,344-096-6177,2025-11-20,Port Zacharyview,WA,United States
CUST-002479,Laura,May,laura.may432@hotmail.com,736-654-7587,2023-10-05,Lake Todd,MI,United States
CUST-000692,Melissa,Torres,melissa.torres205@gmail.com,455-574-6966,2025-05-02,Port Shelbyton,PA,U.S.A.
CUST-002165,Kevin,Johnson,kevin.johnson377@yahoo.com,735-956-9192,2024-09-27,North Michael,MI,US
CUST-001859,Alyssa,  Turner,alyssa.turner381@yahoo.com,990-867-2331,2026-08-05,West Elizabethhaven,GA,USA
CUST-002759,Sandra,Hill,sandra.hill620@gmail.com,032-977-4443,2025-09-08,Port Jennifer,NY,United States
CUST-000328,Mary,Adkins,mary.adkins415@yahoo.com,449-485-6257,2025-11-02,New Melissa,MI,United States
CUST-001075,Kristen,Ward,kristen.ward445@hotmail.com,517-774-1274,2025-12-26,Guzmanland,NC,United States
CUST-001412,Michael,Briggs,michael.briggs609@yahoo.com,454-492-0548,2024-02-07,Heathermouth,CA,U.S.A.
CUST-000514,Danny,Gibson,danny.gibson361@hotmail.com,272-359-0960,2024-06-27,Kristinefort,AZ,United States
CUST-000578,Melissa,Solis,melissa.solis308_at_yahoo.com,661-912-8411,2026-04-24,Hallside,PA,United States
CUST-002382,Valerie,Hansen,valerie.hansen481@gmail.com,994-951-6599,03/27/2025,Lake Jasmineshire,AZ,United States
CUST-001693,  Leslie,Massey,leslie.massey517@hotmail.com,398-622-1405,2026-02-12,East Nancyside,NY,United States
CUST-002867,Tommy,Russell,tommy.russell136@hotmail.com,338-417-8760,2024-12-14,New Trevor,GA,US
CUST-000857,Regina,Eaton,regina.eaton609@yahoo.com,194-588-7071,2026-08-15,Markport,AZ,US
CUST-000218,Daniel,Glover,daniel.glover446@gmail.com,178-078-2357,2025-08-07,,CA,United States
CUST-001596,Seth,Sanders,seth.sanders291@yahoo.com,522-898-9074,2024-06-12,Port Louis,NY,United States
CUST-000185,Christian,Brown,christian.brown730@yahoo.com,566-139-0604,2024-02-26,West Amberberg,WA,US
CUST-000170,Crystal,Williams,crystal.williams580@hotmail.com,814-743-5031,"December 12, 2024",Lake Ryan,TX,US
CUST-001623,Kaitlyn, Fuller ,kaitlyn.fuller132@gmail.com,183-436-9531,2026-02-03,Lake Deniseburgh,TX,United States
CUST-002317,Gary,Cervantes,gary.cervantes623@yahoo.com,887-924-4940,2025-08-27,Lake Savannah,FL,United States
CUST-000995,Keith,Mcmahon,keith.mcmahon643_at_hotmail.com,544-979-1279,2026-06-08,Smithshire,AZ,United States
CUST-002926,Joe,Garcia,joe.garcia680@yahoo.com,189-011-2036,2025-01-17,Browningland,AZ,US
CUST-000626,Alexandra,Franco,alexandra.franco699@gmail.com,074-645-2059,2025-07-24,Savageview,TX,United States
CUST-000718,Raymond, Pugh ,raymond.pugh859@hotmail.com,323-035-8929,2024-07-30,Port Amandaside,NY,U.S.A.
CUST-001468,Lori,Henderson,lori.henderson923@yahoo.com,401-632-9573,2025-12-01,Hunterborough,GA,United States
CUST-001964,Barbara,Davis,barbara.davis249@hotmail.com   ,180-525-7959,2024-04-19,,PA,USA
CUST-002095,Tammy, Hutchinson ,tammy.hutchinson167@gmail.com,506-324-0510,2024-10-24,South Michael,CA,United States
CUST-000918,Michelle,Sharp,michelle.sharp426@gmail.com,529-113-7178,2025-02-16,Briantown,NY,United States
CUST-000979,Jessica,Sampson,jessica.sampson192@gmail.com,367-500-9421,2024-11-26,Stephanieland,PA,United States
CUST-000612,Eric,Rogers,eric.rogers597@yahoo.com,815-061-8538,2025-11-18,Lake Courtneybury,MI,United States
CUST-002329,Corey,Mcdonald,corey.mcdonald407,428-326-7011,2026-01-25,Griffinville,MI,United States
CUST-002062,Wayne,Clements,wayne.clements595@gmail,372-544-2253,2024-07-15,Darrylmouth,MI,United States
CUST-000976,Stefanie,Hansen,stefanie.hansen518@gmail.com,957-443-0349,2024-12-01,Lake Patriciashire,AZ,United States
CUST-000147,Anna,Carrillo,anna.carrillo404@yahoo.com,779-071-4163,2025-12-05,Port Leslie,AZ,United States
CUST-001284,Amanda,Martin,amanda.martin476@yahoo.com,127-267-0866,2026-06-24,Donovanfurt,CA,United States
CUST-001646,Krystal,Travis,krystal.travis463@yahoo.com,818-981-0617,2025-07-04,Lake Lauren,wa,USA
CUST-002695,Laurie,Duarte,laurie.duarte403@gmail.com,,2026-08-31,Port Nicoletown,IL,US
CUST-000951,Connie,Williams,connie.williams922@gmail.com,273-008-6966,2025-07-03,North Darrylfurt,PA,United States
CUST-000233,Deborah,Thomas,deborah.thomas418@yahoo.com,621-267-9692,2023-12-06,Hicksside,PA,United States
CUST-002277,Mitchell,Delgado   ,mitchell.delgado235@yahoo.com,765-766-6476,2024-05-02,New Michaeltown,CA,United States
CUST-001691,Jennifer,Quinn,jennifer.quinn34_at_yahoo.com,668-290-5256,2026-02-16,Tiffanyshire,FL,US
CUST-001863,Dylan,Harrington,dylan.harrington721@hotmail.com,193-252-8267,2026-07-13,East Oscarbury,NC,USA
CUST-001359,April,Velasquez,april.velasquez333@hotmail.com,990-027-7291,02/21/2024,Port Zacharymouth,PA,U.S.A.
CUST-002334,Wendy,Santos,wendy.santos641@yahoo.com,440-583-5501,2024-03-14,Orrmouth,NC,United States
CUST-000785,Steven,Nolan,steven.nolan580@yahoo.com,226-602-5626,29-Jun-2026,Alexisburgh,IL,United States
CUST-000022,Candice,Carr,candice.carr629@hotmail.com,155-792-4991,2026-01-24,,GA,United States
CUST-000383,Anthony,Reynolds,anthony.reynolds21@gmail.com,954-317-3505,2025-12-27,North Kimberly,AZ,United States
CUST-002366,Kathryn,Landry,kathryn.landry161@yahoo.com,076-557-3748,2025-03-07,Jessicaberg,FL,US
CUST-001524,Joshua,Murphy,joshua.murphy176@gmail.com,835-999-4004,2025-07-05,North Jessicaside,IL,United States
CUST-002774,Jason,Evans,jason.evans55@yahoo.com,561-961-7650,2026-08-01,North Leah,AZ,United States
CUST-001231,Mark,  Mckinney,mark.mckinney975@yahoo.com,828-190-2217,2025-12-09,Simonland,MI,United States
CUST-001124,Samuel,Elliott,samuel.elliott696@yahoo.com,669-861-6342,2024-04-17,East Matthewstad,FL,United States
CUST-000058,Diane,Adams,diane.adams546@hotmail.com,039-652-2395,2026-04-23,Robintown,NY,US
CUST-000442,Caroline,Schneider,caroline.schneider575@yahoo.com,,2023-11-09,West Joyborough,AZ,United States
CUST-000897,Jessica,Sutton,jessica.sutton752@gmail.com,341-903-1061,2024-06-10,Jamieberg,NY,United States
CUST-000372,Kristen,Torres,kristen.torres414@yahoo.com,718-325-8238,2024-08-02,Aliside,MI,United States
CUST-000687,Jason,  Freeman,jason.freeman199@hotmail.com,096-173-9970,2024-08-11,Karenview,WA,USA
CUST-002633,Catherine,Snow,catherine.snow834@yahoo.com,161-195-4062,2024-12-07,Hunttown,WA,United States
CUST-001458,Angela,Turner,angela.turner118@hotmail.com,962-683-8488,2025-03-15,Jenkinshaven,IL,United States
CUST-000675,Veronica,Robles,veronica.robles128@yahoo.com,819-523-7100,2025-04-18,Camachofort,IL,United States
CUST-001898, Edgar ,Gonzalez,edgar.gonzalez101@hotmail.com,854-033-6999,2023-11-12,Davidside,PA,United States
CUST-002206,Megan,Buchanan,megan.buchanan492@yahoo.com,032-381-2817,2024-08-19,Port Morganshire,WA,United States
CUST-002718,Lisa,Elliott,lisa.elliott367@gmail.com,046-035-6089,2025-12-17,Clayfurt,GA,United States
CUST-001182,Katie,Cohen,katie.cohen290@gmail.com,953-774-9266,2024-04-16,East Stacey,IL,US
CUST-002640,Kristen, Freeman ,kristen.freeman742@yahoo.com,957-238-1612,2025-05-27,North John,NY,USA
CUST-002714,Louis,Myers,louis.myers922@yahoo.com,166-296-5863,2026-01-03,Chaseton,AZ,USA
CUST-001202,Vicki,Short,vicki.short691@gmail.com,665-686-2959,2025-12-24,East Marioborough,NC,US
CUST-001027,Katherine,Hayes,katherine.hayes78@yahoo.com,883-978-5708,2024-08-26,,IL,USA
CUST-000660,Miranda,Stevens,miranda.stevens335@gmail.com,,2023-12-14,Michaeltown,GA,US
CUST-000633,Amber,Hopkins,amber.hopkins87@gmail.com,921-342-4912,2025-09-12,Riverashire,PA,USA
CUST-002549,Johnny,Anderson,johnny.anderson15@yahoo.com,097-962-9145,2024-10-08,Hayeschester,GA,United States
CUST-002683,Danielle,Velez,danielle.velez481@hotmail.com,112-946-4031,2024-12-07,New Ericmouth,MI,U.S.A.
CUST-000671,Wayne,Patel,wayne.patel118_at_gmail.com,677-472-2640,2026-03-01,Kathrynburgh,TX,USA
CUST-001827,Richard,Ellis,richard.ellis909@hotmail.com,872-461-6303,2025-01-30,Johnbury,FL,United States
CUST-002606,Kelly,Davidson,kelly.davidson898@hotmail.com,864-594-7800,2023-11-03,Cervantesshire,IL,United States
CUST-002925,Cynthia,Petersen,cynthia.petersen706@hotmail.com,477-392-0244,2026-01-10,Alexanderfort,TX,USA
CUST-002990,Amanda,Noble   ,amanda.noble834@yahoo.com,958-769-5591,2025-06-07,South Zachary,TX,United States
CUST-000333,Brooke,Smith,brooke.smith674@gmail.com,975-923-0450,2023-12-20,New Stephaniefurt,WA,USA
CUST-001928,Zachary,Miller,zachary.miller443@yahoo.com,990-803-5862,2023-11-26,Jessicastad,OH,United States
CUST-002945,Donald,Brown,donald.brown741@yahoo.com,772-596-1159,2025-06-10,Gloriabury,MI,United States
CUST-002852,Tiffany,Carter,tiffany.carter833@yahoo.com,540-691-4387,2026-07-26,Ruizside,CA,USA
CUST-002343,Victor,Good,victor.good773@gmail.com,993-357-0240,2026-04-18,New Wesley,AZ,United States
CUST-000639,Catherine,Johnson,catherine.johnson217@yahoo.com,760-440-9079,2025-11-23,Henryfort,NY,United States
CUST-000799,Heather,Kelley,heather.kelley670@gmail.com,372-143-3080,2024-04-30,Lake Meganbury,NY,United States
CUST-002589,Wesley,Brown,wesley.brown247@yahoo.com,820-727-1263,2024-11-22,West Antonio,NY,United States
CUST-000189,James,Cooper,james.cooper87@hotmail.com,042-597-9270,2023-12-04,East Gina,AZ,United States
CUST-002045,Brian,French,brian.french153@gmail.com,145-968-8910,2023-11-13,Schultzshire,CA,United States
CUST-001068,Michelle,Chapman,michelle.chapman45@hotmail.com,100-307-6205,2024-10-02,Sherryshire,PA,United States
CUST-001116,Robert,Smith,robert.smith103@gmail.com,568-566-7063,2026-09-05,Spearsland,WA,United States
CUST-002048,Mary,Nelson,mary.nelson152@hotmail.com,544-950-6095,2025-02-12,South Mariamouth,NY,United States
CUST-000832,Janet,Waters,janet.waters433@hotmail.com,054-647-5489,2025-02-15,Samanthafort,NC,United States
CUST-002562,Michael,Cruz,michael.cruz107@gmail.com,594-156-7117,2024-09-11,Floresshire,IL,United States
CUST-000375,Cheryl,Bernard,cheryl.bernard551@yahoo.com,547-435-5379,2024-03-29,Allenberg,NC,USA
CUST-002000,Taylor,Castro,taylor.castro717@gmail.com,253-251-2180,2023-10-01,Port Gabriel,WA,United States
CUST-001682,Shane,Robinson,shane.robinson275@gmail.com,744-577-6262,2025-03-09,Sanchezfurt,OH,United States
CUST-002050,Elizabeth,Barrett,elizabeth.barrett334@yahoo.com,957-762-5384,2024-06-03,Sullivanfurt,GA,US
CUST-000805,Alexander,Gallegos,alexander.gallegos6@yahoo.com,376-576-9277,2026-04-19,Laurabury,IL,United States
CUST-000581,Jessica,Glass,jessica.glass99@hotmail.com,037-199-0516,2024-09-04,New Timothyberg,CA,United States
CUST-001352,Mark,Peterson,mark.peterson25@hotmail.com,870-179-9932,2026-07-17,Heiditon,WA,USA
CUST-000306,Ashley,Stokes,ashley.stokes649@gmail.com,357-852-9456,2025-06-24,South Cynthia,PA,United States
CUST-002128,Tonya,Payne,tonya.payne16@hotmail.com,010-558-3911,23-May-2026,West Maureenburgh,MI,United States
CUST-002485,Joseph,Olson,joseph.olson580@yahoo.com,604-678-2036,2026-08-13,South Heatherville,CA,United States
CUST-000938,Travis,Foster,travis.foster918@yahoo.com,081-126-0030,2024-03-08,West Peter,MI,USA
CUST-000674,Stephen,Sharp,stephen.sharp909@gmail.com,273-524-1039,2026-02-16,Stevensmouth,IL,United States
CUST-002847,Julie,Jones,  julie.jones241@yahoo.com,399-925-7099,2023-12-09,New Ryan,PA,US
CUST-000247,Chelsey,White,chelsey.white586@yahoo.com,128-639-1741,2026-02-09,North Chadview,OH,United States
CUST-000346,Jessica,Harrison,jessica.harrison979@yahoo.com,383-959-7246,2026-06-23,Whitakerstad,FL,US
CUST-001620,Erica,Cummings,erica.cummings243@yahoo.com,312-343-8880,2025-04-02,Wayneland,WA,United States
CUST-002621,Daniel,Powers,daniel.powers274@yahoo.com,383-181-7203,2025-09-02,Theodorefurt,TX,United States
CUST-002412,Andrea,Dunn,andrea.dunn473@gmail.com,209-966-7637,2024-07-11,North James,OH,USA
CUST-001381,Robert,Duarte,robert.duarte436@gmail.com,360-667-9986,2024-12-21,Brendaberg,OH,US
CUST-000197,Theresa,Thomas,theresa.thomas478@hotmail.com,251-881-2520,2024-03-19,Nicolechester,OH,United States
CUST-001994,Daisy,Morgan,daisy.morgan434@yahoo.com,130-494-8414,2025-08-16,Lake Janice,NY,United States
CUST-001919,John,Watson,john.watson712@hotmail.com,416-019-9198,2025-04-21,Angelahaven,GA,United States
CUST-002296,Ronnie,Morgan,ronnie.morgan851@hotmail.com,393-929-4270,2026-05-25,North Michael,NY,United States
CUST-001542,Brandon,Davis,brandon.davis250@hotmail.com,019-333-5937,12/19/2023,Millerton,OH,USA
CUST-002147,Karl,Lara,karl.lara195@gmail.com,714-732-0431,2026-02-03,South Julian,CA,United States
CUST-002081,Brenda,Robinson,brenda.robinson664@hotmail.com,088-426-7233,2024-11-03,Lake Lisafurt,PA,United States
CUST-002743,Tommy,Sampson,tommy.sampson31@gmail.com,373-142-1756,2024-12-27,West Timothy,mi,US
CUST-002750,Bruce,Ward,bruce.ward228@yahoo.com,748-084-3714,2023-12-28,,CA,United States
CUST-002710,Laura,Rodriguez,laura.rodriguez456@gmail.com,,2024-01-05,Kristenton,TX,United States
CUST-000071,Paul,Mills,paul.mills276@hotmail.com,793-741-6089,2025-04-18,North Stacy,IL,United States
CUST-000672,Frances   ,Garcia,frances.garcia505@hotmail.com,666-309-3299,2026-08-21,New Ashleychester,IL,United States
CUST-001781,Sylvia,Conway,sylvia.conway521@hotmail.com,053-764-2550,2026-04-18,Hawkinschester,GA,United States
CUST-002893,Julia,Ball,julia.ball518@gmail.com,496-737-1967,2024-01-27,,NY,USA
CUST-000169,Theresa,Espinoza,theresa.espinoza635@yahoo.com,730-371-8376,2026-05-04,Sharonburgh,TX,USA
CUST-001899,Mason,Cannon,mason.cannon544@hotmail.com,231-265-3273,05-Jun-2025,Heathermouth,OH,USA
CUST-000668,Tammy,Welch,tammy.welch77@hotmail.com,513-854-4577,2024-07-23,East Colleenburgh,AZ,US
CUST-000269,Zachary,Kent,zachary.kent756@yahoo.com,016-579-0552,2025-02-14,New Jennaborough,PA,United States
CUST-000604,Molly,Bass,molly.bass930@gmail.com,212-886-6526,2026-06-21,Lake Kelly,OH,United States
CUST-002231,Jason,Taylor,jason.taylor729@gmail.com,231-154-1119,2024-03-18,Lake Derrickfurt,IL,United States
CUST-000965,Jessica,Mills,jessica.mills359@gmail.com,192-596-7908,2024-09-12,Joeside,CA,United States
CUST-000599,Jennifer,Harmon,jennifer.harmon616@hotmail.com,536-902-6113,2025-04-24,Ryanville,NY,United States
CUST-000928,Kelly,Chung,kelly.chung492@hotmail.com,,2026-02-18,Port Jeremiahville,MI,U.S.A.
CUST-002837,Emily,Solomon,emily.solomon684@hotmail.com,439-656-8872,2025-01-16,East Pamelaview,WA,United States
CUST-001615,Alexandra,Crawford,alexandra.crawford295@hotmail.com,385-545-1460,2025-04-12,New Jesseville,OH,United States
CUST-001245,Robert,Peck,robert.peck573,144-471-8939,2026-02-27,Lauratown,TX,United States
CUST-000108,Tara,Chavez,tara.chavez26@gmail.com,269-848-5833,2024-07-29,New Jennifer,ga,USA
CUST-002142,Joe,Stewart,joe.stewart129@hotmail.com,508-143-2298,2024-09-06,Nolanchester,OH,United States
CUST-000245,  Melissa,Anderson,melissa.anderson96@hotmail.com,921-244-7174,2025-12-21,Schwartzmouth,PA,United States
CUST-000711,Christopher,Mcneil,christopher.mcneil438@gmail.com   ,776-872-9047,2024-04-03,Lamview,GA,United States
CUST-002891,Kimberly,Phelps,kimberly.phelps383@hotmail.com,723-063-6578,2025-08-04,South Heidi,AZ,U.S.A.
CUST-002024,Jacob,Valentine,jacob.valentine660@gmail.com,487-493-9166,2025-11-02,,NY,United States
CUST-000569,Jack,Cardenas,jack.cardenas297@hotmail.com,328-837-7441,2025-11-08,Richardsonview,IL,United States
CUST-001757,Amy,Singleton,amy.singleton124@yahoo.com,804-186-9303,2025-01-09,South Megan,AZ,U.S.A.
CUST-000934,Mary,Warren,mary.warren402@gmail.com,365-774-4916,2026-01-27,New Erinfurt,AZ,United States
CUST-002736,William,Santos,william.santos371@yahoo.com,896-006-6881,2025-06-12,South Brianna,OH,United States
CUST-002581,David,Powell,david.powell977@hotmail.com,762-295-7947,2025-05-30,Michaelside,AZ,US
CUST-000690,Lynn,Lee,lynn.lee883@gmail.com,334-845-8714,2025-09-29,New Emily,OH,United States
CUST-000194,Matthew,Long,matthew.long5@gmail.com,055-543-8404,2025-09-29,Zamoratown,GA,U.S.A.
CUST-001854,Cathy,Wilson,cathy.wilson660@hotmail.com,162-506-9893,2026-06-01,Karenfurt,FL,United States
CUST-002639,Derek,Chung,derek.chung916@yahoo.com,309-558-7799,2026-05-25,South Kenneth,PA,USA
CUST-001589,Jimmy,Tran,jimmy.tran128@hotmail.com   ,104-802-8354,2026-01-17,West Amyburgh,MI,United States
CUST-002310,Harold,Hansen,harold.hansen556@gmail.com,093-524-3922,2023-12-28,Antonioport,IL,United States
CUST-002602,Scott,Perez,scott.perez833,087-143-9039,2025-05-14,New Patriciaberg,NY,United States
CUST-001310,Jacob,Ramos,jacob.ramos557@gmail.com,485-726-0292,06-Nov-2023,Jordanfurt,NC,US
CUST-002635,Edgar,Mckenzie,edgar.mckenzie128@gmail.com,331-256-7725,2026-07-19,Port Hannahborough,AZ,United States
CUST-001092,Richard,Oliver,richard.oliver578@gmail.com,541-201-2275,2025-07-17,Monicaton,MI,United States
CUST-000065,Tanya,Wilkerson,tanya.wilkerson677@yahoo,658-617-9327,2026-06-29,Port Meganport,TX,United States
CUST-002250,Jacob,Summers,jacob.summers219@yahoo.com,100-260-7721,2025-11-18,Jamesview,MI,USA
CUST-001072,Kristen,Rice,kristen.rice122@hotmail.com,688-891-7879,2025-11-13,West Anthonyshire,NC,USA
CUST-002562,Michael,Cruz,michael.cruz107@gmail.com,594-156-7117,2024-09-11,Floresshire,IL,United States
CUST-001736,Steven,Mcknight,steven.mcknight815@hotmail.com,011-547-7349,2024-10-07,Johnland,IL,United States
CUST-000616,Tara,Nguyen,tara.nguyen340,612-751-5627,2024-09-27,Burkebury,NY,United States
CUST-001900,Lisa,Mitchell,lisa.mitchell644@yahoo.com,249-032-2347,2025-03-24,Joneschester,WA,United States
CUST-002393,Courtney,Mooney,courtney.mooney398@hotmail.com,319-630-5270,11/27/2024,Jeannefurt,AZ,US
CUST-002787,Bryan,Johnston,bryan.johnston684@hotmail.com,,2023-09-11,Munozbury,PA,US
CUST-001142,Elizabeth,Perez,elizabeth.perez896@hotmail.com,418-520-1362,"October 05, 2025",Guerrerohaven,WA,USA
CUST-001778,Andrew   ,Morales,andrew.morales280@hotmail.com,069-430-6952,2024-01-03,West Samuel,FL,USA
CUST-001007,Lisa,Fitzgerald,lisa.fitzgerald454@gmail.com,399-529-7013,2024-03-17,Wilsonview,TX,United States
CUST-001897,Denise,Davis,denise.davis10@hotmail.com,776-135-0078,2025-07-16,South Brandy,CA,United States
CUST-001920,Scott,Galvan,scott.galvan760@gmail.com   ,708-671-5207,2025-10-26,Bankston,NC,United States
CUST-001875,Mark,Rivera,mark.rivera762,005-108-1948,2024-08-22,Jenniferberg,FL,United States
CUST-002509,Christopher,Thompson,christopher.thompson856@yahoo,341-839-9557,2026-07-29,East Rebeccaberg,PA,United States
CUST-001071,Bobby,Gilbert,bobby.gilbert478@yahoo.com,836-683-4826,2025-05-25,Mooremouth,MI,United States
CUST-001987,Edwin,Rowe,edwin.rowe990@gmail.com,869-742-1736,2024-12-16,New Michael,PA,United States
CUST-000292,Briana,Gonzalez,briana.gonzalez516@hotmail.com,501-249-5528,2024-05-21,New Ashley,TX,United States
CUST-001112,Jeffery,Anderson,jeffery.anderson736@hotmail.com   ,775-213-5302,2024-05-02,South Matthewton,WA,United States
CUST-000648,Brenda,Watson,brenda.watson969@yahoo.com,905-150-2675,2024-11-01,Deborahville,WA,United States
CUST-001346,Jennifer,Mendez,jennifer.mendez166@gmail.com,193-353-8922,2023-09-27,West Mary,AZ,United States
CUST-000034,Kevin,Lyons,kevin.lyons91@gmail.com,611-037-1293,2026-08-25,Smithmouth,PA,United States
CUST-002844,Travis,Adams,travis.adams757@gmail.com,163-790-5848,2025-06-09,New Daniel,CA,United States
CUST-000853,Aaron,Murray,aaron.murray658_at_yahoo.com,688-687-8599,2024-01-28,Waltonhaven,IL,U.S.A.
CUST-002590,Elizabeth,Douglas,elizabeth.douglas17@gmail.com,781-326-7273,2026-06-05,East Natalie,PA,United States
CUST-002636,April,Cooper,april.cooper473@yahoo.com,162-714-1342,2024-07-02,Delgadofort,AZ,US
CUST-002938,Susan,Holden,susan.holden77@gmail.com,308-048-0886,2025-08-29,North Gabrielstad,TX,United States
CUST-002207,Karen,Gomez,karen.gomez713@yahoo.com,752-112-7596,2024-03-12,Port Melissa,GA,United States
CUST-001281,James,Strong,james.strong815@hotmail.com   ,615-120-4850,2026-08-27,Mosschester,OH,United States
CUST-000263,Antonio,Carroll,antonio.carroll668@yahoo.com,217-762-5349,2026-07-18,Port Laura,TX,United States
CUST-000488,Nicole,Roth,nicole.roth2@hotmail.com,931-216-3761,2024-11-12,Lake Karen,FL,United States
CUST-002450,Rhonda,Hill,rhonda.hill622@gmail.com,893-544-0711,2025-06-14,Lake Stevenburgh,MI,USA
CUST-000727,Bobby,Rodriguez,bobby.rodriguez651@hotmail.com,191-135-9966,05-Sep-2025,West Deborahmouth,MI,US
CUST-000408,Julia,Price, julia.price388@gmail.com ,234-672-9949,2026-05-18,New Jennifer,TX,US
CUST-002069,Latoya,Turner,latoya.turner125@yahoo.com,499-758-5861,2025-05-16,Port Sarahhaven,PA,US
CUST-000903,Lisa, Todd ,lisa.todd617@hotmail.com,899-827-8020,2023-11-15,Kaylaside,GA,United States
CUST-002536,Olivia,Cannon,  olivia.cannon377@hotmail.com,598-677-7055,23-Jul-2026,Zacharyshire,FL,United States
CUST-001545,Debra,Harrison,debra.harrison745@hotmail.com,145-647-4370,2024-01-28,New Kennethstad,PA,US
CUST-000913,Maria,Wheeler,maria.wheeler997@hotmail.com,937-629-7454,2026-02-13,Lake Lauren,GA,United States
CUST-002328,Gregory,Wolfe,gregory.wolfe662@hotmail.com,,2025-11-13,North Jeffrey,IL,US
CUST-001611,Elizabeth,Montes,elizabeth.montes835@gmail.com,380-162-5851,2023-10-23,Benjaminberg,FL,USA
CUST-001004,Sara,Francis,sara.francis689@gmail.com,,2026-02-06,South Debra,IL,United States
CUST-001230,Peter,Fitzgerald,peter.fitzgerald105@hotmail.com,849-979-5728,2024-09-19,Madisonfort,FL,United States
CUST-001435,Ian,Cole,ian.cole300@hotmail.com,223-984-7422,2026-01-30,Raymondmouth,AZ,United States
CUST-002991,Jeremy,Crawford,jeremy.crawford905@gmail.com,731-835-9412,2024-04-06,,PA,United States
CUST-001533,Scott,Williams,scott.williams319@yahoo.com,527-613-6814,2025-01-03,East Michaeltown,WA,United States
