order_id,customer_id,order_date,order_status,channel,shipping_city,shipping_state
ORD-0007697,CUST-001134,2026-07-08,Placed,Web,South Tamara,NY
ORD-0007784,CUST-000461,2024-07-04,Shipped,Mobile App,East Sarah,IL
ORD-0005626,CUST-001336,2026-07-14,Delivered,Web,Murphyburgh,OH
ORD-0009020,CUST-002499,2026-04-17,Delivered,Mobile App,Novakbury,CA
ORD-0011707,CUST-001034,2026-05-18,Cancelled,Web,Guerraton,NC
ORD-0007199,CUST-001362,2026-04-13,Processing,Mobile App,Silvamouth,IL
ORD-0009595,CUST-001546,2026-08-08,Delivered,In-Store,,MI
ORD-0008636,CUST-000487,2024-02-11,Placed,Web,North Daniel,NC
ORD-0005628,CUST-002614,2025-09-09,Delivered,Web,West Roberthaven,MI
ORD-0008119,CUST-002026,2026-05-25,Cancelled,Mobile App,Hunthaven,PA
ORD-0002145,CUST-000854,2025-10-11,Placed,Marketplace,,AZ
ORD-0000300,CUST-002501,2026-08-11,Shipped,In-Store,Port Robert,PA
ORD-0009906,CUST-001868,2026-08-15,Shipped,Mobile App,Port Daniel,IL
ORD-0004487,CUST-002755,2025-11-14,Delivered,Web,Becktown,TX
ORD-0004174,,2026-02-12,Shipped,Marketplace,Kylemouth,FL
ORD-0000276,CUST-002357,2026-08-07,Shipped,Mobile App,East Kimberlybury,IL
ORD-0009112,CUST-000259,2026-02-19,Returned,Web,Bennettshire,MI
ORD-0009492,CUST-000231,2026-01-28,Cancelled,Web,Lake Donna,TX
ORD-0009885,CUST-001481,2024-07-01,Shipped,Web,Skinnerton,NC
ORD-0003962,CUST-000965,2024-09-29,Delivered,Web,Stoneland,NY
ORD-0010310,CUST-002027,2025-10-09,Placed,In-Store,Melissaborough,IL
ORD-0003964,CUST-002589,2026-05-05,Delivered,Mobile App,South Melanieland,IL
ORD-0008900,CUST-000502,2025-04-11,Placed,In-Store,Kristenstad,AZ
ORD-0005542,CUST-000295,07/11/2026,Cancelled,Mobile App,Wandaburgh,CA
ORD-0008078,CUST-002692,2026-05-15,Returned,Web,East Margaret,PA
ORD-0001083,CUST-948192,2026-08-17,Placed,Web,Kaitlynhaven,MI
ORD-0006585,CUST-000332,2026-04-02,Placed,Web,North Kimberlyshire,NC
ORD-0007201,CUST-000158,2025-07-06,Processing,Web,Ponceborough,WA
ORD-0006186,CUST-001163,2026-03-25,Placed,In-Store,Leeside,MI
ORD-0006045,CUST-000186,2026-06-27,Shipped,Marketplace,Danielport,AZ
ORD-0000894,CUST-000839,2025-11-16,Processing,Web,Port Alison,WA
ORD-0000389,CUST-001141,2026-08-08,Returned,Web,South Elijah,PA
ORD-0007185,CUST-000781,2025-04-05,Delivered,Marketplace,Davisshire,WA
ORD-0009483,CUST-000603,2026-06-13,Shipped,In-Store,West Joseph,IL
ORD-0002873,CUST-001329,2026-02-12,Shipped,Web,North Jessicafort,IL
ORD-0009220,CUST-002607,2026-08-01,Shipped,Web,South Hollyside,NY
ORD-0010465,CUST-000758,17-Dec-2025,Cancelled,Mobile App,West Haleyfurt,FL
ORD-0005924,CUST-001648,2026-02-13,Shipped,Web,Ruizstad,FL
ORD-0002294,CUST-001153,2025-09-10,Shipped,Web,Port Rachel,PA
ORD-0009529,CUST-001064,2024-01-16,Cancelled,Mobile App,Port Leahtown,MI
ORD-0004575,CUST-002899,2026-08-31,Shipped,Mobile App,South Elizabethtown,PA
ORD-0005144,CUST-001124,2025-04-24,Delivered,Marketplace,New Troy,NY
ORD-0011127,CUST-000348,2026-07-12,Delivered,Marketplace,,GA
ORD-0004010,CUST-001385,2026-08-18,Delivered,Web,Smithside,WA
ORD-0003358,CUST-000411,2025-12-03,Shipped,Mobile App,Heatherville,IL
ORD-0011865,CUST-002512,2024-12-15,Processing,Mobile App,North Timothyfurt,OH
ORD-0010184,CUST-001789,2025-08-16,Delivered,Mobile App,Port Angelaside,NC
ORD-0004706,CUST-001496,2025-03-31,Shipped,Mobile App,Jessicafurt,GA
ORD-0005039,CUST-000157,2025-05-19,Processing,Marketplace,Robinstad,IL
ORD-0001286,CUST-002754,2026-08-30,Processing,Web,Port Daleberg,GA
ORD-0000297,CUST-001729,2025-08-30,Placed,Web,Chenport,IL
ORD-0004099,CUST-002483,2024-07-04,Shipped,Web,Brendatown,AZ
ORD-0008632,CUST-002980,2025-01-19,Placed,Web,East Mark,MI
ORD-0003800,CUST-000477,2026-04-21,Placed,Web,Stephenfurt,FL
ORD-0004001,CUST-001830,2026-08-21,Delivered,Web,New Jorge,GA
ORD-0002878,CUST-000173,2026-07-08,cANCELLED,Mobile App,Michaelchester,WA
ORD-0000187,CUST-000870,2025-12-17,Delivered,Web,Wardberg,WA
ORD-0004324,CUST-001424,2024-11-14,dELIVERED,In-Store,West Kennethville,WA
ORD-0009742,CUST-001827,2025-12-26,Processing,Web,Nelsonmouth,AZ
ORD-0003595,CUST-002782,2026-07-01,Delivered,Mobile App,East Gregory,AZ
ORD-0001952,CUST-000096,2026-08-30,Processing,Web,South Daniel,WA
ORD-0001113,CUST-000509,2026-04-09,delivered,Mobile App,Edwardtown,GA
ORD-0009993,CUST-001212,2026-01-15,Delivered,Web,East Sabrina,TX
ORD-0009667,CUST-998149,2026-07-27,Delivered,In-Store,,IL
ORD-0006842,CUST-001125,2025-05-01,Delivered,Mobile App,Whitemouth,TX
ORD-0001704,CUST-001905,2025-10-09,Cancelled,Mobile App,Port Jasonport,WA
ORD-0002995,CUST-001440,2026-05-15,Placed,Web,Vanessafurt,IL
ORD-0004917,CUST-000462,2026-04-06,Delivered,Web,South Omar,WA
ORD-0002547,CUST-002988,2024-12-25,Placed,Web,West Glendashire,PA
ORD-0011660,CUST-000455,2026-07-01,Returned,Mobile App,Dunnland,NY
ORD-0001385,CUST-002405,2026-06-26,Placed,Mobile App,Port Amanda,CA
ORD-0003229,CUST-001425,2026-08-03,Processing,Mobile App,Douglasport,PA
ORD-0006230,CUST-000959,2026-07-05,Placed,Marketplace,Samuelburgh,PA
ORD-0001063,CUST-000324,2026-05-16,Delivered,Web,Carrilloberg,OH
ORD-0006165,,2026-07-06,Cancelled,Web,Jameshaven,WA
ORD-0000376,CUST-002271,2025-10-28,Delivered,Mobile App,East Davidchester,NY
ORD-0011511,CUST-001415,2026-02-06,Returned,Mobile App,Peterside,NY
ORD-0008939,CUST-001962,2026-08-31,Processing,In-Store,Janetfurt,FL
ORD-0001257,CUST-002475,2026-05-10,Shipped,Mobile App,South Sheila,OH
ORD-0007860,CUST-002677,2026-05-28,Delivered,Web,North Luischester,NC
ORD-0004225,CUST-000526,2024-03-22,Processing,Web,East Natalieland,NC
ORD-0007046,CUST-002574,2026-05-20,Shipped,Mobile App,Johnathanside,PA
ORD-0000975,CUST-000982,2026-06-30,Placed,Web,New Lindabury,TX
ORD-0001190,CUST-001538,2025-06-22,Delivered,Marketplace,Cookville,IL
ORD-0009380,,2025-07-02,Returned,Web,Millerborough,TX
ORD-0006179,CUST-001198,2026-06-17,Cancelled,Mobile App,Williamsville,NY
ORD-0011956,CUST-001466,2026-08-04,Processing,Marketplace,West Andrea,WA
ORD-0008382,CUST-000803,2026-07-07,pLACED,Web,South Kristina,AZ
ORD-0006696,CUST-001995,2024-03-29,Shipped,Mobile App,Lynnmouth,PA
ORD-0008489,CUST-001712,2026-07-02,Delivered,Mobile App,Jaredmouth,AZ
ORD-0001312,CUST-000707,2025-11-11,Delivered,In-Store,Carrieborough,AZ
ORD-0005786,CUST-002636,2025-12-10,Placed,Web,Davidside,NC
ORD-0008158,CUST-002254,2024-12-21,Processing,Mobile App,Christopherborough,FL
ORD-0002120,CUST-000500,2026-05-20,Cancelled,Mobile App,Port Julie,AZ
ORD-0009138,CUST-000992,2024-10-09,Delivered,Web,South Davidberg,PA
ORD-0010880,CUST-000958,06/14/2025,Delivered,Web,East Angela,NY
ORD-0006527,CUST-002429,2026-03-17,Placed,Web,Matamouth,FL
ORD-0008125,CUST-002347,2025-05-20,Delivered,Web,Lake Daniel,OH
ORD-0003514,CUST-000601,2026-08-27,Processing,Mobile App,Donnahaven,PA
ORD-0009902,CUST-002863,2026-09-02,Placed,Mobile App,East Timothyfort,NY
ORD-0010101,CUST-002101,2025-10-16,Delivered,Web,West Isaac,FL
ORD-0007332,CUST-002407,2026-08-14,Cancelled,Marketplace,New Tinamouth,GA
ORD-0003983,CUST-000761,2026-07-07,Cancelled,Web,Johnsonville,GA
ORD-0000474,CUST-002616,2026-03-08,Cancelled,Mobile App,North Joshua,GA
ORD-0009461,CUST-001534,2025-12-18,Cancelled,Mobile App,Ritaland,IL
ORD-0007200,CUST-001725,2026-08-20,Shipped,In-Store,,FL
ORD-0010190,CUST-000306,2026-03-30,Placed,Mobile App,New Peter,GA
ORD-0010937,CUST-002283,2026-08-30,Processing,Web,New Tylermouth,OH
ORD-0001500,CUST-002697,2025-12-10,Delivered,Marketplace,Norrisstad,PA
ORD-0006965,CUST-000942,2026-05-18,Shipped,Web,South Dustin,WA
ORD-0004188,CUST-002287,2024-10-18,Delivered,Marketplace,Johnsonmouth,PA
ORD-0005884,CUST-001129,2025-10-21,Delivered,Mobile App,Collinstown,NY
ORD-0007306,CUST-002613,2025-07-12,Delivered,Web,West Johnmouth,MI
ORD-0009076,CUST-002259,2025-08-23,Processing,Mobile App,West Kathleen,OH
ORD-0007800,CUST-000636,2025-12-09,Delivered,In-Store,Jesseberg,TX
ORD-0002513,CUST-000260,2026-05-14,Delivered,Web,Grosshaven,GA
ORD-0000246,CUST-000155,2025-05-23,Processing,Web,New Amber,FL
ORD-0009005,CUST-000550,2026-08-14,Shipped,Web,Mooreville,OH
ORD-0007444,CUST-002189,2025-11-12,Cancelled,Web,Turnerland,OH
ORD-0010003,CUST-002614,2026-02-18,Delivered,Mobile App,Hortonfurt,MI
ORD-0004284,CUST-002832,17-Mar-2026,Processing,Mobile App,North Ashleystad,OH
ORD-0002275,,2026-08-15,Shipped,Mobile App,Wrightberg,GA
ORD-0010912,CUST-000068,2025-01-28,Delivered,Web,Fischermouth,NY
ORD-0006895,CUST-002598,2025-01-26,Processing,Mobile App,East Dannystad,CA
ORD-0004654,CUST-000755,2026-08-11,Processing,Web,Melissafurt,NY
ORD-0007683,CUST-002013,"April 27, 2026",Delivered,Web,Walkerview,IL
ORD-0001191,CUST-000668,2026-05-12,Shipped,Mobile App,South Jillianmouth,CA
ORD-0002733,CUST-000267,2024-07-01,Processing,In-Store,Johnchester,NC
ORD-0004852,CUST-001640,2026-08-16,Delivered,In-Store,,CA
ORD-0002964,CUST-000078,2026-07-28,Processing,In-Store,East Evan,FL
ORD-0010154,CUST-002879,2025-11-30,Placed,Mobile App,East Debbie,PA
ORD-0009857,CUST-001273,2026-07-14,Delivered,Mobile App,New Meganstad,WA
ORD-0003920,CUST-000487,2024-03-03,Delivered,Web,Port Samantha,CA
ORD-0006645,CUST-002117,2025-12-29,Delivered,Mobile App,East Cynthiamouth,GA
ORD-0009924,CUST-002457,2026-08-06,Shipped,Mobile App,Melissaville,IL
ORD-0005200,CUST-001394,2026-07-18,Processing,Mobile App,Edwardschester,GA
ORD-0007677,CUST-000994,2025-10-08,sHIPPED,In-Store,North Susanland,WA
ORD-0005307,CUST-000159,2025-06-16,Processing,In-Store,Randallfort,WA
ORD-0002351,CUST-000302,2026-08-24,Processing,Mobile App,Velasquezborough,GA
ORD-0004607,CUST-002584,2026-08-13,Processing,Mobile App,Sarahshire,FL
ORD-0006376,CUST-000159,2026-04-03,Placed,Mobile App,Port Anna,IL
ORD-0003231,CUST-002428,2026-02-28,Shipped,Web,North Jason,TX
ORD-0006279,,2026-07-29,Placed,Web,North Sheliaville,WA
ORD-0008457,CUST-002790,2025-11-23,Delivered,Web,South Danielle,TX
ORD-0002284,CUST-000436,2025-11-21,Shipped,Marketplace,Powersfort,CA
ORD-0004260,CUST-002316,2026-02-17,Delivered,Web,,FL
ORD-0011678,CUST-001868,04/04/2026,Delivered,Mobile App,Lake April,AZ
ORD-0003097,CUST-001651,2026-07-05,Shipped,Mobile App,Goodmanbury,PA
ORD-0004053,CUST-001043,2026-07-23,Placed,Marketplace,Thomasshire,NY
ORD-0000698,CUST-000316,2026-03-08,Delivered,Web,South Laurafurt,MI
ORD-0001044,CUST-000564,2025-10-26,Cancelled,Marketplace,East Allenland,MI
ORD-0001783,CUST-001340,2026-08-16,Processing,Web,Port Mark,MI
ORD-0002643,CUST-001494,2026-04-23,Processing,Web,Port Christinafort,MI
ORD-0011729,CUST-002793,2026-07-22,Placed,Mobile App,New Brianna,CA
ORD-0010566,CUST-001481,2023-12-13,Delivered,In-Store,West Rachelfort,MI
ORD-0007920,CUST-002979,2026-04-09,Delivered,Mobile App,Port Tammy,PA
ORD-0005243,CUST-001503,2024-11-16,Delivered,Web,Acevedoberg,TX
ORD-0007950,CUST-000568,2024-08-28,Cancelled,Mobile App,North Shawn,IL
ORD-0003115,CUST-002546,2026-04-03,Cancelled,In-Store,Port Austin,WA
ORD-0004122,CUST-000709,2026-08-13,Placed,Mobile App,Terryberg,IL
ORD-0008501,CUST-001723,2026-02-23,Delivered,Mobile App,Summersville,WA
ORD-0004771,CUST-002860,2026-02-14,Delivered,Marketplace,Shawview,AZ
ORD-0004722,CUST-000613,2025-08-28,Delivered,Marketplace,Gordonhaven,OH
ORD-0004874,CUST-000071,2025-08-22,Placed,Mobile App,South Dennis,AZ
ORD-0001965,CUST-002728,2026-01-07,Delivered,Web,New Zacharyland,IL
ORD-0005261,CUST-000932,2025-07-25,Delivered,Marketplace,East Robert,MI
ORD-0000971,CUST-001030,2026-07-01,Processing,Web,Jacobland,WA
ORD-0000544,CUST-002173,2024-08-27,Placed,Mobile App,Marthashire,AZ
ORD-0007277,CUST-001247,2025-03-23,Shipped,Web,Martinezmouth,WA
ORD-0005516,CUST-000759,2025-11-13,Shipped,Web,Beverlyton,GA
ORD-0004731,CUST-002881,2026-09-02,Delivered,Web,West Michael,FL
ORD-0004190,CUST-002198,2026-07-16,Delivered,Web,Lake Haileystad,FL
ORD-0008166,CUST-001697,2025-11-27,Processing,Mobile App,Port Carlosburgh,PA
ORD-0002458,CUST-001763,2026-06-05,Processing,Web,Cliffordland,FL
ORD-0008270,CUST-000906,2024-12-20,Placed,Marketplace,East Megan,GA
ORD-0008181,CUST-002483,2025-01-31,Returned,Web,New Ronald,NY
ORD-0003145,CUST-000979,2025-11-29,pLACED,Mobile App,West Davidton,CA
ORD-0007358,CUST-001047,2026-03-17,Placed,In-Store,Lake Julieville,AZ
ORD-0006340,CUST-000779,2025-04-08,Cancelled,In-Store,Mcgeestad,NC
ORD-0003828,CUST-902016,2026-06-30,Placed,Mobile App,Marioshire,GA
ORD-0007602,CUST-000595,2026-07-30,Placed,Mobile App,West Heathershire,TX
ORD-0006016,CUST-002885,2025-07-29,Delivered,In-Store,Kathrynbury,NC
ORD-0001453,CUST-002119,2026-03-04,Returned,Mobile App,West Taylorstad,NY
ORD-0004488,CUST-001946,2026-03-04,Shipped,Web,,FL
ORD-0001402,CUST-000897,2026-04-11,Delivered,Mobile App,South Rebecca,NY
ORD-0008756,CUST-002789,2026-05-28,Delivered,Mobile App,North Thomasbury,GA
ORD-0004651,CUST-001889,2026-05-20,Returned,Marketplace,Lake Ericaville,PA
ORD-0003957,CUST-002467,2025-12-03,Delivered,Mobile App,Kaylatown,MI
ORD-0003848,CUST-001676,2026-03-22,Shipped,In-Store,Rhodesville,CA
ORD-0011616,CUST-000063,2025-06-30,Processing,Mobile App,Williamsmouth,PA
ORD-0006632,CUST-001958,2026-06-18,Shipped,In-Store,,NY
ORD-0000891,CUST-002439,2026-05-13,Delivered,Mobile App,Webbberg,CA
ORD-0007524,CUST-000564,2025-11-09,Delivered,Web,Lake Thomasberg,FL
ORD-0001946,CUST-002459,2026-08-27,Cancelled,Mobile App,New Laurabury,GA
ORD-0010215,CUST-002323,2026-04-13,Placed,Web,,GA
ORD-0010354,CUST-000755,2026-06-05,Shipped,Mobile App,Walkermouth,WA
ORD-0010957,CUST-000532,2024-12-13,Placed,Mobile App,Sandovalburgh,TX
ORD-0009022,CUST-000785,2026-07-17,Processing,Mobile App,Mortonview,NC
ORD-0010673,CUST-002647,2024-07-02,Delivered,Web,New Robertton,MI
ORD-0002545,CUST-001972,2025-10-10,Processing,Marketplace,North Lindsay,MI
ORD-0000676,CUST-002940,2026-04-13,Returned,Marketplace,Florestown,NC
ORD-0008098,CUST-002851,2026-05-13,Returned,Web,Markland,MI
ORD-0005255,CUST-001125,2025-07-24,Processing,Web,Hollowayville,WA
ORD-0009447,CUST-000668,2026-07-02,Delivered,Marketplace,Laurafort,OH
ORD-0003240,CUST-002562,2026-01-27,Placed,Web,Jennifertown,TX
ORD-0007018,CUST-001541,26-Feb-2026,Processing,Web,Sarahfort,NC
ORD-0004045,CUST-000398,2025-05-25,Shipped,Marketplace,Lake Mauricechester,GA
ORD-0010578,CUST-001676,2026-07-31,Delivered,Web,South Kathleen,TX
ORD-0001634,CUST-001386,2026-03-23,Placed,Mobile App,Timothyview,OH
ORD-0006143,CUST-000306,2026-06-12,Delivered,Web,Lake Jakeberg,WA
ORD-0007170,CUST-001525,2026-07-25,Processing,Mobile App,Diazland,WA
ORD-0006120,CUST-000942,2026-05-24,Placed,Web,Smithbury,GA
ORD-0002222,CUST-002501,2026-04-14,Processing,Web,Smithhaven,IL
ORD-0009065,CUST-001581,2026-06-20,Delivered,Marketplace,South Juliefurt,MI
ORD-0008086,CUST-000994,2025-09-17,Returned,Marketplace,Dorothymouth,MI
ORD-0000016,CUST-002104,2026-08-07,Cancelled,Web,West Johnton,AZ
ORD-0008451,CUST-000316,2026-08-08,Processing,Web,South Janetchester,PA
ORD-0011060,CUST-001316,2026-04-23,Shipped,Web,North Christopherchester,OH
ORD-0004472,CUST-000394,2025-08-18,Shipped,Web,Port Jamesville,FL
ORD-0009974,CUST-001202,2026-04-15,Delivered,Mobile App,Chavezhaven,NC
ORD-0006521,CUST-002001,2026-06-14,Cancelled,Marketplace,Andersonview,OH
ORD-0003192,CUST-001611,2026-08-14,Shipped,Marketplace,West Yvette,TX
ORD-0000667,CUST-000809,2026-02-02,shipped,Web,North Michael,FL
ORD-0009845,CUST-002502,12-Jan-2025,Shipped,Mobile App,West Stephenberg,NY
ORD-0003805,CUST-001537,2024-12-22,Cancelled,Mobile App,,WA
ORD-0010283,CUST-002612,2025-05-15,Delivered,Web,East Alexaside,IL
ORD-0001348,CUST-002566,2026-06-06,Delivered,Mobile App,,CA
ORD-0006766,CUST-001115,2026-01-24,Processing,Mobile App,Andersonton,WA
ORD-0004511,CUST-001829,2026-07-19,Processing,Marketplace,Vincentside,NC
ORD-0001997,CUST-001840,2026-07-17,Delivered,Web,Brockmouth,CA
ORD-0008547,CUST-002492,2025-10-30,Delivered,Mobile App,Waltonton,IL
ORD-0009654,CUST-002196,2026-08-12,Cancelled,In-Store,North Christopherburgh,NY
ORD-0003875,CUST-000140,2026-01-25,Delivered,Web,Mccartyhaven,MI
ORD-0000571,CUST-002552,2024-12-20,dELIVERED,Mobile App,Wendybury,WA
ORD-0000086,CUST-000851,2026-04-05,Delivered,Marketplace,Port Jimmy,PA
ORD-0011701,CUST-000113,2026-08-07,Returned,Marketplace,Andersonstad,NY
ORD-0005061,CUST-001800,2025-07-27,Processing,Mobile App,South Maxview,WA
ORD-0009773,CUST-925552,2026-09-01,Delivered,Web,Hammondfort,PA
ORD-0010695,CUST-002705,2026-04-22,Delivered,Mobile App,South Josephmouth,CA
ORD-0005347,CUST-002403,2025-04-03,Placed,In-Store,South Desireetown,MI
ORD-0006453,CUST-000605,2026-08-28,Delivered,Marketplace,Griffinview,IL
ORD-0011293,CUST-002130,2025-09-14,Delivered,Web,South Morganberg,FL
ORD-0000223,CUST-000932,2025-12-26,Processing,Mobile App,North Travisview,CA
ORD-0002506,CUST-002190,18-Nov-2024,Delivered,Mobile App,West Greggborough,CA
ORD-0009322,CUST-000840,2026-06-12,Delivered,Mobile App,South Danaport,CA
ORD-0004612,CUST-000003,2024-09-19,Delivered,Web,Port Joshuamouth,NC
ORD-0000139,CUST-000830,2026-07-21,Delivered,Web,,WA
ORD-0005215,CUST-000699,2025-06-20,Delivered,Mobile App,Sandramouth,GA
ORD-0006334,CUST-001521,2026-08-29,Delivered,Web,Tylerside,IL
ORD-0000080,CUST-001428,2026-06-01,Processing,In-Store,Gonzalezland,WA
ORD-0010435,CUST-001396,2026-06-27,Delivered,Web,New Robert,TX
ORD-0000010,CUST-000711,2026-09-01,processing,In-Store,New Jasmin,FL
ORD-0001767,CUST-002932,2025-05-31,Processing,Mobile App,Suzanneside,NY
ORD-0008805,CUST-000830,2026-02-26,Cancelled,Mobile App,West Elizabeth,GA
ORD-0004456,CUST-002334,2026-03-14,Delivered,Mobile App,Lake Tommy,TX
ORD-0011327,CUST-000760,2025-02-16,Placed,Web,Kathleenhaven,CA
ORD-0006187,CUST-002590,2026-09-05,returned,Mobile App,Christopherfurt,CA
ORD-0008670,CUST-001366,2026-03-05,Returned,Mobile App,Port Jamesmouth,CA
ORD-0007246,CUST-000271,2026-01-07,Placed,Mobile App,Jamesmouth,PA
ORD-0004530,CUST-001439,2024-09-07,Returned,Web,,FL
ORD-0005749,CUST-000669,2026-05-02,Shipped,Marketplace,Riveraland,GA
ORD-0003973,CUST-001065,2026-05-03,Processing,Mobile App,North Amyland,GA
ORD-0000691,CUST-000751,2026-08-30,Delivered,In-Store,Hebertport,CA
ORD-0010005,CUST-000130,2024-12-22,Shipped,Web,Port Alyssatown,GA
ORD-0011406,CUST-000185,2025-03-13,Shipped,Mobile App,Smithland,IL
ORD-0007848,,2026-01-30,Delivered,Web,Shawnfort,TX
ORD-0008570,CUST-000491,2026-01-02,Processing,In-Store,Erikashire,OH
ORD-0001778,CUST-001713,2025-08-01,Shipped,Mobile App,North Janet,PA
ORD-0005219,CUST-002033,2024-11-13,Shipped,Web,North Juantown,WA
ORD-0000549,CUST-000988,2026-05-19,Delivered,Marketplace,New Jameschester,NC
ORD-0000340,CUST-000492,2026-01-29,Shipped,Marketplace,Michaelville,PA
ORD-0005521,CUST-001273,2026-05-18,Shipped,Mobile App,Webstermouth,PA
ORD-0011194,CUST-000276,2025-08-06,Delivered,Mobile App,North Bruceshire,GA
ORD-0000598,CUST-002743,07/06/2026,Placed,Web,Leehaven,NY
ORD-0003973,CUST-001065,2026-05-03,Processing,Mobile App,North Amyland,GA
ORD-0008306,CUST-000203,2025-07-22,Delivered,In-Store,Kellyville,MI
ORD-0006713,CUST-000866,2026-06-24,Delivered,Mobile App,New Whitneyfort,PA
ORD-0008621,CUST-001634,2025-12-06,Delivered,Web,,TX
ORD-0002654,CUST-000586,2025-06-18,Placed,Web,Brendaville,TX
ORD-0006283,CUST-002209,2026-03-16,Delivered,Mobile App,Laurentown,CA
ORD-0010108,CUST-000502,2026-05-24,Placed,Marketplace,Maryview,NC
ORD-0002163,CUST-002962,2026-08-24,Shipped,Web,,PA
ORD-0009013,CUST-000821,2026-08-17,Processing,Mobile App,North Samanthaland,GA
ORD-0002598,CUST-000049,26-Jun-2024,Processing,Web,East Dawnmouth,TX
ORD-0000611,CUST-001081,2025-09-25,Cancelled,Web,West Kevin,WA
ORD-0003399,CUST-000666,2025-09-08,Cancelled,Web,Hillbury,PA
ORD-0010763,CUST-001844,2026-08-05,Delivered,Marketplace,Michaelbury,WA
ORD-0009009,CUST-002036,2026-05-13,Processing,Mobile App,Denisebury,AZ
ORD-0001858,CUST-000420,2026-01-11,Delivered,Web,Maryland,FL
ORD-0006111,CUST-000002,11/20/2024,Placed,Web,New Ryanstad,NY
ORD-0001061,CUST-001374,2025-03-14,Delivered,Web,Jamesburgh,GA
ORD-0004584,CUST-001119,2025-11-27,Returned,In-Store,Lauraview,CA
ORD-0006994,CUST-002238,2026-03-19,Delivered,Web,East Robertburgh,MI
ORD-0005827,CUST-001115,2026-07-10,Cancelled,Mobile App,West Reginaton,TX
ORD-0008657,CUST-001132,2026-04-25,Cancelled,Marketplace,Paulfurt,PA
ORD-0002677,CUST-002861,2026-04-28,Delivered,Mobile App,West Johntown,TX
ORD-0001871,CUST-001680,2026-07-28,Delivered,Web,Phamborough,GA
ORD-0009239,CUST-000793,2026-05-20,Shipped,Web,Brownbury,TX
ORD-0004847,CUST-002249,2026-08-12,Cancelled,Mobile App,Teresastad,CA
ORD-0003480,CUST-001417,2026-04-14,Returned,Marketplace,East Donald,TX
ORD-0005748,CUST-002874,2026-02-20,processing,Mobile App,North Amberfurt,NY
ORD-0006116,CUST-001812,2026-05-19,Shipped,Marketplace,Douglasshire,GA
ORD-0004696,CUST-001570,2025-09-11,Delivered,Mobile App,Wardview,TX
ORD-0008021,CUST-001468,2026-09-01,Shipped,Mobile App,Lake Molly,WA
ORD-0006063,CUST-000641,2026-06-19,Delivered,Mobile App,Anthonystad,OH
ORD-0005333,CUST-002343,2026-08-16,Processing,Marketplace,Jenniferton,FL
ORD-0010977,CUST-001808,2025-07-19,Processing,Web,Lake Emilyfort,TX
ORD-0000703,CUST-001636,2025-11-30,Cancelled,Web,Jenniferbury,MI
ORD-0001151,CUST-981964,2024-12-09,Shipped,Marketplace,West Patrickside,GA
ORD-0009183,CUST-001831,2025-06-01,Shipped,Marketplace,East Denise,IL
ORD-0005447,CUST-002673,2026-01-31,Delivered,In-Store,West Bryceside,MI
ORD-0001131,CUST-001820,2026-08-25,Delivered,Mobile App,North Matthew,CA
ORD-0003820,CUST-000694,2026-07-19,Shipped,Mobile App,Stevenhaven,CA
ORD-0002755,CUST-002262,2026-08-01,Placed,Marketplace,Catherineland,NC
ORD-0008518,CUST-001756,2026-07-17,Shipped,Mobile App,Lake Mario,MI
ORD-0010710,CUST-000081,2026-01-23,Shipped,In-Store,Lake Phillip,GA
ORD-0007945,CUST-001908,2026-08-25,Returned,Mobile App,Cynthiamouth,MI
ORD-0007092,CUST-002739,2024-08-27,Shipped,Mobile App,Port Peterbury,TX
ORD-0001693,,12/12/2025,Delivered,Mobile App,,AZ
ORD-0000941,CUST-002049,2026-08-26,Processing,Web,Lake Heatherview,NY
ORD-0003764,CUST-000155,2026-01-23,Processing,Marketplace,Deckerland,TX
ORD-0005304,CUST-002796,2025-03-25,Shipped,Web,Taylorton,CA
ORD-0006003,CUST-001898,2026-03-13,Delivered,In-Store,West Alicia,WA
ORD-0006010,CUST-001868,2025-06-01,Cancelled,Web,Suzanneport,GA
ORD-0003845,CUST-000521,2026-09-02,Cancelled,In-Store,West Brian,MI
ORD-0007664,CUST-001102,2026-05-13,Delivered,Web,Floreshaven,AZ
ORD-0003824,CUST-000127,2025-08-03,cancelled,Mobile App,South Jill,PA
ORD-0011411,CUST-000094,2025-07-02,delivered,Mobile App,West Cynthia,IL
ORD-0000013,CUST-002865,2026-05-23,Delivered,Mobile App,Danielborough,WA
ORD-0004919,CUST-000541,2025-08-22,Delivered,Mobile App,,TX
ORD-0006208,CUST-000968,01/07/2024,Delivered,Marketplace,East Lisa,WA
ORD-0004046,CUST-001740,2026-08-03,Delivered,In-Store,Mitchellshire,TX
ORD-0005805,CUST-001217,2025-07-30,Processing,In-Store,Zunigaton,CA
ORD-0001479,CUST-000095,"July 25, 2026",Delivered,Marketplace,Spenceshire,IL
ORD-0009981,CUST-002404,2026-03-10,Placed,In-Store,Jeremyburgh,CA
ORD-0007823,CUST-000396,2025-01-07,Placed,Web,Port Elizabethshire,NY
ORD-0002319,CUST-002808,2026-02-22,Delivered,Mobile App,Lake Staceyview,WA
ORD-0008056,CUST-000653,2024-10-15,Processing,Web,Port John,MI
ORD-0010573,CUST-001681,2026-08-29,SHIPPED,Mobile App,Angieshire,TX
ORD-0005879,CUST-000999,2024-07-24,Delivered,Web,Ruizchester,TX
ORD-0008515,CUST-000703,2025-12-06,Cancelled,Mobile App,East Janet,NY
ORD-0010733,CUST-000019,2026-05-23,Cancelled,In-Store,Robinsonstad,GA
ORD-0009361,CUST-000380,2025-11-24,Placed,Mobile App,Stevenville,WA
ORD-0000257,CUST-002442,2026-08-04,Placed,Mobile App,West Scott,TX
ORD-0001588,,2026-08-06,Delivered,Web,East Jasmin,NY
ORD-0000789,CUST-002463,2025-03-24,dELIVERED,Web,Lake Veronica,OH
ORD-0005382,CUST-000927,2025-06-14,Placed,Marketplace,East Gabriel,GA
ORD-0005064,CUST-001613,2026-05-19,Processing,Marketplace,Stephanieside,NC
ORD-0007508,CUST-000228,2026-07-29,Placed,Mobile App,Lake Amy,AZ
ORD-0011025,CUST-000274,2026-01-09,Delivered,Web,North Teresamouth,OH
ORD-0005422,CUST-002691,2025-12-11,Shipped,Marketplace,Port Laurenbury,GA
ORD-0001944,CUST-002670,2026-07-23,Placed,Web,East Nicole,WA
ORD-0010863,CUST-001532,2025-07-29,Delivered,Web,West Debraborough,WA
ORD-0011771,CUST-000933,2024-12-24,Delivered,In-Store,Hopkinsville,FL
ORD-0011988,CUST-000736,2026-02-08,Shipped,Mobile App,Contrerasmouth,NY
ORD-0004047,CUST-000405,2025-12-21,Delivered,Mobile App,Lake Saraburgh,MI
ORD-0000234,CUST-002586,2025-12-24,Shipped,Mobile App,New Jeffrey,FL
ORD-0004632,CUST-002375,2025-02-25,Delivered,Web,Knappstad,GA
ORD-0002908,CUST-001301,2025-07-08,Placed,Mobile App,North Tristanport,GA
ORD-0004489,CUST-000487,2026-04-09,Delivered,In-Store,Millerfurt,AZ
ORD-0008227,CUST-000927,2025-06-05,Delivered,Mobile App,Thomasshire,NC
ORD-0000522,CUST-000458,2026-06-14,Shipped,Mobile App,Camachoburgh,OH
ORD-0003619,CUST-001589,2026-06-28,pROCESSING,Web,Maytown,TX
ORD-0010684,CUST-002633,2025-07-14,Shipped,Marketplace,North Sandra,GA
ORD-0007959,CUST-000079,2025-05-30,Shipped,Mobile App,New Williamfort,IL
ORD-0002715,CUST-002310,2024-11-23,Processing,Mobile App,Perryside,PA
ORD-0000609,CUST-002478,2025-12-20,Delivered,Marketplace,Seanland,GA
ORD-0001382,CUST-000763,2025-01-28,Delivered,Mobile App,East Tylerberg,NY
ORD-0001423,CUST-002640,2026-03-18,Shipped,Marketplace,East Anthony,IL
ORD-0008409,CUST-000344,2026-07-24,Placed,Web,South Davidfurt,CA
ORD-0002085,CUST-939347,2026-01-06,DELIVERED,Web,Mayerburgh,WA
ORD-0007964,CUST-002181,2026-08-25,Delivered,Mobile App,South Lisa,WA
ORD-0001227,CUST-000598,2026-08-30,Delivered,Web,Lake Laurie,WA
ORD-0008557,CUST-001480,2026-05-19,Delivered,Mobile App,South Marilyn,WA
ORD-0002765,CUST-000746,2026-07-15,Shipped,Web,Riveraville,MI
ORD-0011133,CUST-001687,2025-05-25,Cancelled,Web,Port Lancechester,OH
ORD-0009137,CUST-001525,11/25/2025,Placed,Marketplace,West Jonathan,TX
ORD-0005297,CUST-001644,2024-12-28,Processing,Mobile App,East Wayne,NC
ORD-0010740,CUST-002273,2026-07-02,Delivered,Marketplace,Flemingmouth,NC
ORD-0003259,CUST-000008,2024-07-24,Placed,Web,,AZ
ORD-0003250,CUST-000981,2026-09-04,Processing,Web,East Michellemouth,WA
ORD-0006008,CUST-002793,2025-09-23,Shipped,Web,Lake Kimberly,IL
ORD-0008442,,18-Dec-2025,Placed,Web,East Kristinaberg,WA
ORD-0006604,CUST-001675,2025-11-22,delivered,Web,Jerrybury,GA
ORD-0011758,CUST-001265,2026-07-01,Shipped,Marketplace,Port Ritabury,PA
ORD-0007014,CUST-000799,2026-04-26,Processing,Web,Port Georgefurt,OH
ORD-0009122,CUST-001968,2026-05-05,Processing,Marketplace,Robertmouth,CA
ORD-0011209,CUST-002593,2026-06-17,Delivered,Web,South Cynthiaton,WA
ORD-0007865,CUST-001771,2025-09-07,Placed,Web,West Kevinstad,GA
ORD-0008375,CUST-002192,2026-03-18,Placed,Web,Robertsonshire,OH
ORD-0004102,CUST-002065,2026-04-20,Cancelled,Mobile App,Ashleyburgh,AZ
ORD-0008144,CUST-002612,2025-08-18,Delivered,Web,Floresmouth,MI
ORD-0000654,CUST-000628,2026-03-30,Shipped,Marketplace,East Matthew,WA
ORD-0005123,CUST-000678,2026-05-19,Processing,In-Store,New Craig,IL
ORD-0006508,CUST-000353,2026-08-28,Shipped,Web,Woodport,CA
ORD-0005223,CUST-000965,2026-01-06,Delivered,Mobile App,Sancheztown,GA
ORD-0008336,CUST-001446,2024-04-09,Processing,Web,Amberport,NY
ORD-0002168,CUST-000794,2024-12-08,Placed,Mobile App,Paulland,FL
ORD-0001249,CUST-001276,2026-08-13,Returned,In-Store,,AZ
ORD-0011152,CUST-001234,2026-08-02,Delivered,Web,Anthonyview,TX
ORD-0000697,CUST-002881,2026-08-23,Placed,Mobile App,West Christopher,WA
ORD-0004361,,2026-04-29,Delivered,Mobile App,West Sandrafurt,CA
ORD-0008530,CUST-002090,2026-05-25,Delivered,Marketplace,Christopherview,PA
ORD-0008748,CUST-000397,2025-03-30,Delivered,Mobile App,East Mark,AZ
ORD-0005968,CUST-000563,2026-05-21,Placed,Web,Scottborough,IL
ORD-0007960,CUST-001196,2026-07-23,Delivered,Web,New Stevenland,GA
ORD-0001653,CUST-000887,2025-02-07,Delivered,Web,Brownstad,MI
ORD-0002534,CUST-002968,27-Jul-2026,Placed,Mobile App,Garciaport,OH
ORD-0007804,CUST-001721,2025-07-10,Shipped,Mobile App,Vazquezstad,CA
ORD-0005743,CUST-001906,2026-04-13,Shipped,In-Store,Lake Vincent,NY
ORD-0011501,CUST-002267,2026-08-28,Cancelled,Marketplace,Joannaland,CA
ORD-0002954,CUST-002615,2026-08-15,Delivered,Web,Burnsberg,IL
ORD-0007994,CUST-001372,2026-08-16,Delivered,Mobile App,Port Tamara,TX
ORD-0006194,CUST-002448,2026-08-05,Delivered,Web,Nicholasview,MI
ORD-0002665,CUST-002385,2024-05-20,Shipped,Mobile App,Jeffreyland,FL
ORD-0009655,CUST-000909,2026-05-28,Delivered,In-Store,East Jessicaland,MI
ORD-0001320,CUST-000636,2025-04-14,Processing,Web,Robertstown,MI
ORD-0006563,CUST-000915,2025-09-08,Delivered,Mobile App,North Marymouth,WA
ORD-0003647,CUST-001967,2025-01-30,Shipped,Mobile App,Ortegafort,IL
ORD-0005289,CUST-000631,2026-01-21,Delivered,Mobile App,Ericfort,NY
ORD-0005866,CUST-000910,2026-08-29,Processing,Mobile App,New Andreastad,OH
ORD-0001584,CUST-001519,2026-06-23,Cancelled,Mobile App,Snyderhaven,IL
ORD-0002074,CUST-000813,2024-12-19,Shipped,Marketplace,Jensenfurt,PA
ORD-0003208,CUST-002246,2026-04-19,Delivered,In-Store,Smithview,AZ
ORD-0009662,CUST-002692,2026-07-09,Delivered,Mobile App,Port Jayberg,WA
ORD-0005270,CUST-910524,2026-07-13,Delivered,In-Store,Lake Craig,WA
ORD-0003439,CUST-000305,2025-12-17,Processing,Mobile App,West Jerryburgh,OH
ORD-0010992,CUST-002419,2024-07-31,Shipped,Mobile App,New Jason,IL
ORD-0005877,CUST-001161,2024-06-01,Cancelled,Web,Martinezshire,TX
ORD-0003384,CUST-002576,2026-08-31,Processing,Mobile App,East Denise,CA
ORD-0001339,CUST-000942,2026-06-05,Placed,Marketplace,West William,TX
ORD-0000528,CUST-001204,2026-05-08,Returned,Web,New Brittanyfurt,TX
ORD-0010869,CUST-002064,2025-11-20,Shipped,Web,East Crystalmouth,PA
ORD-0007779,CUST-001604,2026-02-05,Placed,Web,South Nathanstad,NC
ORD-0000332,CUST-001887,2026-08-28,CANCELLED,Mobile App,Patriciafort,AZ
ORD-0002585,CUST-000323,2026-02-16,Shipped,Mobile App,East Lauramouth,IL
ORD-0002974,CUST-000547,2025-09-29,Processing,In-Store,Deanton,NC
ORD-0006509,CUST-000964,2026-04-07,Shipped,Mobile App,Port George,WA
ORD-0008334,CUST-001832,2025-03-27,Delivered,Marketplace,Port Melissaland,IL
ORD-0001937,CUST-000914,2026-08-15,Shipped,Mobile App,East Lauren,NC
ORD-0007616,CUST-000382,2025-11-03,Placed,In-Store,North William,AZ
ORD-0011993,CUST-001495,2026-06-08,Delivered,In-Store,Matthewton,NY
ORD-0000446,CUST-001903,2025-11-25,Placed,In-Store,Bryanhaven,NY
ORD-0010674,CUST-000371,01-Aug-2026,Cancelled,In-Store,South Peterfurt,TX
ORD-0006306,CUST-002630,2025-11-14,Delivered,Web,Port Ryanfurt,FL
ORD-0008085,CUST-002824,2025-06-07,Returned,Mobile App,North Kevin,OH
ORD-0003285,CUST-002319,2025-04-03,Processing,Mobile App,East Ryanshire,GA
ORD-0005465,CUST-001030,2026-04-11,Delivered,Marketplace,New Jessicaland,CA
ORD-0004101,CUST-001944,2025-08-07,Placed,Mobile App,Reneestad,MI
ORD-0002522,CUST-001093,2026-09-01,Processing,Marketplace,East Brittany,NY
ORD-0005864,CUST-000653,2025-03-19,Delivered,Marketplace,Port Jill,NC
ORD-0004074,CUST-000815,2026-03-08,Cancelled,Marketplace,Carlamouth,MI
ORD-0008359,CUST-001172,2024-12-05,Delivered,Mobile App,Mooreport,GA
ORD-0001540,CUST-000645,2024-01-21,Processing,Mobile App,Christopherbury,NY
ORD-0004923,CUST-002967,2026-09-01,Processing,Mobile App,Cassiechester,OH
ORD-0011952,CUST-937233,2026-03-19,shipped,Mobile App,North Matthew,TX
ORD-0009338,CUST-001019,2026-08-22,Delivered,Web,Donovanside,OH
ORD-0004884,CUST-001076,2026-06-03,Cancelled,Mobile App,Seanhaven,FL
ORD-0011029,CUST-002378,2025-12-23,Delivered,Mobile App,Garrisonborough,TX
ORD-0003865,CUST-002132,2026-07-28,Returned,Web,South Joyside,OH
ORD-0002809,CUST-000796,2026-01-07,Delivered,Mobile App,West Derek,CA
ORD-0007199,CUST-001362,2026-04-13,Processing,Mobile App,Silvamouth,IL
ORD-0001370,CUST-002955,2026-07-16,Placed,Web,Hamiltonshire,MI
ORD-0004495,CUST-000607,2026-09-02,Delivered,Web,Garzahaven,PA
ORD-0008691,CUST-000049,2025-11-07,Delivered,Web,,AZ
ORD-0006516,CUST-000542,2026-07-14,Shipped,Marketplace,East Leahmouth,NY
ORD-0000461,CUST-001365,2026-07-22,Shipped,Mobile App,South Patriciaton,OH
ORD-0008533,CUST-001012,2026-01-17,Delivered,Mobile App,Wendyfort,NC
ORD-0006451,CUST-977549,2026-01-15,Delivered,In-Store,Lopezmouth,IL
ORD-0000625,CUST-002037,2026-01-21,Delivered,Mobile App,West Josephbury,OH
ORD-0011273,CUST-002064,2025-04-21,Processing,Mobile App,Robertfurt,GA
ORD-0003477,CUST-000211,2025-10-31,Delivered,Mobile App,Medinabury,AZ
ORD-0006114,CUST-001380,2025-12-05,Processing,Marketplace,Jacobview,MI
ORD-0002589,CUST-001005,2025-06-23,Delivered,Marketplace,Port Nicoleton,PA
ORD-0007660,CUST-915878,2026-08-19,Placed,Web,North Jocelynchester,IL
ORD-0008698,CUST-000422,2026-07-13,Shipped,Web,Lake Deborahville,GA
ORD-0007502,CUST-002830,2026-04-21,Delivered,Mobile App,Smithhaven,PA
ORD-0008896,CUST-001056,2026-05-01,Cancelled,Web,Pamelaberg,AZ
ORD-0008793,CUST-000518,2025-05-15,Shipped,Web,Amyhaven,CA
ORD-0000554,CUST-000963,2025-12-08,Processing,Web,South Maria,NY
ORD-0008526,CUST-000858,2025-02-01,Delivered,Mobile App,West Alexander,NC
ORD-0007070,CUST-001709,2026-04-09,Returned,Marketplace,Bradleyport,MI
ORD-0006878,CUST-000661,2025-07-14,Cancelled,Mobile App,West Laura,OH
ORD-0008585,CUST-000019,2026-04-26,Delivered,Mobile App,West Jasmine,OH
ORD-0005820,CUST-001375,2026-06-30,Shipped,Web,North Richard,NC
ORD-0003355,CUST-000773,2025-01-26,Delivered,Mobile App,Jonathantown,TX
ORD-0003444,CUST-000749,2026-08-06,Delivered,Marketplace,Matthewsville,WA
ORD-0001620,CUST-002299,2026-06-15,Shipped,Mobile App,North Matthewmouth,MI
ORD-0009343,CUST-000615,2026-05-09,Shipped,In-Store,Port Teresaborough,FL
ORD-0007995,CUST-002198,2025-11-01,Cancelled,Mobile App,South Andrea,NC
ORD-0003150,CUST-002787,2024-09-03,Delivered,In-Store,West Andrea,FL
ORD-0005800,CUST-001507,2026-09-03,Shipped,Mobile App,New Madison,GA
ORD-0006118,CUST-000063,2025-01-21,Delivered,Web,Anntown,NY
ORD-0007882,CUST-000256,2026-08-14,Returned,Web,Ericburgh,FL
ORD-0002006,CUST-000650,2026-03-17,Cancelled,Mobile App,Olsenhaven,NY
ORD-0010280,CUST-000787,2026-02-25,Processing,Marketplace,Justinshire,PA
ORD-0003026,CUST-001170,2026-05-28,Placed,In-Store,Jenniferside,TX
ORD-0011556,CUST-001100,09/09/2025,Delivered,Web,Farleybury,FL
ORD-0007027,CUST-000341,2026-08-10,Returned,Mobile App,Port Emilyfort,AZ
ORD-0010916,CUST-002525,2026-08-28,Delivered,Mobile App,Brennanborough,TX
ORD-0009037,CUST-001422,2025-02-14,Returned,Mobile App,,MI
ORD-0010722,CUST-001039,2026-08-06,Cancelled,Mobile App,Bryanchester,IL
ORD-0009797,CUST-000125,2026-05-13,Delivered,Marketplace,,PA
ORD-0007280,CUST-002184,2025-11-25,Placed,Mobile App,,NY
ORD-0002489,CUST-000464,2026-05-05,Shipped,Web,South Bryan,CA
ORD-0011223,CUST-002801,2024-12-06,Cancelled,Mobile App,Williamport,IL
ORD-0002543,CUST-965200,2026-09-02,Placed,Mobile App,Lake David,MI
ORD-0008267,CUST-002096,2026-05-28,Delivered,Web,West Patriciaville,FL
ORD-0010631,CUST-001580,2025-07-16,Returned,Web,North Richardborough,PA
ORD-0001905,CUST-002951,09-May-2025,Cancelled,Web,Medinaberg,FL
ORD-0000100,CUST-002168,2024-09-26,Delivered,Web,North Matthewburgh,PA
ORD-0000934,CUST-001071,2025-06-10,Delivered,Mobile App,South Samuel,IL
ORD-0003085,CUST-001626,2026-03-09,Shipped,Web,Hartborough,NY
ORD-0010422,CUST-000610,2025-07-12,sHIPPED,Web,East Manuelview,AZ
ORD-0011721,CUST-001068,2026-06-23,Shipped,Web,Clarkbury,FL
ORD-0006200,CUST-001449,2025-02-02,Shipped,Web,Wattsstad,AZ
ORD-0000936,CUST-001151,2025-06-27,Shipped,In-Store,,TX
ORD-0000940,CUST-001662,2026-07-26,Processing,Mobile App,New Joseph,NC
ORD-0000180,CUST-000005,2025-01-26,Placed,Mobile App,Medinamouth,IL
ORD-0003001,CUST-001395,2026-04-16,Delivered,Web,West Elizabeth,NY
ORD-0002993,CUST-000305,2026-05-02,Delivered,Web,Elizabethville,GA
ORD-0003327,CUST-942602,2025-11-10,Placed,Mobile App,Lake Robertland,MI
ORD-0008143,CUST-002958,2024-08-05,Shipped,Web,Lake Cynthiaton,AZ
ORD-0004449,CUST-001637,2025-12-23,Shipped,Mobile App,Kellyton,TX
ORD-0007080,CUST-002052,2026-01-26,Returned,Mobile App,Huntfort,TX
ORD-0006166,CUST-000760,2024-12-25,Returned,Mobile App,Perezville,NY
ORD-0007430,CUST-002712,2024-08-04,Shipped,Web,Stevenville,AZ
ORD-0011381,CUST-000780,"February 22, 2026",Delivered,Web,Jasontown,CA
ORD-0010373,CUST-002695,2026-09-01,Placed,Web,Freemanview,CA
ORD-0009229,CUST-000408,2026-07-13,Delivered,Web,East Mitchell,GA
ORD-0002124,CUST-002971,2026-06-20,Shipped,Web,Blairshire,MI
ORD-0001007,CUST-920251,2025-09-28,Delivered,Marketplace,Robertmouth,CA
ORD-0002265,CUST-000068,2024-06-16,Shipped,Web,Rodriguezstad,PA
ORD-0011091,CUST-000295,2025-11-17,Delivered,Mobile App,Frederickshire,WA
ORD-0004446,CUST-002356,2025-11-28,Delivered,Mobile App,Port Ryan,IL
ORD-0003352,CUST-002181,2026-08-22,Delivered,Mobile App,New Lanceburgh,NY
ORD-0002881,CUST-002772,2025-06-17,Delivered,Mobile App,East Linda,PA
ORD-0005015,CUST-910012,2024-07-14,Processing,Marketplace,Johnsonland,TX
ORD-0002649,CUST-001418,2025-10-05,placed,In-Store,Hoffmanborough,WA
ORD-0007209,CUST-000694,2026-08-16,Delivered,Mobile App,Youngshire,AZ
ORD-0002399,CUST-002018,2026-03-25,Processing,Mobile App,Hannahfort,GA
ORD-0010296,CUST-000355,2025-04-16,Processing,Web,Hessfort,GA
ORD-0003588,CUST-000878,2024-12-15,Shipped,In-Store,Bartonstad,AZ
ORD-0010364,CUST-000552,2025-08-11,Delivered,Mobile App,South Kellyborough,MI
ORD-0006578,,2024-08-02,Delivered,Web,West Ebony,GA
ORD-0011574,CUST-002451,2026-04-10,Cancelled,Marketplace,Antoniohaven,NC
ORD-0011093,CUST-002652,2026-05-28,Delivered,Web,,GA
ORD-0006094,CUST-001011,2026-09-04,Shipped,Web,Lake Donna,PA
ORD-0003370,CUST-001265,2026-08-24,Cancelled,In-Store,North Jonathanshire,AZ
ORD-0009193,CUST-001936,2025-05-18,Delivered,Web,South Stanley,OH
ORD-0001540,CUST-000645,2024-01-21,Placed,Mobile App,Christopherbury,NY
ORD-0011782,CUST-000256,2026-09-04,Delivered,Web,Lake Stevenview,WA
ORD-0009694,CUST-000602,2024-10-01,Processing,Mobile App,Johnview,TX
ORD-0011969,CUST-001167,2026-08-03,Processing,Web,Port Jasonchester,AZ
ORD-0009936,,2026-03-30,Delivered,Mobile App,Dylanborough,TX
ORD-0011807,CUST-000356,2026-02-16,Placed,Web,Jordanport,WA
ORD-0010966,CUST-000951,2025-07-20,Delivered,Mobile App,Sharpfort,MI
ORD-0001253,CUST-000284,2026-08-16,Delivered,Mobile App,Coleside,AZ
ORD-0008293,CUST-002397,2026-05-20,Placed,Mobile App,Williamsonchester,GA
ORD-0006258,CUST-000821,2026-09-04,Processing,Mobile App,Lake Natalieborough,FL
ORD-0001398,CUST-001248,2026-01-25,Delivered,Mobile App,East Sharon,IL
ORD-0007969,CUST-001568,2026-06-17,Shipped,Marketplace,Bryanville,AZ
ORD-0006845,CUST-000426,2026-08-28,Shipped,In-Store,New Sarahborough,WA
ORD-0000265,CUST-000802,2026-01-08,Cancelled,Web,Colemanville,TX
ORD-0011081,CUST-000812,2026-06-06,Shipped,Mobile App,North Summerstad,AZ
ORD-0001254,CUST-001090,2025-02-07,Processing,Web,Port Trevor,AZ
ORD-0006659,CUST-001476,2025-11-22,Shipped,Web,Ramosberg,CA
ORD-0007772,CUST-001228,2026-01-12,Delivered,Mobile App,Derrickton,MI
ORD-0005376,CUST-002265,2025-06-19,Processing,Web,New Whitneyfurt,WA
ORD-0000043,CUST-000500,2026-08-01,Shipped,Web,Lake Renee,AZ
ORD-0004671,CUST-002505,2026-09-05,Processing,Web,Thompsonview,GA
ORD-0010570,CUST-000792,2026-01-17,DELIVERED,Mobile App,Richchester,GA
ORD-0006035,CUST-000011,2025-12-29,Placed,Web,Jensenview,GA
ORD-0001672,CUST-002787,2024-12-29,SHIPPED,Web,Keithborough,MI
ORD-0000484,CUST-000040,2025-12-14,Shipped,In-Store,Lozanoville,OH
ORD-0005026,CUST-002606,2024-08-12,Shipped,Marketplace,Joyceburgh,MI
ORD-0008710,CUST-002376,2026-03-08,Cancelled,Marketplace,Hallborough,AZ
ORD-0003139,CUST-002995,2025-10-14,Delivered,Mobile App,North Timothyside,WA
ORD-0011461,CUST-001006,2026-07-03,Delivered,Web,North Kristenburgh,NC
ORD-0009263,CUST-002065,2025-10-14,Placed,Mobile App,Johnchester,OH
ORD-0000134,CUST-001209,2025-06-17,Returned,In-Store,East Dennisland,OH
ORD-0001606,CUST-001355,2026-08-07,Returned,In-Store,Nelsonville,CA
ORD-0009565,CUST-001059,2026-03-21,Shipped,Marketplace,West Heather,IL
ORD-0007161,CUST-002899,2026-08-03,Shipped,Web,Jacksonview,MI
ORD-0010783,CUST-001349,2024-07-30,Placed,Web,Dianashire,MI
ORD-0008726,CUST-002248,2026-06-02,Shipped,Mobile App,Jamesberg,GA
ORD-0011787,CUST-002129,2025-10-24,Cancelled,Marketplace,Mcconnellberg,GA
ORD-0004281,CUST-000009,2026-08-05,Placed,In-Store,Jonathanbury,MI
ORD-0009194,CUST-000203,2026-02-07,Delivered,In-Store,Osborneborough,CA
ORD-0007900,CUST-000356,2026-05-31,Cancelled,Web,,FL
ORD-0008821,CUST-000671,2026-06-17,Processing,Mobile App,Williamsshire,MI
ORD-0007264,CUST-000610,2025-07-17,Shipped,Web,New Ronald,NC
ORD-0004681,CUST-000243,2026-08-19,Delivered,Web,New Kimberlyland,CA
ORD-0001926,CUST-002597,2025-08-31,Delivered,Mobile App,Edwardsville,CA
ORD-0003380,CUST-000888,2026-04-13,Delivered,Web,,OH
ORD-0004509,CUST-000953,2026-04-21,Delivered,Mobile App,East Shari,PA
ORD-0004815,CUST-001010,2025-01-25,Shipped,Web,West Dorothy,OH
ORD-0006522,CUST-000419,2026-05-31,Processing,Mobile App,Reedborough,OH
ORD-0006721,CUST-002576,2026-08-28,Shipped,In-Store,North Johnborough,GA
ORD-0003136,CUST-000122,2026-05-12,Returned,Web,North Stacyport,TX
ORD-0001261,CUST-000208,2026-05-28,Processing,Web,Meganbury,WA
ORD-0010432,CUST-001855,2025-11-03,Placed,Mobile App,Hodgesmouth,PA
ORD-0000659,CUST-001206,2025-12-11,Returned,Mobile App,Michaelborough,MI
ORD-0004669,CUST-001268,2026-06-25,Delivered,Web,West Michelle,AZ
ORD-0005940,CUST-000468,2025-03-18,Processing,Marketplace,Warrenland,TX
ORD-0001887,CUST-002544,2024-12-11,DELIVERED,Mobile App,North Shannon,NC
ORD-0004878,CUST-000112,2026-08-16,Delivered,Web,Keyhaven,AZ
ORD-0006356,CUST-002147,2026-04-25,Cancelled,Mobile App,Osbornland,AZ
ORD-0004470,CUST-002957,2025-05-31,Placed,In-Store,New Rhondahaven,FL
ORD-0009390,CUST-002337,2025-12-24,Shipped,In-Store,North Brianfurt,GA
ORD-0005316,CUST-000735,2026-09-02,Shipped,Marketplace,Sonyaborough,TX
ORD-0011000,CUST-001146,2025-10-04,Placed,Mobile App,West Jasonshire,IL
ORD-0011005,CUST-001487,2024-07-11,Returned,Mobile App,South Timothystad,NY
ORD-0010124,CUST-002069,2025-12-22,Processing,Mobile App,South Sherryborough,NY
ORD-0000243,CUST-000856,2026-02-28,Shipped,Web,New Dorothy,NY
ORD-0006033,,2024-05-19,Placed,Web,Wuchester,TX
ORD-0007176,CUST-000545,2026-04-01,Placed,Web,East Sarahburgh,PA
ORD-0001736,CUST-002634,03/22/2026,Delivered,Web,Rachelshire,GA
ORD-0001008,CUST-000774,2026-08-17,Delivered,Mobile App,New Stevenbury,GA
ORD-0007036,CUST-001573,2026-03-25,Returned,Mobile App,Mooretown,OH
ORD-0008173,CUST-001255,2026-01-12,Shipped,Mobile App,East Tina,OH
ORD-0009986,CUST-000591,"April 23, 2026",shipped,Mobile App,Lake Kevin,OH
ORD-0011448,CUST-001476,2024-06-23,Delivered,Marketplace,East Tony,NC
ORD-0004679,CUST-001570,2025-06-02,Delivered,Web,Montestown,IL
ORD-0010518,CUST-988424,2025-02-03,Delivered,Mobile App,West Christopherfurt,MI
ORD-0008178,CUST-000968,2024-07-04,Placed,Mobile App,Gregoryview,AZ
ORD-0010870,CUST-002547,2026-04-22,Cancelled,In-Store,Port Saraland,NC
ORD-0004478,CUST-002010,2025-11-08,Shipped,In-Store,Thomasbury,PA
ORD-0003427,CUST-002927,19-Jan-2026,Delivered,Mobile App,Courtneyview,PA
ORD-0001514,CUST-000581,2025-08-01,delivered,Mobile App,Port Mistyton,GA
ORD-0004374,CUST-000638,2024-11-22,Processing,Marketplace,Lake Paulbury,TX
ORD-0003372,CUST-002715,"January 24, 2026",Placed,Marketplace,Kingside,MI
ORD-0003426,CUST-002050,2025-01-17,Delivered,Mobile App,North Josephborough,OH
ORD-0003082,CUST-001135,2024-12-09,Processing,Mobile App,,NC
ORD-0011867,CUST-001692,"July 28, 2025",sHIPPED,Web,South Craig,GA
ORD-0009503,CUST-002630,2026-01-02,Placed,Web,North John,NC
ORD-0008234,CUST-001162,2025-03-11,Shipped,Mobile App,Phillipberg,PA
ORD-0005651,CUST-001246,2025-05-05,Placed,In-Store,New Taylorton,WA
ORD-0011833,CUST-002707,2026-05-01,Delivered,Marketplace,Jamesshire,FL
ORD-0004558,CUST-000937,2026-07-31,Shipped,Web,South Richardtown,NY
ORD-0006728,CUST-001058,2026-09-04,Delivered,Marketplace,West Suzannefurt,MI
ORD-0010059,CUST-000343,2026-05-21,shipped,Web,Smithview,AZ
ORD-0003809,CUST-002058,2025-02-07,Shipped,Mobile App,Rebeccashire,WA
ORD-0006823,CUST-002304,2026-04-13,Cancelled,Mobile App,Dixonmouth,OH
ORD-0009551,CUST-002739,2026-05-16,Delivered,Marketplace,Lake Jamestown,OH
ORD-0001589,CUST-001482,2026-08-02,Placed,Mobile App,West Michael,FL
ORD-0000993,CUST-001222,2023-11-29,Delivered,Web,Lake Laura,TX
ORD-0005586,CUST-002297,2025-02-03,Shipped,Mobile App,,FL
ORD-0006541,CUST-002927,2024-11-28,Delivered,Web,Batesmouth,NY
ORD-0011455,CUST-002279,2026-08-22,Shipped,Mobile App,Lake Allen,NC
ORD-0007794,CUST-002615,2026-08-20,Delivered,Mobile App,West Josephborough,IL
ORD-0006651,CUST-000318,2024-05-10,Delivered,Mobile App,Aliciaside,WA
ORD-0010301,CUST-002573,2025-08-13,Shipped,Mobile App,Sanchezshire,OH
ORD-0002888,CUST-000793,2026-07-16,Shipped,In-Store,Lake Louis,MI
ORD-0009405,CUST-001120,2026-02-23,Delivered,Web,West Christy,GA
ORD-0004993,CUST-001311,2025-03-15,Placed,Web,Michaelfort,NC
ORD-0005117,CUST-002577,2026-04-05,Delivered,Marketplace,East Brandonmouth,MI
ORD-0002771,CUST-002946,2023-12-22,Delivered,In-Store,Williamsmouth,TX
ORD-0007061,CUST-002547,2025-11-30,Cancelled,Mobile App,Wellsburgh,OH
ORD-0002081,CUST-000429,2026-03-07,Placed,Web,New Crystal,NC
ORD-0008941,CUST-000323,2026-07-22,Cancelled,Mobile App,New Warren,FL
ORD-0001882,CUST-002199,2026-08-30,Processing,Mobile App,Port Jonathanview,NY
ORD-0006914,CUST-001069,2025-07-28,Delivered,Web,Danielview,WA
ORD-0009128,CUST-001850,2025-11-15,Processing,Marketplace,South Geoffrey,AZ
ORD-0002279,CUST-002225,2025-12-31,Delivered,In-Store,Lake Derek,PA
ORD-0011510,CUST-002783,2025-10-17,Returned,Mobile App,East Christinastad,OH
ORD-0000365,CUST-000328,2026-07-24,Placed,Mobile App,Lake John,IL
ORD-0011903,CUST-002085,2026-05-01,Returned,Web,Wadehaven,OH
ORD-0010020,CUST-002422,2026-04-27,Cancelled,Web,West Christina,NY
ORD-0000459,CUST-001324,2026-04-07,Delivered,Web,Matthewmouth,AZ
ORD-0011931,CUST-000613,2026-04-25,Delivered,Mobile App,Harveyton,NY
ORD-0008658,CUST-002405,2025-01-04,Processing,Marketplace,South Russell,CA
ORD-0008825,CUST-002476,2026-08-30,Cancelled,Web,Port Nicoleville,CA
ORD-0007253,CUST-001230,"December 05, 2024",Shipped,Web,Lake Jessetown,MI
ORD-0001357,CUST-000673,2024-06-07,Processing,Web,,CA
ORD-0011453,CUST-001810,2026-03-19,Placed,Web,West Mark,MI
ORD-0008571,CUST-002116,2026-03-21,Delivered,Marketplace,Angelicafort,OH
ORD-0004593,CUST-002081,2025-06-22,Delivered,Mobile App,North Cheryl,TX
ORD-0002235,CUST-001681,2026-08-11,Delivered,Web,East Beth,OH
ORD-0007978,CUST-001101,2026-08-23,Shipped,Marketplace,North Georgeton,CA
ORD-0000240,CUST-001622,2026-05-24,Cancelled,Mobile App,East Gina,CA
ORD-0011623,CUST-002757,2025-04-15,Processing,Web,Port Michelle,MI
ORD-0002273,CUST-002741,2026-06-22,Processing,Web,Rodriguezshire,WA
ORD-0007924,CUST-003000,2025-04-28,Delivered,Mobile App,Ramirezhaven,WA
ORD-0009920,CUST-001696,2025-11-20,Placed,Web,South Nicolechester,GA
ORD-0005711,CUST-002021,2026-03-15,Returned,In-Store,Lake Mirandatown,CA
ORD-0005174,CUST-002591,2024-07-11,Shipped,Mobile App,Morsefort,IL
ORD-0005320,CUST-001695,2026-08-31,Processing,Web,South Johnbury,IL
ORD-0006329,CUST-002827,2024-05-10,Placed,Mobile App,New Natalie,FL
ORD-0002706,CUST-002359,2024-11-02,Delivered,Web,New Jonathan,PA
ORD-0005161,CUST-002374,2026-05-28,Shipped,Mobile App,Emilyland,GA
ORD-0008131,CUST-000325,2026-07-13,Processing,Web,North Douglaston,MI
ORD-0004786,CUST-000183,2026-08-27,Delivered,Web,Rodneyton,OH
ORD-0005653,CUST-001014,2025-12-24,Processing,Mobile App,Robertfort,GA
ORD-0007388,CUST-002039,2026-07-31,Shipped,In-Store,Lake Lisa,GA
ORD-0002653,CUST-000181,2026-08-06,Shipped,Mobile App,Bradfordview,FL
ORD-0001799,CUST-002608,2026-01-03,DELIVERED,In-Store,Jacksonbury,OH
ORD-0000495,CUST-001855,2025-12-28,Cancelled,Web,Jimmyview,NC
ORD-0007032,CUST-000489,2025-11-22,Shipped,Marketplace,Davischester,PA
ORD-0007666,,2026-07-22,Delivered,Marketplace,Angelabury,AZ
ORD-0004689,CUST-002797,2026-05-14,Shipped,Marketplace,Connorfurt,IL
ORD-0007274,CUST-002038,2025-04-13,Delivered,Marketplace,Lake Joshua,FL
ORD-0004759,CUST-002804,2026-04-30,Placed,Mobile App,Julieshire,OH
ORD-0001445,CUST-000629,2026-04-12,Delivered,Web,East Travis,CA
ORD-0001093,CUST-001474,2026-01-04,Shipped,Web,Freemanberg,IL
ORD-0004041,CUST-002073,2024-12-26,Shipped,Mobile App,Whitetown,NY
ORD-0001043,CUST-002145,2026-04-11,Processing,Web,Port Ginaborough,NY
ORD-0002244,CUST-000941,2026-04-09,Delivered,Mobile App,Jamesmouth,OH
ORD-0005913,CUST-002844,2026-04-27,Delivered,Mobile App,New Barbaraview,GA
ORD-0005067,CUST-000660,2026-02-24,Processing,Mobile App,Gwendolynmouth,PA
ORD-0005438,CUST-997571,2024-06-27,Shipped,Web,East Brianview,GA
ORD-0002936,CUST-002641,2025-07-03,Delivered,Web,Leeville,AZ
ORD-0007566,CUST-000351,2025-02-13,Shipped,Marketplace,Port Kimberly,FL
ORD-0005189,CUST-001266,2026-03-13,Delivered,Marketplace,Danielton,WA
ORD-0001594,CUST-001923,2025-06-02,Delivered,Web,East Jacqueline,MI
ORD-0011796,CUST-935759,2026-08-24,shipped,Marketplace,East Christian,AZ
ORD-0008516,CUST-001141,2026-07-08,Shipped,Mobile App,New Williamchester,WA
ORD-0010555,CUST-000379,2025-09-01,Processing,Web,West Harryside,GA
ORD-0004512,CUST-002517,2026-08-28,Processing,Mobile App,,NC
ORD-0006627,CUST-001149,2026-02-26,Shipped,Web,Smithstad,GA
ORD-0001420,CUST-001747,2026-02-23,Cancelled,Web,South Darlene,CA
ORD-0000292,CUST-001112,2024-05-04,Returned,Mobile App,Royberg,IL
ORD-0000880,CUST-001248,2025-11-19,Cancelled,In-Store,Brendaview,IL
ORD-0000334,CUST-002820,2025-12-17,Placed,In-Store,,NY
ORD-0001171,CUST-000587,2025-10-01,Cancelled,Mobile App,Powellton,NC
ORD-0009601,CUST-002761,06/20/2026,Processing,Mobile App,Dodsonborough,NC
ORD-0011919,CUST-002358,2025-12-26,Cancelled,Web,East Terryburgh,TX
ORD-0000592,CUST-002539,2025-11-08,Processing,Web,Estradaview,CA
ORD-0001847,CUST-001238,2024-06-08,Delivered,Marketplace,Melissaside,WA
ORD-0000173,CUST-000079,2025-12-29,Delivered,Marketplace,Mckeefurt,PA
ORD-0003346,CUST-001806,2024-03-07,Delivered,Mobile App,Carrollfort,CA
ORD-0006799,CUST-000959,2026-05-11,Processing,Mobile App,Walkerton,AZ
ORD-0000439,CUST-001718,2025-07-02,Delivered,In-Store,Matthewhaven,WA
ORD-0002227,CUST-000485,2026-04-04,Shipped,Mobile App,South William,NC
ORD-0007599,CUST-001625,2024-07-30,Delivered,Mobile App,Greenhaven,AZ
ORD-0001148,CUST-001742,2025-09-06,Delivered,In-Store,,MI
ORD-0009810,CUST-000427,2026-07-27,Delivered,In-Store,North Shawn,PA
ORD-0002694,CUST-001522,2026-06-03,Delivered,Web,East Thomasside,AZ
ORD-0002389,CUST-001305,2024-12-03,Delivered,Marketplace,Port Jaclynmouth,FL
ORD-0005392,CUST-001344,2024-08-13,dELIVERED,Mobile App,New Stephen,IL
ORD-0006225,CUST-000795,2025-10-28,Cancelled,Mobile App,Jacksonville,FL
ORD-0003868,CUST-001624,2026-09-03,Placed,Web,Pughhaven,CA
ORD-0007007,CUST-000305,2025-12-30,Delivered,Mobile App,Smithtown,WA
ORD-0000322,CUST-000921,2025-12-24,Shipped,Mobile App,Port Francesville,NY
ORD-0001565,CUST-001017,2026-04-24,Delivered,Web,West Mikayla,OH
ORD-0001697,CUST-000329,2024-05-25,Shipped,Mobile App,East Jeffrey,AZ
ORD-0006717,CUST-001752,2026-06-17,Cancelled,Mobile App,Lake Sarah,MI
ORD-0008212,CUST-002345,2025-07-24,Delivered,Web,Lawrenceville,OH
ORD-0008408,CUST-000917,2025-12-28,Delivered,Mobile App,Danielburgh,WA
ORD-0007166,CUST-002551,2026-06-15,Shipped,Marketplace,East Randyhaven,GA
ORD-0007418,CUST-002378,2026-06-07,Delivered,Web,Sawyerstad,GA
ORD-0009123,CUST-002632,2025-11-14,Shipped,Web,Wellsmouth,MI
ORD-0004813,CUST-001117,2026-04-20,Delivered,Marketplace,Kendraview,TX
ORD-0001496,CUST-001025,2025-08-17,Processing,Web,West Amy,MI
ORD-0006925,CUST-002714,2026-08-16,Placed,Mobile App,Ericborough,AZ
ORD-0009726,CUST-000232,2026-07-20,Delivered,In-Store,South Nathanchester,OH
ORD-0007576,CUST-002200,2025-10-22,Placed,Marketplace,South Richardstad,PA
ORD-0000845,CUST-002399,2025-07-08,Processing,Web,Aprilbury,AZ
ORD-0006729,CUST-001982,2026-07-18,Placed,In-Store,,MI
ORD-0008105,,2026-06-13,Processing,Web,East Robertfurt,PA
ORD-0003448,CUST-000264,2026-07-16,Shipped,Web,South Geraldview,NY
ORD-0008527,CUST-000886,2025-12-30,Cancelled,Mobile App,Floresborough,MI
ORD-0003387,CUST-000714,2024-10-06,Cancelled,In-Store,North Arthur,OH
ORD-0006940,CUST-000247,2026-03-26,Placed,Mobile App,Port Codyburgh,CA
ORD-0002965,CUST-000101,2025-04-30,Placed,In-Store,West Anthony,NY
ORD-0008183,CUST-001842,2026-03-10,Delivered,Mobile App,North Theodore,WA
ORD-0007839,CUST-001677,2026-09-03,Placed,Mobile App,Lake Samantha,CA
ORD-0011035,CUST-000121,2026-05-05,Placed,Marketplace,Knightberg,GA
ORD-0000946,CUST-001608,2024-05-16,Cancelled,Mobile App,New Elizabeth,AZ
ORD-0005006,CUST-000524,2025-09-24,Delivered,Web,Juanburgh,OH
ORD-0008194,CUST-000021,2026-08-19,Delivered,Marketplace,Barbaraview,MI
ORD-0007045,CUST-002371,2026-07-01,Cancelled,Mobile App,Port Gloria,AZ
ORD-0001895,CUST-000914,2025-08-31,Cancelled,In-Store,Henryview,FL
ORD-0001408,CUST-002787,2024-04-03,Delivered,Web,Smallhaven,TX
ORD-0004843,CUST-000853,2024-03-27,Returned,Mobile App,Barnesstad,MI
ORD-0009998,CUST-001838,2024-02-03,Placed,Web,North Crystal,AZ
ORD-0006746,CUST-000480,2026-06-13,Processing,Mobile App,New Dustin,GA
ORD-0008813,CUST-001099,2025-01-31,Shipped,Web,West Devin,CA
ORD-0001824,CUST-001033,2025-11-23,Processing,In-Store,Chambershaven,MI
ORD-0007951,CUST-002619,2025-10-14,Delivered,Marketplace,Rickyborough,CA
ORD-0002391,CUST-002579,2026-02-27,Shipped,In-Store,Craigville,OH
ORD-0000196,CUST-002572,10/29/2025,Delivered,Marketplace,Port Chase,AZ
ORD-0003490,CUST-002900,2026-06-12,Delivered,Mobile App,Williamsonhaven,IL
ORD-0011549,CUST-002256,09-Feb-2025,Returned,Mobile App,Emilystad,TX
ORD-0000437,CUST-000737,01/02/2026,Cancelled,Web,,AZ
ORD-0010238,CUST-001455,2024-10-25,Placed,Marketplace,New Georgebury,OH
ORD-0002606,CUST-002884,08-Feb-2026,Shipped,Marketplace,New Jasonmouth,MI
ORD-0005240,CUST-000707,2025-06-04,Placed,Web,Juliabury,NY
ORD-0001432,CUST-002927,2025-05-02,Delivered,Web,Berrybury,NY
ORD-0002646,CUST-000694,08/30/2026,Placed,Web,New Brittanyhaven,PA
ORD-0010958,CUST-911602,2026-08-17,Cancelled,Web,,IL
ORD-0004935,CUST-000230,2025-05-08,Placed,Mobile App,Rasmussenton,FL
ORD-0003782,CUST-002941,2025-11-23,Delivered,Mobile App,Port Melanie,PA
ORD-0000409,CUST-000442,2024-05-02,Delivered,Marketplace,North Juan,WA
ORD-0002305,CUST-001512,2025-09-02,pROCESSING,Mobile App,Tammyshire,IL
ORD-0006190,CUST-000185,2025-09-06,Returned,Web,Rileybury,FL
ORD-0006438,CUST-000105,2025-11-11,Shipped,Web,Port Christineton,IL
ORD-0003425,CUST-000486,2025-04-23,Delivered,Mobile App,Charlesberg,OH
ORD-0011028,CUST-002087,2026-08-13,Placed,Web,Schroederport,NC
ORD-0001737,CUST-002863,2026-09-04,Delivered,Mobile App,Port Veronicamouth,OH
ORD-0007163,CUST-000208,2026-07-31,Cancelled,Web,South Louisburgh,WA
ORD-0003193,CUST-000718,2026-06-27,Shipped,Mobile App,North Dennisshire,GA
ORD-0006569,CUST-000372,2025-07-21,Delivered,Marketplace,Port Chadland,CA
ORD-0005831,CUST-000724,2025-12-19,Processing,Web,Joneschester,GA
ORD-0000323,CUST-002365,2026-06-23,Returned,Web,Kirbyton,GA
ORD-0003181,CUST-002281,2026-07-27,Delivered,Marketplace,West Ryanburgh,GA
ORD-0010875,CUST-001291,2026-07-25,Processing,In-Store,Lake Billyfort,CA
ORD-0006684,CUST-001422,2024-10-29,Delivered,Marketplace,Brucehaven,GA
ORD-0011361,CUST-002033,2026-08-13,Returned,Web,Lake Ashleyton,AZ
ORD-0009364,CUST-002938,2026-07-16,Delivered,Marketplace,Port Hayley,FL
ORD-0006549,CUST-002415,07/05/2025,Shipped,Web,North Brian,IL
ORD-0000366,CUST-002379,2025-09-24,Delivered,Web,Port Jessicaport,WA
ORD-0010821,CUST-001108,2025-12-16,Delivered,Web,South Tara,AZ
ORD-0006021,CUST-000572,2026-08-26,Placed,Mobile App,Erikview,CA
ORD-0008758,CUST-002343,2026-06-13,Shipped,Mobile App,Lake John,OH
ORD-0001077,CUST-001264,2026-05-18,Delivered,Web,Kevinberg,IL
ORD-0000258,CUST-000626,2026-07-20,Delivered,Web,North Michaelside,TX
ORD-0011304,CUST-001705,2026-08-28,Delivered,Web,West Nathanborough,NY
ORD-0006701,CUST-000681,2025-09-18,Delivered,Mobile App,Jacksonton,IL
ORD-0009479,CUST-000875,2025-05-13,Delivered,Web,South Aliciafurt,AZ
ORD-0005679,CUST-001843,2025-11-10,Shipped,Mobile App,New John,WA
ORD-0002089,CUST-000859,2026-02-12,Placed,Web,Lake Jacquelineside,GA
ORD-0011841,CUST-002893,2025-05-16,Processing,Web,Grantbury,IL
ORD-0008039,CUST-002276,2026-08-31,Processing,Marketplace,Lake Julie,PA
ORD-0004812,CUST-000926,2025-11-13,Processing,Web,New Fredbury,OH
ORD-0008639,CUST-002133,2026-01-10,Delivered,Web,East Dawnmouth,TX
ORD-0004566,CUST-000591,2026-05-18,Shipped,Mobile App,Lake Troy,OH
ORD-0002884,CUST-001475,2026-08-11,Shipped,Web,North Roger,AZ
ORD-0011191,CUST-000104,2026-04-19,Placed,Web,Harringtonfort,FL
ORD-0007539,CUST-001167,2026-07-27,delivered,Marketplace,East Clarence,TX
ORD-0003226,CUST-001622,2026-06-12,Delivered,Web,New Nicolehaven,CA
ORD-0008109,CUST-000640,2026-02-27,Delivered,Web,Stephanieshire,NC
ORD-0007361,CUST-002364,2025-06-10,Shipped,Web,West Jenna,TX
ORD-0002312,CUST-001633,2024-11-23,Delivered,Mobile App,Christinaton,PA
ORD-0001995,CUST-000005,2026-06-09,Processing,Mobile App,Mcbridefort,TX
ORD-0002764,CUST-000716,2025-06-18,Delivered,Web,Dawsonhaven,MI
ORD-0001521,CUST-002187,2026-02-07,Shipped,Web,Lake Adamtown,IL
ORD-0002206,CUST-002385,2023-11-19,Delivered,Marketplace,South Glenbury,AZ
ORD-0007992,CUST-001391,"July 15, 2026",Delivered,Web,Priscillaton,FL
ORD-0009008,CUST-002667,2026-08-24,Delivered,Web,Rebeccaside,IL
ORD-0001884,CUST-002223,2026-06-10,Delivered,In-Store,North Sierra,OH
ORD-0006556,CUST-000649,26-Jul-2026,Delivered,Mobile App,East Deanna,GA
ORD-0003877,CUST-000492,2025-12-22,SHIPPED,Marketplace,New Leslie,GA
ORD-0001616,CUST-000253,2026-02-15,Delivered,Web,North Brian,GA
ORD-0004204,CUST-000124,2026-05-03,Shipped,In-Store,Jessicahaven,IL
ORD-0000716,CUST-000045,2025-05-08,Shipped,Marketplace,West Kelly,PA
ORD-0008364,CUST-001684,11-Sep-2025,Placed,Web,Lake Kristen,MI
ORD-0000566,CUST-001572,2026-08-31,Processing,Web,South Dwayne,TX
ORD-0003214,CUST-001231,2026-08-27,Shipped,Mobile App,Knoxborough,MI
ORD-0009029,CUST-002647,2024-06-03,Cancelled,Mobile App,Hammondhaven,OH
ORD-0002836,CUST-002935,2025-03-20,Delivered,In-Store,North Danielle,TX
ORD-0010388,CUST-000201,2026-08-10,Delivered,Mobile App,Youngland,IL
ORD-0000777,CUST-001596,2025-05-20,Processing,Mobile App,New Nathan,NC
ORD-0007486,CUST-000130,2025-04-05,Delivered,Mobile App,Patriciashire,GA
ORD-0007048,CUST-001563,2025-01-27,Shipped,Mobile App,North Suzanne,NC
ORD-0010894,CUST-002467,2026-06-29,Delivered,Web,Port Jeffrey,NC
ORD-0011019,CUST-001277,2026-07-22,Delivered,Mobile App,Robinside,NY
ORD-0010563,CUST-001030,2026-09-03,Placed,Mobile App,North Donna,IL
ORD-0009555,CUST-000431,2024-02-28,Cancelled,Web,New Erikaville,PA
ORD-0005165,CUST-000512,2025-08-14,Placed,Mobile App,Danielburgh,OH
ORD-0005566,CUST-001179,2026-09-05,Returned,In-Store,Aliciaton,PA
ORD-0002117,CUST-000337,2024-08-18,Shipped,Web,Zacharyville,FL
ORD-0007411,CUST-001673,2025-06-21,Shipped,In-Store,Katherinestad,NY
ORD-0006528,CUST-002115,2026-08-12,Shipped,Mobile App,Butlerville,WA
ORD-0007650,CUST-001603,2026-08-03,Delivered,Mobile App,South Victorville,OH
ORD-0006769,CUST-000456,2026-06-20,Cancelled,Mobile App,South Steven,OH
ORD-0008827,CUST-002138,2026-04-26,Delivered,Marketplace,South Shawntown,MI
ORD-0011795,CUST-000450,2026-08-16,Processing,Mobile App,Tinaview,CA
ORD-0011283,CUST-002356,2026-07-13,Delivered,Mobile App,Lisaburgh,FL
ORD-0007830,CUST-000667,2024-12-10,Shipped,In-Store,Lake Lauratown,NC
ORD-0000709,CUST-002917,2026-02-11,Delivered,Mobile App,Esparzahaven,IL
ORD-0006716,CUST-000288,2026-03-07,Processing,Mobile App,,NC
ORD-0007484,CUST-002189,2026-03-23,Delivered,Marketplace,West Julia,NC
ORD-0010851,CUST-001300,2026-06-20,Placed,Web,North Jeromeburgh,AZ
ORD-0002092,,"August 27, 2026",Shipped,Mobile App,Meganport,TX
ORD-0010575,CUST-002513,2026-08-23,Delivered,Marketplace,Carlsonborough,AZ
ORD-0000289,CUST-001322,2025-10-21,Processing,Web,Hayesland,AZ
ORD-0008962,CUST-001384,2025-02-06,Placed,Web,East Henry,NY
ORD-0006402,CUST-000178,2026-07-12,Cancelled,Marketplace,Lake Reginaland,IL
ORD-0008148,CUST-002686,2025-03-11,Cancelled,Web,,OH
ORD-0005650,CUST-000725,2026-04-23,Processing,Mobile App,North Jessestad,PA
ORD-0002814,CUST-000423,2025-06-02,Placed,Mobile App,,WA
ORD-0003300,CUST-000875,2024-11-26,cANCELLED,In-Store,New Stacyside,PA
ORD-0005488,CUST-002164,"January 16, 2025",Delivered,Mobile App,West Keith,GA
ORD-0008580,CUST-002748,2025-04-16,Delivered,Marketplace,Khanfurt,IL
ORD-0010302,CUST-000341,2026-05-12,Returned,Marketplace,Kellieborough,PA
ORD-0010008,CUST-002734,2025-07-03,Delivered,Mobile App,Brownbury,WA
ORD-0006796,CUST-000252,2026-06-23,Processing,Mobile App,North Terri,GA
ORD-0010974,CUST-000952,2025-06-27,Shipped,Web,Pacefort,IL
ORD-0005394,CUST-002974,2026-04-04,Delivered,Marketplace,Ashleyland,GA
ORD-0011842,CUST-002516,2025-08-20,Shipped,Mobile App,Michellemouth,OH
ORD-0011274,CUST-002500,2025-06-07,Placed,Mobile App,,FL
ORD-0002567,CUST-002640,2025-06-11,Delivered,Marketplace,New Jennifer,CA
ORD-0010996,CUST-001959,2024-12-02,Cancelled,Web,East Sarahport,TX
ORD-0003965,CUST-002513,2026-07-01,Delivered,Web,Ryanton,CA
ORD-0009996,CUST-000246,2025-05-19,Shipped,Mobile App,,GA
ORD-0000805,CUST-002639,2026-06-26,Processing,Web,North Jenniferburgh,OH
ORD-0001817,CUST-000149,2026-05-23,Shipped,Web,Port Michael,NY
ORD-0002071,CUST-002781,2024-10-09,Processing,Mobile App,New Ericfurt,NC
ORD-0000036,CUST-002405,2024-10-24,Placed,Marketplace,Meganmouth,IL
ORD-0007918,CUST-000608,2026-01-31,CANCELLED,Marketplace,Port Erikborough,MI
ORD-0010539,CUST-001128,2026-02-17,Delivered,Mobile App,Lake Kimberlyshire,AZ
ORD-0007673,CUST-000038,2024-09-06,Placed,Web,Harveychester,IL
ORD-0010247,CUST-002202,2026-05-25,Shipped,Web,East Jamesborough,MI
ORD-0005890,CUST-000073,2025-10-31,Processing,Web,West Samanthachester,TX
ORD-0011747,CUST-001203,2026-02-12,Cancelled,Mobile App,New Bradleyshire,MI
ORD-0008391,CUST-002966,2026-07-10,Shipped,Web,East Zachary,FL
ORD-0000758,CUST-002961,2025-12-27,Placed,Web,New Paulashire,TX
ORD-0009473,CUST-001132,2026-02-12,Processing,Web,Lake Kevinchester,NC
ORD-0011292,CUST-001117,2025-02-10,Delivered,Web,West Madison,GA
ORD-0008243,CUST-000647,2024-09-23,Delivered,Web,West Brittany,PA
ORD-0002540,CUST-000338,2026-06-08,Delivered,Web,Littleview,AZ
ORD-0007015,CUST-002565,2026-07-24,Delivered,Web,Brooksborough,FL
ORD-0007653,CUST-000702,2026-08-17,Placed,Mobile App,Grayfort,TX
ORD-0007976,CUST-001441,2026-07-06,Processing,In-Store,Williamsmouth,IL
ORD-0004230,CUST-002278,2024-06-28,Processing,Web,Williamsview,OH
ORD-0005955,CUST-001990,2025-02-20,Processing,Mobile App,Frazierfort,CA
ORD-0007023,CUST-002910,2025-03-22,Placed,Web,Brownport,CA
ORD-0007856,CUST-001008,2026-06-02,Cancelled,In-Store,Sanderston,NY
ORD-0001787,CUST-002092,2026-01-20,Processing,Web,Michaelton,OH
ORD-0003113,CUST-002525,2026-08-16,Cancelled,Web,Lake Patricia,WA
ORD-0006949,CUST-000487,2026-09-01,Delivered,Marketplace,New Brian,FL
ORD-0000428,CUST-002494,2026-06-30,Delivered,Mobile App,East Kathryn,NY
ORD-0003424,CUST-001038,2026-05-22,Returned,Web,Christinaville,NY
ORD-0010624,CUST-001189,2025-07-05,Placed,Mobile App,Lake Amandamouth,TX
ORD-0004518,CUST-001843,2025-05-28,Placed,Mobile App,Port Davidmouth,AZ
ORD-0006000,CUST-002001,2026-06-14,Processing,Web,South James,NC
ORD-0011143,CUST-000130,2024-05-17,PLACED,Mobile App,Jenkinsstad,OH
ORD-0003303,CUST-002207,2024-09-09,Placed,Mobile App,West Meganmouth,MI
ORD-0011973,CUST-001599,2026-06-18,Delivered,Web,Port Dwayneberg,FL
ORD-0003196,CUST-001447,2024-12-14,Shipped,Web,East Ann,PA
ORD-0008168,CUST-002193,2026-08-12,Processing,Web,New Brentchester,PA
ORD-0001912,CUST-002035,2026-08-11,Returned,Web,Alexandermouth,GA
ORD-0007890,CUST-002913,2024-12-08,Processing,Mobile App,New Jennifer,IL
ORD-0006199,CUST-000791,2026-02-24,Delivered,Web,Tannermouth,MI
ORD-0006335,CUST-001542,2025-07-09,Placed,Marketplace,Port Tamibury,OH
ORD-0011520,CUST-002311,2026-08-22,Delivered,Mobile App,West Stephen,OH
ORD-0003273,CUST-002318,2025-05-24,sHIPPED,Mobile App,Longbury,NC
ORD-0007883,CUST-002956,2025-08-10,Processing,Marketplace,Johnsonberg,TX
ORD-0002258,CUST-000317,2026-01-01,Placed,Mobile App,,FL
ORD-0008742,CUST-001518,2026-09-05,shipped,Marketplace,Laurachester,AZ
ORD-0006692,CUST-001612,03/28/2025,Delivered,Web,Fosterberg,NY
ORD-0007231,CUST-001494,"December 24, 2025",Delivered,Web,New Ericbury,OH
ORD-0003018,CUST-002280,2026-08-13,Shipped,Web,Gonzaleztown,GA
ORD-0009383,CUST-000442,2024-07-06,Delivered,Web,Loriborough,MI
ORD-0001747,CUST-002412,2025-12-06,Shipped,Marketplace,Lake Denisebury,PA
ORD-0011876,CUST-002165,2025-04-23,Delivered,Mobile App,Lake John,CA
ORD-0005772,CUST-000561,2026-05-20,dELIVERED,Web,Lozanofurt,NC
ORD-0002228,CUST-002530,2025-04-30,Shipped,Web,West John,NY
ORD-0006859,CUST-000464,2026-06-09,Cancelled,In-Store,Jeffreymouth,WA
ORD-0001938,CUST-002860,2026-04-14,Returned,Web,North Jasonland,OH
ORD-0008921,CUST-001208,2026-08-26,Processing,Mobile App,East Andrewhaven,CA
ORD-0011977,CUST-000310,2026-01-31,Delivered,In-Store,East Amandastad,NY
ORD-0005671,CUST-001510,2026-04-06,Cancelled,Web,Port Michaelstad,PA
ORD-0005235,CUST-002605,2025-11-02,Delivered,Mobile App,Bassfurt,TX
ORD-0011559,CUST-002724,08/05/2026,Placed,Web,Hunterville,FL
ORD-0008959,CUST-002433,2026-07-13,Shipped,Web,,MI
ORD-0007668,CUST-001559,2025-03-20,Returned,Web,Boydtown,IL
ORD-0007792,CUST-001032,2026-07-31,Shipped,Mobile App,,WA
ORD-0002199,CUST-000864,2026-01-30,Delivered,Web,South Michelebury,NY
ORD-0007562,CUST-002636,2026-05-20,Shipped,In-Store,Dunlapberg,TX
ORD-0005617,CUST-000636,2026-03-27,Processing,Web,Sarahmouth,FL
ORD-0010293,CUST-001371,2026-06-22,Processing,Marketplace,Port Jessicaton,PA
ORD-0008537,CUST-001740,2026-07-01,Delivered,Web,Lake Brittany,NY
ORD-0007425,CUST-001506,12-Aug-2026,delivered,Mobile App,Port Ann,TX
ORD-0004423,CUST-001701,2025-10-26,Processing,In-Store,Butlerhaven,GA
ORD-0007008,,2026-01-02,Delivered,Mobile App,West Christopher,FL
ORD-0002483,CUST-000227,2025-09-10,Delivered,Marketplace,West Hannah,FL
ORD-0006753,CUST-000366,2026-08-29,Delivered,Mobile App,Rebeccatown,WA
ORD-0004818,CUST-002641,2026-03-02,Processing,Marketplace,Eriktown,IL
ORD-0010078,CUST-001501,2025-08-16,Processing,Web,Mauriceton,NY
ORD-0001395,CUST-001393,2026-01-29,Delivered,Web,Juliaside,IL
ORD-0004157,CUST-002012,2026-04-10,PLACED,Web,West Michelle,GA
ORD-0004158,CUST-002868,2025-11-18,Cancelled,Web,East Pamela,FL
ORD-0011246,CUST-000644,2026-05-18,Placed,Web,New Michael,AZ
ORD-0007053,CUST-000630,2026-09-02,Placed,Mobile App,Lake Laurenbury,CA
ORD-0006089,CUST-000579,2025-03-05,Processing,In-Store,Lake James,CA
ORD-0007182,CUST-001389,2025-09-20,Delivered,Web,Kerriview,NY
ORD-0004105,CUST-002841,2026-08-02,Cancelled,Web,North Amyville,IL
ORD-0005114,CUST-001495,2026-02-22,processing,Marketplace,Williamstown,AZ
ORD-0003055,CUST-001069,2026-01-19,Shipped,Web,Port Ryanhaven,MI
ORD-0001159,CUST-001347,2026-07-31,Delivered,Mobile App,Navarrobury,AZ
ORD-0008046,CUST-001289,2026-08-30,Processing,Web,Erictown,IL
ORD-0006854,CUST-001575,2026-01-18,Placed,Web,North Ryanberg,NC
ORD-0009997,CUST-002623,2024-09-30,Delivered,In-Store,New Charlesland,GA
ORD-0009318,CUST-002576,22-Aug-2026,Cancelled,Mobile App,Wilsonton,CA
ORD-0011607,CUST-000135,2024-12-23,Shipped,Marketplace,East Lauramouth,NY
ORD-0005568,CUST-001918,2025-11-16,Processing,Marketplace,,NY
ORD-0007618,CUST-002833,2025-12-31,Delivered,Marketplace,Carterhaven,NC
ORD-0008468,CUST-000921,2025-02-07,Delivered,Mobile App,Hernandezborough,NY
ORD-0008798,CUST-001653,2026-08-19,Placed,Web,Millermouth,GA
ORD-0007621,CUST-002885,2024-11-28,Cancelled,Marketplace,Port Hannahfurt,PA
ORD-0001958,CUST-002667,2026-08-18,dELIVERED,Web,Thomaschester,TX
ORD-0004728,CUST-002050,2024-08-28,Processing,Web,Johnsonshire,OH
ORD-0005205,CUST-002196,2026-08-15,DELIVERED,In-Store,East Sarah,OH
ORD-0005537,CUST-000863,2026-06-11,Returned,Web,Jonestown,CA
ORD-0007775,CUST-001963,2026-08-13,Returned,Web,Michaelborough,OH
ORD-0011826,CUST-000951,2025-07-16,Delivered,Web,Michelleland,WA
ORD-0002335,CUST-002904,12/28/2024,Delivered,Marketplace,Rodgersberg,MI
ORD-0011007,CUST-002576,2026-08-29,Processing,Mobile App,Brooksbury,NC
ORD-0011459,CUST-000822,2025-12-11,Processing,Web,West Diana,GA
ORD-0000385,CUST-002190,14-Feb-2026,Processing,Mobile App,Elaineton,NC
ORD-0000208,CUST-001862,2026-08-01,Shipped,Web,Margaretton,PA
ORD-0008362,CUST-000303,2025-03-30,Processing,Web,Aprilstad,WA
ORD-0008607,CUST-000609,2025-07-31,Delivered,Mobile App,Georgehaven,IL
ORD-0003262,CUST-001993,2026-07-11,Delivered,Mobile App,Baileyshire,CA
ORD-0001556,CUST-002178,2025-06-28,SHIPPED,Marketplace,Kendraton,PA
ORD-0007471,CUST-998366,2026-06-25,Processing,Web,Grantberg,FL
ORD-0006564,CUST-000728,2026-06-26,Shipped,Web,,GA
ORD-0001631,CUST-000359,2026-07-19,Processing,Web,,PA
ORD-0001580,CUST-002605,2025-05-26,SHIPPED,Mobile App,South Julia,AZ
ORD-0011509,CUST-002629,2025-04-09,Processing,Mobile App,West Teresa,WA
ORD-0006621,CUST-001002,2026-01-19,Delivered,Web,East Donnamouth,NC
ORD-0006882,CUST-001354,2026-06-02,Shipped,In-Store,Smithtown,AZ
ORD-0009687,CUST-001753,2026-06-10,Processing,Marketplace,,IL
ORD-0006104,CUST-001283,2025-10-15,Cancelled,Mobile App,East Douglas,WA
ORD-0006348,CUST-000509,2026-05-03,Delivered,Mobile App,East Ginatown,AZ
ORD-0001591,CUST-002435,2025-05-23,Processing,In-Store,Lake Paul,NC
ORD-0003549,CUST-002931,2026-09-05,Shipped,In-Store,Pamelashire,GA
ORD-0000063,CUST-001254,2023-11-21,Placed,Web,Ginaborough,PA
ORD-0004537,CUST-000954,2026-06-17,Returned,Mobile App,East Benjaminfurt,CA
ORD-0002642,CUST-000828,2026-02-22,Shipped,Mobile App,Port Kimberlyside,NC
ORD-0007581,CUST-000515,2026-01-08,Processing,In-Store,Port Christopher,CA
ORD-0011436,CUST-000510,2026-02-22,Delivered,Web,North Ryanbury,PA
ORD-0009915,CUST-000344,2026-03-27,Processing,Mobile App,Brewerberg,NY
ORD-0008410,CUST-000819,2026-03-17,Shipped,In-Store,Jasonland,NY
ORD-0008632,CUST-002980,2025-01-19,Placed,Web,East Mark,MI
ORD-0009706,CUST-002951,2025-11-11,Cancelled,Web,Michaelmouth,NC
ORD-0000884,CUST-000041,2025-06-19,Processing,Mobile App,West Dennis,CA
ORD-0001572,CUST-000599,2025-07-12,Returned,Marketplace,Thomasmouth,FL
ORD-0003159,CUST-002873,2025-04-20,Cancelled,Marketplace,West Mary,PA
ORD-0001164,CUST-000886,2026-07-10,Cancelled,Mobile App,Harrisonport,AZ
ORD-0005226,CUST-000900,2026-08-12,Placed,Web,West Morganview,NC
ORD-0004597,CUST-000641,2026-05-14,Placed,Web,,PA
ORD-0007245,CUST-002368,2024-11-01,Delivered,In-Store,Marcusshire,GA
ORD-0000178,CUST-002559,2025-01-25,Shipped,Web,Hectorshire,IL
ORD-0003607,CUST-001230,2026-01-29,Delivered,Marketplace,Reedburgh,OH
ORD-0008185,CUST-002119,2024-10-25,dELIVERED,Web,West Josephbury,NY
ORD-0006571,CUST-002414,2025-12-06,RETURNED,Marketplace,South Jason,PA
ORD-0002639,CUST-001600,2025-08-11,Delivered,Web,East Karenview,CA
ORD-0000915,CUST-001766,2026-07-21,Delivered,Web,East Kelly,NC
ORD-0000701,CUST-000879,2025-07-15,Shipped,Web,Saraville,NC
ORD-0008948,CUST-000346,2026-06-29,Delivered,Mobile App,Port Caitlin,MI
ORD-0006899,CUST-002939,2025-08-11,Delivered,Mobile App,South Ryanmouth,OH
ORD-0010513,CUST-002528,2025-07-25,Delivered,Web,,TX
ORD-0003733,CUST-000752,2025-03-18,Shipped,In-Store,Elizabethstad,IL
ORD-0002829,CUST-000661,2026-08-25,Processing,In-Store,West Sandrashire,TX
ORD-0011851,CUST-002784,2025-12-26,Shipped,Mobile App,Lake Julianshire,NC
ORD-0000266,CUST-000359,2026-08-25,Placed,Mobile App,West Julie,WA
ORD-0003274,CUST-001578,2025-12-07,Delivered,Web,North Ricardo,WA
ORD-0006234,CUST-001888,2024-04-22,Delivered,Web,,IL
ORD-0000114,CUST-000604,2026-07-31,Cancelled,Web,Parsonsland,FL
ORD-0003170,CUST-002856,25-Jun-2026,Delivered,Mobile App,New Dianaview,IL
ORD-0006264,,2026-09-01,Delivered,Mobile App,Crawfordfort,WA
ORD-0008019,CUST-001881,2026-07-16,Processing,Mobile App,Kellyton,NC
ORD-0009929,CUST-002031,2026-07-10,Delivered,Web,Lake Debbie,IL
ORD-0007130,CUST-000614,2024-10-22,Delivered,Marketplace,Carlsonshire,NY
ORD-0004328,CUST-002396,2026-02-05,Cancelled,In-Store,Port Kimberlyport,GA
ORD-0002322,CUST-001597,2025-01-18,Placed,Web,Port Lindamouth,GA
ORD-0005960,CUST-001983,2025-07-03,Cancelled,Mobile App,Shirleymouth,TX
ORD-0005675,CUST-001682,2025-12-02,Delivered,Mobile App,Brucefurt,NC
ORD-0002248,CUST-001348,2026-02-21,Delivered,Web,North Marcus,WA
ORD-0010593,CUST-000357,"July 26, 2026",Shipped,Web,East Matthewbury,WA
ORD-0004793,CUST-000525,06/04/2026,Delivered,Mobile App,West Nicholefort,IL
ORD-0009496,CUST-001271,2025-08-02,Processing,Mobile App,West Daniel,PA
ORD-0004555,CUST-001139,2026-08-09,Placed,Web,Port Kellybury,TX
ORD-0007204,CUST-000850,2025-10-19,Processing,Web,Haleymouth,NY
ORD-0003664,CUST-000679,2026-07-16,Cancelled,Web,West Linda,NC
ORD-0002490,CUST-002838,2025-09-12,Placed,Web,Ruthport,NC
ORD-0004064,CUST-000252,2026-08-14,Shipped,Web,East Mariah,FL
ORD-0004338,CUST-001200,2026-08-12,Processing,In-Store,South Lisaview,GA
ORD-0011712,CUST-002015,2026-08-26,placed,Web,Davidport,CA
ORD-0002798,CUST-001943,2026-07-13,Delivered,Mobile App,New Jenniferfurt,CA
ORD-0010626,CUST-001973,2026-05-14,Delivered,Mobile App,Williambury,WA
ORD-0003930,CUST-002446,2026-01-01,Delivered,Web,East Jamesside,WA
ORD-0010420,CUST-000919,2024-10-25,Shipped,Web,Hillmouth,OH
ORD-0002306,CUST-000277,2026-02-21,CANCELLED,Web,Lake Williehaven,CA
ORD-0004132,CUST-001600,2025-11-27,Delivered,Marketplace,East Susan,FL
ORD-0011624,CUST-001318,2025-06-14,Processing,Web,Victoriaville,OH
ORD-0002714,CUST-001653,2025-12-21,Processing,In-Store,South Michael,PA
ORD-0000717,CUST-002932,2026-03-02,Placed,Marketplace,New Peter,GA
ORD-0000509,CUST-002028,2026-01-13,Cancelled,In-Store,West Justinhaven,PA
ORD-0002919,CUST-000619,2024-11-22,Cancelled,Mobile App,Walterberg,IL
ORD-0004246,CUST-002958,2024-10-09,Shipped,Web,Farmerchester,AZ
ORD-0010320,CUST-000223,2026-03-31,Delivered,Web,Barnestown,FL
ORD-0011583,CUST-001157,07/08/2026,Delivered,Web,West Amanda,TX
ORD-0011819,CUST-001368,2026-04-03,Delivered,Mobile App,New Shawnbury,FL
ORD-0011920,CUST-002803,2025-12-24,Processing,Mobile App,,IL
ORD-0001491,CUST-001430,2026-04-12,Delivered,Mobile App,South Davidbury,IL
ORD-0008686,CUST-001406,2025-04-16,Delivered,Web,East Vincentton,AZ
ORD-0004402,CUST-000173,2026-04-21,shipped,In-Store,New Linda,NY
ORD-0003400,CUST-001468,2026-04-07,Delivered,Web,,MI
ORD-0001920,CUST-001131,2025-09-17,Returned,Marketplace,East Mackenzie,WA
ORD-0007421,CUST-001708,2026-06-09,Returned,Marketplace,Adamshaven,NC
ORD-0006827,CUST-000230,2024-10-02,Processing,Web,Kevinstad,FL
ORD-0009305,CUST-001035,2026-08-23,dELIVERED,Web,New Adamton,CA
ORD-0000490,CUST-001483,2026-04-18,Delivered,Marketplace,Powellton,GA
ORD-0001950,CUST-000112,2026-09-01,Returned,Web,Clarkshire,OH
ORD-0005894,CUST-001476,2025-05-06,Shipped,In-Store,West Andrew,NY
ORD-0001877,CUST-001077,2026-03-07,Placed,Web,Danielburgh,GA
ORD-0002282,CUST-001616,2025-11-09,Delivered,Web,Emilymouth,MI
ORD-0001108,CUST-001878,2025-01-19,Placed,Mobile App,Tracymouth,GA
ORD-0001356,CUST-001078,2024-10-28,Delivered,Mobile App,Ramirezchester,TX
ORD-0000160,CUST-001682,2026-07-24,Cancelled,In-Store,East Hannah,AZ
ORD-0007739,CUST-002676,2026-08-16,Shipped,Mobile App,Michaelfort,NC
ORD-0001822,CUST-000345,11/10/2025,Processing,Mobile App,Monicahaven,GA
ORD-0009252,,2026-09-03,Processing,Mobile App,Stacyberg,NY
ORD-0008009,CUST-002026,2024-01-26,Shipped,Web,Whitestad,FL
ORD-0007821,CUST-002569,2026-01-07,Processing,In-Store,New Jasmine,OH
ORD-0008987,CUST-000697,2025-07-23,Shipped,Mobile App,Alexstad,OH
ORD-0006942,CUST-001436,2025-09-19,Processing,Mobile App,Sethborough,TX
ORD-0010984,CUST-002342,2026-08-28,Placed,Mobile App,South Lindaland,NY
ORD-0000931,CUST-982350,2026-05-10,Shipped,Web,Hunterstad,FL
ORD-0005770,CUST-001451,2025-10-26,Delivered,Mobile App,Wagnerfort,TX
ORD-0005708,CUST-001863,2026-08-31,Delivered,Web,East Dana,PA
ORD-0007206,CUST-002096,2025-12-22,Processing,Mobile App,Alyssatown,PA
ORD-0001600,CUST-002756,2026-08-07,Delivered,Mobile App,North Cindy,WA
ORD-0000792,CUST-000788,2026-03-14,Placed,Mobile App,Douglasside,GA
ORD-0011040,CUST-002878,04-Jun-2026,Delivered,Web,Port Jamie,OH
ORD-0000244,CUST-000650,2026-09-01,Processing,Mobile App,North Shirleymouth,GA
ORD-0009201,CUST-000917,2025-12-15,Placed,Mobile App,Karenview,MI
ORD-0004647,CUST-001813,2026-08-22,Returned,Mobile App,Woodston,TX
ORD-0003985,CUST-001947,2025-07-10,Delivered,In-Store,Nicoleton,TX
ORD-0011385,CUST-000040,2025-10-12,Delivered,Mobile App,South Justin,MI
ORD-0005796,CUST-001143,2026-01-19,Processing,Web,Lake Greghaven,AZ
ORD-0000967,CUST-002876,2025-09-26,Processing,In-Store,Williamsborough,TX
ORD-0000023,CUST-002909,2026-01-07,Delivered,In-Store,,FL
ORD-0011735,CUST-000173,2026-04-24,Processing,Marketplace,Sarahville,WA
ORD-0002672,CUST-000106,2025-06-04,Processing,Mobile App,New Parkerside,GA
ORD-0010593,CUST-000357,"July 26, 2026",Shipped,Web,East Matthewbury,WA
ORD-0004505,CUST-000050,2026-01-22,Delivered,Marketplace,West Adam,IL
ORD-0000046,CUST-002793,2025-10-29,Delivered,Mobile App,,MI
ORD-0005233,CUST-000816,2026-03-28,Placed,Web,Rhodesport,FL
ORD-0009059,CUST-002289,2026-04-26,Delivered,Mobile App,East April,IL
ORD-0007627,CUST-000497,2026-05-23,Processing,Web,Frederickburgh,GA
ORD-0003783,CUST-002390,2025-05-22,Delivered,Web,East Sharon,TX
ORD-0004719,CUST-000526,2025-11-16,Placed,Marketplace,Port Lauratown,CA
ORD-0004208,CUST-996660,2026-06-16,Placed,Marketplace,South Anthony,NY
ORD-0010301,CUST-002573,2025-08-13,Processing,Mobile App,Sanchezshire,OH
ORD-0001761,CUST-973990,2024-03-13,Delivered,Web,Adriennemouth,MI
ORD-0000020,CUST-001183,2025-10-29,Delivered,Web,North Timothyside,MI
ORD-0003061,CUST-000906,2026-04-05,Shipped,Marketplace,Richardton,AZ
ORD-0006562,CUST-002049,2026-07-21,Processing,Marketplace,Tylerbury,NC
ORD-0009630,CUST-002328,2026-01-10,Processing,Web,Sanchezstad,PA
ORD-0011976,CUST-002150,2025-07-31,Shipped,Marketplace,Velazquezbury,WA
ORD-0000702,CUST-002531,2026-07-30,Placed,Mobile App,Stevensonborough,PA
ORD-0000414,CUST-000560,2026-03-03,Delivered,Web,South Brian,NY
ORD-0010057,CUST-000640,"May 02, 2026",Delivered,Web,Port Kara,PA
ORD-0007537,CUST-002295,2026-06-29,Delivered,Mobile App,Nicolemouth,NY
ORD-0002176,CUST-000628,2026-07-24,Shipped,Mobile App,South James,AZ
ORD-0004382,CUST-002163,2026-07-29,Cancelled,Marketplace,Bakerport,NY
ORD-0005934,CUST-000931,2025-10-26,Returned,In-Store,South Denisestad,OH
ORD-0010955,CUST-002114,2025-11-26,Shipped,Marketplace,West Steven,OH
ORD-0008437,CUST-001748,2026-08-27,Processing,Marketplace,North Amandatown,NY
ORD-0003000,CUST-000408,2026-07-28,Processing,Web,Martinshire,FL
ORD-0004798,CUST-002347,2026-04-28,Placed,Mobile App,New Douglasbury,WA
ORD-0002683,CUST-000184,2025-10-27,Processing,Mobile App,East Rhondaburgh,NC
ORD-0007073,CUST-002810,2025-04-30,Placed,Mobile App,North Jean,GA
ORD-0005976,CUST-001905,2025-12-17,Placed,Mobile App,Lake Glenland,TX
ORD-0009767,CUST-001423,2026-05-03,Delivered,Mobile App,Michaelmouth,IL
ORD-0005985,CUST-001837,2025-06-07,pROCESSING,Mobile App,Christopherchester,IL
ORD-0000811,CUST-002946,2026-06-14,Returned,Web,New Jamiestad,NC
ORD-0003451,CUST-001173,2026-02-18,Placed,Web,Kylehaven,WA
ORD-0006687,CUST-002035,2025-09-24,Returned,Marketplace,West Brittanyberg,GA
ORD-0009748,CUST-000618,2025-08-27,Delivered,Mobile App,Garciaside,FL
ORD-0010146,CUST-000355,2025-01-09,Cancelled,Web,Nicholasfort,WA
ORD-0003108,CUST-001387,2025-01-14,delivered,Web,East Bryan,TX
ORD-0004113,CUST-001046,2026-03-15,Processing,Web,Clementsfurt,NC
ORD-0011096,CUST-000429,2025-10-03,Delivered,Marketplace,South Troyberg,IL
ORD-0006680,CUST-001161,2025-01-28,Delivered,Web,West Garystad,CA
ORD-0009943,CUST-000051,08-Mar-2026,Delivered,Mobile App,South Patrickberg,GA
ORD-0005218,CUST-001841,2026-09-01,Shipped,Web,South Brenda,IL
ORD-0002345,CUST-001169,2025-10-24,Processing,Web,,NC
ORD-0004823,CUST-002076,2025-01-21,Delivered,Web,Taraborough,PA
ORD-0002063,CUST-001819,2026-06-17,Delivered,Mobile App,East Williamport,NY
ORD-0002225,CUST-001392,2026-08-25,Cancelled,Mobile App,West Eric,MI
ORD-0002332,CUST-001374,2025-10-05,Cancelled,Marketplace,East Brian,MI
ORD-0004561,CUST-002216,2025-06-28,Shipped,Marketplace,Vazquezton,IL
ORD-0004438,CUST-002576,2026-08-19,Delivered,Web,South Sandrahaven,CA
ORD-0009347,CUST-001712,2026-04-22,Delivered,In-Store,Amberland,AZ
ORD-0001378,CUST-002782,2026-06-25,Shipped,Mobile App,Griffithshire,AZ
ORD-0007754,CUST-002165,2025-05-22,Delivered,Marketplace,Humphreyhaven,NY
ORD-0004134,CUST-000623,2026-02-14,Shipped,In-Store,Bellhaven,IL
ORD-0007706,CUST-001752,2026-06-15,Processing,Web,North Kathleen,AZ
ORD-0005759,CUST-001471,2026-02-19,Delivered,Mobile App,Lake Dawn,OH
ORD-0004851,CUST-002437,2025-04-22,Shipped,Marketplace,South Deborahland,AZ
ORD-0001465,CUST-000959,2026-06-15,DELIVERED,Mobile App,Velazquezfort,MI
ORD-0005423,CUST-002743,"December 06, 2025",Cancelled,Marketplace,Moralesstad,IL
ORD-0008222,CUST-000929,2026-06-01,Placed,Web,Andrewfurt,WA
ORD-0006117,CUST-002732,2024-07-30,Delivered,Web,Walkerport,TX
ORD-0003038,CUST-001145,2026-07-31,Cancelled,In-Store,Santanafurt,NC
ORD-0001833,CUST-000685,2026-01-08,Delivered,Marketplace,North Patriciaton,GA
ORD-0009465,CUST-000929,2026-05-18,Placed,Web,North George,IL
ORD-0003114,CUST-001045,2026-08-23,Returned,Mobile App,Wendymouth,TX
ORD-0011586,CUST-002091,2026-08-18,Placed,Web,Olsonbury,AZ
ORD-0007927,CUST-001145,2026-05-05,Shipped,Web,Mcdonaldtown,IL
ORD-0010416,CUST-002433,2026-04-09,Shipped,In-Store,Perezhaven,IL
ORD-0000011,CUST-002880,2026-03-11,Processing,Web,West Robertburgh,FL
ORD-0000736,CUST-000910,2025-10-08,Shipped,Web,Nelsonstad,OH
ORD-0010741,CUST-002671,2025-03-02,Processing,Marketplace,Davidmouth,IL
ORD-0011250,CUST-001102,2026-07-28,pROCESSING,In-Store,South Erica,AZ
ORD-0005753,CUST-000324,2026-03-24,Delivered,Marketplace,Kimshire,NC
ORD-0009435,CUST-002798,2026-07-17,Delivered,Web,North Kathrynberg,NY
ORD-0011919,CUST-002358,2025-12-26,Cancelled,Web,East Terryburgh,TX
ORD-0011420,CUST-001800,2024-08-09,Shipped,Mobile App,North Alicia,NC
ORD-0011003,CUST-000142,2024-06-28,Shipped,Web,Port Michelleton,GA
ORD-0009714,CUST-002428,2025-06-04,Processing,Mobile App,East Paulbury,OH
ORD-0007456,CUST-000394,2024-04-27,Delivered,In-Store,West Leonard,AZ
ORD-0007935,CUST-000306,"May 06, 2026",Delivered,Mobile App,Castillochester,MI
ORD-0002162,CUST-001046,2026-03-21,Shipped,Web,Brownland,GA
ORD-0007257,CUST-001290,2024-12-28,Shipped,Marketplace,Jaredchester,MI
ORD-0008901,CUST-001341,2025-12-05,Placed,Mobile App,East Jason,TX
ORD-0003204,CUST-000616,2026-08-20,Cancelled,In-Store,Nancyfort,WA
ORD-0003880,CUST-000020,2026-08-25,Placed,Mobile App,Lake Sharon,PA
ORD-0000424,CUST-002272,2026-07-07,Shipped,Marketplace,Cynthiaberg,WA
ORD-0009577,CUST-000745,2025-10-13,Cancelled,Mobile App,South Cynthia,IL
ORD-0000923,CUST-000232,2026-05-29,Delivered,Web,,WA
ORD-0004011,CUST-002989,2025-07-30,Delivered,Mobile App,Williamsland,GA
ORD-0006517,CUST-000204,2026-05-05,Placed,Marketplace,East Markport,CA
ORD-0003217,CUST-002324,2026-04-22,Shipped,Marketplace,Port Gloriatown,TX
ORD-0005287,CUST-001507,2026-07-25,Delivered,Web,,TX
ORD-0006242,CUST-002697,2026-04-06,Shipped,Web,Matthewview,AZ
ORD-0000764,CUST-002290,2025-11-11,Shipped,In-Store,Butlerstad,MI
ORD-0001128,CUST-002620,2025-11-21,Delivered,Mobile App,Bellfort,WA
ORD-0002149,CUST-000176,2026-02-26,Delivered,Mobile App,East Gail,NY
ORD-0006739,CUST-002416,2026-05-27,Cancelled,Mobile App,West Melissaborough,AZ
ORD-0008817,CUST-001637,2026-07-07,Delivered,Mobile App,East David,NC
ORD-0003986,CUST-002927,2025-04-02,Delivered,Marketplace,New Kathleen,MI
ORD-0006078,CUST-000997,2025-10-22,Processing,Mobile App,South Jessica,NY
ORD-0007633,CUST-002252,2026-01-14,Shipped,Web,Hunterton,IL
ORD-0005884,CUST-001129,2025-10-21,Delivered,Mobile App,Collinstown,NY
ORD-0002570,CUST-000921,2024-10-03,Shipped,Mobile App,South Zachary,TX
ORD-0006765,CUST-001410,2025-10-08,Shipped,Mobile App,Lisahaven,WA
ORD-0000112,CUST-002084,2025-11-09,Shipped,In-Store,Jessicaberg,CA
ORD-0002896,CUST-000961,2026-03-10,Cancelled,Web,Robinsonchester,OH
ORD-0002937,,2025-07-07,Delivered,Web,Denisetown,PA
ORD-0003506,CUST-001112,2025-04-15,Shipped,Mobile App,,GA
ORD-0002942,CUST-000746,2026-07-21,Returned,In-Store,North Kenneth,OH
ORD-0004054,CUST-000689,2025-09-11,Delivered,In-Store,Frazierborough,PA
ORD-0007467,CUST-002964,2026-08-16,Delivered,Mobile App,East Ray,TX
ORD-0010591,CUST-001387,2024-10-30,returned,Mobile App,Emilyberg,NC
ORD-0008081,CUST-002295,2026-09-04,Cancelled,Web,West Garrett,PA
ORD-0010208,CUST-002769,2025-10-10,shipped,Marketplace,West Stephanie,PA
ORD-0007300,CUST-000337,2025-02-09,Returned,Web,Evansview,WA
ORD-0007459,CUST-000621,2026-08-05,Returned,In-Store,New Crystal,NC
ORD-0003587,CUST-002243,2026-04-20,Delivered,Mobile App,Benjaminchester,NC
ORD-0009863,CUST-000780,2026-03-09,Delivered,Marketplace,Lake Gailborough,MI
ORD-0002359,CUST-000612,2026-04-10,Delivered,Mobile App,Port Thomasside,WA
ORD-0005530,CUST-000829,2025-02-22,Placed,Web,,AZ
ORD-0001669,CUST-000814,2026-06-18,Delivered,Mobile App,East Charlesfurt,PA
ORD-0008299,CUST-002134,2025-06-11,Processing,Web,Williamsburgh,IL
ORD-0009039,CUST-000362,15-Jun-2026,Placed,In-Store,Sanchezfurt,NY
ORD-0005950,CUST-001418,2024-10-02,Cancelled,Mobile App,Curtismouth,WA
ORD-0010125,CUST-001777,2026-06-20,Delivered,Web,Port Justin,TX
ORD-0001003,CUST-000117,2024-05-06,Processing,Web,Carrollbury,PA
ORD-0003942,CUST-001784,2026-02-09,Delivered,Mobile App,South Kathleenbury,PA
ORD-0001615,CUST-001658,2026-02-22,Placed,Web,Jasonland,AZ
ORD-0006973,CUST-002650,2026-08-05,Delivered,Web,South Jacqueline,CA
ORD-0002404,CUST-937588,2026-04-24,Shipped,Web,South Victoriaport,GA
ORD-0004895,CUST-000026,2026-02-11,Delivered,Web,South Valerie,GA
ORD-0007368,CUST-001173,2026-07-13,Delivered,Web,Alvarezfort,CA
ORD-0000589,CUST-001945,2025-11-12,Processing,Mobile App,Sullivanburgh,WA
ORD-0000119,CUST-001907,"July 24, 2026",Cancelled,Web,East Lisa,GA
ORD-0002283,CUST-000004,2026-07-22,Cancelled,Mobile App,Millershire,AZ
ORD-0010369,CUST-002367,2024-11-18,Delivered,Mobile App,East Kathy,NC
ORD-0011487,CUST-002146,2026-07-18,Placed,Mobile App,Griffinhaven,NY
ORD-0008926,CUST-001928,2024-03-18,Delivered,Mobile App,Millerville,NC
ORD-0009632,CUST-001000,2026-04-29,Shipped,Web,Flowersville,AZ
ORD-0011742,CUST-002780,2024-03-10,Delivered,Web,Port Wayne,TX
ORD-0005816,CUST-002346,2024-08-20,processing,Mobile App,Lovefort,AZ
ORD-0004091,CUST-001319,04/17/2026,Delivered,Mobile App,North Manuelside,WA
ORD-0003315,CUST-000314,2024-08-23,Placed,Mobile App,Wardtown,PA
ORD-0001913,CUST-001041,2025-09-23,Shipped,Marketplace,New Sean,FL
ORD-0005833,CUST-002663,2025-06-09,Returned,Web,East Crystalstad,AZ
ORD-0002578,CUST-000570,2026-07-06,Delivered,Web,East Frances,NY
ORD-0000384,CUST-000037,2025-03-21,Cancelled,Marketplace,Port William,CA
ORD-0004366,CUST-000222,2025-08-02,Processing,In-Store,West Michaelland,FL
ORD-0008348,CUST-002764,2025-06-21,Delivered,Web,Jamestown,WA
ORD-0003177,CUST-001431,2026-01-01,Delivered,Web,South Brooke,MI
ORD-0002090,CUST-000363,2026-09-04,Placed,Web,Richardsonbury,GA
ORD-0001656,CUST-001464,2025-10-20,Shipped,In-Store,Mccallside,CA
ORD-0004484,,2024-10-12,Processing,Web,Ramosville,CA
ORD-0005486,CUST-001141,2026-08-03,Delivered,Mobile App,Lake Tina,CA
ORD-0009602,CUST-000882,2026-08-28,Shipped,Marketplace,New Matthewport,TX
ORD-0001002,CUST-001523,2025-01-16,Delivered,Mobile App,Snyderhaven,IL
ORD-0009858,CUST-001324,2026-08-25,Delivered,Web,Garzachester,IL
ORD-0002817,CUST-000975,2025-10-18,Processing,Mobile App,Melissabury,OH
ORD-0004807,CUST-000500,2026-06-07,Shipped,Marketplace,Alexanderville,OH
ORD-0002783,CUST-001220,2025-10-19,Shipped,Mobile App,Port Curtis,PA
ORD-0010164,CUST-001041,2024-12-25,Placed,Mobile App,Susanton,AZ
ORD-0004068,CUST-000194,2025-11-13,Delivered,Mobile App,Jeffreyview,AZ
ORD-0000908,CUST-001930,2026-07-28,Delivered,Web,,PA
ORD-0001167,CUST-001191,2026-08-22,Delivered,Marketplace,Port Gregory,MI
ORD-0009801,CUST-001338,2025-03-15,Shipped,Mobile App,East Madeline,FL
ORD-0010383,CUST-000857,2026-08-21,Delivered,Marketplace,West Michaelmouth,WA
ORD-0005704,CUST-001238,2024-08-09,Delivered,In-Store,South Charles,PA
ORD-0009125,CUST-002179,2026-05-15,Shipped,Mobile App,Lake Jillhaven,CA
ORD-0003637,CUST-002022,2026-02-01,Delivered,Mobile App,Lopezbury,OH
ORD-0005339,CUST-000511,2025-07-17,Delivered,Web,New Anthony,IL
ORD-0002940,CUST-002600,2024-11-22,DELIVERED,In-Store,Holtshire,GA
ORD-0010062,CUST-000238,2024-08-15,Shipped,Web,Garciachester,NC
ORD-0008367,CUST-000865,2026-07-06,Placed,Web,Grayshire,PA
ORD-0006422,CUST-002541,2025-03-15,Delivered,Marketplace,Ryanton,AZ
ORD-0010479,CUST-000397,2024-05-02,Processing,Mobile App,Myersland,PA
ORD-0001066,CUST-001778,2025-03-27,Placed,Web,South Michelle,IL
ORD-0005907,CUST-001514,2026-04-01,Placed,Web,Zimmermanmouth,WA
ORD-0005939,CUST-001675,2025-07-02,Delivered,Mobile App,Brownfurt,CA
ORD-0008584,CUST-001351,2025-05-16,Processing,Mobile App,Rodriguezberg,MI
ORD-0007813,CUST-002453,2026-09-03,Cancelled,Web,Fosterland,IL
ORD-0001067,CUST-001825,2026-05-13,Delivered,In-Store,Tinaport,MI
ORD-0004708,CUST-001409,2026-05-01,Delivered,Web,East Zacharyland,IL
ORD-0005920,CUST-000873,2024-12-12,Delivered,Web,Leefurt,WA
ORD-0005554,CUST-002027,2026-02-03,Placed,Web,Smithshire,AZ
ORD-0007197,CUST-002482,2025-09-14,Placed,Marketplace,Aguilarhaven,WA
ORD-0001666,CUST-000849,2026-06-20,Placed,Web,South Diana,TX
ORD-0004278,CUST-002907,2026-08-18,Delivered,Web,Lake Deborahbury,PA
ORD-0004703,CUST-001412,2024-12-17,Processing,In-Store,North Brittanymouth,NC
ORD-0006500,CUST-000913,2026-09-01,Processing,Marketplace,South Brian,PA
ORD-0004493,CUST-001280,2025-06-27,Delivered,Mobile App,Benjamintown,MI
ORD-0002087,CUST-002906,07/29/2026,Shipped,Web,Kimhaven,OH
ORD-0005900,CUST-002938,2026-08-31,Delivered,Mobile App,Saundersbury,AZ
ORD-0000728,CUST-001075,2026-03-07,Shipped,In-Store,,IL
ORD-0004524,CUST-002673,2026-01-05,pLACED,Web,North Madison,NC
ORD-0002911,CUST-000667,2026-07-12,Shipped,Web,North Tonyhaven,OH
ORD-0004305,CUST-001749,2026-07-24,Shipped,Mobile App,North Aliciahaven,WA
ORD-0011763,CUST-001572,2026-08-03,Processing,Mobile App,Ashleyborough,MI
ORD-0002640,CUST-002170,2026-02-05,Shipped,Mobile App,Port Sandramouth,AZ
ORD-0001346,CUST-000555,2023-10-23,Shipped,Marketplace,East Sarah,OH
ORD-0005616,CUST-002964,2026-05-04,Returned,Web,Port Stacytown,CA
ORD-0010616,CUST-001502,2025-03-02,Delivered,Mobile App,Martinville,FL
ORD-0011695,CUST-002321,2024-12-29,Cancelled,Mobile App,Carlyfort,WA
ORD-0003602,CUST-002328,2026-04-25,Cancelled,Marketplace,Lake Kevinmouth,WA
ORD-0002434,CUST-000151,2026-08-28,Placed,In-Store,Erikashire,MI
ORD-0008001,CUST-002510,2026-07-11,Placed,In-Store,Jamestown,NC
ORD-0003921,CUST-001541,2025-11-12,Processing,Marketplace,Maureenshire,TX
ORD-0005159,CUST-002536,2026-08-23,Shipped,Web,Riveraville,FL
ORD-0000603,CUST-002446,2025-04-11,Delivered,Mobile App,East Gary,TX
ORD-0010612,CUST-000601,2026-05-23,Cancelled,Web,Snydertown,IL
ORD-0002461,CUST-002571,2024-10-15,Shipped,Mobile App,South Sarahfurt,NC
ORD-0001623,CUST-001686,2026-05-31,Returned,Web,New Samanthaside,NY
ORD-0007824,CUST-001460,"April 24, 2026",Cancelled,Web,Richardmouth,PA
ORD-0009055,CUST-001433,2025-04-24,Delivered,Mobile App,Patrickport,NC
ORD-0001322,CUST-002424,2025-12-27,Delivered,Mobile App,Woodview,AZ
ORD-0008485,CUST-000145,2026-06-05,Delivered,Web,Debbieburgh,WA
ORD-0011490,CUST-000034,2026-09-02,Returned,Mobile App,Sanchezhaven,WA
ORD-0006316,CUST-001796,2026-06-19,Placed,Web,Dawnport,WA
ORD-0010960,CUST-001156,2025-06-11,Placed,Web,Victoriahaven,PA
ORD-0001303,CUST-000481,2024-04-26,Shipped,Mobile App,Lake Samuel,NC
ORD-0010991,CUST-001841,2026-07-16,Placed,Mobile App,North Leslie,FL
ORD-0002320,CUST-002045,2023-12-14,Delivered,In-Store,North Nicholasville,MI
ORD-0003266,CUST-963555,2025-05-11,Cancelled,Marketplace,South Daniel,CA
ORD-0007781,CUST-002302,2026-07-03,Shipped,Marketplace,Johnsonberg,OH
ORD-0009846,CUST-002278,2025-01-28,Shipped,Web,Lake Juan,PA
ORD-0010115,CUST-002852,2026-07-30,Delivered,Mobile App,New David,NY
ORD-0005449,CUST-001383,2026-06-22,Delivered,Web,East Kelli,MI
ORD-0000124,CUST-001214,2026-06-28,Delivered,In-Store,South Connieburgh,AZ
ORD-0004936,,2025-10-29,Delivered,In-Store,Kingville,OH
ORD-0006706,CUST-002710,2024-10-15,Shipped,Marketplace,Patriciafurt,NY
ORD-0007270,CUST-000019,2026-01-15,Delivered,Mobile App,Baileyside,AZ
ORD-0004268,CUST-000621,2026-08-01,Placed,Web,Monicaview,AZ
ORD-0006134,CUST-002263,2026-07-31,Delivered,Web,East Randy,MI
ORD-0002462,CUST-001327,2025-12-25,Delivered,Web,Hutchinsonburgh,OH
ORD-0003847,CUST-000501,2024-11-14,Placed,Marketplace,South Michael,FL
ORD-0005252,CUST-002345,2025-10-06,Delivered,Mobile App,South Francisco,MI
ORD-0004959,CUST-002960,2024-12-13,Shipped,Marketplace,Williamsland,GA
ORD-0008129,CUST-000782,2025-11-12,Processing,In-Store,Derekport,FL
ORD-0009140,CUST-000750,2026-05-14,Processing,Web,North Lauriefort,IL
ORD-0009404,CUST-000503,2026-01-09,Delivered,Web,Port Tina,MI
ORD-0011094,CUST-001694,2026-07-13,Shipped,Mobile App,Jesseshire,IL
ORD-0010938,CUST-000180,2026-07-30,Delivered,Web,North Kevin,PA
ORD-0005395,CUST-001788,2024-12-20,Placed,In-Store,Perryview,FL
ORD-0001651,CUST-001641,2025-01-20,Cancelled,Marketplace,Cindyland,CA
ORD-0008434,CUST-000028,2026-07-23,Delivered,In-Store,Williamsside,MI
ORD-0002376,CUST-002201,2026-09-02,Shipped,Web,Andremouth,OH
ORD-0006546,CUST-002349,2025-03-23,Shipped,Marketplace,Jamesfort,CA
ORD-0006952,CUST-002708,2026-09-04,Delivered,Web,South Kelli,GA
ORD-0008887,CUST-001391,2026-08-19,Shipped,Web,Garciaside,NY
ORD-0009994,CUST-002271,2026-02-02,Shipped,Mobile App,Aaronhaven,FL
ORD-0002938,CUST-001281,2026-08-31,Delivered,Web,Heathermouth,IL
ORD-0000357,CUST-001983,2026-05-08,Shipped,Mobile App,,GA
ORD-0006072,CUST-000686,2026-06-22,Delivered,Mobile App,Johnsonstad,NC
ORD-0001361,,2026-02-24,Delivered,Mobile App,Websterland,TX
ORD-0004922,CUST-001752,2026-06-07,Delivered,Web,Kristenmouth,CA
ORD-0005771,CUST-001224,2024-10-15,Delivered,Marketplace,Brianstad,GA
ORD-0006051,CUST-928669,2026-09-02,Placed,Marketplace,New Deniseside,NY
ORD-0002761,CUST-000989,2026-07-03,Processing,Mobile App,Wardmouth,TX
ORD-0003706,CUST-001322,2026-01-27,Placed,In-Store,Robintown,GA
ORD-0001900,,2026-03-29,Delivered,Web,Samuelstad,OH
ORD-0003286,CUST-000712,2025-09-27,Delivered,In-Store,Hughesbury,NY
ORD-0009709,CUST-002947,2026-04-23,Processing,Mobile App,East Tammyberg,TX
ORD-0000551,CUST-000822,2026-08-09,Placed,Web,New Austin,WA
ORD-0011324,CUST-000642,2026-07-05,Delivered,Mobile App,North Thomas,NY
ORD-0007403,CUST-002324,2025-04-27,Delivered,Mobile App,Norrisview,NC
ORD-0009212,CUST-000418,2026-02-04,Cancelled,Mobile App,North Harryshire,TX
ORD-0002249,CUST-000045,2026-02-09,Delivered,Marketplace,Lake Brett,CA
ORD-0000902,CUST-002672,2026-03-22,Delivered,Mobile App,Sabrinaborough,PA
ORD-0001806,CUST-002880,2026-05-08,Delivered,Mobile App,Sanchezmouth,NC
ORD-0006697,CUST-002398,2026-08-23,Placed,Web,Port Hannah,NC
ORD-0001577,CUST-001622,2025-12-11,Delivered,Marketplace,East James,GA
ORD-0005489,CUST-002466,2025-03-03,Delivered,Mobile App,Annafort,CA
ORD-0004730,CUST-001461,2025-09-14,Delivered,Web,Jeremymouth,GA
ORD-0002426,CUST-000181,2026-05-24,Shipped,Marketplace,Jasonstad,NC
ORD-0009718,CUST-002398,2026-07-12,Delivered,Mobile App,Simpsonbury,IL
ORD-0011044,CUST-001945,2025-04-19,Delivered,Web,,WA
ORD-0004172,CUST-000791,2026-02-20,Placed,Web,Cassandraville,NY
ORD-0001695,CUST-002005,2025-12-12,Processing,Mobile App,Sotoburgh,AZ
ORD-0008883,CUST-000855,2025-02-25,Delivered,Web,South Lauramouth,WA
ORD-0007876,CUST-000606,2023-10-12,Shipped,Marketplace,Aliciaton,NC
ORD-0002408,CUST-002195,2026-07-25,Shipped,In-Store,South Karen,PA
ORD-0005999,CUST-000828,2025-12-13,Delivered,Web,South Jimmy,NC
ORD-0010742,CUST-001091,2025-05-27,Processing,Mobile App,,MI
ORD-0010786,CUST-000404,2026-01-02,Processing,Mobile App,West Crystal,OH
ORD-0007244,CUST-000166,2025-05-21,PLACED,Marketplace,East Douglasstad,CA
ORD-0004186,CUST-000534,2026-04-22,Placed,Web,Susanbury,OH
ORD-0011234,CUST-000312,2026-04-05,Cancelled,Web,Meyerborough,CA
ORD-0002849,CUST-001673,2025-05-06,Processing,Mobile App,Websterton,CA
ORD-0009225,CUST-000919,2024-08-23,Shipped,Mobile App,East Michelleborough,PA
ORD-0001612,CUST-000411,2026-04-04,Shipped,Marketplace,East Williamshire,TX
ORD-0005578,CUST-000214,2026-08-19,Delivered,Mobile App,Port Justinborough,PA
ORD-0001259,CUST-001286,2025-07-09,Processing,Mobile App,West Clayton,OH
ORD-0006975,CUST-002730,2026-07-14,Delivered,Web,East Christineville,TX
ORD-0007665,CUST-002752,2026-06-27,Delivered,Web,West Lorraine,MI
ORD-0006614,CUST-002713,2024-03-16,Returned,Web,Johnport,OH
ORD-0005058,,2026-03-03,Shipped,Web,New Kimberlybury,TX
ORD-0003732,,2026-04-25,Shipped,Marketplace,East Jessica,AZ
ORD-0001023,CUST-000312,2025-01-01,Processing,Marketplace,Port Robinside,IL
ORD-0001515,CUST-002477,2026-06-03,Processing,Mobile App,Johnhaven,AZ
ORD-0002173,CUST-000355,2026-09-05,Processing,Mobile App,Michaelland,OH
ORD-0009549,CUST-001100,2024-10-15,Delivered,Web,Warrenstad,TX
ORD-0008532,CUST-001992,2026-06-02,Delivered,Web,,WA
ORD-0011173,CUST-000698,2026-05-08,Delivered,Web,Port Donna,IL
ORD-0001575,CUST-002864,2025-10-30,Delivered,Web,Lake Donaldshire,GA
ORD-0002514,CUST-001696,08/18/2025,Delivered,Mobile App,West Williamshire,NC
ORD-0004275,CUST-000713,2024-08-02,Placed,Marketplace,New Robert,NY
ORD-0002325,CUST-002570,2025-02-17,Delivered,Web,Michaelstad,OH
ORD-0010666,CUST-000948,2026-01-18,Delivered,Mobile App,Nancyhaven,NY
ORD-0010119,CUST-001506,2026-05-28,Shipped,Web,West Jeffrey,OH
ORD-0005760,CUST-002925,2026-02-01,Delivered,Web,Lamburgh,GA
ORD-0011818,CUST-947773,2025-07-09,Shipped,In-Store,Garymouth,AZ
ORD-0008090,CUST-002541,2024-09-29,Delivered,Marketplace,Michaelburgh,AZ
ORD-0001039,CUST-000750,2025-08-28,Delivered,Web,West Donald,GA
ORD-0010303,,2026-02-15,Delivered,Mobile App,North Cathy,TX
ORD-0006093,CUST-000323,2026-04-17,Placed,Web,Lake Jennifer,FL
ORD-0002024,CUST-002963,2025-02-16,Shipped,Mobile App,Port Philipmouth,NC
ORD-0000044,CUST-001904,2026-08-09,Processing,Marketplace,Johnland,IL
ORD-0001372,CUST-001333,2026-08-03,Placed,Web,West Calvinview,NY
ORD-0008535,CUST-001259,2024-09-20,Delivered,Mobile App,Lake Melissa,WA
ORD-0004394,CUST-002493,2026-05-01,Delivered,Mobile App,Loveton,IL
ORD-0008282,CUST-002286,2024-02-29,Delivered,Mobile App,Port Tinamouth,AZ
ORD-0000424,CUST-002272,2026-07-07,Shipped,Marketplace,Cynthiaberg,WA
ORD-0004087,CUST-002603,2025-11-21,Shipped,Web,South Michael,GA
ORD-0008084,CUST-000471,2025-10-06,Delivered,Mobile App,Lake Jamesborough,GA
ORD-0011445,CUST-002423,2026-07-26,Delivered,Marketplace,Fowlerport,CA
ORD-0004562,CUST-002116,2025-09-24,Delivered,Web,Danieltown,CA
ORD-0005670,CUST-000302,2026-07-30,Processing,Web,West Toni,NC
ORD-0000913,CUST-000396,2025-10-07,PROCESSING,Marketplace,Port Caitlinberg,FL
ORD-0000911,CUST-002251,2025-09-07,Delivered,Mobile App,,CA
ORD-0002557,CUST-001549,12/18/2024,Processing,Mobile App,Weberville,PA
ORD-0006974,CUST-001103,2024-12-10,Delivered,Mobile App,Lake Cheryl,OH
ORD-0003295,CUST-001832,2026-04-15,Cancelled,Marketplace,Port Richardton,IL
ORD-0008934,CUST-930031,2025-08-03,dELIVERED,Marketplace,West Stephenmouth,TX
ORD-0007096,CUST-000465,2026-08-24,SHIPPED,Mobile App,East Paula,FL
ORD-0011816,CUST-000882,2026-08-16,Cancelled,Mobile App,New Karen,PA
ORD-0008888,CUST-000428,2026-03-29,Placed,In-Store,Brandonhaven,IL
ORD-0010273,CUST-000720,2026-02-17,Delivered,Mobile App,Gonzalezville,FL
ORD-0003537,CUST-000352,2026-01-19,Delivered,Marketplace,,NY
ORD-0006038,CUST-001382,2026-04-23,SHIPPED,Web,North Sethton,OH
ORD-0003969,CUST-002220,2026-07-30,Placed,Mobile App,Dustinhaven,CA
ORD-0005736,CUST-000603,2025-03-10,Shipped,Web,Lake Mary,CA
ORD-0006121,CUST-002146,2026-08-29,Processing,Web,Henryburgh,WA
ORD-0001906,CUST-000618,2026-07-10,Delivered,Marketplace,Christopherstad,AZ
ORD-0009281,CUST-000931,2026-04-17,Delivered,In-Store,,IL
ORD-0007511,CUST-002514,2026-05-04,Processing,Web,Brownland,OH
ORD-0002474,CUST-001509,2026-05-28,Delivered,Mobile App,North Wendy,TX
ORD-0008666,CUST-002240,2025-09-11,Delivered,Marketplace,Kristenchester,OH
ORD-0006364,CUST-001840,2026-07-25,Shipped,Web,Derekbury,NY
ORD-0005148,CUST-000051,2026-04-03,Shipped,In-Store,North Kirstenview,WA
ORD-0003313,CUST-000803,2026-08-11,Processing,Mobile App,Cruzstad,OH
ORD-0005515,CUST-001032,2026-08-11,Placed,Mobile App,South Lauraburgh,IL
ORD-0004745,CUST-000295,2026-08-03,Processing,Web,West Kristinefurt,TX
ORD-0005832,CUST-001338,2026-04-24,Delivered,Web,Dylanview,CA
ORD-0010832,CUST-002117,2025-11-13,dELIVERED,Web,Debratown,AZ
ORD-0004727,CUST-002971,2026-06-07,Cancelled,Mobile App,Sandersshire,IL
ORD-0011850,CUST-002048,2025-08-30,Delivered,Mobile App,East Danaport,MI
ORD-0000434,CUST-001089,2026-02-20,Placed,Marketplace,Troymouth,CA
ORD-0010418,CUST-002329,2026-04-22,Processing,In-Store,West Christopher,NY
ORD-0009953,CUST-002185,2026-07-05,Returned,Mobile App,Rollinsside,CA
ORD-0004439,CUST-002701,2025-06-10,Processing,Web,Glennshire,MI
ORD-0005928,CUST-002433,2026-01-26,dELIVERED,Mobile App,Russellhaven,PA
ORD-0002782,,2026-07-17,Delivered,Web,North Angelaview,PA
ORD-0010442,CUST-002633,2025-09-29,Cancelled,In-Store,Matthewport,FL
ORD-0007191,CUST-000781,2024-09-07,cANCELLED,In-Store,Faulknerview,WA
ORD-0008139,CUST-002244,2024-06-16,Shipped,Web,West Jermaine,FL
ORD-0010830,CUST-002829,2026-03-08,Delivered,Marketplace,New Phillipfurt,WA
ORD-0005407,CUST-002423,2026-07-27,Delivered,Web,Lake Matthewstad,NY
ORD-0010382,CUST-001871,2026-04-16,Returned,Mobile App,Toddhaven,WA
ORD-0000905,CUST-002803,2024-11-01,Processing,Web,New Cassandrastad,MI
ORD-0006215,CUST-000655,2025-06-10,Shipped,Marketplace,New Christopherfort,NC
ORD-0002582,CUST-928072,2025-12-22,Delivered,Mobile App,Robertmouth,NY
ORD-0002673,CUST-002676,2026-08-17,Delivered,Web,Hannahside,IL
ORD-0010981,CUST-001655,2025-10-19,Shipped,Mobile App,Mcguirestad,MI
ORD-0010592,CUST-000800,2026-08-27,Delivered,Marketplace,East Brendaton,WA
ORD-0000803,CUST-001325,2026-01-06,Delivered,In-Store,West Rhonda,PA
ORD-0003777,,2025-05-31,Placed,In-Store,North Brittany,OH
ORD-0009870,CUST-001352,2026-07-30,sHIPPED,In-Store,West Amy,PA
ORD-0011552,CUST-000749,2026-06-01,delivered,Mobile App,North Jackson,MI
ORD-0006163,CUST-000918,2026-01-10,Delivered,Mobile App,Olsonfurt,AZ
ORD-0010245,CUST-001562,2024-12-20,Placed,Mobile App,South Josephburgh,TX
ORD-0006441,CUST-001320,2026-08-15,Delivered,Marketplace,Melissachester,GA
ORD-0006151,CUST-001798,2025-04-16,Delivered,Web,East Hannahmouth,NC
ORD-0009715,CUST-002149,2026-04-07,Delivered,Mobile App,Brittanyhaven,OH
ORD-0009198,CUST-000493,2026-08-18,Cancelled,Mobile App,Lake Jacob,GA
ORD-0006213,CUST-001662,2025-04-24,Delivered,Mobile App,Sanderstown,PA
ORD-0010265,CUST-001182,2025-09-06,Delivered,Mobile App,West Walter,MI
ORD-0001549,CUST-001228,2026-04-17,SHIPPED,Marketplace,,IL
ORD-0000329,CUST-933820,2026-02-06,Cancelled,Web,Port Christopherborough,WA
ORD-0002853,CUST-001674,2026-09-04,Placed,Mobile App,Christopherstad,FL
ORD-0008075,CUST-001532,2026-02-27,Delivered,Marketplace,Burkeshire,NC
ORD-0006280,CUST-002419,2026-03-30,Shipped,In-Store,Aaronside,FL
ORD-0004648,CUST-002511,2026-08-26,Cancelled,Mobile App,West Julie,AZ
ORD-0001732,CUST-000556,2026-04-28,Placed,Web,Lisaville,CA
ORD-0010919,CUST-002101,2026-02-12,Shipped,Web,East Aaron,AZ
ORD-0008499,CUST-002381,2025-09-23,Delivered,Marketplace,South Danielbury,NC
ORD-0000312,CUST-000568,2026-08-26,Processing,Mobile App,North Migueltown,NC
ORD-0000652,CUST-000579,2026-06-01,Shipped,In-Store,Port Catherinemouth,AZ
ORD-0005173,CUST-002332,2025-04-12,Shipped,Web,,OH
ORD-0000639,CUST-000194,"February 09, 2026",Delivered,Web,North Shawn,IL
ORD-0006266,CUST-000036,17-Apr-2026,Delivered,Web,Zimmermanmouth,CA
ORD-0005149,CUST-002184,2025-02-24,Returned,Marketplace,South Franklin,PA
ORD-0009088,CUST-002726,2024-12-04,Cancelled,Marketplace,Robertbury,AZ
ORD-0002655,CUST-000321,2026-03-18,Shipped,Mobile App,Christopherville,GA
ORD-0004108,CUST-001630,2024-09-29,Placed,Mobile App,South Chad,AZ
ORD-0007682,CUST-001118,2025-07-24,Cancelled,Web,Frankberg,NC
ORD-0005631,CUST-968640,2026-09-02,Cancelled,Mobile App,Lake Christopherton,NY
ORD-0003992,CUST-002059,2026-03-24,Cancelled,Web,Jameschester,FL
ORD-0004069,CUST-000487,2025-07-09,Delivered,Marketplace,Parkerfurt,PA
ORD-0006211,CUST-000090,2024-10-06,Delivered,Web,West Dennis,AZ
ORD-0007363,CUST-000272,2025-03-02,Delivered,Web,,NC
ORD-0011893,CUST-001553,2026-07-20,Placed,Web,Williamsside,NC
ORD-0005766,CUST-000047,2026-07-15,Processing,Web,Brandonstad,GA
ORD-0005081,CUST-000106,2025-09-22,Cancelled,Mobile App,West Michael,CA
ORD-0010085,CUST-000099,2026-08-28,Delivered,Mobile App,West Alexander,PA
ORD-0008894,CUST-000852,10/19/2025,Delivered,Mobile App,North Lisa,OH
ORD-0004834,CUST-002592,2025-03-25,Processing,Marketplace,New Sierra,IL
ORD-0009359,CUST-963245,2026-07-31,Shipped,Web,South Alexaview,PA
ORD-0003332,CUST-002640,2025-10-10,Processing,Marketplace,Lake Jessica,FL
ORD-0003719,CUST-002723,2026-06-15,Placed,Web,North Robert,FL
ORD-0005446,CUST-002121,2026-08-28,Placed,Web,Timothyton,NC
ORD-0009169,CUST-001962,2026-07-25,Shipped,Web,Bradyhaven,NC
ORD-0001642,CUST-002118,2025-11-15,Returned,Marketplace,Emilyshire,AZ
ORD-0007767,CUST-000788,2025-12-19,Shipped,Mobile App,South Melissaview,OH
ORD-0005581,CUST-000817,2024-10-27,Delivered,Web,Lake Gregoryberg,OH
ORD-0000532,CUST-001667,2025-02-24,Delivered,Mobile App,,GA
ORD-0010839,,2026-05-24,Returned,Web,Lake Jordan,OH
ORD-0000485,CUST-002595,2026-02-04,Placed,Web,Rosehaven,AZ
ORD-0006779,CUST-001469,2025-07-23,Shipped,Web,Jonesland,OH
ORD-0002776,CUST-002218,2026-02-09,Shipped,Marketplace,,GA
ORD-0002266,CUST-002200,2024-07-22,Processing,Mobile App,Weaverberg,NY
ORD-0004600,CUST-001336,2024-05-01,Delivered,Web,Burgessbury,NC
ORD-0003709,CUST-001142,2026-01-19,Delivered,Mobile App,Johnmouth,WA
ORD-0002587,CUST-001432,2025-06-20,Processing,Web,East Garrett,MI
ORD-0003275,CUST-001236,2026-08-13,Delivered,Web,West Brandon,CA
ORD-0010462,CUST-001500,"June 04, 2026",Cancelled,Mobile App,Port Samuel,NC
ORD-0001735,CUST-000995,2026-07-28,Shipped,In-Store,Johnborough,OH
ORD-0001748,CUST-000975,2025-10-25,Shipped,Web,New Dale,OH
ORD-0006731,CUST-000287,2026-07-05,Shipped,Web,Vanessaview,NC
ORD-0008377,CUST-000016,2026-02-16,Processing,Web,West Jill,GA
ORD-0008505,CUST-002077,2025-11-04,Shipped,Mobile App,New Margaretfort,NY
ORD-0008958,CUST-002600,2025-08-26,Shipped,Mobile App,Kinghaven,PA
ORD-0007120,CUST-001221,2024-06-17,Cancelled,Marketplace,West Richardberg,IL
ORD-0003788,CUST-002176,2026-09-03,Shipped,Web,East Cynthialand,GA
ORD-0011186,CUST-002486,2026-06-20,Placed,Mobile App,Robertville,WA
ORD-0006162,CUST-001920,2025-12-30,Processing,Web,Andrewfort,IL
ORD-0004479,CUST-001998,2026-08-30,Delivered,Web,Mitchellmouth,FL
ORD-0007692,CUST-002070,11-Jan-2026,Processing,Mobile App,Port Matthewfort,PA
ORD-0010682,CUST-002105,2026-03-05,Delivered,Mobile App,South Mario,WA
ORD-0006699,CUST-000793,2025-12-08,Delivered,Mobile App,Leonfurt,PA
ORD-0011527,CUST-000753,2025-04-02,Shipped,Web,Diazhaven,WA
ORD-0002444,CUST-001931,2026-09-01,Processing,Web,Wilsonberg,TX
ORD-0007835,CUST-000781,2025-07-18,Shipped,Web,Amychester,TX
ORD-0003134,CUST-001427,2026-08-17,Shipped,Web,Lake Misty,GA
ORD-0006293,CUST-001918,2026-07-19,Shipped,Mobile App,Johnsonborough,FL
ORD-0002059,CUST-001106,2024-12-22,Cancelled,Web,New Sarahbury,AZ
ORD-0002095,CUST-002444,2026-03-06,pLACED,Web,Hunterborough,FL
ORD-0002697,CUST-002829,2026-06-18,Shipped,Mobile App,North Amy,NC
ORD-0011099,CUST-002926,2026-01-12,Placed,Mobile App,Manuelbury,FL
ORD-0008678,CUST-000444,2026-08-11,Returned,Web,Perryborough,AZ
ORD-0006495,CUST-000098,2025-02-11,Shipped,Web,Craigtown,NC
ORD-0007439,CUST-002167,2025-07-12,Cancelled,Mobile App,North Ronald,CA
ORD-0008288,CUST-000902,18-Oct-2025,Delivered,Web,New Roberthaven,TX
ORD-0011693,CUST-001405,2026-09-01,Processing,Mobile App,Lovechester,PA
ORD-0010877,CUST-001494,2026-02-13,Cancelled,Web,Sanchezfort,TX
ORD-0001230,CUST-002275,2026-08-20,Shipped,Web,New Jessica,MI
ORD-0002304,CUST-000461,2024-12-12,Returned,Mobile App,Joefurt,GA
ORD-0005633,CUST-002180,2026-02-04,Shipped,Marketplace,Jessicachester,MI
ORD-0001702,CUST-001801,2026-06-18,Delivered,Web,Port Amberville,IL
ORD-0010211,CUST-001163,2026-01-08,cANCELLED,Mobile App,West William,PA
ORD-0010910,CUST-000478,2026-02-28,Processing,Marketplace,Lake Joyce,GA
ORD-0011108,CUST-000221,2026-06-10,Delivered,Mobile App,Smithport,IL
ORD-0002741,CUST-931813,2025-01-06,Processing,Mobile App,South Peterside,OH
ORD-0007288,CUST-002852,2026-08-11,Placed,Web,Christopherburgh,TX
ORD-0010524,CUST-937114,2026-06-25,Processing,In-Store,East Taylor,IL
ORD-0004133,CUST-000983,2025-01-07,Processing,Mobile App,Kerrview,IL
ORD-0001157,CUST-000346,2026-08-19,Placed,Web,South Lorifurt,NY
ORD-0011659,CUST-002956,2025-01-30,Shipped,Web,Cassidymouth,MI
ORD-0004525,CUST-002182,2026-02-08,Cancelled,Marketplace,West Patrickburgh,NC
ORD-0006560,CUST-001512,2025-06-10,Shipped,Web,East Tina,FL
ORD-0003270,CUST-002256,2025-01-01,Delivered,Web,Robinsonbury,IL
ORD-0000839,CUST-002035,2025-03-22,Shipped,Web,Johnsville,CA
ORD-0006231,CUST-001645,2025-09-04,Shipped,In-Store,South Kimberly,AZ
ORD-0000171,CUST-000024,2026-08-04,Delivered,Mobile App,Jenkinsport,IL
ORD-0010376,CUST-000700,2026-08-29,Delivered,Web,Port Caleb,FL
ORD-0009275,,2026-03-09,Shipped,Web,South Kevin,PA
ORD-0008510,CUST-000143,2025-08-22,Shipped,In-Store,Port Scott,NY
ORD-0009820,CUST-001248,2025-11-28,Shipped,Web,Rodriguezland,GA
ORD-0006181,CUST-002458,2025-05-23,Placed,Web,North Philipside,TX
ORD-0003761,CUST-001541,2026-03-28,Shipped,Mobile App,Brandonfort,OH
ORD-0002245,CUST-000152,2026-01-19,Shipped,Marketplace,West Cheyenneport,PA
ORD-0010921,CUST-000263,08/12/2026,Delivered,Web,Bridgetmouth,GA
ORD-0009434,CUST-000939,2026-03-24,Delivered,In-Store,Lake Timothymouth,PA
ORD-0008099,CUST-000707,2024-01-02,Delivered,Web,Port Marytown,PA
ORD-0006880,CUST-001490,2026-08-19,Shipped,Web,Nicholsonport,GA
ORD-0004953,CUST-000827,2025-02-19,Delivered,Mobile App,Lake Ryan,AZ
ORD-0003512,CUST-001322,2025-03-17,Cancelled,In-Store,Maryshire,TX
ORD-0010899,CUST-002023,2026-07-06,Delivered,Mobile App,,MI
ORD-0001823,CUST-000667,2025-01-15,Delivered,Mobile App,Port Zacharyland,CA
ORD-0011449,CUST-002293,2026-05-25,Returned,Marketplace,Schaeferburgh,CA
ORD-0004379,CUST-001065,2025-10-30,Delivered,Mobile App,New Brittanyport,TX
ORD-0007141,CUST-000507,2025-02-08,Processing,Mobile App,Coryfurt,AZ
ORD-0006391,CUST-002384,"July 09, 2026",Placed,Mobile App,Jaimeside,PA
ORD-0006044,CUST-000214,2026-08-04,Cancelled,Mobile App,Port Alyssaville,GA
ORD-0008701,CUST-001445,2026-06-17,Processing,Mobile App,Ryanland,AZ
ORD-0004508,CUST-002607,2024-12-07,Processing,Web,Sarachester,IL
ORD-0006044,CUST-000214,2026-08-04,Cancelled,Mobile App,Port Alyssaville,GA
ORD-0002444,CUST-001931,2026-09-01,Processing,Web,Wilsonberg,TX
ORD-0007304,CUST-000564,2026-05-21,Returned,Mobile App,Johnland,NY
ORD-0002642,CUST-000828,2026-02-22,Shipped,Mobile App,Port Kimberlyside,NC
ORD-0011935,CUST-001848,2025-07-01,Delivered,Web,East Danieltown,AZ
ORD-0008312,CUST-002464,"September 03, 2026",Shipped,Mobile App,South Christopher,TX
ORD-0011643,CUST-000921,2026-03-07,Delivered,Web,Clementston,PA
ORD-0003263,CUST-000670,2026-08-15,Shipped,Mobile App,West Andrew,TX
ORD-0002311,CUST-001019,2026-08-08,Returned,Marketplace,Amandaborough,MI
ORD-0008101,CUST-001211,2024-04-27,Delivered,Mobile App,Stevenmouth,PA
ORD-0007930,CUST-000284,2026-04-24,Shipped,Mobile App,South Gilbert,OH
ORD-0007923,CUST-002504,2025-12-20,Placed,Web,New Davidshire,NY
ORD-0002899,CUST-000464,2026-09-04,Delivered,Web,West Ericaside,NC
ORD-0009410,CUST-002709,2026-04-30,Placed,In-Store,West Stephanie,IL
ORD-0000870,CUST-000612,2026-02-21,Shipped,Marketplace,Bradleyville,CA
ORD-0005552,CUST-988807,2025-10-11,Placed,Mobile App,Lake Ericfort,IL
ORD-0007869,CUST-002729,2026-02-21,Delivered,Mobile App,Davidmouth,IL
ORD-0009782,CUST-936719,06/05/2026,Shipped,Web,Joshuafurt,PA
ORD-0011992,CUST-001151,2026-01-17,Processing,Web,South Christopherton,CA
ORD-0000005,CUST-002826,2026-03-30,Delivered,Marketplace,Samanthaton,OH
ORD-0010886,CUST-002136,2026-08-20,Delivered,Mobile App,East Michael,FL
ORD-0005004,CUST-000162,2026-04-21,Processing,Marketplace,Brucemouth,NC
ORD-0007863,CUST-002262,2025-04-23,CANCELLED,In-Store,Ballview,NY
ORD-0004272,CUST-002180,2026-06-16,Placed,Web,Port Karen,PA
ORD-0007211,CUST-001961,2024-05-04,Delivered,Web,Port Adam,AZ
ORD-0000123,CUST-002812,2025-07-20,delivered,In-Store,Lake Charleneside,CA
ORD-0005206,CUST-000590,2026-02-03,Processing,Mobile App,East Christine,PA
ORD-0000841,CUST-000182,2025-07-26,Returned,Mobile App,Lake William,GA
ORD-0008627,CUST-001626,2024-06-08,Processing,Mobile App,North Timothybury,PA
ORD-0007429,CUST-000487,2026-03-14,Delivered,Mobile App,East Alanstad,MI
ORD-0007593,CUST-000185,2026-01-15,Delivered,Web,Jeffreyview,NY
ORD-0005747,CUST-000334,2026-08-02,Placed,Web,Port Sarah,GA
ORD-0010594,CUST-001984,2025-09-17,Shipped,Web,East Tracie,GA
ORD-0009017,CUST-000892,12-Nov-2025,Shipped,Web,New Christina,WA
ORD-0000316,CUST-001922,2025-06-21,Processing,Web,Evelynview,OH
ORD-0010755,CUST-002301,2026-07-16,Returned,Web,Wagnerbury,CA
ORD-0005464,CUST-925098,2025-07-02,Delivered,Mobile App,Anthonyberg,WA
ORD-0002056,CUST-002513,2026-08-23,Shipped,Web,Cynthiahaven,NY
ORD-0008295,CUST-002452,2026-06-13,Cancelled,Marketplace,Lake Richardberg,TX
ORD-0004630,CUST-002468,2026-07-23,Shipped,Mobile App,,FL
ORD-0002295,CUST-002072,2025-01-01,Shipped,Mobile App,Port Rachelhaven,WA
ORD-0007796,CUST-002597,2025-05-04,Delivered,Web,Nelsonhaven,NY
ORD-0008703,CUST-000187,2025-03-24,Delivered,In-Store,Brittanyfurt,TX
ORD-0010530,CUST-000293,2025-09-20,Returned,Web,New Phillipton,WA
ORD-0006776,CUST-002597,2023-11-18,Delivered,Marketplace,Heatherborough,GA
ORD-0011515,CUST-000606,2025-07-03,Delivered,Mobile App,Gomezhaven,CA
ORD-0006484,CUST-001144,2026-02-13,Shipped,Web,East Brendabury,FL
ORD-0011858,CUST-000253,2025-05-31,Processing,In-Store,Salastown,TX
ORD-0006017,CUST-000299,2024-06-02,Returned,In-Store,Lake Sophia,CA
ORD-0011734,CUST-002412,2025-05-06,Shipped,In-Store,Nicholasstad,OH
ORD-0010127,CUST-001878,2025-03-23,Placed,Web,Jeremymouth,GA
ORD-0006734,CUST-002237,2026-08-08,Shipped,Web,West Amber,AZ
ORD-0006950,CUST-002279,2026-08-15,Shipped,In-Store,South Luis,CA
ORD-0001865,CUST-000579,13-Jun-2025,Placed,Web,Sextonbury,IL
ORD-0007735,CUST-002859,2026-08-28,Delivered,Mobile App,North Maryville,WA
ORD-0005036,CUST-002984,2026-03-07,Placed,In-Store,Joycemouth,WA
ORD-0005592,CUST-000461,2025-10-18,Cancelled,Web,Tuckerview,PA
ORD-0001773,CUST-002899,2026-08-31,Shipped,Web,New Chaseborough,PA
ORD-0008498,CUST-002262,2025-10-07,Processing,Mobile App,Watsonfort,MI
ORD-0010500,CUST-000310,2025-10-02,Placed,Web,New Jerryfort,CA
ORD-0005559,CUST-001818,2025-11-17,Cancelled,Marketplace,South George,IL
ORD-0001026,CUST-000918,2026-01-20,Delivered,Mobile App,,TX
ORD-0004496,CUST-002578,2025-11-26,Returned,Web,Stephentown,WA
ORD-0007400,CUST-001288,2026-06-19,Cancelled,Web,Kingchester,MI
ORD-0007256,CUST-001690,2025-06-26,Processing,Mobile App,Lake Troy,MI
ORD-0007031,CUST-002035,2026-06-16,Placed,Mobile App,East John,CA
ORD-0002982,CUST-002273,2026-06-10,delivered,Web,Weavermouth,AZ
ORD-0002897,CUST-002210,2025-05-13,Placed,Web,Williammouth,AZ
ORD-0009277,CUST-002956,2026-07-07,Placed,Web,Weaverborough,NY
ORD-0005012,CUST-000340,2026-07-01,Delivered,Web,New Joyce,OH
ORD-0007100,CUST-000515,2024-12-31,Placed,Mobile App,East Jacobberg,NC
ORD-0009262,CUST-000145,2026-07-03,Cancelled,Mobile App,South Edward,NY
ORD-0010809,CUST-002905,2026-08-23,Delivered,Web,Lake Michellefort,MI
ORD-0005459,CUST-002347,2026-01-11,Delivered,Mobile App,Alecmouth,CA
ORD-0001668,CUST-000778,2026-03-29,Delivered,In-Store,East Dawnport,NC
ORD-0002433,CUST-000721,2026-04-20,Processing,Mobile App,East Frank,AZ
ORD-0002009,CUST-002481,2025-02-06,Shipped,Mobile App,Wongmouth,PA
ORD-0011303,CUST-002579,2026-08-19,placed,Mobile App,Martinhaven,OH
ORD-0001345,CUST-001668,2025-11-15,Delivered,Mobile App,Sandrafurt,CA
ORD-0010351,CUST-000445,2026-08-25,Shipped,Mobile App,West Tara,MI
ORD-0000966,CUST-000911,2026-01-10,Placed,In-Store,South Josephfort,OH
ORD-0004785,CUST-000725,2026-08-15,Placed,Web,South Rebecca,AZ
ORD-0011393,CUST-002465,2025-11-10,Placed,Web,Lake Jerry,CA
ORD-0001407,CUST-002317,2026-07-16,Cancelled,Mobile App,North Joshua,NC
ORD-0010242,CUST-000723,2025-03-02,Placed,Web,Port Frank,NY
ORD-0008200,CUST-001696,2025-09-19,Delivered,Mobile App,Dawnland,NY
ORD-0001739,CUST-000129,2024-08-27,Returned,In-Store,Wendymouth,OH
ORD-0007831,CUST-000477,2026-04-01,Delivered,Web,Amymouth,IL
ORD-0007110,CUST-002936,2026-08-08,Processing,Web,West Billy,PA
ORD-0001235,CUST-002061,2025-11-11,Shipped,Web,Gibsonport,WA
ORD-0004971,CUST-001299,2025-11-10,Delivered,Web,Lake Isabelville,IL
ORD-0001295,CUST-002108,08/08/2026,Delivered,Web,Saraside,NY
ORD-0001387,CUST-000988,04/25/2026,PLACED,Marketplace,Bankstown,NY
ORD-0000877,CUST-002523,2026-09-05,Delivered,Marketplace,Lake Rachel,IL
ORD-0010822,CUST-001552,2026-07-05,Shipped,Web,Thompsonside,TX
ORD-0008365,CUST-001851,2026-04-15,Processing,Web,Davidfurt,IL
ORD-0002519,,2026-05-18,dELIVERED,Web,Lake Williamhaven,AZ
ORD-0008617,CUST-000350,2026-01-09,Delivered,Web,Caitlinshire,WA
ORD-0000515,CUST-904644,2026-05-22,Delivered,Mobile App,Lake Brianna,NY
ORD-0010227,CUST-000409,2025-05-12,Processing,Web,Velezview,GA
ORD-0002921,CUST-000374,2026-01-16,Delivered,Mobile App,Lake Davidbury,NC
ORD-0000890,CUST-000931,2025-05-09,Processing,In-Store,Alisonborough,NC
ORD-0000403,CUST-000894,06/20/2026,Delivered,Marketplace,Dustinport,NY
ORD-0008623,CUST-002271,2026-05-26,Placed,Mobile App,North Scott,GA
ORD-0006642,CUST-001412,2026-03-25,Processing,Mobile App,Sherylfort,FL
ORD-0010212,CUST-000417,2025-07-14,Placed,Marketplace,Erinmouth,CA
ORD-0007852,CUST-000311,2025-03-11,Placed,Web,Santiagotown,IL
ORD-0010984,CUST-002342,2026-08-28,Placed,Mobile App,South Lindaland,NY
ORD-0003265,CUST-002099,2025-12-31,Delivered,Web,,OH
ORD-0008285,CUST-001064,2026-04-26,Returned,Web,North Nicholemouth,PA
ORD-0001989,CUST-000239,2025-12-25,Delivered,Web,Port Kayla,FL
ORD-0007949,CUST-001775,24-Aug-2025,Processing,Web,Benjaminfurt,AZ
ORD-0000620,CUST-000612,2026-03-11,Placed,Marketplace,North Samantha,AZ
ORD-0007056,CUST-001105,2026-07-11,Delivered,Marketplace,Navarroland,PA
ORD-0000768,CUST-002183,2026-03-19,Delivered,Web,Georgeshire,OH
ORD-0008909,CUST-000846,2026-04-07,Processing,Mobile App,New Williamchester,PA
ORD-0003946,CUST-002519,2025-09-26,Placed,Web,South Peterstad,OH
ORD-0008790,CUST-002606,2026-06-12,Processing,Mobile App,South Davidchester,CA
ORD-0006683,CUST-000531,2026-07-26,Shipped,Web,West Jeff,NY
ORD-0002592,CUST-002447,2026-06-19,Placed,Mobile App,Amberburgh,MI
ORD-0005878,CUST-001844,2026-08-25,Delivered,Web,South Hannahton,TX
ORD-0011863,CUST-000504,2026-05-19,Shipped,Web,Morrowfurt,NY
ORD-0006425,CUST-002444,2025-10-16,Shipped,Mobile App,Lisafurt,NY
ORD-0006628,CUST-002147,2026-02-18,Shipped,Web,Fredbury,WA
ORD-0001678,CUST-002102,2026-03-23,Processing,Web,Caitlinchester,AZ
ORD-0007766,CUST-001237,2026-05-06,Shipped,Marketplace,East Sarah,IL
ORD-0011615,CUST-002906,2026-08-12,cANCELLED,Marketplace,North Megan,IL
ORD-0004482,CUST-000942,2026-07-13,Delivered,Web,North Nancy,PA
ORD-0009821,CUST-001289,2026-08-09,cancelled,Mobile App,Simpsonchester,CA
ORD-0002615,CUST-000346,2026-07-13,Delivered,Mobile App,Cannonshire,TX
ORD-0003118,CUST-000940,2026-01-08,Delivered,In-Store,Edwardbury,OH
ORD-0001809,CUST-000908,2025-04-12,Delivered,Mobile App,,AZ
ORD-0009763,CUST-002581,2025-06-05,Delivered,Mobile App,Monicaborough,NY
ORD-0007859,CUST-002472,2026-08-07,Delivered,Web,Kevinfort,FL
ORD-0006783,CUST-001220,2026-01-15,Processing,Mobile App,Lake Patrickstad,IL
ORD-0006898,CUST-002969,2026-02-07,DELIVERED,Mobile App,Jessicaport,WA
ORD-0010671,CUST-001946,2026-02-08,Shipped,Marketplace,Cooktown,FL
ORD-0004013,CUST-001956,2024-10-04,PROCESSING,Mobile App,Justinland,GA
ORD-0011717,CUST-002633,2025-06-06,Placed,Mobile App,Paulland,NC
ORD-0000671,CUST-000030,2026-03-13,Shipped,Web,Erikfort,AZ
ORD-0008812,CUST-002643,2025-04-30,Cancelled,Mobile App,Karlaside,WA
ORD-0005102,CUST-002026,2025-12-21,Shipped,Marketplace,Loriport,GA
ORD-0003478,CUST-002590,2026-06-13,Processing,In-Store,Tanyafurt,NC
ORD-0006824,CUST-001836,2026-04-16,Shipped,Marketplace,North Traci,NY
ORD-0009268,CUST-000914,2026-07-18,Shipped,Marketplace,Zacharyshire,TX
ORD-0011994,CUST-001935,2024-05-17,Delivered,Web,West Randy,NY
ORD-0008474,CUST-001329,2025-12-20,Shipped,Web,West Wesleyshire,OH
ORD-0009968,CUST-001370,2025-10-25,Delivered,Mobile App,Jamesshire,NC
ORD-0011812,CUST-000238,2025-08-15,Placed,Web,West Anthonytown,AZ
ORD-0004542,CUST-000216,2026-08-16,Shipped,Web,East George,OH
ORD-0004037,CUST-000713,2024-11-24,Delivered,Web,Lake Robertmouth,OH
ORD-0004903,CUST-001364,2026-07-30,SHIPPED,Mobile App,Jerryborough,TX
ORD-0010257,CUST-001891,2026-01-16,Placed,In-Store,West Shirley,TX
ORD-0000538,CUST-001151,2026-02-10,Delivered,In-Store,South Richardfort,AZ
ORD-0010548,CUST-000556,2026-03-29,Shipped,Web,South Andreaburgh,OH
ORD-0011902,CUST-000402,2026-02-03,Delivered,Web,,TX
ORD-0004207,CUST-001344,2026-06-16,Cancelled,In-Store,Westbury,NC
ORD-0003233,CUST-001152,2025-12-11,Returned,In-Store,South Bruce,NC
ORD-0000527,CUST-000906,2024-12-09,Processing,Mobile App,Amandastad,MI
ORD-0008740,CUST-002255,2025-11-27,Processing,Mobile App,South Davidhaven,OH
ORD-0002468,CUST-002722,2026-02-24,Delivered,In-Store,Marcport,MI
ORD-0004516,CUST-001092,2026-01-04,Processing,Web,Glennville,AZ
ORD-0009944,CUST-000344,2025-07-19,Placed,In-Store,Stevensontown,AZ
ORD-0007353,CUST-000144,2026-05-24,Delivered,In-Store,West Jenniferland,TX
ORD-0005393,CUST-000182,2026-03-02,Shipped,Web,Jamestown,MI
ORD-0002035,CUST-002687,2025-10-01,Cancelled,Mobile App,Grayfurt,AZ
ORD-0003201,CUST-002863,2026-08-25,Shipped,Web,Collinsville,IL
ORD-0009111,CUST-000323,2026-06-28,Shipped,Web,Martinezstad,OH
ORD-0002910,CUST-002820,2026-08-08,Shipped,Web,North Nathanhaven,GA
ORD-0000593,CUST-000249,2025-11-24,Cancelled,Mobile App,Terriport,CA
ORD-0007654,CUST-002405,2024-07-09,Shipped,In-Store,Riosberg,MI
ORD-0007901,CUST-002480,2025-08-05,Delivered,Marketplace,Port Christopher,IL
ORD-0005764,CUST-001667,2025-03-11,delivered,Web,Kristinafort,TX
ORD-0005012,CUST-000340,2026-07-01,Delivered,Web,New Joyce,OH
ORD-0007438,CUST-002436,2026-05-08,Processing,Mobile App,Oliviamouth,IL
ORD-0002146,CUST-001469,2026-06-12,pLACED,Web,South Lisa,NY
ORD-0003936,CUST-001862,2026-06-25,Cancelled,Mobile App,South Richardville,NC
ORD-0002364,CUST-000612,2026-01-23,Cancelled,Mobile App,,WA
ORD-0000125,CUST-001823,2026-07-22,Shipped,Web,,CA
ORD-0004406,CUST-002838,2025-01-05,Delivered,In-Store,Sandovalhaven,GA
ORD-0002705,CUST-001567,2026-04-11,Delivered,Mobile App,Kellyfort,WA
ORD-0002713,,2024-11-24,Processing,Marketplace,Jacksonview,OH
ORD-0008174,CUST-001911,2026-08-09,Placed,Mobile App,Williamside,GA
ORD-0011013,CUST-001332,2025-06-28,Returned,Mobile App,Crosschester,NC
ORD-0006969,CUST-000834,2026-06-11,Placed,Mobile App,Francishaven,NY
ORD-0003890,CUST-001922,2026-07-06,Placed,Web,Gilltown,GA
ORD-0004995,CUST-002763,"May 13, 2026",Processing,In-Store,Thomaschester,GA
ORD-0011467,CUST-001990,2026-09-04,Placed,Web,Mcfarlandmouth,FL
ORD-0009199,CUST-000060,2026-08-21,Shipped,Mobile App,Nataliebury,FL
ORD-0001561,CUST-001389,2026-01-23,Delivered,Mobile App,Keithmouth,OH
ORD-0011638,CUST-001805,2025-01-10,Delivered,Web,,NC
ORD-0005452,CUST-002222,2025-07-05,Delivered,In-Store,Bellbury,IL
ORD-0002828,CUST-000206,2025-08-15,placed,Marketplace,North Diane,WA
ORD-0005365,CUST-002993,2026-08-15,Shipped,Web,Victorfurt,NC
ORD-0003151,CUST-002372,2026-06-23,Delivered,Marketplace,Lake Sandra,FL
ORD-0010084,CUST-002249,2025-02-28,Shipped,Marketplace,Jamesmouth,NC
ORD-0005209,CUST-002365,2026-03-15,Delivered,Mobile App,Lake Shawna,WA
ORD-0002992,CUST-000777,2026-09-01,Cancelled,Mobile App,Bryantstad,CA
ORD-0011439,CUST-000024,2026-07-29,Delivered,Web,Joseside,IL
ORD-0001216,CUST-001823,2026-08-15,Delivered,Web,New Tina,MI
ORD-0002263,CUST-001431,2025-03-02,Returned,Marketplace,,CA
ORD-0007455,CUST-002344,2026-08-04,Processing,Web,Thompsonfort,AZ
ORD-0005520,CUST-001124,2024-10-25,Processing,Marketplace,Prestontown,CA
ORD-0003158,CUST-000202,2026-01-19,Placed,Web,West Codyville,MI
ORD-0005024,CUST-001643,2026-04-16,Processing,Web,Estradatown,WA
ORD-0005221,CUST-000531,2026-07-03,Cancelled,Marketplace,Micheleborough,AZ
ORD-0004743,CUST-002450,25-Feb-2026,Delivered,In-Store,Lake Chasechester,TX
ORD-0001422,CUST-001843,2025-08-24,Cancelled,Mobile App,Johnsonfurt,FL
ORD-0009360,CUST-000370,2024-03-18,Shipped,Mobile App,Port Erinfurt,FL
ORD-0006540,CUST-002981,2026-03-30,Processing,Mobile App,Richardsville,TX
ORD-0007410,CUST-001066,2024-03-11,Returned,Web,Burtontown,MI
ORD-0004266,CUST-950906,2024-02-01,Delivered,Marketplace,Travisshire,NC
ORD-0005014,CUST-001841,2026-03-18,Shipped,Mobile App,East Mikechester,TX
ORD-0000920,CUST-000635,05-Mar-2026,Shipped,Web,Hubbardburgh,TX
ORD-0005043,CUST-000628,2026-05-25,Cancelled,Mobile App,Port Brian,MI
ORD-0007255,CUST-950589,"September 03, 2024",Delivered,Mobile App,West Jenna,GA
ORD-0003817,CUST-001047,2026-01-07,Processing,Mobile App,Port Jacob,TX
ORD-0011939,CUST-002054,2026-06-04,Shipped,Web,South Lindsay,IL
ORD-0003551,CUST-002355,2025-11-30,Delivered,Web,Vickieside,IL
ORD-0009612,CUST-000224,2025-07-01,Delivered,Mobile App,Lake Anne,AZ
ORD-0007041,CUST-001480,2026-07-25,Processing,Web,Shannonmouth,GA
ORD-0007354,CUST-000985,2026-01-08,Placed,Marketplace,North Emilyshire,CA
ORD-0009033,CUST-001858,2026-09-02,Cancelled,Web,Munozville,WA
ORD-0006588,CUST-001507,2026-08-08,Shipped,Mobile App,Crystalview,WA
ORD-0005880,CUST-001056,2026-07-31,Delivered,Web,Gonzalestown,NC
ORD-0004776,CUST-002301,2025-11-11,Shipped,Marketplace,Markburgh,OH
ORD-0006201,CUST-002712,2025-10-13,Delivered,Marketplace,Lake Sherrimouth,AZ
ORD-0006419,CUST-935984,2026-01-14,Processing,Marketplace,New Lisaburgh,IL
ORD-0005848,CUST-001617,2025-11-03,Delivered,Mobile App,Thompsonville,TX
ORD-0009812,CUST-002581,2026-04-02,Placed,Web,Lewisshire,TX
ORD-0009107,CUST-002619,2024-06-02,Placed,Web,Andreashire,NC
ORD-0002378,CUST-000188,2026-04-24,Placed,Web,West Richardhaven,OH
ORD-0011359,CUST-001342,2026-07-28,Shipped,Mobile App,Gregoryland,FL
ORD-0009732,CUST-001223,2025-12-18,Placed,Mobile App,East Erin,WA
ORD-0001086,CUST-001682,2025-07-11,Delivered,Web,North Michaelmouth,NC
ORD-0010855,CUST-002806,2026-03-26,Returned,Web,East John,IL
ORD-0003523,CUST-000543,2026-06-30,Delivered,Web,Staffordland,WA
ORD-0004629,CUST-000918,2026-08-06,Shipped,Mobile App,Lake Erin,OH
ORD-0005291,CUST-002994,2024-07-15,Cancelled,Web,Popemouth,NC
ORD-0011443,CUST-000692,2025-11-26,Shipped,Marketplace,South Michellestad,MI
ORD-0002862,CUST-001811,2026-03-24,Shipped,Web,South Joe,NY
ORD-0005166,CUST-001683,2026-07-14,Delivered,Web,Zavalastad,IL
ORD-0008242,CUST-002963,2025-12-17,Delivered,Web,Karlafort,FL
ORD-0009342,CUST-002916,2025-08-06,Placed,Marketplace,South Brettland,FL
ORD-0005002,CUST-001235,2026-01-28,Placed,Marketplace,South Cassidyton,PA
ORD-0009966,CUST-002189,2026-06-12,Processing,Mobile App,North Tiffanyton,TX
ORD-0007898,CUST-001526,2024-12-18,Shipped,Web,Stewartside,WA
ORD-0010233,CUST-002912,2025-02-24,Shipped,Web,Brownchester,AZ
ORD-0006489,,2026-07-22,Shipped,Web,Odonnellside,WA
ORD-0003673,CUST-000813,19-Jan-2025,Processing,Web,,GA
ORD-0009982,CUST-000559,2025-07-30,Delivered,Mobile App,South Patriciaville,IL
ORD-0007807,CUST-000848,2026-01-08,Processing,Web,East Kathleen,MI
ORD-0011518,CUST-001449,2024-12-30,Cancelled,Mobile App,South Georgechester,CA
ORD-0000800,CUST-002433,12-Dec-2025,Delivered,Mobile App,Cassiefurt,WA
ORD-0004661,CUST-000556,2025-11-24,Placed,Marketplace,Bryantton,OH
ORD-0006660,CUST-000531,2026-07-22,Delivered,Mobile App,Webbchester,NY
ORD-0003026,CUST-001170,2026-05-28,Cancelled,In-Store,Jenniferside,TX
ORD-0000802,CUST-002946,2024-02-19,Processing,In-Store,Port Janetfort,WA
ORD-0007501,CUST-000008,2025-12-12,Delivered,Web,Smithport,MI
ORD-0002922,CUST-001883,2026-02-06,sHIPPED,Marketplace,Mccarthyton,AZ
ORD-0006466,CUST-000589,2026-07-31,Shipped,Web,Lake Shawnton,IL
ORD-0004665,CUST-001193,2026-06-18,Shipped,Web,Stephenchester,FL
ORD-0002261,CUST-002869,2025-07-11,Processing,Marketplace,East Ryan,OH
ORD-0002970,CUST-000377,2025-05-31,Cancelled,In-Store,Hobbsfort,GA
ORD-0007326,CUST-000282,2024-01-14,Processing,Mobile App,Myerstown,FL
ORD-0010272,CUST-001337,2026-06-26,Delivered,In-Store,North Reginaldmouth,PA
ORD-0006551,CUST-002243,2026-03-09,Placed,Web,Lake Amyhaven,IL
ORD-0006188,CUST-002266,2024-10-21,Shipped,Web,Lisaview,CA
ORD-0009623,CUST-002075,2025-05-08,Placed,In-Store,Grahambury,IL
ORD-0006998,CUST-002566,2026-02-28,Delivered,Web,North Christian,OH
ORD-0000310,CUST-002336,2025-10-16,Delivered,Mobile App,North Jason,GA
ORD-0008976,CUST-001098,2026-08-15,Delivered,Mobile App,Rosariochester,WA
ORD-0011238,CUST-000594,2026-01-25,Cancelled,Web,West Crystalfort,TX
ORD-0011739,CUST-000479,2026-08-29,Shipped,In-Store,Heatherton,NC
ORD-0005936,CUST-000671,2026-08-05,Processing,Marketplace,West Gary,PA
ORD-0010619,CUST-001430,2025-04-29,Delivered,Web,Grantberg,GA
ORD-0009594,CUST-002437,2026-03-03,Delivered,Mobile App,Schmidtfort,NC
ORD-0006719,CUST-002230,2025-05-09,Delivered,Marketplace,Timothyhaven,GA
ORD-0010778,CUST-000952,2026-02-14,Cancelled,In-Store,Wagnershire,PA
ORD-0011086,CUST-002053,2026-08-23,Delivered,Web,Michaeltown,CA
ORD-0005804,CUST-001509,2026-06-19,Placed,Marketplace,South Jessicamouth,TX
ORD-0001967,CUST-001595,2024-02-11,Shipped,Web,Dianaberg,NC
ORD-0011115,CUST-001149,2026-06-11,Placed,Mobile App,New Christopherchester,OH
ORD-0005514,CUST-000319,2025-05-19,Cancelled,Marketplace,Jamesville,TX
ORD-0010754,CUST-001877,2024-11-17,Processing,Web,West Carrieborough,FL
ORD-0003912,CUST-002304,2026-08-25,Delivered,Mobile App,Hawkinsshire,NC
ORD-0007131,CUST-001325,2025-11-15,Delivered,Mobile App,,PA
ORD-0007827,CUST-002755,2024-06-30,Shipped,Web,Hortonchester,OH
ORD-0010294,CUST-000626,2026-02-10,Shipped,Web,North Deannaview,NC
ORD-0009684,CUST-000867,2025-10-04,Returned,Web,Port Timothy,NC
ORD-0002531,CUST-945908,2025-12-07,Delivered,Marketplace,,NC
ORD-0006970,CUST-000793,2026-01-12,Delivered,Mobile App,Pierceville,FL
ORD-0009962,CUST-002560,2026-09-03,Delivered,Web,Port Timothyland,OH
ORD-0000755,CUST-000331,2026-06-04,Processing,In-Store,,FL
ORD-0008151,CUST-000847,2026-08-21,Placed,Mobile App,Lake Loristad,NY
ORD-0000176,CUST-002852,2026-09-01,Placed,Web,Morrisonmouth,WA
ORD-0006847,CUST-002860,2025-12-15,Delivered,Mobile App,Toddmouth,MI
ORD-0001996,CUST-000079,2025-01-06,Processing,Web,Lake Bobport,FL
ORD-0006807,CUST-001860,2026-07-24,Shipped,Web,Adamsfurt,CA
ORD-0011288,CUST-002247,2026-01-02,Delivered,Web,Barretthaven,PA
ORD-0007891,CUST-000318,2026-03-20,Shipped,Mobile App,,FL
ORD-0006583,CUST-909350,2026-07-26,Delivered,Web,East Jackport,WA
ORD-0011092,CUST-002421,2025-06-28,Placed,Web,Theresaton,CA
ORD-0005674,CUST-002883,2025-02-23,Placed,Mobile App,Port Susan,OH
ORD-0011933,CUST-002334,2024-06-30,Cancelled,Mobile App,Charleshaven,PA
ORD-0005982,CUST-001102,2026-08-11,Delivered,Mobile App,Hamiltontown,PA
ORD-0005175,CUST-000768,2025-02-23,Shipped,In-Store,Hartburgh,NY
ORD-0001582,CUST-001235,2026-06-18,Processing,Mobile App,West Debbieview,NY
ORD-0005051,CUST-002027,2025-11-10,Delivered,Web,Cooperhaven,TX
ORD-0001955,CUST-000777,2026-09-01,Returned,Web,Michaelside,OH
ORD-0010892,CUST-000478,2025-07-27,Processing,Mobile App,West Christina,FL
ORD-0001857,CUST-000867,2025-09-22,Placed,Mobile App,New Steven,OH
ORD-0000693,,2026-04-24,Placed,Web,Port Sherry,MI
ORD-0010708,CUST-001236,2024-10-22,Placed,In-Store,West Coryville,IL
ORD-0000866,CUST-000637,2026-07-14,Placed,Web,South Maryfurt,OH
ORD-0000860,CUST-000729,2026-05-28,Delivered,Marketplace,Port Francis,OH
ORD-0001411,CUST-001805,2025-08-19,Placed,Mobile App,West Drewhaven,TX
ORD-0007393,CUST-000103,2024-10-06,Delivered,In-Store,Stewartville,IL
ORD-0009749,CUST-000779,2026-01-21,Delivered,Web,Wrightview,WA
ORD-0001120,CUST-001667,2025-05-31,Delivered,Marketplace,Laurietown,CA
ORD-0003007,CUST-001807,2026-02-26,Delivered,Web,Millerview,OH
ORD-0005724,CUST-001078,2024-07-20,Placed,Web,Jamesfort,OH
ORD-0001189,CUST-000134,2024-04-30,Processing,Web,Hutchinsonberg,OH
ORD-0010477,CUST-002880,2026-07-18,Delivered,Web,Lake Alyssa,NY
ORD-0011394,CUST-001086,2024-07-02,Returned,Web,Holdershire,WA
ORD-0009842,CUST-001839,2026-03-31,Cancelled,Web,Jenniferstad,MI
ORD-0005266,CUST-000406,2025-03-10,Placed,Marketplace,Tonyafort,WA
ORD-0009961,CUST-001983,2025-06-24,Cancelled,In-Store,West Stephanie,OH
ORD-0009576,CUST-001042,2025-12-10,Placed,Mobile App,Carlbury,WA
ORD-0007840,CUST-000389,2024-01-04,Placed,Marketplace,New Melissa,GA
ORD-0004569,CUST-001938,2024-07-30,Placed,Marketplace,Nicholaschester,NY
ORD-0008136,CUST-002330,2024-11-21,Placed,Web,New David,OH
ORD-0006360,CUST-002136,2026-08-19,Delivered,Web,Millerton,WA
ORD-0011676,CUST-001877,2025-06-15,Delivered,Web,Joanneville,IL
ORD-0003844,CUST-000448,2026-08-02,Cancelled,Web,Staceyfurt,OH
ORD-0006020,CUST-001414,2025-07-28,Delivered,Web,West Derektown,CA
ORD-0009196,CUST-000137,2026-07-24,Delivered,Mobile App,Thomashaven,GA
ORD-0007071,CUST-000571,2026-02-16,Processing,Web,,GA
ORD-0003929,,2025-09-05,Shipped,Web,West Nicoleshire,NC
ORD-0011689,CUST-000055,2026-06-17,Delivered,Marketplace,Kyleville,FL
ORD-0003411,CUST-001478,2026-04-04,Processing,Web,South Frankport,NY
ORD-0009100,CUST-002196,2026-08-13,Placed,Web,East Joseph,CA
ORD-0008066,CUST-002769,2025-12-04,Delivered,Web,New Christopherborough,NY
ORD-0003652,,2026-06-11,Shipped,Web,,WA
ORD-0000897,CUST-002310,2025-12-04,Cancelled,Mobile App,North Sean,CA
ORD-0005463,CUST-002306,2026-08-13,Delivered,Web,Port Lisa,NY
ORD-0004811,CUST-001959,2025-12-21,Placed,Marketplace,Gilmoreville,TX
ORD-0004639,CUST-001911,2025-11-13,Processing,Mobile App,Patriciachester,PA
ORD-0007989,CUST-001082,2026-06-21,Delivered,Web,,CA
ORD-0002548,CUST-001287,2025-07-26,Shipped,Mobile App,New Mollyview,WA
ORD-0006415,CUST-002432,2025-06-06,Placed,Web,West Nicholas,NC
ORD-0008380,CUST-000836,2025-01-10,Delivered,Web,West Jamesfurt,PA
ORD-0011728,CUST-001362,2026-06-29,Shipped,Mobile App,East Lisaview,NY
ORD-0002189,CUST-000881,2026-03-02,Delivered,Mobile App,Jessicaland,OH
ORD-0005467,CUST-000564,2025-11-11,Shipped,In-Store,Garciamouth,MI
ORD-0008134,CUST-000229,2026-02-09,Processing,Web,South Adrian,AZ
ORD-0008609,CUST-002162,2025-11-17,Shipped,Marketplace,Port Dana,MI
ORD-0002546,CUST-001776,2026-08-15,Delivered,Web,Burnettmouth,WA
ORD-0003110,CUST-002512,2026-01-14,Placed,Web,Lake Debra,TX
ORD-0008606,CUST-002242,2026-07-17,Cancelled,Mobile App,Spenceport,MI
ORD-0011046,CUST-002149,2026-05-18,Cancelled,Mobile App,North Kayleemouth,NC
ORD-0008997,CUST-002527,2026-06-03,Delivered,Mobile App,East Jamesfort,GA
ORD-0009696,CUST-002333,2026-06-15,Shipped,Mobile App,North Michaelburgh,WA
ORD-0008612,CUST-001046,2026-03-14,Placed,Mobile App,West Donaldchester,NC
ORD-0007316,CUST-001355,2026-03-30,Shipped,Web,Deborahberg,OH
ORD-0005087,CUST-000924,2025-07-06,Returned,Mobile App,Antonioburgh,CA
ORD-0007574,CUST-002683,2026-07-14,Placed,Mobile App,Charleston,IL
ORD-0003005,CUST-001546,2026-07-20,Placed,Mobile App,Johnsonshire,NY
ORD-0011072,,2026-03-25,Shipped,Mobile App,Vanessaview,MI
ORD-0008482,CUST-002160,2025-09-11,Placed,In-Store,Edwardsberg,TX
ORD-0010810,CUST-002264,2026-01-22,Delivered,Mobile App,North James,PA
ORD-0007778,CUST-000264,2026-07-03,Returned,Mobile App,Heidiburgh,AZ
ORD-0002831,CUST-002023,2026-03-12,Processing,Mobile App,,TX
ORD-0005181,CUST-002175,2025-06-27,Shipped,In-Store,North Dustin,PA
ORD-0000498,CUST-001711,2025-12-28,Shipped,Web,Port Gailmouth,FL
ORD-0009798,CUST-002044,2024-11-15,Delivered,Mobile App,North Mary,NY
ORD-0003940,CUST-002234,2025-03-04,Processing,Web,East Scott,FL
ORD-0006813,CUST-001511,2026-06-06,Placed,Mobile App,North Thomas,NY
ORD-0007382,CUST-001525,2025-11-25,Delivered,Mobile App,South Charlesborough,FL
ORD-0000456,CUST-001380,2025-10-20,Delivered,Mobile App,Lake Vanessa,WA
ORD-0003575,CUST-002317,2025-12-11,sHIPPED,In-Store,Port Kevinmouth,AZ
ORD-0006436,CUST-000550,2026-04-30,Delivered,Mobile App,New Jenniferport,MI
ORD-0004257,CUST-002817,2026-07-22,Processing,In-Store,East Sarahland,GA
ORD-0000336,CUST-002984,2026-07-29,Shipped,Web,West Jeffreystad,WA
ORD-0010770,CUST-002012,2026-06-11,Delivered,Mobile App,Tylerfort,TX
ORD-0011986,CUST-921012,2025-11-26,Delivered,Web,North Anthonyfort,IL
ORD-0008908,CUST-002723,2026-09-02,Delivered,Mobile App,Lisaside,MI
ORD-0003792,CUST-002416,2025-11-29,Delivered,Mobile App,Grossport,GA
ORD-0005099,CUST-000179,2026-02-14,Delivered,Mobile App,South Lisaland,AZ
ORD-0000577,CUST-002478,2025-11-14,Shipped,Mobile App,East Jameschester,WA
ORD-0000231,CUST-000236,2025-04-11,Cancelled,Web,East Shannontown,PA
ORD-0005621,CUST-000916,2026-07-31,Delivered,Web,North Davidborough,CA
ORD-0007828,CUST-001208,2026-08-04,Cancelled,Mobile App,North Karenland,FL
ORD-0010705,CUST-000991,2026-03-13,Placed,Web,Petersonhaven,MI
ORD-0009583,CUST-002530,2026-08-08,Shipped,Web,,CA
ORD-0004735,CUST-002977,2024-08-13,Delivered,Web,Port Heatherland,PA
ORD-0010473,CUST-002385,2025-10-11,Processing,Web,Blackbury,MI
ORD-0000141,CUST-001645,2025-07-10,Delivered,Web,Brianside,FL
ORD-0000442,CUST-001474,2026-05-09,Placed,Marketplace,Reedtown,WA
ORD-0009868,CUST-002808,2024-08-07,Delivered,Mobile App,West Christinatown,CA
ORD-0009313,CUST-001097,2026-08-02,Placed,Marketplace,Benjaminfurt,OH
ORD-0004124,CUST-001784,2025-09-10,Returned,Marketplace,West Jeremyview,MI
ORD-0004732,CUST-001417,2026-08-06,Shipped,Web,Morachester,TX
ORD-0004853,CUST-000730,2026-07-11,Shipped,Mobile App,Lake Bryanfort,MI
ORD-0005090,CUST-002946,2025-06-02,Placed,Mobile App,Simpsonland,CA
ORD-0011341,CUST-000155,2024-10-26,Delivered,Mobile App,South Stevenstad,OH
ORD-0005715,CUST-001518,2026-09-05,Returned,Web,Jonathonton,AZ
ORD-0008754,CUST-001863,2026-07-23,Cancelled,Web,Lake Nataliefort,AZ
ORD-0005082,CUST-000758,2024-09-17,Shipped,Web,West Karenville,MI
ORD-0004992,CUST-001431,2026-02-19,pLACED,Web,Williamland,CA
ORD-0006209,CUST-001017,2025-08-25,Placed,Web,Amandamouth,NY
ORD-0007094,CUST-000686,2026-05-03,Shipped,Marketplace,Barbaraborough,GA
ORD-0003310,CUST-002907,08/20/2026,Shipped,Web,Berryberg,GA
ORD-0011608,CUST-001798,2024-05-19,Shipped,Marketplace,Kimhaven,CA
ORD-0005691,CUST-002494,2026-07-22,Processing,Web,Leeport,AZ
ORD-0009813,CUST-002279,2026-07-07,cANCELLED,Marketplace,North Donaldshire,NC
ORD-0001797,CUST-001212,2026-01-24,Delivered,Mobile App,Brianstad,PA
ORD-0004151,CUST-000061,2026-09-02,Processing,Mobile App,Port Amanda,WA
ORD-0002791,CUST-002009,2026-06-12,Returned,Web,Sarahburgh,FL
ORD-0011540,CUST-002284,2025-09-13,Delivered,Marketplace,East Johnnyland,TX
ORD-0001621,CUST-000169,2026-08-08,Delivered,Mobile App,Lake Brandonborough,TX
ORD-0007317,CUST-000973,2026-09-04,Delivered,In-Store,Hilltown,WA
ORD-0002723,CUST-002190,2026-07-12,Delivered,Web,Lake Johnny,NC
ORD-0005260,CUST-002621,2026-08-03,Placed,Web,Lake David,WA
ORD-0005961,CUST-002045,2024-02-24,Placed,Mobile App,Matthewfort,FL
ORD-0004573,CUST-002061,2026-02-24,Placed,Web,Andersonborough,MI
ORD-0001933,CUST-002567,2025-05-08,Shipped,Marketplace,Lake Dominique,MI
ORD-0000280,CUST-000136,2024-08-10,Placed,Marketplace,Port Arielland,IL
ORD-0003768,CUST-000452,2026-08-05,Delivered,Web,Port Nancybury,NC
ORD-0010538,CUST-002683,2025-10-31,Placed,Mobile App,Williamsview,PA
ORD-0010329,CUST-001605,2026-04-18,Shipped,Marketplace,Holmesfort,NY
ORD-0004764,CUST-001356,2026-07-21,Processing,Mobile App,Katiemouth,AZ
ORD-0009656,CUST-001702,2024-07-11,Cancelled,Web,,NY
ORD-0000150,CUST-001030,15-Apr-2026,Shipped,Mobile App,Fernandeztown,WA
ORD-0003138,CUST-000064,2025-05-03,Placed,Mobile App,East Brandon,WA
ORD-0009581,CUST-002351,2025-07-16,Delivered,Marketplace,South Danielle,OH
ORD-0000252,CUST-000103,2025-01-02,Delivered,Mobile App,East Christinaview,CA
ORD-0000506,CUST-002084,2025-08-09,Processing,Web,Georgeshire,CA
ORD-0006762,CUST-000933,2026-01-07,Processing,Marketplace,Michellemouth,TX
ORD-0005897,CUST-920110,2026-06-14,Placed,Web,Allenborough,NY
ORD-0001734,CUST-002160,2026-06-30,Delivered,Marketplace,North Jasontown,OH
ORD-0002701,CUST-001158,2026-06-27,Processing,Marketplace,West Ryanland,TX
ORD-0002609,CUST-002605,2025-06-07,Delivered,Web,Lake Stephaniefort,NC
ORD-0003042,CUST-002880,2026-03-19,Placed,Mobile App,Georgeborough,OH
ORD-0008266,CUST-002990,2025-10-02,Returned,In-Store,West Tanya,PA
ORD-0007262,CUST-000683,2026-03-14,delivered,Mobile App,East Rhonda,PA
ORD-0011116,CUST-002943,2025-10-06,Delivered,Web,East Paul,IL
ORD-0011651,CUST-000962,2026-08-16,Processing,Marketplace,Port Briana,OH
ORD-0000454,CUST-002730,2026-04-27,Shipped,Web,Robertschester,MI
ORD-0001904,CUST-001665,2025-06-10,Delivered,Web,South Ashley,CA
ORD-0011547,CUST-002609,2026-08-27,Placed,In-Store,West Danielport,NY
ORD-0007917,CUST-002799,2026-05-17,Delivered,Marketplace,,MI
ORD-0002190,CUST-000317,2026-07-16,Shipped,Web,Benjaminfurt,WA
ORD-0002450,CUST-001553,2026-04-18,Placed,Web,Richardfurt,CA
ORD-0011442,CUST-002704,2025-06-22,Placed,Web,North Michele,TX
ORD-0008946,CUST-000115,2026-07-20,Delivered,Web,Mccormickside,AZ
ORD-0001038,CUST-001304,08/14/2026,Delivered,In-Store,Mezamouth,IL
ORD-0003563,CUST-001456,2026-03-29,Delivered,Marketplace,Lake Stephanie,NC
ORD-0011847,CUST-002381,2025-03-22,Placed,Mobile App,Katieland,PA
ORD-0009149,CUST-001353,2026-07-29,Delivered,Mobile App,West Jamieburgh,AZ
ORD-0000721,CUST-002218,2026-07-12,Shipped,Mobile App,Cindyview,FL
ORD-0006724,CUST-002215,2026-04-14,Delivered,Web,Rosston,AZ
ORD-0009868,CUST-002808,2024-08-07,Returned,Mobile App,West Christinatown,CA
ORD-0005689,CUST-001494,2026-02-24,Shipped,Mobile App,East Claytonbury,AZ
ORD-0001886,CUST-000796,2026-01-04,Placed,Web,Mooreburgh,OH
ORD-0001025,CUST-002530,2025-09-24,Shipped,Web,North Kristamouth,OH
ORD-0009984,CUST-001845,2026-08-28,Cancelled,Mobile App,Lake Karenland,OH
ORD-0008680,CUST-000718,2025-04-08,Returned,Web,New Vanessa,OH
ORD-0007250,CUST-001800,2025-08-28,Delivered,Marketplace,Lambchester,WA
ORD-0003856,CUST-000050,2026-01-25,pROCESSING,Marketplace,Buckborough,PA
ORD-0006170,CUST-000815,2026-03-28,Shipped,Marketplace,Johnshire,CA
ORD-0010789,CUST-002436,2026-03-29,Processing,Marketplace,Lake Thomasshire,NY
ORD-0001595,CUST-001791,2026-06-23,Processing,Web,Kellymouth,IL
ORD-0005323,CUST-000186,2026-02-23,Delivered,Web,South Jennifertown,WA
ORD-0002132,CUST-002688,2026-06-23,Delivered,Mobile App,East Diana,TX
ORD-0000840,CUST-001914,"August 01, 2026",Delivered,Web,Gordonchester,TX
ORD-0010394,CUST-001698,2025-02-02,Cancelled,Mobile App,Bradleychester,IL
ORD-0000331,CUST-954222,2026-07-02,Cancelled,Web,Michaelborough,GA
ORD-0009469,CUST-000310,2026-06-12,Cancelled,Web,Morganfort,IL
ORD-0001741,CUST-002757,2024-02-28,Processing,Mobile App,Justinburgh,FL
ORD-0004738,CUST-000665,2025-10-29,Delivered,Mobile App,Gordonmouth,NC
ORD-0011137,CUST-001569,2026-02-20,Shipped,Marketplace,West Jeffrey,NC
ORD-0011306,CUST-001448,2026-03-19,Shipped,Marketplace,Margaretbury,NY
ORD-0003542,CUST-001392,2026-09-05,Delivered,Marketplace,Ashleyview,MI
ORD-0003337,CUST-000968,2024-09-16,Delivered,Marketplace,Clarkmouth,MI
ORD-0007104,CUST-001631,2026-08-07,Delivered,Web,East Jordanchester,TX
ORD-0005186,CUST-000800,2026-09-05,Shipped,Marketplace,East Kristina,PA
ORD-0006507,CUST-000920,2026-01-19,Delivered,In-Store,,MI
ORD-0002647,CUST-000024,2026-07-03,Shipped,Mobile App,Clarkshire,NC
ORD-0004754,CUST-001821,2026-05-15,pLACED,Marketplace,Rachelmouth,TX
ORD-0001665,CUST-001718,2026-06-02,Returned,Web,Valerieport,TX
ORD-0003613,CUST-000937,2026-04-08,Delivered,Marketplace,Lucasport,PA
ORD-0007704,CUST-000320,2025-11-13,Shipped,Marketplace,Brendaland,TX
ORD-0008728,CUST-001856,2025-01-05,Processing,Web,East Rebecca,NC
ORD-0009258,CUST-000562,2026-06-26,SHIPPED,Mobile App,Hernandezmouth,AZ
ORD-0007777,CUST-000454,2025-10-15,Processing,In-Store,Bartlettshire,MI
ORD-0004167,CUST-001706,02/03/2026,delivered,Web,Wardburgh,CA
ORD-0011090,CUST-002634,2026-08-26,Placed,In-Store,Beverlystad,IL
ORD-0006995,CUST-002943,2026-04-21,Returned,Mobile App,Fishermouth,FL
ORD-0010398,CUST-000025,2026-09-02,Processing,Web,Cookton,WA
ORD-0003064,CUST-001841,2026-07-09,Delivered,In-Store,Jerryberg,IL
ORD-0001731,CUST-001777,2026-01-07,Delivered,Marketplace,West Ericaside,WA
ORD-0009133,CUST-000905,2026-05-23,Placed,Web,East Danielburgh,GA
ORD-0005752,CUST-002027,2025-11-07,Delivered,Marketplace,New Theresa,NY
ORD-0000878,CUST-000579,2025-03-21,DELIVERED,Mobile App,Tracyport,NY
ORD-0002031,CUST-001742,2024-07-15,Delivered,Mobile App,Muellerton,NC
ORD-0006669,CUST-002881,2026-08-14,Placed,Web,Greenmouth,MI
ORD-0006150,CUST-002823,2025-10-10,DELIVERED,Web,Robinbury,WA
ORD-0011881,CUST-001114,2026-01-13,Delivered,Mobile App,Larrytown,AZ
ORD-0011206,CUST-981520,2025-05-11,Processing,Mobile App,Port Samantha,CA
ORD-0006379,CUST-000452,2025-04-14,Shipped,Marketplace,Russellside,NC
ORD-0000430,CUST-002310,2025-09-19,Delivered,Mobile App,South Tracifort,CA
ORD-0006903,CUST-000268,2025-08-22,Shipped,Mobile App,Dennishaven,MI
ORD-0006059,CUST-000340,2026-09-05,Shipped,Web,West Katiefort,TX
ORD-0008880,CUST-001109,2025-09-28,Placed,Web,Annettefort,TX
ORD-0006815,CUST-002571,2026-03-31,Cancelled,Marketplace,South James,IL
ORD-0000181,CUST-001632,2024-09-09,Shipped,Marketplace,West Reginald,PA
ORD-0007101,CUST-002205,2026-01-06,Delivered,Mobile App,Aaronfort,TX
ORD-0002661,CUST-000891,2025-02-27,Delivered,Marketplace,Lake Jessica,IL
ORD-0003636,CUST-003000,2026-04-04,Placed,Mobile App,Nicholasfurt,OH
ORD-0010848,CUST-000649,2025-11-17,Shipped,Web,Paynefurt,NY
ORD-0011289,CUST-002588,2026-01-05,Cancelled,Web,Garrettside,GA
ORD-0004861,CUST-001675,2026-07-05,Shipped,Mobile App,Bradleymouth,PA
ORD-0007707,CUST-002672,2026-03-18,Delivered,Mobile App,New Matthew,AZ
ORD-0011669,CUST-002532,2026-06-14,Delivered,Web,Sethborough,NC
ORD-0008210,CUST-000658,2025-05-23,Cancelled,Mobile App,North David,CA
ORD-0003102,CUST-000827,2026-03-04,Shipped,Marketplace,West Jenniferton,GA
ORD-0001455,CUST-000345,2026-08-14,Processing,Web,Shawnville,IL
ORD-0000271,,2024-05-05,Delivered,Mobile App,,AZ
ORD-0004444,CUST-000378,"November 07, 2025",Delivered,Web,South Justinmouth,AZ
ORD-0002820,CUST-000599,2026-09-01,Delivered,Marketplace,South Michael,NC
ORD-0005340,CUST-000713,2025-05-21,Returned,Web,East Joy,MI
ORD-0008755,CUST-001108,2024-04-12,Processing,Web,Nicoleberg,CA
ORD-0000722,CUST-001696,2026-02-19,Delivered,Web,New Bradleytown,PA
ORD-0003333,CUST-001770,2025-02-13,Processing,Web,New Beckyville,PA
ORD-0007589,CUST-002669,2025-04-30,DELIVERED,Mobile App,Johnsonland,WA
ORD-0005419,CUST-001065,2026-08-10,Shipped,Mobile App,,NY
ORD-0007290,CUST-001164,2026-09-05,Returned,Web,Port Scott,NC
ORD-0006275,CUST-001855,2025-10-28,Shipped,Web,New Rachel,CA
ORD-0004789,CUST-000628,2026-03-08,Delivered,Mobile App,Arnoldchester,GA
ORD-0007614,CUST-002826,2024-09-26,Delivered,Mobile App,New Leslieside,NC
ORD-0011249,CUST-002112,2026-09-01,Delivered,Web,Port Haley,WA
ORD-0000969,CUST-002444,2025-10-08,Processing,Web,South Brandonstad,OH
ORD-0007235,CUST-002408,2025-09-09,SHIPPED,Mobile App,West Christopher,PA
ORD-0005540,CUST-996370,2026-03-20,Delivered,Marketplace,South Ronald,FL
ORD-0008601,CUST-002845,2026-05-20,Shipped,Mobile App,Pinedashire,CA
ORD-0008463,CUST-001599,2025-06-27,Shipped,Web,New Martin,OH
ORD-0001667,CUST-001697,2025-04-30,Delivered,Marketplace,,PA
ORD-0007604,CUST-002766,2026-08-06,Delivered,Mobile App,New Stevenview,MI
ORD-0004591,CUST-001437,2024-05-16,Shipped,Mobile App,Madisonbury,AZ
ORD-0008548,CUST-000891,2025-08-16,Delivered,Mobile App,East Heatherville,GA
ORD-0010599,CUST-001397,2025-06-22,Delivered,Marketplace,Haleyhaven,NC
ORD-0009190,CUST-000318,2024-01-19,Delivered,Mobile App,North Rebeccabury,AZ
ORD-0008870,CUST-002387,12/24/2024,Placed,Web,North Christianside,PA
ORD-0003632,,2026-07-26,Shipped,Web,Lake Josephtown,WA
ORD-0011272,CUST-001642,2026-03-05,Delivered,Mobile App,South Jamesville,OH
ORD-0007645,CUST-969260,2024-03-22,Delivered,Mobile App,Jeremyville,FL
ORD-0010120,CUST-001138,2025-10-19,Processing,Web,South Aaronchester,OH
ORD-0000073,CUST-001337,2025-12-05,Cancelled,Mobile App,North Tamiville,NY
ORD-0005741,CUST-002658,2026-03-04,Cancelled,Web,East Laurahaven,MI
ORD-0007730,CUST-001581,2026-05-29,Shipped,Web,New Davidton,PA
ORD-0003572,CUST-000185,2026-06-07,Shipped,Mobile App,Jamesside,AZ
ORD-0004228,CUST-002241,2026-06-02,Placed,Mobile App,South Christophershire,FL
ORD-0006339,CUST-000473,2026-04-06,Processing,Mobile App,New Tracyfurt,OH
ORD-0002759,CUST-000589,2026-04-29,Delivered,Web,Seanshire,PA
ORD-0009168,CUST-000295,2025-11-14,Placed,Web,Lake Craig,AZ
ORD-0002676,CUST-000987,2026-05-21,Shipped,Mobile App,Castilloborough,FL
ORD-0000684,CUST-000512,2026-08-19,Processing,Web,North Harrystad,NC
ORD-0000299,CUST-001321,02-Dec-2024,Cancelled,Web,Lake Richardborough,CA
ORD-0011228,CUST-002687,2026-06-24,Placed,Mobile App,Jamesbury,WA
ORD-0001146,CUST-001324,2026-01-04,Returned,Marketplace,Bennettshire,CA
ORD-0009614,CUST-001720,2025-03-31,Delivered,Web,West Theresa,WA
ORD-0005941,CUST-002117,2026-08-22,Shipped,Marketplace,New Ryanshire,AZ
ORD-0009525,CUST-001715,2024-07-17,Returned,Web,Robertborough,TX
ORD-0001324,CUST-913367,2026-03-17,Placed,Mobile App,Lake Lauren,NC
ORD-0007935,CUST-000306,"May 06, 2026",Delivered,Mobile App,Castillochester,MI
ORD-0007909,CUST-002628,2026-07-03,Processing,Marketplace,Hintonside,GA
ORD-0007864,CUST-001601,2026-02-14,Returned,Mobile App,Lake Gabriellefurt,OH
ORD-0002576,CUST-000013,2025-10-29,Shipped,Marketplace,Shannontown,GA
ORD-0008955,CUST-000678,2025-05-19,Placed,Web,Davidchester,AZ
ORD-0010509,CUST-000541,2026-04-01,Delivered,Web,Port Theresaside,PA
ORD-0001659,CUST-000556,2025-08-29,Shipped,Mobile App,East Jeremy,AZ
ORD-0011573,CUST-001734,09/15/2025,Delivered,In-Store,North Melissa,FL
ORD-0004981,CUST-002531,2026-08-05,Cancelled,In-Store,Port Troychester,PA
ORD-0005172,CUST-001340,2026-08-23,Delivered,Mobile App,West Sheilamouth,WA
ORD-0007582,CUST-002887,2025-11-05,Delivered,Marketplace,Travistown,NY
ORD-0000281,CUST-001705,09/02/2026,Shipped,Marketplace,Port Cassandratown,NY
ORD-0011698,CUST-001029,2026-05-03,Delivered,Mobile App,Lawrenceland,TX
ORD-0009413,CUST-000078,2026-03-17,Placed,In-Store,,OH
ORD-0002447,CUST-001749,2026-01-11,Delivered,Marketplace,Thompsontown,AZ
ORD-0001723,CUST-001066,2025-02-01,Processing,Mobile App,Guzmanmouth,AZ
ORD-0004572,CUST-002742,2026-08-12,Shipped,Web,North Jeremystad,NC
ORD-0010724,CUST-001248,2026-04-20,Shipped,Web,North Anne,PA
ORD-0000286,CUST-000032,2025-03-10,Delivered,Web,Vanessabury,OH
ORD-0001979,CUST-000543,2024-10-24,Cancelled,Web,East Amy,TX
ORD-0010482,,2026-05-02,Placed,Web,Jacksonton,MI
ORD-0002326,CUST-000898,2026-06-24,Delivered,Marketplace,New Jacob,IL
ORD-0011345,CUST-002913,2024-07-20,Delivered,Web,Michealburgh,AZ
ORD-0002243,,2025-07-01,Shipped,Mobile App,Mcmillanburgh,WA
ORD-0003946,CUST-002519,2025-09-26,Processing,Web,South Peterstad,OH
ORD-0004267,CUST-000721,2026-01-10,Placed,Mobile App,Annetteburgh,GA
ORD-0010321,CUST-002427,2025-12-05,Cancelled,Web,Cindyside,NC
ORD-0000987,CUST-001252,2024-12-28,Delivered,Web,Alyssaside,FL
ORD-0009000,CUST-000357,2025-06-23,Delivered,Web,Michaelberg,TX
ORD-0006322,CUST-001985,2026-08-15,Delivered,In-Store,West Margaretville,MI
ORD-0006439,CUST-002511,2026-08-27,Processing,Marketplace,Thomasfort,MI
ORD-0001962,CUST-002258,2025-12-21,Shipped,Mobile App,Lake Alyssa,OH
ORD-0005153,CUST-000842,2025-12-18,Shipped,Mobile App,Joshuaberg,CA
ORD-0001802,CUST-002368,2025-08-18,Processing,Marketplace,Lake Tanyashire,TX
ORD-0004541,CUST-001204,2026-06-14,Placed,Mobile App,West Maryville,PA
ORD-0004319,CUST-002379,2025-11-14,Delivered,Web,Lake Lindseyburgh,GA
ORD-0006413,CUST-000386,2026-08-27,Delivered,In-Store,New Rickfort,CA
ORD-0003349,CUST-002804,2026-07-29,Shipped,Web,Lake Isabella,NC
ORD-0006657,CUST-000236,2025-10-29,Shipped,Mobile App,Lake Kiara,OH
ORD-0005119,CUST-000437,2026-03-06,Shipped,Mobile App,Connerburgh,CA
ORD-0008931,CUST-002626,2025-10-16,Shipped,Mobile App,Sarahaven,PA
ORD-0000502,CUST-002098,2025-04-05,Shipped,Mobile App,New Jessica,WA
ORD-0008885,CUST-002056,2025-12-25,Processing,Mobile App,Port Josephfort,TX
ORD-0011820,CUST-002849,2026-06-30,Delivered,In-Store,Garciaberg,CA
ORD-0006352,CUST-002763,2025-10-07,Delivered,Web,Marcusfort,PA
ORD-0011859,CUST-002434,2026-07-18,Shipped,Web,,NY
ORD-0000790,CUST-002020,2024-12-06,Placed,Mobile App,Vincentport,NC
ORD-0008079,CUST-001803,2026-06-25,Delivered,Web,Loriberg,IL
ORD-0000594,CUST-000878,2024-12-08,Delivered,Mobile App,Mooreborough,OH
ORD-0002931,CUST-002848,2026-07-12,Returned,Web,Lake Carlside,NY
ORD-0009063,CUST-001062,2025-10-08,Processing,Mobile App,New Matthew,CA
ORD-0000418,CUST-001780,2024-05-23,Processing,In-Store,East Michaelmouth,TX
ORD-0007098,CUST-001251,2025-11-20,Placed,Marketplace,Anitachester,WA
ORD-0005275,CUST-000856,2026-04-20,Delivered,Mobile App,Wilsonview,GA
ORD-0011083,CUST-000295,2026-01-15,Processing,Web,Jeffreyview,MI
ORD-0008936,CUST-002798,2026-08-30,Placed,Web,Brianburgh,OH
ORD-0007877,CUST-000854,12/14/2024,CANCELLED,Mobile App,Smithfort,CA
ORD-0010907,CUST-001061,2026-08-08,Delivered,Marketplace,North Sean,GA
ORD-0000925,CUST-002635,2026-07-23,sHIPPED,Mobile App,West Melissa,AZ
ORD-0005584,CUST-000522,2026-08-22,Placed,Web,Taylorbury,OH
ORD-0007322,CUST-002344,2025-07-15,Placed,Web,Scottborough,PA
ORD-0010370,CUST-001697,2026-08-07,Placed,Mobile App,New Michaelburgh,IL
ORD-0007657,CUST-002560,2026-08-24,Delivered,Web,West Sara,GA
ORD-0001383,CUST-000200,2026-03-10,Placed,Mobile App,Judyfort,GA
ORD-0011645,CUST-002602,2026-03-04,Processing,Mobile App,Jordanton,MI
ORD-0001362,CUST-002035,2025-08-24,Cancelled,Web,New Kevin,CA
ORD-0005118,CUST-001549,2025-03-21,Delivered,Marketplace,South Angelaside,OH
ORD-0005227,CUST-001340,2026-08-03,Shipped,Mobile App,East Joan,AZ
ORD-0002262,CUST-000940,2025-07-09,Returned,Web,East Mary,GA
ORD-0011350,CUST-000014,2025-06-25,Delivered,Mobile App,Colemanview,GA
ORD-0006019,CUST-000735,2026-08-29,Processing,Web,Deniseborough,FL
ORD-0004104,CUST-002813,2026-06-08,Shipped,Web,Morganborough,OH
ORD-0000868,CUST-001621,2026-06-04,Returned,Mobile App,South Edwin,OH
ORD-0005176,CUST-001680,2026-04-19,Processing,In-Store,Port Jon,PA
ORD-0010372,CUST-000951,2026-06-10,Delivered,Mobile App,Williamsmouth,TX
ORD-0006431,CUST-002188,2025-10-08,Shipped,Web,North Amandahaven,CA
ORD-0009171,CUST-000172,"December 12, 2025",Cancelled,Mobile App,,NC
ORD-0003171,CUST-001138,2026-08-04,Shipped,Mobile App,South Sarah,TX
ORD-0009092,CUST-002629,2026-08-07,Processing,Mobile App,East Antonio,PA
ORD-0001451,CUST-001151,2025-12-28,Cancelled,Mobile App,North Brandonstad,TX
ORD-0010890,CUST-000480,2025-06-30,Shipped,Mobile App,,IL
ORD-0006397,CUST-000528,2025-09-18,Cancelled,Marketplace,Williamsview,PA
ORD-0005132,CUST-000842,2024-11-09,Shipped,Web,Port Hannahbury,OH
ORD-0011068,CUST-001657,2025-11-27,Placed,Mobile App,New Christian,IL
ORD-0010006,CUST-001785,2026-03-24,Delivered,In-Store,Pamelamouth,OH
ORD-0003489,CUST-000935,2025-12-02,Processing,Web,Sandratown,NY
ORD-0010731,CUST-001668,2025-12-20,Placed,Web,,PA
ORD-0000003,CUST-001835,2026-06-01,Placed,Web,Lake Frank,PA
ORD-0001470,CUST-000203,2025-08-13,Placed,Web,Comptonhaven,WA
ORD-0005241,CUST-002601,2024-07-13,Processing,Marketplace,Millerfort,AZ
ORD-0006338,CUST-000702,"February 20, 2026",Delivered,Mobile App,Port Teresa,TX
ORD-0003047,CUST-000401,2025-11-13,Placed,Mobile App,Gouldland,PA
ORD-0005096,CUST-002347,2026-03-10,Placed,Mobile App,Port Brittany,NY
ORD-0001622,CUST-001126,2024-09-21,SHIPPED,Mobile App,South Mark,NC
ORD-0006485,CUST-001555,2025-12-29,Processing,Marketplace,Port Dustin,AZ
ORD-0000766,CUST-000447,2026-02-09,Placed,Web,West Davidchester,TX
ORD-0011734,CUST-002412,2025-05-06,Shipped,In-Store,Nicholasstad,OH
ORD-0004412,CUST-000157,2026-01-19,Shipped,Mobile App,South Rickyfort,MI
ORD-0000988,CUST-000007,2025-12-27,Shipped,Mobile App,Boydview,PA
ORD-0006542,CUST-000394,2024-11-01,Delivered,Web,New Coryfurt,NC
ORD-0004273,CUST-002458,2024-12-06,Shipped,Mobile App,Velasquezfort,IL
ORD-0006261,CUST-002762,2025-09-22,Delivered,Marketplace,Lake Reneeport,NC
ORD-0009393,CUST-001568,2026-08-15,Shipped,Web,Port Michael,AZ
ORD-0008591,CUST-000431,2025-02-25,Delivered,Web,Christopherhaven,MI
ORD-0001853,CUST-000378,2025-05-27,Processing,Web,Martinport,NY
ORD-0008381,CUST-002935,2025-04-11,Placed,Web,Robertton,PA
ORD-0002901,CUST-000133,2025-02-08,Shipped,Marketplace,Mullinsmouth,TX
ORD-0006261,CUST-002762,2025-09-22,Delivered,Marketplace,Lake Reneeport,NC
ORD-0005251,CUST-002359,2025-09-09,Delivered,Marketplace,Lake Anthony,NC
ORD-0004872,CUST-000474,2026-07-02,Delivered,Marketplace,Mckeeburgh,OH
ORD-0008350,CUST-002290,2025-11-13,Delivered,Marketplace,Port Carriestad,CA
ORD-0010878,CUST-000957,2025-02-11,Delivered,Mobile App,Jacksonside,WA
ORD-0009853,CUST-002977,2026-08-07,Delivered,Mobile App,New Angelafurt,CA
ORD-0010973,CUST-000045,2026-03-26,Delivered,Mobile App,Lake Maureen,TX
ORD-0010689,CUST-002735,2026-01-16,Processing,Web,South Laurenfort,PA
ORD-0001587,CUST-000588,2024-10-04,Processing,Mobile App,South Amanda,NC
ORD-0002339,CUST-001868,2025-12-28,Shipped,Marketplace,New Anthonyhaven,FL
ORD-0011258,CUST-002873,2025-03-24,Shipped,Mobile App,Kellystad,WA
ORD-0001907,CUST-002686,2024-12-04,Delivered,Mobile App,Lake Adrienne,FL
ORD-0006913,CUST-000469,2026-09-02,Shipped,Web,Jordantown,NY
ORD-0003409,CUST-001222,2024-10-29,Cancelled,Mobile App,South Anthony,MI
ORD-0002571,CUST-002023,2026-04-14,Shipped,Mobile App,Lake Nicholas,FL
ORD-0002451,CUST-002408,2025-06-17,Placed,Mobile App,Lake Timothyborough,FL
ORD-0001373,CUST-000415,2026-05-23,Placed,Mobile App,Wesleymouth,WA
ORD-0010404,CUST-000748,2026-07-20,Delivered,Mobile App,Lisafurt,NC
ORD-0001980,CUST-001126,2025-12-29,Processing,Marketplace,Johnchester,NY
ORD-0009668,CUST-002462,2024-08-28,Delivered,Web,,TX
ORD-0008980,CUST-002724,2025-02-20,Shipped,Web,Kaitlynside,TX
ORD-0009301,CUST-002970,2026-02-09,Placed,Mobile App,Matthewview,MI
ORD-0011034,CUST-002537,2026-02-14,Processing,Marketplace,Marcusport,FL
ORD-0000224,CUST-002056,2024-10-26,Placed,Web,Parkerton,GA
ORD-0005234,CUST-001227,2026-08-20,Placed,Web,Lake Arthur,IL
ORD-0006515,CUST-002018,2026-05-07,Delivered,Mobile App,Brianville,CA
ORD-0008706,CUST-000381,2024-08-09,Returned,Marketplace,Rhondafort,TX
ORD-0006704,CUST-002654,2025-03-16,Delivered,Web,West Georgeland,CA
ORD-0009345,CUST-001156,2025-03-01,Placed,Web,North Christineport,FL
ORD-0001463,CUST-001823,2026-08-25,Processing,Web,Kellymouth,NC
ORD-0005751,CUST-001019,2026-06-04,Delivered,Web,East Nancy,AZ
ORD-0007641,CUST-000672,2026-09-03,Cancelled,In-Store,West Todd,AZ
ORD-0004831,CUST-001898,2024-11-08,Shipped,Marketplace,Chelseyville,TX
ORD-0008083,CUST-001158,2025-10-31,Processing,Mobile App,Port Markmouth,OH
ORD-0011211,CUST-002698,2026-08-08,Processing,Mobile App,West Markside,AZ
ORD-0007292,CUST-002119,2024-11-15,Delivered,Mobile App,Gilberttown,CA
ORD-0001274,CUST-002548,2026-08-14,Shipped,In-Store,Johnland,GA
ORD-0000707,CUST-002849,2026-07-21,Placed,Mobile App,South Elizabethshire,NC
ORD-0004458,CUST-002516,2025-10-16,Shipped,Marketplace,Jimmyview,CA
ORD-0003321,CUST-002040,2026-08-13,Delivered,Mobile App,Martinezhaven,NC
ORD-0001042,CUST-002429,2026-01-21,Processing,Web,Karlmouth,PA
ORD-0000256,CUST-000429,2024-07-26,Delivered,Marketplace,Sharonburgh,NC
ORD-0004220,CUST-002128,2026-07-12,Cancelled,Web,West Jeremyland,NC
ORD-0006763,CUST-000713,2026-07-24,Delivered,Web,Tuckermouth,GA
ORD-0002549,CUST-001918,2025-02-24,Processing,Web,Port Vincent,CA
ORD-0010453,CUST-002078,2024-06-06,Delivered,Web,Charlesfurt,AZ
ORD-0000305,CUST-002723,2025-11-08,Delivered,Web,North Christinaburgh,AZ
ORD-0005478,CUST-001257,2026-08-15,Returned,Web,Thomasfort,GA
ORD-0011031,CUST-000082,2026-09-05,Delivered,Web,Port Markstad,WA
ORD-0001431,CUST-002673,2025-11-22,Placed,Web,Toddshire,TX
ORD-0004726,CUST-001439,2026-06-07,Returned,Web,North Emma,OH
ORD-0000088,CUST-000520,2026-08-31,Placed,In-Store,Port Charles,PA
ORD-0007473,CUST-002549,2024-12-01,Processing,Marketplace,Kellyport,TX
ORD-0007619,CUST-001595,2025-06-15,Processing,In-Store,East Michaelchester,GA
ORD-0011130,CUST-001884,2026-04-10,Shipped,Marketplace,Higginstown,NY
ORD-0001089,CUST-002239,2026-07-02,Cancelled,Web,Andrewmouth,FL
ORD-0003734,CUST-001982,2026-01-16,delivered,Mobile App,East Jeremy,IL
ORD-0010456,,2025-03-04,Processing,Web,Jonesfurt,OH
ORD-0004595,CUST-002176,2026-09-04,dELIVERED,Web,,MI
ORD-0001930,CUST-002341,2024-12-27,Delivered,Web,Port Gwendolynstad,CA
ORD-0008648,CUST-001098,2026-07-17,Delivered,Mobile App,Tinastad,GA
ORD-0002614,CUST-002747,2024-09-05,Shipped,Marketplace,Wendyhaven,NC
ORD-0006122,CUST-000753,2026-06-03,Shipped,Mobile App,Hintonmouth,WA
ORD-0011425,CUST-000838,2024-11-17,Delivered,Web,New Felicia,WA
ORD-0001449,CUST-001921,2026-04-06,Delivered,Mobile App,Brandtside,WA
ORD-0005410,CUST-000736,2024-03-14,Shipped,Web,Jonesberg,CA
ORD-0011598,CUST-002115,2026-08-25,Delivered,Web,Kimberlybury,GA
ORD-0000175,CUST-000770,2026-06-20,Shipped,Marketplace,Samuelbury,CA
ORD-0005508,CUST-000496,2025-12-12,Shipped,Mobile App,Lake Meganshire,AZ
ORD-0006401,CUST-001297,2025-09-12,Cancelled,Mobile App,East Dillon,NC
ORD-0008433,CUST-001491,2026-05-24,Placed,Marketplace,Ellenport,NC
ORD-0011190,CUST-000988,06/12/2026,Cancelled,Web,Thomashaven,FL
ORD-0005841,CUST-002136,"July 13, 2026",processing,Web,Port Justinburgh,GA
ORD-0004910,,2026-07-06,Delivered,Mobile App,New Coleberg,NY
ORD-0005383,CUST-001338,2025-12-11,Returned,Web,North Stephanie,TX
ORD-0008637,CUST-002959,2025-04-19,Placed,In-Store,West Christopherstad,PA
ORD-0000648,CUST-000096,2026-08-17,Processing,Mobile App,East Darrell,AZ
ORD-0006966,CUST-000895,2026-04-17,Delivered,Web,Sosaview,IL
ORD-0007337,CUST-000597,2025-06-07,Delivered,Web,East Marioview,GA
ORD-0008977,CUST-002221,2024-12-15,Delivered,Web,Lake Justinborough,WA
ORD-0011087,CUST-000030,2026-05-16,Delivered,Web,Davidsonport,MI
ORD-0010633,CUST-002198,2025-10-30,Processing,In-Store,,WA
ORD-0002381,CUST-000355,2026-05-06,Shipped,Mobile App,Amybury,OH
ORD-0011709,CUST-001016,2026-03-29,pROCESSING,Web,Dennisberg,WA
ORD-0006262,CUST-000679,2025-12-13,Processing,In-Store,South Todd,PA
ORD-0000047,CUST-000091,27-Jul-2025,Cancelled,Mobile App,Dunnton,TX
ORD-0000407,CUST-000540,2026-08-25,Placed,Web,North Nicole,WA
ORD-0008705,CUST-002843,2026-07-18,SHIPPED,Marketplace,Lake Sarahside,NC
ORD-0010340,CUST-001641,2025-07-01,Shipped,Mobile App,Marquezfurt,NY
ORD-0006923,CUST-001477,2026-05-27,Placed,Web,New Brianton,NY
ORD-0005502,CUST-002928,2025-06-14,Placed,Marketplace,Jessicaburgh,FL
ORD-0008317,CUST-002783,2025-09-03,cANCELLED,Mobile App,New Samantha,PA
ORD-0000076,CUST-001469,2024-12-24,Placed,Web,Danielfurt,NY
ORD-0006812,CUST-002262,2026-01-17,Shipped,In-Store,Richardville,AZ
ORD-0001092,,2026-01-24,Shipped,Web,Jeffreyton,MI
ORD-0008044,CUST-000529,2026-05-30,Shipped,Marketplace,Sandrafurt,IL
ORD-0009514,CUST-923306,2026-04-03,Delivered,Mobile App,Tashafort,GA
ORD-0009698,CUST-001271,2025-03-24,Returned,Mobile App,Annaburgh,FL
ORD-0002317,CUST-002343,2026-07-02,Delivered,Web,Robertsbury,OH
ORD-0009620,CUST-000208,2026-02-26,Delivered,Web,Hooverchester,NY
ORD-0001332,CUST-000930,2026-08-09,Delivered,Mobile App,West Leslie,OH
ORD-0002497,CUST-000313,2025-08-17,Cancelled,In-Store,Loganberg,NC
ORD-0010141,CUST-002724,2025-04-03,Delivered,Mobile App,Harperfort,AZ
ORD-0000419,CUST-001512,2026-05-27,PLACED,In-Store,Hartmanfurt,NY
ORD-0002501,CUST-002043,2026-02-28,Delivered,Mobile App,Kimberlyshire,AZ
ORD-0010452,CUST-000930,2026-08-13,Cancelled,Web,South Ronnieberg,PA
ORD-0003398,CUST-001450,2026-03-31,Delivered,Web,Patrickfurt,WA
ORD-0004840,CUST-000656,2025-07-29,Shipped,Mobile App,West Richard,WA
ORD-0008418,CUST-000421,2026-05-16,Placed,Mobile App,Bryanside,GA
ORD-0008608,CUST-002563,2026-05-22,Shipped,Mobile App,West Matthewmouth,CA
ORD-0003027,CUST-001886,2026-06-16,Placed,In-Store,Dianeville,GA
ORD-0001142,CUST-001591,2026-07-21,Shipped,Mobile App,Grantberg,PA
ORD-0006236,CUST-001178,2024-06-16,Placed,Web,East Allison,PA
ORD-0000565,CUST-002112,2026-05-20,Processing,Web,New Jaredfurt,NC
ORD-0001380,CUST-001590,2024-05-22,Delivered,Web,Parkerfurt,IL
ORD-0008142,CUST-000351,2025-07-31,Delivered,Mobile App,Mcdanielborough,IL
ORD-0001125,CUST-001874,2024-12-10,Shipped,Marketplace,Port Michael,IL
ORD-0005887,CUST-000582,2026-08-18,Processing,Mobile App,Cartershire,OH
ORD-0007458,CUST-001628,2025-05-30,processing,Mobile App,Rebeccashire,IL
ORD-0003291,CUST-001945,2024-09-02,Placed,Web,Matthewbury,AZ
ORD-0010712,CUST-001559,2025-10-20,Processing,Web,,AZ
ORD-0009501,CUST-002662,2026-08-30,Cancelled,Web,South Ryanstad,PA
ORD-0003831,CUST-002939,2025-02-12,Shipped,Mobile App,Martinezport,FL
ORD-0007885,CUST-000011,2024-05-01,Shipped,Web,West Tracy,MI
ORD-0001609,CUST-002000,2025-04-15,Delivered,In-Store,Danielmouth,OH
ORD-0004196,CUST-001514,2025-11-11,Shipped,In-Store,Michaelshire,WA
ORD-0011290,,2026-04-02,RETURNED,Web,South Billchester,CA
ORD-0004465,CUST-000204,2026-04-26,Returned,Mobile App,Dennisland,PA
ORD-0009035,CUST-000506,2026-06-30,Shipped,Mobile App,,AZ
ORD-0001775,CUST-001519,2026-01-19,Processing,Mobile App,West Theresatown,AZ
ORD-0011353,CUST-001641,2026-08-19,Delivered,Marketplace,Davidsonborough,PA
ORD-0011618,CUST-000225,2026-04-27,Returned,Mobile App,Edwardshire,AZ
ORD-0004552,CUST-001655,2026-04-07,Delivered,Mobile App,Jeffreyberg,OH
ORD-0006534,CUST-000100,2025-10-24,Cancelled,Web,Allisonfort,AZ
ORD-0004145,CUST-000544,2026-03-20,Processing,Marketplace,Lake April,IL
ORD-0000488,CUST-001139,2026-03-19,returned,In-Store,Lake Anthonyton,FL
ORD-0010496,CUST-000719,2025-12-23,Processing,Mobile App,Perezfort,FL
ORD-0002421,CUST-002580,2026-08-08,Delivered,Mobile App,Port Ashley,OH
ORD-0002171,CUST-002244,2026-03-09,Delivered,In-Store,Michaelmouth,NY
ORD-0000248,CUST-002187,2026-07-24,Delivered,Mobile App,Port Nancyhaven,WA
ORD-0007271,CUST-001651,2026-05-24,Placed,Marketplace,Port Michaelborough,NC
ORD-0010835,CUST-000335,2026-07-20,Delivered,Web,Masseyside,WA
ORD-0011119,CUST-002259,2025-01-06,Placed,Mobile App,Lake Connieville,NY
ORD-0011105,CUST-000586,2024-06-27,Placed,Mobile App,Berryview,TX
ORD-0000040,CUST-980603,2025-09-21,Shipped,Web,Mirandaborough,AZ
ORD-0003624,CUST-001378,2025-10-28,Delivered,In-Store,Lake Juliaville,FL
ORD-0004206,CUST-002404,2024-09-10,Processing,Web,New William,NY
ORD-0011548,CUST-001270,2025-08-22,Shipped,Mobile App,Archerborough,GA
ORD-0000512,CUST-002233,2026-07-17,Delivered,Web,,IL
ORD-0010929,CUST-002881,2026-04-06,Cancelled,Web,Lake Jennifer,OH
ORD-0008938,CUST-001969,2026-08-26,Delivered,Web,New Josephhaven,IL
ORD-0008087,CUST-002017,2024-05-12,Delivered,Web,Adamsland,TX
ORD-0010872,CUST-001615,2025-05-04,Shipped,Web,Georgemouth,NY
ORD-0001610,CUST-000656,2026-05-31,Shipped,Mobile App,Escobarmouth,IL
ORD-0005498,CUST-001337,2024-06-21,Delivered,Web,New Timfort,GA
ORD-0003938,CUST-000439,2025-06-29,Delivered,Mobile App,Brownfort,GA
ORD-0006388,CUST-001609,2024-09-02,shipped,Mobile App,South Todd,IL
ORD-0008788,CUST-000563,2025-10-31,Delivered,Mobile App,South Samanthaberg,CA
ORD-0001819,CUST-000342,2025-08-02,Shipped,Web,West Jennifer,FL
ORD-0001088,CUST-002121,2026-04-30,Placed,Mobile App,Harrismouth,OH
ORD-0003096,CUST-001120,2025-10-30,Delivered,In-Store,Port Tonya,AZ
ORD-0011793,CUST-001735,2025-04-08,Delivered,Mobile App,North Samantha,IL
ORD-0011604,CUST-002187,2026-08-01,Processing,In-Store,Johnsonhaven,IL
ORD-0010461,CUST-002136,2026-06-26,placed,Web,Pettyfort,AZ
ORD-0000712,CUST-000072,2026-01-04,Delivered,Marketplace,South Wendy,OH
ORD-0003126,CUST-001323,2024-12-25,Placed,Web,West Rachel,FL
ORD-0004419,CUST-001138,2026-08-22,Delivered,In-Store,Lake Joseph,TX
ORD-0001720,CUST-000028,2025-10-16,Cancelled,In-Store,East Jeffrey,NY
ORD-0004683,CUST-001243,2024-10-28,Shipped,Web,Carrollburgh,AZ
ORD-0001708,CUST-001140,2026-03-21,Placed,Web,Kimberlytown,WA
ORD-0010775,CUST-000565,2026-09-01,Delivered,Mobile App,,GA
ORD-0002390,CUST-000554,2026-05-14,Cancelled,In-Store,Bakerland,AZ
ORD-0011726,CUST-001673,2025-01-30,Delivered,Mobile App,Dunnfort,PA
ORD-0008724,CUST-001237,2025-10-10,Delivered,Web,New Nicholas,CA
ORD-0003004,CUST-001282,2025-05-21,Delivered,Mobile App,New Lynnport,CA
ORD-0005317,CUST-001872,2026-07-08,Shipped,Web,South Brandon,OH
ORD-0001486,CUST-000607,2025-06-19,Shipped,Mobile App,Torreshaven,OH
ORD-0011524,CUST-001840,2026-07-16,Delivered,Web,Randallland,WA
ORD-0003251,CUST-000926,2026-02-10,Delivered,In-Store,Karifurt,MI
ORD-0004205,CUST-002669,2025-11-12,Placed,Mobile App,Port Kristen,OH
ORD-0010171,CUST-001459,2024-12-03,Placed,Web,Blackfurt,MI
ORD-0002464,CUST-000388,2026-01-21,Cancelled,In-Store,Josephstad,IL
ORD-0011198,CUST-002134,2025-08-16,Returned,Marketplace,North Meghanton,IL
ORD-0003246,CUST-001725,2025-01-08,Delivered,Mobile App,West Katherine,OH
ORD-0001424,CUST-000934,2026-02-14,Shipped,Web,Philiptown,NC
ORD-0008121,CUST-000987,2026-08-26,Delivered,Mobile App,Gonzalezhaven,IL
ORD-0011058,CUST-002592,2026-03-09,Cancelled,Marketplace,West Lancemouth,TX
ORD-0007588,CUST-976542,2026-05-16,Shipped,Web,Christopherchester,NY
ORD-0007985,CUST-002522,2026-01-22,Placed,Web,Frankberg,CA
ORD-0005838,CUST-002132,2026-08-28,Shipped,Marketplace,Richardland,AZ
ORD-0001701,CUST-001608,2025-08-11,Shipped,Marketplace,West Melissaport,TX
ORD-0000962,CUST-000198,2024-04-10,Delivered,Marketplace,Lindamouth,AZ
ORD-0005623,CUST-000124,2026-05-19,Processing,Web,South Rodney,PA
ORD-0006057,CUST-002750,2024-11-01,Returned,Marketplace,Fisherhaven,WA
ORD-0011196,CUST-002754,2026-09-04,Cancelled,Web,Port Crystalchester,IL
ORD-0004796,CUST-001227,2026-05-13,Shipped,Web,Lake Eric,WA
ORD-0008301,CUST-002838,2026-07-17,Placed,Mobile App,Erikaland,TX
ORD-0005247,CUST-002702,2026-08-21,Placed,Web,North Tyler,GA
ORD-0003799,CUST-001450,2026-06-07,Placed,Web,East Edwin,CA
ORD-0008245,CUST-002150,2025-06-24,Delivered,Mobile App,,CA
ORD-0007420,CUST-986613,2024-07-03,Shipped,Web,Smithburgh,AZ
ORD-0003197,CUST-002068,2026-08-30,Processing,Mobile App,Alexanderhaven,GA
ORD-0008308,CUST-000199,2026-07-17,Delivered,In-Store,Port Amyfurt,WA
ORD-0000895,CUST-002868,2025-09-22,Shipped,Web,Katherineburgh,OH
ORD-0003002,CUST-001737,2025-11-25,Delivered,Mobile App,Singletonville,GA
ORD-0011446,CUST-001487,2025-08-25,Placed,Mobile App,Jessicaton,CA
ORD-0002620,CUST-001089,2026-08-31,Cancelled,Web,South Sheila,NC
ORD-0005309,CUST-000020,2026-08-28,Processing,Web,,GA
ORD-0007639,CUST-002239,2026-02-26,Placed,Web,Jacksonshire,IL
ORD-0009890,CUST-000947,2025-11-02,Delivered,Marketplace,Port Diane,CA
ORD-0011431,CUST-001549,2026-07-25,Processing,In-Store,Williamchester,TX
ORD-0005565,,2024-11-11,Shipped,Mobile App,Cervantesview,IL
ORD-0002781,CUST-001707,2024-08-02,Delivered,Web,,WA
ORD-0003730,CUST-000951,2026-07-16,Delivered,Marketplace,Lake Betty,FL
ORD-0003420,CUST-983360,2025-02-17,Delivered,Web,South Catherinestad,PA
ORD-0006458,,2025-06-08,Placed,Web,New Victoriafort,TX
ORD-0002415,,2026-06-09,Processing,Mobile App,Jacobton,TX
ORD-0004900,CUST-001696,2025-11-20,Cancelled,Marketplace,Hermantown,AZ
ORD-0005806,CUST-001652,2026-06-24,Delivered,Mobile App,Jennifermouth,IL
ORD-0006624,CUST-001480,2026-08-31,Shipped,In-Store,Jennastad,TX
ORD-0008673,CUST-001762,2025-10-03,Delivered,Mobile App,West Jeffrey,NY
ORD-0003796,CUST-001211,2026-01-30,Placed,Web,Port Sara,FL
ORD-0001862,CUST-001526,"January 09, 2025",Delivered,Web,Thomaschester,PA
ORD-0006427,CUST-001110,2026-09-02,Cancelled,Mobile App,Lake Gregoryburgh,NC
ORD-0000028,CUST-000151,2026-08-29,Processing,Web,Leahview,TX
ORD-0002807,CUST-000491,2026-01-04,Shipped,Marketplace,Jonesshire,NY
ORD-0001713,CUST-000434,2026-04-20,Delivered,Mobile App,Doyleland,TX
ORD-0007548,CUST-000263,2026-07-22,Delivered,In-Store,Robinsonstad,OH
ORD-0010075,CUST-001927,2025-05-11,Returned,Web,Bradfordfurt,FL
ORD-0011489,CUST-002637,2025-03-24,Cancelled,Mobile App,Turnerside,IL
ORD-0002749,CUST-001236,2024-12-20,Shipped,Mobile App,Port Brittney,MI
ORD-0002423,CUST-001462,2024-07-07,Processing,Web,Josephside,TX
ORD-0000695,CUST-001341,2026-02-05,Processing,Mobile App,,IL
ORD-0008127,CUST-002844,2025-06-11,Processing,Web,East Alexis,AZ
ORD-0006916,CUST-000716,2025-06-30,Delivered,Mobile App,New James,MI
ORD-0003909,CUST-002102,2026-07-13,Processing,In-Store,Gregfort,NY
ORD-0000852,CUST-002419,04-Apr-2024,Delivered,Mobile App,Williamsville,CA
ORD-0003261,CUST-002512,2025-05-24,Processing,Web,Dianeview,NC
ORD-0003053,CUST-001267,08/19/2026,Shipped,Mobile App,South Christopher,NC
ORD-0009459,CUST-002167,2026-01-01,Placed,Web,East Anna,GA
ORD-0011834,CUST-002817,2026-08-07,Shipped,Mobile App,South Nicholas,NC
ORD-0001551,CUST-002564,2025-04-06,Processing,Web,New Joseph,TX
ORD-0006866,CUST-001314,2026-07-01,Delivered,Web,Brownburgh,MI
ORD-0008435,CUST-000452,2025-09-06,Delivered,Mobile App,Codybury,MI
ORD-0009556,CUST-002597,2024-04-01,Delivered,In-Store,Lake Seanstad,WA
ORD-0010645,CUST-950805,2026-01-14,Delivered,Marketplace,Evanfurt,CA
ORD-0002267,CUST-000126,2026-04-26,Shipped,Mobile App,Smithhaven,NY
ORD-0011438,CUST-000937,2026-05-16,Delivered,Marketplace,Leeland,PA
ORD-0004504,CUST-001084,2026-05-17,Cancelled,Mobile App,North Rebeccaborough,OH
ORD-0010201,CUST-000778,2026-05-13,Placed,Mobile App,Lake Pamelaland,AZ
ORD-0001144,CUST-001853,2025-12-13,Processing,Web,South Diane,OH
ORD-0007734,CUST-001284,2026-07-28,Processing,Marketplace,Bennettton,OH
ORD-0008924,CUST-002291,2026-08-22,Delivered,Web,Lancetown,OH
ORD-0008270,CUST-000906,2024-12-20,Placed,Marketplace,East Megan,GA
ORD-0007221,,2026-02-23,Delivered,Mobile App,South Cindy,FL
ORD-0007263,CUST-960748,2026-04-24,Placed,Web,Thomasside,GA
ORD-0000337,CUST-002530,"January 29, 2026",Returned,Mobile App,West Erica,OH
ORD-0011192,CUST-002619,2025-11-22,Processing,Web,,WA
ORD-0011207,CUST-000641,2026-05-30,Placed,Mobile App,Lake Dean,PA
ORD-0007183,CUST-000262,2023-12-28,Shipped,Marketplace,Estesport,AZ
ORD-0002119,CUST-002519,2026-07-20,Placed,Mobile App,Port Williambury,AZ
ORD-0009896,CUST-002460,2026-05-03,Delivered,Web,Port Sierrafurt,AZ
ORD-0007228,CUST-001094,2025-12-12,Shipped,Marketplace,East Jasmineborough,GA
ORD-0009516,CUST-001841,2025-06-06,delivered,Mobile App,Robertbury,WA
ORD-0008188,CUST-001097,2026-07-19,Shipped,Marketplace,South Zoeton,TX
ORD-0003242,CUST-001176,2025-03-07,Delivered,In-Store,Lake Zachary,GA
ORD-0005504,CUST-002424,2026-04-18,Delivered,Web,Port Ronald,GA
ORD-0002943,CUST-000853,2025-06-28,Returned,Mobile App,Port Christina,NC
ORD-0002281,CUST-000334,2026-08-19,Delivered,Mobile App,Jonesport,PA
ORD-0005378,CUST-002554,2025-01-09,Delivered,Mobile App,Lake Kevin,AZ
ORD-0004529,CUST-001512,2025-05-04,Delivered,Web,Fergusontown,OH
ORD-0000599,CUST-000121,2026-03-01,Cancelled,Marketplace,East Jonathanborough,IL
ORD-0003198,CUST-001781,2026-08-10,Shipped,Mobile App,Watsonfort,PA
ORD-0001136,CUST-002001,2026-08-21,Shipped,In-Store,North Robinview,TX
ORD-0000491,CUST-000255,2025-05-10,Shipped,In-Store,Port Robertbury,CA
ORD-0004051,CUST-001181,2025-01-20,Placed,Mobile App,Paultown,NY
ORD-0004567,CUST-002602,2026-04-15,Placed,Mobile App,Dustinshire,OH
ORD-0009689,CUST-000427,2025-09-08,Placed,Marketplace,Haleyhaven,IL
ORD-0009411,CUST-002148,2024-08-16,Shipped,Web,New Christopher,FL
ORD-0008502,CUST-000619,2026-04-05,Delivered,Mobile App,New Kevin,GA
ORD-0008972,,2025-02-14,Cancelled,Web,Smithfort,OH
ORD-0003475,CUST-001151,2026-04-12,Delivered,In-Store,Port Courtneyburgh,NC
ORD-0005974,CUST-002859,2026-08-28,Placed,Marketplace,Port Martinshire,NY
ORD-0011184,CUST-001193,2026-09-01,Delivered,Mobile App,Port Loriville,AZ
ORD-0005852,CUST-001256,2026-05-14,Placed,Web,Nicolechester,GA
ORD-0006103,CUST-001059,2026-04-19,Cancelled,Marketplace,Timothytown,PA
ORD-0006161,CUST-002444,2026-07-30,Placed,Mobile App,West Melanieland,FL
ORD-0009234,CUST-002440,2026-04-25,Shipped,Mobile App,Louisville,WA
ORD-0011212,CUST-000985,2026-04-24,Placed,Marketplace,Travisview,WA
ORD-0010522,CUST-000274,2026-03-04,Processing,Mobile App,Cortezville,NY
ORD-0009372,CUST-001628,2025-05-31,Delivered,Web,Powersmouth,WA
ORD-0007670,CUST-002671,2024-07-20,Delivered,Mobile App,,IL
ORD-0000052,CUST-002092,2026-07-28,Shipped,Web,Lake Benjaminberg,PA
ORD-0008616,CUST-001153,2025-11-01,Placed,Marketplace,Lake Sylviamouth,NC
ORD-0001528,CUST-000099,2026-08-14,Delivered,Mobile App,Austinmouth,PA
ORD-0003383,CUST-000362,2025-08-27,Shipped,Web,Rebeccaview,OH
ORD-0000545,CUST-001646,2025-11-22,DELIVERED,Web,Perryfurt,TX
ORD-0008147,CUST-002758,2024-12-14,Delivered,Web,West Megan,PA
ORD-0004502,CUST-002882,2026-08-28,Delivered,Marketplace,Port Allen,OH
ORD-0009134,CUST-000479,2024-11-09,Processing,In-Store,Taylorhaven,NY
ORD-0009085,CUST-002575,2024-09-21,Processing,Web,Micheleton,CA
ORD-0011022,,2024-12-23,Cancelled,Web,New Ashley,NC
ORD-0008677,CUST-001105,04-May-2026,Placed,Web,Lake Joyfurt,NC
ORD-0002907,CUST-002617,2026-09-02,Cancelled,Web,Staceystad,TX
ORD-0006365,CUST-002251,2025-01-25,Processing,Marketplace,South Richard,TX
ORD-0007286,CUST-000972,2026-03-04,Cancelled,Web,Donaldside,WA
ORD-0001712,CUST-000462,2026-03-29,Placed,Mobile App,East Brianbury,FL
ORD-0010088,CUST-001699,2025-12-09,Shipped,Marketplace,,FL
ORD-0001391,CUST-000656,2026-01-18,Shipped,Web,Alyssastad,NY
ORD-0008615,CUST-000760,2025-09-05,Delivered,Web,Stephentown,CA
ORD-0009272,CUST-001370,2025-08-29,Delivered,Mobile App,Lopeztown,OH
ORD-0006750,CUST-002615,2026-08-04,Placed,Mobile App,New Tanyahaven,NY
ORD-0004803,CUST-001069,2025-04-30,Cancelled,Mobile App,Jamesfort,OH
ORD-0007770,CUST-001062,2026-02-26,Delivered,Mobile App,Duncanberg,NY
ORD-0001116,CUST-002455,2025-09-08,Delivered,Web,Laurenstad,MI
ORD-0000901,CUST-000281,2025-03-22,Processing,Mobile App,Eriktown,NY
ORD-0005403,CUST-002323,2026-01-09,Shipped,Mobile App,,GA
ORD-0010560,CUST-002754,2026-09-03,Shipped,Web,Buchananview,MI
ORD-0005561,CUST-001928,2026-08-03,Placed,Web,Jasonburgh,WA
ORD-0000945,CUST-002643,2026-01-30,Placed,In-Store,West Marcia,GA
ORD-0007519,CUST-974233,2024-10-30,Delivered,Web,Jonesview,FL
ORD-0003914,CUST-001648,2025-10-24,Shipped,Web,Lake Robertport,AZ
ORD-0000922,CUST-000340,2026-03-04,Placed,Web,Wilsonberg,AZ
ORD-0006977,CUST-000950,2026-03-29,Delivered,Mobile App,North Tracyport,FL
ORD-0000557,CUST-001411,2025-10-09,Delivered,Mobile App,South Madeline,WA
ORD-0003611,CUST-002240,2024-12-31,Returned,Web,East Michelle,FL
ORD-0006993,CUST-002918,2025-03-07,Delivered,Web,Hansenport,GA
ORD-0001864,CUST-000099,2026-08-25,Delivered,Web,East Robert,FL
ORD-0004498,CUST-002618,2026-07-05,Processing,Marketplace,Armstrongshire,TX
ORD-0003446,CUST-000455,2026-06-14,Delivered,Web,Lake Michael,NC
ORD-0010665,CUST-000295,2025-12-02,Placed,Web,Lake Curtisfort,GA
ORD-0005337,CUST-000496,2025-07-25,Delivered,Mobile App,North John,AZ
ORD-0006544,CUST-002248,2025-10-02,Delivered,Mobile App,Christopherside,GA
ORD-0009497,CUST-002832,2026-06-16,Cancelled,Mobile App,Scottfort,CA
ORD-0003019,,2026-05-11,Placed,Mobile App,New Christopherville,NY
ORD-0008030,CUST-002448,2026-08-03,Delivered,In-Store,Port Susantown,FL
ORD-0010694,CUST-002378,2024-09-02,DELIVERED,Mobile App,New Joshuashire,NC
ORD-0003056,CUST-001873,2026-01-16,Shipped,Mobile App,Oconnorport,CA
ORD-0003348,CUST-000636,2024-11-03,Placed,Mobile App,East Alexander,OH
ORD-0010603,CUST-000101,2024-08-03,Processing,Mobile App,North Jeremy,NC
ORD-0009117,CUST-001263,2026-03-06,Delivered,In-Store,Kaitlinland,MI
ORD-0002734,CUST-002975,2026-03-05,Processing,Web,Hernandezfurt,FL
ORD-0000024,CUST-002043,2025-06-13,Cancelled,In-Store,West Amystad,WA
ORD-0005605,CUST-002792,2026-06-03,Processing,Mobile App,Lake Brandon,AZ
ORD-0010542,CUST-001716,2026-02-27,Shipped,Web,South Williamchester,WA
ORD-0004786,CUST-000183,2026-08-27,Processing,Web,Rodneyton,OH
ORD-0007904,CUST-002295,2026-05-12,Delivered,Mobile App,Parkberg,WA
ORD-0000093,CUST-000121,2026-03-18,Processing,Mobile App,New Abigail,IL
ORD-0004606,CUST-001423,2025-10-07,Shipped,Marketplace,Port Shawnshire,FL
ORD-0000412,CUST-001341,2025-06-05,Delivered,Marketplace,Matthewberg,OH
ORD-0010937,CUST-002283,2026-08-30,Delivered,Web,New Tylermouth,OH
ORD-0008528,CUST-000022,2026-03-01,Delivered,Marketplace,East Leslie,CA
ORD-0003155,CUST-000831,2026-08-08,Delivered,Mobile App,South Gordonport,NY
ORD-0001353,CUST-002324,2026-06-10,Shipped,Mobile App,West Denisemouth,NY
ORD-0005034,CUST-001301,2026-03-07,Delivered,Web,West David,WA
ORD-0002066,CUST-001929,2026-08-25,Placed,Web,North Theodoremouth,MI
ORD-0009158,CUST-000814,2026-02-14,Shipped,Mobile App,Pamelaborough,NC
ORD-0006617,CUST-000384,2026-09-03,Shipped,Mobile App,Lake Samantha,AZ
ORD-0004234,CUST-001815,2025-06-21,Shipped,Web,Meganmouth,FL
ORD-0001369,CUST-000508,2026-04-15,Delivered,Web,North Bethshire,NC
ORD-0010757,CUST-001219,2026-08-19,Processing,Web,Ramirezfurt,TX
ORD-0010054,CUST-001744,2026-07-05,Placed,In-Store,Andersonberg,OH
ORD-0009956,CUST-001980,2026-08-05,Delivered,Marketplace,Meganport,AZ
ORD-0007249,CUST-000653,11/10/2024,Processing,Web,New Glennberg,OH
ORD-0001628,CUST-000810,2026-04-15,Shipped,Mobile App,East Michaelside,MI
ORD-0002253,CUST-002452,2025-05-12,Shipped,Marketplace,North Deborahshire,NY
ORD-0010738,CUST-000088,2025-01-19,Placed,In-Store,East Juanborough,NY
ORD-0009850,CUST-000326,2026-02-15,Delivered,Web,Ashleyborough,TX
ORD-0010551,CUST-001052,2026-03-04,Placed,Web,Lewistown,OH
ORD-0003322,CUST-000161,2025-02-02,Delivered,Mobile App,Robertland,CA
ORD-0001684,CUST-001955,2025-12-22,Placed,Web,Tinahaven,IL
ORD-0004346,CUST-002585,2026-08-17,Shipped,In-Store,Bellchester,OH
ORD-0004033,CUST-002213,2026-05-15,Delivered,Web,Robinchester,FL
ORD-0006423,CUST-000483,2025-08-08,Delivered,Web,Muellerfurt,NC
ORD-0002990,CUST-002217,2025-11-11,Processing,In-Store,New Christophermouth,NC
ORD-0000674,CUST-002170,2026-05-04,Returned,Web,Peckbury,TX
ORD-0010015,CUST-001101,2026-07-29,Shipped,Web,Davidview,OH
ORD-0001483,CUST-001102,2026-09-01,Shipped,Web,Grantburgh,PA
ORD-0008469,CUST-001277,2026-07-07,Placed,Web,Williambury,AZ
ORD-0008296,CUST-000346,2026-08-16,Placed,Mobile App,West Davidstad,WA
ORD-0004638,CUST-002023,2026-06-22,Shipped,Mobile App,New Nicole,OH
ORD-0006292,CUST-002474,05/28/2025,Delivered,Web,Lewisville,PA
ORD-0009216,CUST-000774,2026-08-01,Cancelled,Mobile App,Brendaberg,NC
ORD-0009048,CUST-000334,2026-08-23,Shipped,Mobile App,Danielberg,WA
ORD-0009442,CUST-001490,2026-08-16,Delivered,Web,Toddshire,TX
ORD-0008784,CUST-001072,2026-01-06,DELIVERED,Mobile App,Wrightbury,AZ
ORD-0005713,CUST-000192,2025-12-03,Delivered,Marketplace,North Theodoreland,TX
ORD-0010788,CUST-001174,2026-06-12,Placed,Mobile App,Aprilberg,NY
ORD-0001121,CUST-001347,2024-11-14,Delivered,Marketplace,Lake Michael,WA
ORD-0011308,CUST-001578,2026-01-22,Placed,In-Store,Ashleyburgh,TX
ORD-0007466,CUST-001994,2026-03-17,DELIVERED,In-Store,Snowhaven,OH
ORD-0000985,CUST-000877,2026-05-31,Shipped,Web,Solomonfort,CA
ORD-0006433,CUST-000343,2026-06-05,Returned,Mobile App,West Crystalburgh,MI
ORD-0009520,CUST-000649,2025-06-07,Delivered,Mobile App,Perezfurt,NY
ORD-0006904,CUST-002115,2026-08-13,Shipped,Mobile App,Manningberg,FL
ORD-0000938,CUST-000235,2024-11-17,Placed,Web,Daltonside,PA
ORD-0005005,CUST-000340,2026-06-16,Delivered,Web,West Kevinport,NY
ORD-0000183,CUST-000012,2026-04-01,Delivered,Web,Vasqueztown,PA
ORD-0007287,CUST-002971,2026-07-02,Placed,Marketplace,New Patriciaberg,CA
ORD-0008593,CUST-001164,2026-09-05,Placed,Web,East Donaldmouth,NC
ORD-0005473,CUST-001807,2025-05-11,Cancelled,Mobile App,Lorettaville,FL
ORD-0003755,CUST-001369,2026-07-21,Shipped,Marketplace,Lake James,FL
ORD-0007720,CUST-001900,2026-07-09,Processing,Marketplace,Murilloberg,CA
ORD-0009743,CUST-001615,2025-11-11,Processing,Marketplace,Kimberlyside,IL
ORD-0002449,CUST-000458,"August 16, 2024",Delivered,Mobile App,Hoffmanbury,CA
ORD-0002269,CUST-000698,2026-01-05,Delivered,Marketplace,West Christopherburgh,CA
ORD-0011264,CUST-002628,2026-09-01,Delivered,Web,Zacharychester,OH
ORD-0003849,CUST-002579,2026-04-24,Cancelled,Mobile App,New Matthew,IL
ORD-0000294,CUST-001906,2026-02-25,Processing,Mobile App,West Kristopher,AZ
ORD-0006703,CUST-002154,2026-03-16,Placed,Web,Lake Rachelview,PA
ORD-0000464,CUST-002889,2026-06-12,Delivered,Web,Gonzalezview,OH
ORD-0000531,CUST-002409,2026-03-04,Cancelled,Web,Port Travismouth,MI
ORD-0011890,CUST-000562,2026-07-12,Processing,Web,Lake Christopherburgh,NC
ORD-0003628,CUST-002221,2026-05-09,Returned,Mobile App,Boyertown,OH
ORD-0000209,CUST-001709,2024-05-13,Processing,Marketplace,Romeromouth,AZ
ORD-0000559,CUST-001161,2024-11-28,Shipped,Marketplace,,CA
ORD-0006791,CUST-001312,2026-03-16,Processing,Web,Tylerport,NC
ORD-0000900,CUST-002884,2025-10-30,Delivered,In-Store,Hurleyborough,NC
ORD-0003899,CUST-000364,2025-11-12,Shipped,Mobile App,West Robert,MI
ORD-0008389,CUST-002919,2026-09-01,Processing,Marketplace,North Jonathanport,WA
ORD-0000199,CUST-002582,2026-08-22,Cancelled,Web,Blacktown,OH
ORD-0000295,CUST-000933,2025-12-18,Delivered,Web,Port Randy,CA
ORD-0004705,CUST-002122,2026-04-11,Placed,Marketplace,Bowmanburgh,MI
ORD-0011141,CUST-001925,04/20/2026,Delivered,Mobile App,Port Malloryport,PA
ORD-0010282,CUST-001570,2025-11-27,Processing,Mobile App,Schultztown,AZ
ORD-0000741,CUST-000198,2025-04-01,Placed,Mobile App,North Susanborough,CA
ORD-0011825,CUST-001917,2025-12-09,Processing,Web,Loganport,MI
ORD-0009056,CUST-002859,2026-08-28,Delivered,Web,West Michael,AZ
ORD-0008163,CUST-000169,2026-07-22,Cancelled,Mobile App,Jasonmouth,AZ
ORD-0009676,CUST-002448,2026-07-27,Placed,Marketplace,Lake Timothy,FL
ORD-0004380,CUST-002783,2026-02-19,Delivered,Web,North Timothy,TX
ORD-0008933,CUST-000414,"March 14, 2024",Cancelled,Marketplace,East Jonathan,GA
ORD-0002869,CUST-002698,2026-01-04,Delivered,Marketplace,Lake Sarahview,GA
ORD-0011215,CUST-001595,04/29/2024,Delivered,Web,Williamside,CA
ORD-0011260,CUST-001121,01-Jun-2026,Returned,In-Store,Lake Nancyshire,MI
ORD-0006033,,2024-05-19,Placed,Web,Wuchester,TX
ORD-0002086,CUST-002446,2025-08-12,Placed,Marketplace,South Lisashire,PA
ORD-0001441,CUST-000286,2024-02-07,Placed,Marketplace,South Deborah,WA
ORD-0009700,CUST-000552,2026-06-18,Processing,Mobile App,East Christopher,IL
ORD-0001760,CUST-000671,2026-08-20,Returned,Mobile App,Port Cassandra,PA
ORD-0009115,CUST-000908,2024-09-23,PROCESSING,Web,Port Christopherburgh,AZ
ORD-0005943,CUST-001350,2026-05-05,Delivered,Web,Jamesmouth,MI
ORD-0005949,CUST-001498,2026-06-08,Returned,Web,Robinsonbury,TX
ORD-0009245,CUST-002555,2026-03-18,Delivered,Web,Whitneymouth,CA
ORD-0004742,CUST-000052,2026-06-14,Shipped,Mobile App,West Derrickside,NC
ORD-0004115,CUST-000605,2026-08-17,Delivered,Web,West Jasonview,GA
ORD-0011356,CUST-000973,2026-09-02,Delivered,Mobile App,Marvinhaven,GA
ORD-0008579,CUST-001702,2025-08-01,Returned,Web,Nunezshire,GA
ORD-0000735,CUST-001287,08-Jan-2025,Shipped,Mobile App,Travisberg,PA
ORD-0006861,CUST-000194,2026-06-03,Delivered,Web,Johnbury,NY
ORD-0000037,CUST-002317,2026-06-18,Shipped,Web,Lake Eric,TX
ORD-0011579,CUST-002615,2026-06-30,Delivered,Mobile App,Parkstown,FL
ORD-0005364,CUST-001754,2026-06-25,Shipped,Mobile App,East Lisa,CA
ORD-0004400,,2026-08-22,Placed,Mobile App,Richardsborough,AZ
ORD-0002007,CUST-001083,2026-05-19,Delivered,Mobile App,South Johnchester,OH
ORD-0007836,CUST-000240,2024-11-15,Shipped,Mobile App,Christinatown,AZ
ORD-0007409,CUST-000781,2025-04-24,Placed,Mobile App,,MI
ORD-0004474,CUST-000005,2025-11-29,Shipped,Mobile App,South Robert,IL
ORD-0011180,CUST-001264,2025-03-23,Delivered,Mobile App,North Wandaburgh,MI
ORD-0008830,CUST-000787,2024-03-15,Delivered,Marketplace,Johnfurt,GA
ORD-0000944,CUST-000627,2026-07-27,DELIVERED,Marketplace,East Richard,OH
ORD-0010815,CUST-002977,2025-06-27,Processing,Web,East Tanya,FL
ORD-0000392,CUST-002663,2024-03-31,Delivered,Mobile App,Port Sharonshire,WA
ORD-0006532,CUST-002842,2026-06-25,Processing,In-Store,Port Melissaton,WA
ORD-0003058,CUST-000821,2026-09-02,Cancelled,Mobile App,Scottville,OH
ORD-0006900,CUST-001441,2025-04-01,Delivered,Web,Ricehaven,NY
ORD-0004528,CUST-000520,2026-01-21,Returned,Mobile App,Port Megan,PA
ORD-0001318,CUST-001031,2025-02-28,Processing,Marketplace,Thorntonfurt,TX
ORD-0005895,CUST-002837,2025-10-12,Delivered,Marketplace,North Shannon,NC
ORD-0005434,CUST-002212,2024-07-13,Shipped,Mobile App,Lake Lisa,GA
ORD-0008760,CUST-002607,2025-04-20,shipped,Mobile App,Catherineberg,NY
ORD-0006210,CUST-000792,2026-02-24,Cancelled,Mobile App,Ingramhaven,GA
ORD-0008259,CUST-002490,2025-11-12,Delivered,Mobile App,Keithberg,TX
ORD-0002821,CUST-000721,2025-09-30,Delivered,In-Store,South Joshuachester,AZ
ORD-0003392,CUST-002608,2025-10-16,Shipped,Mobile App,Edwardsfort,IL
ORD-0009403,CUST-001789,2026-08-12,Cancelled,Mobile App,West Timothy,GA
ORD-0002808,CUST-000613,2026-02-23,Shipped,Mobile App,Mcgeeville,WA
ORD-0002779,CUST-002686,2024-12-17,Placed,Mobile App,Moralesshire,NC
ORD-0009938,CUST-002133,2024-05-17,Shipped,Mobile App,West Jenniferburgh,FL
ORD-0008708,CUST-002215,2026-07-29,Shipped,Mobile App,West Jeffrey,CA
ORD-0008339,CUST-002040,2026-07-26,Shipped,Marketplace,Lake Davidmouth,GA
ORD-0009527,CUST-000827,2025-01-14,Processing,Marketplace,Lauramouth,PA
ORD-0001534,CUST-001445,2026-03-29,Delivered,Mobile App,Michelleshire,FL
ORD-0010531,CUST-001016,2026-04-04,Delivered,Mobile App,Hamiltonview,PA
ORD-0007644,CUST-000949,2026-03-26,Delivered,Web,North Joseph,GA
ORD-0001011,CUST-001393,2026-02-26,Delivered,Web,Collinston,PA
ORD-0002302,CUST-001789,2025-10-15,cancelled,Web,North Margarettown,AZ
ORD-0000752,CUST-001395,2026-07-04,Delivered,Web,North Rebecca,GA
ORD-0004006,CUST-000157,2025-07-29,Cancelled,Mobile App,Bensonhaven,MI
ORD-0005573,CUST-001758,2025-08-30,Shipped,Web,Vanessatown,FL
ORD-0006281,CUST-002262,2026-07-05,Processing,Marketplace,South Joseph,TX
ORD-0000795,CUST-002880,2025-07-18,dELIVERED,Marketplace,New Christopherport,NY
ORD-0000027,CUST-001604,2026-03-27,Delivered,Mobile App,Lake Geraldberg,OH
ORD-0009204,CUST-000144,2026-03-10,Placed,Mobile App,North Colin,CA
ORD-0002803,CUST-002810,2026-03-06,Delivered,Web,Sarahburgh,NY
ORD-0002036,CUST-001974,2026-05-28,Cancelled,Web,Robertville,NY
ORD-0008217,CUST-002814,2024-05-15,Delivered,Web,Joanview,MI
ORD-0008932,CUST-001651,2026-07-16,Processing,Web,,GA
ORD-0003976,CUST-000333,2024-03-15,Placed,Web,Darrylview,MI
ORD-0007987,CUST-001378,2024-10-29,Processing,Mobile App,Cliffordport,IL
ORD-0001734,CUST-002160,2026-06-30,Shipped,Marketplace,North Jasontown,OH
ORD-0008835,CUST-000563,2025-12-05,Cancelled,Mobile App,Laurenland,IL
ORD-0010660,CUST-002704,2024-12-19,Delivered,Mobile App,Lake Zachary,OH
ORD-0005326,CUST-000540,2026-08-25,Placed,Web,Ashleyborough,AZ
ORD-0003594,CUST-001528,2026-02-21,Returned,Mobile App,Port Kimberly,TX
ORD-0005560,CUST-001911,2025-11-30,Delivered,In-Store,,NC
ORD-0008787,CUST-002793,2025-08-28,Delivered,Mobile App,Alexandermouth,IL
ORD-0003609,CUST-000924,2024-02-03,Cancelled,Mobile App,Markfort,MI
ORD-0009894,CUST-000030,2026-09-02,Placed,In-Store,Gillespieburgh,CA
ORD-0002151,CUST-001629,2026-06-20,Processing,Web,Colleenshire,NC
ORD-0006576,CUST-002555,2026-07-20,Delivered,Web,South Lisa,PA
ORD-0005576,CUST-000606,2026-02-19,Delivered,In-Store,North Kevin,PA
ORD-0011718,CUST-000569,2026-02-18,Placed,Mobile App,Jessicaburgh,TX
ORD-0006416,CUST-001129,2025-04-22,Returned,Mobile App,New Gabriel,NY
ORD-0004822,CUST-002642,2026-02-10,Processing,Web,Ortizhaven,OH
ORD-0008252,CUST-002425,2025-08-06,Returned,Web,Sarahville,NY
ORD-0006862,CUST-001886,2026-05-26,Processing,Mobile App,Port Annafurt,OH
ORD-0010139,CUST-001441,2025-08-11,Placed,Web,Port James,IL
ORD-0007279,CUST-000310,2025-12-22,Shipped,Marketplace,West Richard,OH
ORD-0009077,CUST-002734,2025-08-03,Processing,Mobile App,Rebeccatown,GA
ORD-0002157,CUST-001132,2025-07-17,Delivered,Marketplace,Damonberg,OH
ORD-0000203,CUST-001564,2026-08-17,sHIPPED,In-Store,Michaelland,NC
ORD-0009558,CUST-002179,2026-06-01,Processing,Web,Jenniferberg,OH
ORD-0005885,CUST-002783,2026-07-02,Shipped,In-Store,Scottfort,TX
ORD-0011043,CUST-000797,2026-05-23,Delivered,Web,Donnaberg,IL
ORD-0010699,CUST-001213,2026-04-09,Delivered,Mobile App,East Pamela,PA
ORD-0005415,CUST-000701,2026-08-23,Processing,Web,New Mitchellburgh,AZ
ORD-0004849,CUST-000077,2026-05-18,Cancelled,Mobile App,West Kimberly,IL
ORD-0004473,CUST-001059,05/31/2026,Cancelled,Marketplace,Aliciaside,IL
ORD-0008057,CUST-001391,2026-07-30,Processing,Web,West Christopherview,IL
ORD-0011622,CUST-002597,2025-04-07,Processing,Marketplace,South Waynetown,OH
ORD-0009530,CUST-002161,2025-09-25,Shipped,Web,Clarkville,AZ
ORD-0011881,CUST-001114,2026-01-13,Delivered,Mobile App,Larrytown,AZ
ORD-0010526,CUST-002582,2026-08-31,Shipped,In-Store,West Jenniferberg,AZ
ORD-0010720,CUST-002575,2025-07-15,Processing,In-Store,North Alexanderview,AZ
ORD-0000643,CUST-002084,2025-10-20,Delivered,Web,Woodsport,FL
ORD-0011580,CUST-002966,2026-08-19,Returned,Web,Carlsonberg,OH
ORD-0000660,CUST-000137,2026-09-01,Delivered,Web,Saraton,IL
ORD-0006398,CUST-001049,2026-04-30,Cancelled,Mobile App,Morganview,MI
ORD-0002710,CUST-002474,2024-06-19,Delivered,Web,Timothyfurt,TX
ORD-0001394,CUST-000172,2026-03-13,Delivered,Web,East Hunter,FL
ORD-0007948,CUST-001622,2026-07-20,Placed,Marketplace,West Heathermouth,NC
ORD-0009143,CUST-000499,2025-08-15,Delivered,Web,West Craigmouth,MI
ORD-0002367,CUST-002342,2025-09-05,Delivered,In-Store,Cooperhaven,TX
ORD-0011737,CUST-000602,2024-12-01,Processing,Marketplace,South Toddhaven,MI
ORD-0006800,CUST-002835,2026-04-05,Shipped,In-Store,East Jessica,MI
ORD-0007472,CUST-002223,2025-07-08,Delivered,Mobile App,Matthewborough,IL
ORD-0003710,CUST-000762,2026-05-06,Processing,Web,Mitchellfurt,PA
ORD-0001674,CUST-002449,2024-11-11,Delivered,Mobile App,New Kari,GA
ORD-0003560,CUST-001867,2025-06-14,Processing,Mobile App,South Samanthafurt,AZ
ORD-0010620,CUST-002635,2026-08-25,Placed,Web,South Johnmouth,CA
ORD-0008427,CUST-000094,2025-02-18,Shipped,Web,Dominicchester,TX
ORD-0003044,CUST-000303,2025-05-19,Processing,Mobile App,Lake Denise,TX
ORD-0011164,CUST-001385,2026-08-14,Processing,In-Store,Orrhaven,OH
ORD-0000783,CUST-000878,2025-08-17,Delivered,Mobile App,Wernerberg,GA
ORD-0007360,CUST-000654,2025-11-01,Shipped,Mobile App,New Travisberg,NY
ORD-0001236,CUST-000660,2024-05-09,dELIVERED,Web,Port Jillside,CA
ORD-0008857,CUST-001224,2024-11-08,Placed,Mobile App,New William,NY
ORD-0007224,CUST-001993,2026-06-29,Delivered,Web,Lake Christine,CA
ORD-0003597,CUST-002023,2026-01-18,Cancelled,Web,New Roberthaven,GA
ORD-0002495,CUST-001712,2026-05-19,Delivered,Web,Tinaburgh,AZ
ORD-0005445,CUST-001873,2026-02-28,Delivered,Marketplace,South Kimberly,IL
ORD-0003939,CUST-001976,2024-07-23,Shipped,Mobile App,New Coreyland,NY
ORD-0007834,CUST-002273,2026-07-22,Delivered,Mobile App,Sullivanshire,PA
ORD-0009230,CUST-002292,2026-06-04,Cancelled,Mobile App,Morganshire,MI
ORD-0006459,CUST-001951,2026-03-06,dELIVERED,Mobile App,Jackietown,WA
ORD-0002989,CUST-001905,2025-09-27,Placed,Mobile App,East Lisa,TX
ORD-0000400,CUST-002162,2026-06-05,Returned,Marketplace,North Patricia,NC
ORD-0009808,CUST-001437,2026-06-20,Processing,In-Store,South Heather,OH
ORD-0005594,CUST-001107,2025-10-12,Processing,Mobile App,Cunninghamland,MI
ORD-0000560,CUST-000145,2026-04-29,Processing,Mobile App,Port Kyle,GA
ORD-0007115,CUST-002262,2025-01-13,Cancelled,Mobile App,Tuckerchester,AZ
ORD-0001811,CUST-002126,2024-09-02,delivered,In-Store,Stewartstad,WA
ORD-0010446,CUST-000091,2025-06-23,Shipped,Marketplace,East Tiffany,OH
ORD-0008098,CUST-002851,2026-05-13,Delivered,Web,Markland,MI
ORD-0002219,CUST-001571,2026-08-17,Delivered,In-Store,North Amanda,NY
ORD-0008277,CUST-002030,2026-09-02,Shipped,Web,North Charlesside,FL
ORD-0011066,CUST-001553,2026-03-23,Shipped,Mobile App,New Crystalland,TX
ORD-0010299,CUST-001585,2026-08-25,Placed,Web,West Annastad,AZ
ORD-0011596,CUST-001316,2026-06-15,Delivered,Mobile App,Michaelfurt,FL
ORD-0010427,CUST-002936,2026-07-18,Returned,Marketplace,Sarahberg,AZ
ORD-0004921,CUST-002728,2026-05-28,cANCELLED,Web,Valeriemouth,NY
ORD-0011474,CUST-000343,2026-06-05,Placed,Mobile App,Jeffreymouth,NC
ORD-0003819,CUST-002748,2024-08-27,Delivered,Marketplace,West Tammie,MI
ORD-0001137,CUST-002351,2026-08-24,Delivered,Web,West Ryan,AZ
ORD-0005664,CUST-002870,2026-06-28,delivered,Web,West Nicolebury,TX
ORD-0005972,CUST-002085,2026-05-06,Processing,Web,Callahanview,GA
ORD-0011860,,2025-11-04,Delivered,Web,North Davebury,CA
ORD-0005216,CUST-002243,2026-07-02,Delivered,Mobile App,East Christy,GA
ORD-0001596,CUST-001662,2025-02-17,Placed,Web,Rasmussenside,FL
ORD-0009369,CUST-001961,2024-07-01,Delivered,Web,Port Monicamouth,CA
ORD-0001554,CUST-002399,"April 19, 2026",Returned,In-Store,Wandaborough,PA
ORD-0001336,CUST-001271,05/22/2025,Delivered,Mobile App,New James,TX
ORD-0001163,CUST-000614,"August 22, 2026",Cancelled,Mobile App,Kimberlymouth,NC
ORD-0010018,CUST-002386,2026-07-16,Processing,Mobile App,Jessefurt,TX
ORD-0005701,CUST-000699,2024-06-18,Placed,Web,East Thomas,GA
ORD-0000956,CUST-001926,2025-02-21,Shipped,In-Store,,AZ
ORD-0005329,CUST-002269,2026-05-23,Processing,Web,Lynchside,GA
ORD-0001094,CUST-002674,2024-06-01,Returned,Web,Rogersshire,MI
ORD-0007324,CUST-000348,2026-03-25,Delivered,Web,Powellbury,AZ
ORD-0009120,CUST-002811,2026-02-16,Shipped,In-Store,Gonzalezside,CA
ORD-0003803,CUST-002727,2026-07-02,Delivered,In-Store,South Daniel,NC
ORD-0008332,CUST-001411,2025-05-06,Delivered,Web,Port Robertview,TX
ORD-0004636,CUST-002317,2026-01-26,Shipped,Mobile App,South Darrellton,CA
ORD-0006920,CUST-001786,2026-09-01,Placed,Web,Suttonbury,NY
ORD-0007379,CUST-002266,2026-02-21,Delivered,Web,South Michael,PA
ORD-0008759,CUST-001083,2026-03-11,Shipped,Web,Port Timothy,TX
ORD-0005746,CUST-001047,2025-07-31,Shipped,Web,Alexandraton,MI
ORD-0011122,CUST-000582,2026-08-10,Shipped,Web,East Corey,IL
ORD-0011821,CUST-002615,2026-07-24,Shipped,Mobile App,Lake Kimberly,IL
ORD-0009873,CUST-001990,2026-01-09,Cancelled,Mobile App,Michaelton,AZ
ORD-0004401,CUST-001783,2026-01-25,Delivered,Web,North Carolyn,NY
ORD-0010567,CUST-002685,2026-07-21,Shipped,Mobile App,Sylviafurt,TX
ORD-0004247,CUST-000120,2024-11-03,Shipped,In-Store,Jenniferton,WA
ORD-0011790,CUST-002526,09/05/2026,Processing,Mobile App,South Lindaburgh,PA
ORD-0011744,CUST-002714,2026-03-10,Placed,Mobile App,Brendanbury,PA
ORD-0009717,CUST-002013,2025-10-20,Delivered,Mobile App,East Jeffrey,MI
ORD-0001138,CUST-002447,2026-08-15,Cancelled,Web,Lewischester,NY
ORD-0010604,CUST-000074,2026-07-14,Shipped,Marketplace,West Rebeccabury,FL
ORD-0007996,CUST-000836,2026-08-07,Placed,Mobile App,Martinmouth,GA
ORD-0001658,CUST-002307,2026-05-25,Processing,Mobile App,South Devonville,MI
ORD-0000635,CUST-000512,2025-07-17,Delivered,Mobile App,Onealside,IL
ORD-0011868,CUST-000395,2026-06-25,Delivered,Web,,IL
ORD-0001027,CUST-001288,2026-03-15,Returned,Mobile App,Christinaland,CA
ORD-0002890,,2024-10-25,SHIPPED,In-Store,Brentshire,CA
ORD-0008975,CUST-002041,2025-03-30,Placed,Mobile App,Nathanielchester,FL
ORD-0007747,CUST-002437,2025-10-01,Cancelled,Mobile App,Colemouth,GA
ORD-0004350,CUST-000211,2026-06-03,Placed,Mobile App,Wagnerfort,PA
ORD-0009851,CUST-002260,2026-03-13,DELIVERED,Mobile App,Bowmanhaven,PA
ORD-0004307,CUST-002594,2026-08-02,Placed,Marketplace,Wyattton,WA
ORD-0010443,CUST-000643,2025-12-03,Shipped,Web,Port Jessica,CA
ORD-0011155,CUST-000890,2026-08-10,Processing,In-Store,Rodneymouth,IL
ORD-0003213,CUST-002849,2026-06-12,Shipped,Web,Kellybury,PA
ORD-0007967,CUST-002202,2026-06-15,Delivered,In-Store,Huynhland,FL
ORD-0005737,CUST-000874,2025-02-26,Cancelled,Mobile App,North Melissa,MI
ORD-0004066,CUST-000008,2025-11-27,Shipped,Web,Brandontown,GA
ORD-0009815,CUST-000133,2024-04-26,Delivered,Marketplace,North Derrickburgh,WA
ORD-0011909,CUST-000904,2025-05-18,Processing,In-Store,East Charles,GA
ORD-0010732,CUST-000140,2026-02-13,Shipped,In-Store,West Marioville,IL
ORD-0009382,CUST-000642,2026-06-29,Shipped,Mobile App,South Lauren,MI
ORD-0003979,CUST-002903,2024-02-03,Delivered,Marketplace,East Clifford,NY
ORD-0006323,CUST-001944,2025-08-06,delivered,Marketplace,Conleytown,AZ
ORD-0007301,CUST-001408,2026-07-21,Placed,Mobile App,West Madisonberg,GA
ORD-0006936,CUST-001418,2025-01-13,Delivered,Web,Danielfurt,MI
ORD-0009440,CUST-002943,2025-10-20,Returned,Web,New Courtney,CA
ORD-0004482,CUST-000942,2026-07-13,Delivered,Web,North Nancy,PA
ORD-0000352,CUST-001824,2026-08-02,Delivered,Web,West Kim,MI
ORD-0001665,CUST-001718,2026-06-02,Shipped,Web,Valerieport,TX
ORD-0000850,CUST-002952,2026-08-29,Delivered,Web,North Jacquelineburgh,MI
ORD-0008689,CUST-002447,2025-11-20,Delivered,Web,Estradatown,TX
ORD-0011037,CUST-000392,2026-07-12,Delivered,Web,Boydhaven,WA
ORD-0008744,CUST-002325,2025-08-12,Placed,Web,East Jasonshire,TX
ORD-0002983,CUST-002952,2026-02-25,Processing,Web,Lake Dawn,TX
ORD-0005863,CUST-000042,2026-01-28,Placed,Web,Port Stacy,WA
ORD-0008453,CUST-000123,2025-05-17,Processing,Web,West Jessica,WA
ORD-0002747,CUST-001496,2026-06-02,Delivered,Web,Port David,AZ
ORD-0004109,CUST-002436,2026-05-10,Delivered,Web,Theresaville,NC
ORD-0006580,CUST-000273,2025-03-16,Delivered,Mobile App,Houstonburgh,GA
ORD-0009300,CUST-000663,2026-07-15,Processing,Mobile App,Philipshire,GA
ORD-0009562,CUST-002948,2025-10-11,Delivered,Web,Danielfurt,AZ
ORD-0001624,CUST-002857,2026-05-17,Delivered,Web,Amymouth,OH
ORD-0003364,CUST-000387,2026-08-25,Delivered,Web,West Heathertown,PA
ORD-0006927,CUST-000131,23-Mar-2026,Cancelled,Web,Charlesfurt,PA
ORD-0009282,CUST-002424,2026-06-04,Shipped,In-Store,Lake Javier,TX
ORD-0002675,CUST-002031,2026-03-05,Delivered,Mobile App,New David,GA
ORD-0008170,CUST-000843,2026-03-12,Placed,Web,North Lori,IL
ORD-0008202,CUST-001761,2026-03-26,Shipped,Web,Johnsonland,FL
ORD-0003314,CUST-002996,2024-04-05,Cancelled,Web,Allentown,NY
ORD-0003832,CUST-002218,2026-04-10,Shipped,Marketplace,New Williamside,IL
ORD-0001891,CUST-001607,2026-03-20,Placed,Web,Lake Stephentown,MI
ORD-0004520,CUST-000835,2026-09-05,Processing,Web,Margaretshire,PA
ORD-0003987,CUST-002898,2026-06-03,Shipped,Mobile App,North James,TX
ORD-0004302,CUST-002156,2024-04-17,Delivered,Mobile App,Autumnton,AZ
ORD-0006434,CUST-000446,2025-05-31,Delivered,Mobile App,New Sharonland,PA
ORD-0005432,CUST-001438,2026-04-08,Placed,Web,East Kelseystad,AZ
ORD-0005158,CUST-001509,2025-05-23,Placed,Mobile App,East Derek,WA
ORD-0003743,CUST-002145,2026-07-19,Cancelled,Mobile App,Stewartport,AZ
ORD-0003088,CUST-991084,2024-10-26,Placed,Web,Sotostad,MI
ORD-0001130,CUST-000390,2026-08-17,Placed,Mobile App,West Marisa,AZ
ORD-0001220,CUST-000321,2024-02-20,Delivered,Mobile App,Port Cameron,GA
ORD-0001626,CUST-002912,2025-08-08,Shipped,In-Store,West Rachel,AZ
ORD-0009073,CUST-000569,2026-01-01,Processing,Mobile App,Youngstad,NY
ORD-0007038,CUST-000491,2026-02-28,Processing,Marketplace,North Stacyport,GA
ORD-0009596,,2026-07-05,Shipped,Web,Martinezborough,WA
ORD-0001135,CUST-000991,2026-03-05,Delivered,Mobile App,West Paula,MI
ORD-0011530,CUST-001905,2025-08-24,Processing,Web,East Madison,IL
ORD-0007608,CUST-001981,2026-08-09,Processing,In-Store,Davismouth,NY
ORD-0010390,CUST-002307,2026-03-10,Processing,Web,North Stacey,MI
ORD-0006271,CUST-002013,2026-03-29,Shipped,Marketplace,Lake Kevin,NC
ORD-0006673,CUST-000836,2026-04-02,Delivered,Marketplace,South Kyle,GA
ORD-0005182,CUST-000927,2025-10-12,Cancelled,Mobile App,Michaelfurt,NC
ORD-0004075,CUST-002445,2025-06-20,Returned,Mobile App,Kellyview,MI
ORD-0008638,CUST-000495,2026-03-04,Delivered,Mobile App,Barkerport,MI
ORD-0004248,CUST-001133,2026-08-20,PLACED,Web,Robertsstad,GA
ORD-0003117,CUST-002638,2026-07-19,Shipped,Web,West Kathleen,NY
ORD-0002603,CUST-002706,2026-08-16,Returned,Mobile App,Kelseyburgh,FL
ORD-0009886,CUST-002461,2026-04-06,Delivered,Marketplace,Lindabury,PA
ORD-0010144,CUST-000611,2026-09-04,Returned,Marketplace,Meyerhaven,TX
ORD-0004114,CUST-001102,2026-02-21,Placed,Mobile App,South Jimmytown,PA
ORD-0001484,CUST-001212,2026-04-05,Shipped,Mobile App,Elizabethhaven,MI
ORD-0009328,CUST-002155,2026-03-05,Delivered,Web,New Dianeside,AZ
ORD-0011079,CUST-000601,2026-07-17,Returned,Mobile App,Lake Joshualand,IL
ORD-0008400,CUST-001681,2026-07-10,Cancelled,Web,Samanthachester,CA
ORD-0010792,CUST-002618,2026-04-23,Shipped,Mobile App,Tammyville,TX
ORD-0010812,CUST-001025,2026-04-29,Delivered,Web,North Martinview,IL
ORD-0000038,CUST-001676,2026-05-27,shipped,Mobile App,Josephbury,FL
ORD-0008969,CUST-000954,2026-07-21,Delivered,Web,Greenehaven,IL
ORD-0011880,CUST-002474,2026-08-08,Shipped,Mobile App,Lake Anthony,IL
ORD-0009539,CUST-002127,2026-08-10,Shipped,Mobile App,Lake Kristin,GA
ORD-0007001,CUST-001980,2026-07-28,Placed,Mobile App,Robertshire,IL
ORD-0002453,CUST-002224,2025-10-10,Delivered,Web,New Sarah,CA
ORD-0002518,CUST-000432,2026-08-16,Shipped,Marketplace,Victorville,FL
ORD-0003438,CUST-001305,2026-03-28,Delivered,Web,Leeside,NY
ORD-0004915,CUST-001900,2025-05-22,Delivered,Web,Port Troy,WA
ORD-0007460,CUST-000305,2026-07-04,Placed,Mobile App,Robertsberg,AZ
ORD-0005930,CUST-001452,2024-07-29,Placed,Web,Robertmouth,NC
ORD-0001795,CUST-000283,2026-08-26,Delivered,Mobile App,New Paulfurt,OH
ORD-0009653,CUST-002126,2025-09-17,Cancelled,Mobile App,Donnaville,TX
ORD-0005030,CUST-001863,2026-08-21,Placed,Marketplace,South Sethberg,CA
ORD-0000349,CUST-000084,2026-08-12,Processing,Web,Schmidtton,AZ
ORD-0008192,CUST-001384,2024-03-12,Processing,Marketplace,Port Beverlyborough,PA
ORD-0007071,CUST-000571,2026-02-16,Delivered,Web,,GA
ORD-0003279,CUST-001176,2025-10-07,Delivered,In-Store,Thomasborough,WA
ORD-0011328,CUST-000594,2025-11-24,Delivered,In-Store,Zunigachester,CA
ORD-0005106,CUST-917846,2025-07-06,Delivered,Mobile App,Stephaniestad,NY
ORD-0010097,CUST-001943,2025-11-24,Delivered,Mobile App,Jamesport,MI
ORD-0005582,CUST-002955,2025-10-10,Delivered,Web,Maldonadomouth,NY
ORD-0001153,CUST-002595,2025-06-27,Delivered,Mobile App,North April,GA
ORD-0006344,CUST-000037,2025-02-23,Processing,Web,Taylorshire,MI
ORD-0008895,CUST-001594,2025-11-01,Shipped,Mobile App,Dawnfort,PA
ORD-0005137,CUST-002179,2026-08-09,Processing,Mobile App,Veronicatown,PA
ORD-0008031,CUST-001154,2025-04-27,Cancelled,Web,Huntmouth,IL
ORD-0009669,CUST-001520,2026-07-08,Placed,Marketplace,Taraport,NC
ORD-0004095,CUST-001744,2026-07-09,Cancelled,Web,Rebeccastad,AZ
ORD-0001963,CUST-001343,2025-10-30,Placed,Marketplace,Lake Sarah,WA
ORD-0011926,CUST-002032,2026-04-11,Placed,Web,Lake Kevinstad,NC
ORD-0000214,CUST-000934,2026-02-22,Cancelled,Web,Henryview,FL
ORD-0009919,CUST-002912,2025-08-18,Delivered,Web,Amandastad,PA
ORD-0006584,CUST-000096,2026-08-10,Cancelled,Web,New Jennifermouth,IL
ORD-0000227,CUST-000115,2026-08-21,Cancelled,Web,South Abigail,AZ
ORD-0001443,CUST-002519,2025-05-10,Delivered,Marketplace,Port Jeffreybury,CA
ORD-0006919,CUST-002748,2024-10-03,Delivered,Web,,FL
ORD-0000658,CUST-001126,2026-05-08,Placed,Web,Michellemouth,GA
ORD-0005079,CUST-001593,2026-08-25,Processing,Web,Wellsfurt,IL
ORD-0003955,CUST-984841,2026-08-12,Returned,Web,Port Mathewtown,IL
ORD-0008298,CUST-002811,2025-06-01,Returned,Web,North Suemouth,NC
ORD-0000261,CUST-002057,2025-12-20,Cancelled,In-Store,North Joy,WA
ORD-0002405,CUST-000023,2025-06-29,Delivered,Web,Lake Jessica,TX
ORD-0011475,CUST-002021,2026-07-26,Delivered,Web,Sethburgh,FL
ORD-0005600,CUST-001905,2026-02-26,Shipped,Mobile App,Lake Ianland,NC
ORD-0002865,CUST-002175,2025-05-01,Processing,Web,Webbtown,AZ
ORD-0000216,CUST-000009,2026-08-29,Delivered,Web,Port Ryanbury,FL
ORD-0009999,CUST-000624,2026-05-25,Delivered,Web,East Lukebury,NC
ORD-0006582,CUST-000090,2026-07-31,Delivered,Marketplace,Taylorhaven,WA
ORD-0000568,CUST-001259,2025-02-20,Delivered,Web,Howardview,MI
ORD-0006568,CUST-000900,2026-09-02,Placed,Web,Huntbury,IL
ORD-0000746,CUST-000577,2026-08-11,Processing,Marketplace,Victoriaville,PA
ORD-0001654,CUST-000369,2024-12-20,Placed,Mobile App,South Carmen,AZ
ORD-0000817,CUST-000712,2026-06-25,Shipped,Marketplace,South Melanie,NY
ORD-0005730,CUST-002684,2025-12-04,Placed,Web,Jeremystad,OH
ORD-0009457,CUST-002818,2026-09-03,Cancelled,Marketplace,New Katherine,MI
ORD-0009840,CUST-000084,2026-08-26,Processing,Web,Port Michael,AZ
ORD-0004276,CUST-002288,2026-06-12,Shipped,Web,New Johnchester,FL
ORD-0006810,CUST-001758,2024-10-14,Delivered,Web,Katherinebury,NC
ORD-0009927,CUST-001526,2024-09-15,Processing,Web,Milesborough,NY
ORD-0006924,CUST-001563,2026-07-31,Processing,Mobile App,New Samuel,NY
ORD-0002340,CUST-000338,2026-05-20,Delivered,Web,Davidfurt,OH
ORD-0003650,CUST-002873,2024-10-27,Delivered,Marketplace,Brendastad,MI
ORD-0002558,CUST-001737,2025-11-14,Cancelled,Mobile App,Raymondchester,AZ
ORD-0006091,CUST-000663,2025-04-03,Shipped,Web,South Nicoleberg,MI
ORD-0001743,CUST-002691,2025-08-16,Cancelled,In-Store,Lake Abigail,OH
ORD-0003434,CUST-000190,2025-07-18,Shipped,In-Store,East Kristinashire,NY
ORD-0008606,CUST-002242,2026-07-17,Cancelled,Mobile App,Spenceport,MI
ORD-0003190,CUST-002288,2026-07-31,Shipped,Web,Port Tracey,GA
ORD-0001687,CUST-002363,2026-01-18,Delivered,Mobile App,East Debrashire,FL
ORD-0000273,CUST-001538,2025-12-24,Delivered,Web,Herreraburgh,NC
ORD-0007565,CUST-002134,2026-07-15,Delivered,Mobile App,Stevenstad,GA
ORD-0006310,CUST-000344,2025-10-28,Placed,Mobile App,Carrfort,FL
ORD-0009057,CUST-002541,2026-02-08,Delivered,Mobile App,Gabriellastad,GA
ORD-0002595,CUST-000982,2026-04-01,Delivered,Marketplace,Websterfurt,AZ
ORD-0006676,CUST-000214,2026-07-27,Processing,Web,Crystalshire,TX
ORD-0001013,CUST-001866,2026-03-21,Processing,Web,Brettmouth,NC
ORD-0006980,CUST-001875,2025-09-22,Shipped,Marketplace,West Derekmouth,FL
ORD-0011244,CUST-001331,"June 16, 2026",Placed,Marketplace,Jenniferborough,NC
ORD-0011830,CUST-000333,2025-05-26,Shipped,Mobile App,Cassandraberg,OH
ORD-0011886,CUST-000026,2026-04-29,Placed,Web,Jacksonborough,GA
ORD-0003062,CUST-000171,2026-06-17,Shipped,Web,Drakehaven,TX
ORD-0010595,CUST-001043,2026-08-30,Returned,Web,Scottville,PA
ORD-0002417,CUST-000683,2026-07-27,Delivered,Marketplace,Mckinneyland,OH
ORD-0011256,CUST-000956,2026-04-11,Shipped,Web,South Zachary,WA
ORD-0009724,CUST-000210,2026-02-26,Shipped,Marketplace,Hunterfurt,PA
ORD-0011118,CUST-001890,2026-03-16,Delivered,Mobile App,North Nancy,IL
ORD-0000818,CUST-002669,2025-04-10,Processing,Mobile App,Briannastad,NC
ORD-0001506,CUST-002556,2026-08-26,Shipped,Mobile App,Charlesfort,MI
ORD-0003414,CUST-000969,2025-11-30,Placed,Web,New Scottberg,MI
ORD-0003740,CUST-001039,2026-08-26,Delivered,Web,West Jerryshire,GA
ORD-0003395,CUST-002592,2024-05-09,Delivered,Web,Hickmanland,AZ
ORD-0005965,CUST-001902,2025-04-11,Processing,Mobile App,Brownberg,IL
ORD-0009294,CUST-001791,2026-06-26,Delivered,Web,West Stephen,WA
ORD-0007148,CUST-000334,2026-07-31,Delivered,In-Store,North Kevinhaven,NY
ORD-0001632,CUST-000784,2025-09-20,Shipped,Web,Aaronton,WA
ORD-0002129,CUST-002116,2026-07-04,Returned,Mobile App,Carolinemouth,PA
ORD-0009400,CUST-001443,2025-06-22,Placed,Mobile App,,WA
ORD-0010697,CUST-000375,2026-06-21,Cancelled,Marketplace,Fowlerhaven,AZ
ORD-0010425,CUST-000922,2025-12-04,Shipped,Mobile App,Walshfurt,IL
ORD-0004802,CUST-000803,2026-06-26,Shipped,Marketplace,Buchananburgh,WA
ORD-0006267,CUST-002046,2025-08-14,Processing,Web,Deborahberg,IL
ORD-0003410,CUST-000544,2025-11-12,Delivered,Web,East Deborahhaven,CA
ORD-0001767,CUST-002932,2025-05-31,Processing,Mobile App,Suzanneside,NY
ORD-0004545,CUST-000943,2026-05-17,Shipped,Web,East James,TX
ORD-0005057,CUST-002066,2025-12-04,Cancelled,Web,South Tracistad,OH
ORD-0005901,CUST-001544,2026-08-27,Placed,Web,East Dakotafurt,FL
ORD-0005977,CUST-001916,2026-01-14,Delivered,Web,Martinburgh,PA
ORD-0011666,CUST-000834,2026-05-18,Placed,Web,Griffinstad,TX
ORD-0005567,CUST-001936,2026-08-02,Placed,Web,East Karen,FL
ORD-0009751,CUST-001835,2026-07-16,Delivered,Web,West Theodore,PA
ORD-0010581,CUST-002228,2025-11-04,Processing,Mobile App,Heathmouth,AZ
ORD-0005577,CUST-002106,2024-07-12,Shipped,Marketplace,Collinsview,MI
ORD-0004753,CUST-001979,2025-01-09,Returned,Mobile App,Emilytown,GA
ORD-0004924,CUST-001637,2026-07-21,Shipped,Web,East Sarahchester,NY
ORD-0003510,CUST-000749,2025-12-19,RETURNED,Mobile App,Townsendville,AZ
ORD-0003530,CUST-002163,2026-07-19,Delivered,Web,Kaylaside,NY
ORD-0002933,CUST-001923,2025-09-22,Shipped,Mobile App,Sandrastad,AZ
ORD-0001789,CUST-001977,2025-03-09,Processing,Mobile App,East Anthonyfurt,WA
ORD-0006652,CUST-002012,2026-06-08,Shipped,Marketplace,Parksmouth,FL
ORD-0011416,CUST-000175,2024-09-10,Shipped,Mobile App,East Miguelport,OH
ORD-0009553,CUST-001613,2026-05-28,Delivered,Web,Lake Robertmouth,GA
ORD-0011379,CUST-001916,2025-11-13,Delivered,Mobile App,Smithview,WA
ORD-0006098,CUST-000758,2024-09-05,Returned,Web,North Benjaminland,GA
ORD-0001360,CUST-001565,2025-03-28,Shipped,Web,Kimberlyville,TX
ORD-0010060,CUST-001219,2026-08-31,Cancelled,Web,Carlaborough,NY
ORD-0007109,CUST-001154,2025-06-08,Delivered,Web,Jacobsonchester,NY
ORD-0001402,CUST-000897,2026-04-11,Delivered,Mobile App,South Rebecca,NY
ORD-0006996,CUST-001668,2025-07-30,Delivered,Web,West Miguelmouth,NY
ORD-0010406,CUST-001105,2026-07-17,Placed,Mobile App,Monicaside,PA
ORD-0004532,CUST-002353,2026-06-23,Placed,Web,New Stephanie,NC
ORD-0002004,CUST-002126,2026-01-31,Delivered,Web,New Ericport,MI
ORD-0007871,CUST-000094,2025-07-04,Delivered,Mobile App,Markside,NC
ORD-0007758,CUST-943415,2026-05-12,Delivered,Web,West Karenville,AZ
ORD-0004983,CUST-992185,2026-03-10,placed,Mobile App,West Sarah,NC
ORD-0010073,CUST-001868,2026-06-22,Delivered,Mobile App,East Jonathanborough,WA
ORD-0001876,CUST-002982,2026-08-10,Cancelled,Web,North Karenborough,MI
ORD-0008297,CUST-002186,2026-05-11,Placed,In-Store,North Joel,GA
ORD-0000233,CUST-001395,2026-04-06,Placed,In-Store,Cardenaschester,OH
ORD-0002158,CUST-000999,"August 31, 2026",Processing,Web,Maynardburgh,AZ
ORD-0004139,CUST-002019,2026-04-27,Processing,Marketplace,Lynchmouth,FL
ORD-0000170,CUST-001991,2026-08-06,Shipped,Mobile App,East Jesusport,IL
ORD-0010094,CUST-002730,2026-06-12,Shipped,Web,Armstronghaven,GA
ORD-0000383,CUST-000916,2026-01-09,Placed,Web,West Juan,OH
ORD-0003065,CUST-000149,2026-05-11,Returned,Web,Mirandaborough,IL
ORD-0002958,CUST-002507,2025-05-27,Shipped,Web,Lake Ellenview,IL
ORD-0001350,CUST-002563,2026-08-14,Processing,Mobile App,South Richardmouth,IL
ORD-0003051,CUST-000263,2026-09-04,Shipped,Web,Lake Philipmouth,CA
ORD-0010503,CUST-001143,2025-11-11,shipped,Mobile App,Port Robertstad,TX
ORD-0006972,CUST-001114,2026-05-22,Processing,Web,Ginafurt,PA
ORD-0004657,CUST-002474,2026-08-17,Delivered,Mobile App,West David,NC
ORD-0000982,CUST-002657,2025-12-07,dELIVERED,In-Store,Nguyenhaven,TX
ORD-0010684,CUST-002633,2025-07-14,Delivered,Marketplace,North Sandra,GA
ORD-0011507,CUST-001061,2026-08-14,sHIPPED,Mobile App,Georgefort,NY
ORD-0007858,CUST-000952,2025-05-19,pLACED,Marketplace,Cabreraport,MI
ORD-0003205,CUST-002449,2026-02-19,Delivered,In-Store,South Dawn,MI
ORD-0004071,CUST-001914,"July 27, 2026",Placed,Mobile App,East Jessicaton,NC
ORD-0003666,CUST-000343,2026-05-17,Placed,Web,Jacksonstad,WA
ORD-0007419,CUST-002238,2026-01-29,Processing,Mobile App,Dudleyville,IL
ORD-0006574,CUST-001139,2026-03-23,Shipped,Mobile App,South Joelfort,AZ
ORD-0003366,CUST-000620,2026-03-13,Shipped,Web,Shelleyshire,AZ
ORD-0000255,CUST-000846,2026-01-20,Delivered,Web,New Jenniferfurt,GA
ORD-0005702,CUST-001702,2025-07-25,Placed,Web,West Jonathanview,CA
ORD-0007687,CUST-002044,2024-11-05,Delivered,Mobile App,North Garrett,PA
ORD-0009139,CUST-001989,2024-11-23,rETURNED,Web,East Kimberlyborough,FL
ORD-0010811,CUST-000672,2026-09-02,Delivered,Marketplace,Walkerbury,FL
ORD-0003199,CUST-002421,04-Aug-2026,dELIVERED,Mobile App,Mollybury,GA
ORD-0000306,CUST-002219,2025-05-12,Delivered,Web,Bakerborough,AZ
ORD-0003210,CUST-001541,2025-09-15,Delivered,Mobile App,Jefferyview,CA
ORD-0004626,CUST-002965,2026-05-15,Shipped,Web,Bradleyland,TX
ORD-0002160,,2026-08-25,Delivered,Web,Brownbury,FL
ORD-0010129,CUST-002529,2026-05-22,Delivered,Web,Turnerborough,IL
ORD-0005612,CUST-000792,2025-10-14,Delivered,Web,Birdmouth,PA
ORD-0008102,CUST-001836,2024-07-29,Processing,Marketplace,Lake Steven,OH
ORD-0001684,CUST-001955,2025-12-22,Placed,Web,Tinahaven,IL
ORD-0004136,CUST-002105,2025-09-04,Returned,In-Store,,PA
ORD-0008037,CUST-001594,2025-11-03,Cancelled,Mobile App,New Timothyshire,NY
ORD-0010546,CUST-001820,2026-08-21,Shipped,Web,,FL
ORD-0006087,CUST-002506,2026-02-20,Returned,Web,Bartonborough,PA
ORD-0001961,CUST-002783,2025-12-02,Shipped,Web,Paulbury,IL
ORD-0009965,CUST-002794,2026-04-16,Placed,Web,East Wayne,IL
ORD-0007177,CUST-002531,2026-05-01,Delivered,Web,East Brandonburgh,NC
ORD-0004949,CUST-001600,2026-06-15,Shipped,Web,Jennifertown,MI
ORD-0008224,CUST-001979,2026-02-26,Delivered,Web,Browningside,OH
ORD-0005778,CUST-000249,2026-07-26,Shipped,In-Store,North Jacobmouth,WA
ORD-0010080,CUST-002280,2026-05-15,shipped,Web,Josephburgh,TX
ORD-0004588,CUST-000545,2026-06-22,Delivered,Web,West Elizabethchester,FL
ORD-0010352,CUST-001077,2025-10-17,Cancelled,Mobile App,Mackberg,TX
ORD-0010067,CUST-001291,2026-05-25,Placed,Web,Colleenland,NC
ORD-0009523,CUST-001124,2026-05-31,Placed,Web,Perkinsfurt,WA
ORD-0004015,CUST-000163,2024-04-19,Delivered,Mobile App,North Paulafurt,GA
ORD-0004038,CUST-001924,2026-03-21,Delivered,Mobile App,Lake Craig,NC
ORD-0005860,CUST-000578,2026-07-05,Delivered,Web,New Kylechester,AZ
ORD-0003871,CUST-001421,2025-05-24,Delivered,In-Store,New Cameron,NC
ORD-0004018,CUST-000120,2026-05-18,delivered,Web,Dylantown,FL
ORD-0000627,CUST-932843,2025-11-08,Shipped,Mobile App,Millerfort,CA
ORD-0002287,CUST-000723,2025-09-18,Placed,Web,West Claire,TX
ORD-0004492,CUST-002586,2026-06-21,Delivered,Mobile App,Floresmouth,CA
ORD-0000524,CUST-001871,2025-04-16,Placed,In-Store,East Manuelburgh,CA
ORD-0011144,CUST-000349,2026-08-21,Returned,Mobile App,Joannaborough,OH
ORD-0007389,CUST-000330,2025-11-05,Placed,Mobile App,South Ashleymouth,GA
ORD-0005239,CUST-000961,2026-08-18,Placed,In-Store,Donaldborough,GA
ORD-0007527,CUST-000142,2026-05-08,Placed,Mobile App,East Paulmouth,IL
ORD-0011606,CUST-002434,06/15/2026,Cancelled,Web,East Jaredfurt,GA
ORD-0000656,CUST-000640,2025-12-12,Delivered,Web,Sullivanhaven,WA
ORD-0007932,CUST-000938,2026-06-21,Processing,Mobile App,New Anthonyville,WA
ORD-0005551,CUST-002796,2025-02-21,Processing,Web,Lake Andrewfurt,CA
ORD-0011496,CUST-000572,2026-06-29,Shipped,Web,Joneshaven,CA
ORD-0003469,CUST-002679,2026-08-23,Delivered,Marketplace,South John,CA
ORD-0008356,CUST-000094,2026-03-12,Delivered,Web,West Kevinshire,FL
ORD-0001942,CUST-001798,2025-05-11,Placed,Web,Seanfort,TX
ORD-0009619,CUST-000622,2026-08-16,Processing,Web,Marymouth,OH
ORD-0000663,CUST-001443,2025-03-16,Delivered,Marketplace,Padillahaven,GA
ORD-0000226,CUST-002863,2026-09-03,Delivered,Marketplace,Port Erica,TX
ORD-0007961,CUST-002471,2026-01-21,Delivered,Marketplace,Penashire,GA
ORD-0005558,CUST-002047,2026-01-01,Returned,Web,Lake Reginald,NC
ORD-0005571,CUST-000788,2026-06-24,Returned,Mobile App,Emilyport,AZ
ORD-0011271,CUST-002236,2025-10-08,PLACED,Marketplace,New Paul,AZ
ORD-0007025,CUST-000165,2025-12-09,Delivered,Mobile App,Markchester,FL
ORD-0005115,CUST-001379,2025-03-11,Processing,Web,New Erin,OH
ORD-0003967,CUST-002665,2026-08-07,Processing,Web,Davidchester,CA
ORD-0007390,CUST-001003,2026-07-29,Delivered,Web,Lake Michelle,TX
ORD-0000582,CUST-000793,2026-06-18,Delivered,Mobile App,South Ericshire,NC
ORD-0002529,CUST-001525,2025-12-29,Shipped,Marketplace,Dillonfurt,TX
ORD-0008342,CUST-989341,2026-04-22,Processing,Web,West Kristinmouth,AZ
ORD-0000326,CUST-002902,2024-05-24,Delivered,Mobile App,Port Margaretshire,MI
ORD-0001992,CUST-000427,2026-02-19,Placed,Web,Priscillamouth,IL
ORD-0009097,CUST-994601,2026-07-06,Shipped,Web,Hornemouth,WA
ORD-0011054,CUST-002533,2025-09-24,Shipped,Web,Lake Christopher,NY
ORD-0000084,CUST-001022,2026-03-20,Processing,Web,Ballton,IL
ORD-0004695,CUST-000818,2026-08-09,PLACED,Marketplace,Wendyshire,AZ
ORD-0003069,CUST-000457,2026-08-29,Processing,Web,Joycestad,IL
ORD-0010874,CUST-002640,2026-07-16,Placed,Mobile App,North Alexander,OH
ORD-0005574,CUST-001555,2026-01-17,Placed,Marketplace,Travischester,IL
ORD-0001048,CUST-001418,2025-02-16,Placed,In-Store,Aprilburgh,AZ
ORD-0002204,CUST-001111,2026-06-18,Placed,Mobile App,Lake Kelly,AZ
ORD-0006018,CUST-001203,2023-11-10,Cancelled,Mobile App,South Amandafurt,GA
ORD-0001798,CUST-002713,2025-10-23,Delivered,Web,Port Sandra,MI
ORD-0011794,CUST-000362,2025-09-26,Placed,Mobile App,New Staceyside,WA
ORD-0001746,CUST-000222,2024-09-16,Processing,Web,Mariahhaven,PA
ORD-0006677,CUST-001067,2025-09-13,Placed,Web,Whiteview,NY
ORD-0006160,CUST-001075,2026-04-22,Delivered,Web,North Aprilland,GA
ORD-0001523,CUST-001326,2026-08-26,Delivered,Web,New Christopherhaven,OH
ORD-0005726,CUST-002508,2026-08-21,Placed,Mobile App,Blakeland,NY
ORD-0000379,CUST-000516,2024-10-18,Delivered,Marketplace,North Robertshire,NY
ORD-0011713,CUST-000605,2026-09-05,Processing,Web,Johnstonport,AZ
ORD-0002757,CUST-000421,2024-07-06,Processing,Web,New Emilyview,TX
ORD-0006475,CUST-002569,2025-12-07,Delivered,Web,Coxburgh,MI
ORD-0009078,CUST-001784,2025-09-18,Shipped,Marketplace,South Lauraton,GA
ORD-0001101,CUST-000545,2026-06-24,Placed,Web,West Danielburgh,WA
ORD-0008456,CUST-000904,2025-12-28,Delivered,Mobile App,North Leehaven,CA
ORD-0007561,CUST-001354,2025-01-10,Placed,Web,West Scottmouth,OH
ORD-0006726,CUST-001311,2026-04-06,Shipped,Mobile App,Port Anthony,TX
ORD-0003223,CUST-000874,2026-08-01,Delivered,Web,Comptonstad,WA
ORD-0011189,CUST-000224,2024-09-08,cANCELLED,Marketplace,,OH
ORD-0010368,CUST-002499,2026-01-10,Processing,Web,New Nathan,FL
ORD-0005060,CUST-000228,2026-03-21,Shipped,Mobile App,,MI
ORD-0000963,CUST-001640,2025-10-17,Delivered,Web,West Jennifer,GA
ORD-0009069,CUST-001189,2025-04-05,Delivered,Marketplace,Lake Gregg,NC
ORD-0009288,CUST-002038,2025-01-21,Placed,In-Store,Lake Melissa,FL
ORD-0002223,CUST-001066,2025-11-20,Delivered,Web,Dawnmouth,OH
ORD-0010967,CUST-001753,2026-09-02,Delivered,Marketplace,Rayton,FL
ORD-0009420,CUST-000299,2025-09-10,Shipped,Marketplace,Henryport,NY
ORD-0001073,CUST-002987,2026-08-03,Placed,Web,Kristinemouth,IL
ORD-0011473,CUST-000704,2026-08-01,Shipped,Web,Heidiborough,IL
ORD-0007649,CUST-001639,2026-02-12,CANCELLED,Marketplace,Port Jerry,MI
ORD-0007578,CUST-000188,2024-11-22,Delivered,Marketplace,Michelletown,CA
ORD-0000115,CUST-000635,2026-08-03,Returned,Mobile App,New Josephbury,OH
ORD-0000796,CUST-001019,2026-08-16,Shipped,Mobile App,Wrightland,MI
ORD-0004049,CUST-001885,2026-08-16,Shipped,Marketplace,North Alicia,OH
ORD-0005952,CUST-001601,11-Sep-2025,Placed,In-Store,Joshuastad,CA
ORD-0000076,CUST-001469,2024-12-24,Returned,Web,Danielfurt,NY
ORD-0006723,CUST-000054,2025-09-25,Cancelled,Mobile App,,MI
ORD-0001343,CUST-000313,2025-12-16,Delivered,Mobile App,Hallstad,FL
ORD-0011995,CUST-002218,2026-08-23,Shipped,Web,Elizabethfurt,WA
ORD-0006463,CUST-002443,2026-04-18,Placed,Web,South Dakota,PA
ORD-0010656,CUST-002142,2026-06-27,Shipped,Mobile App,South Danielfort,GA
ORD-0003622,CUST-951863,2026-08-15,Delivered,Mobile App,East Billy,WA
ORD-0010030,CUST-001812,2026-07-16,Cancelled,Marketplace,West William,AZ
ORD-0001415,CUST-001757,2025-08-01,Placed,Web,Juliehaven,FL
ORD-0007533,CUST-001429,2026-08-25,Shipped,Mobile App,West Brendan,GA
ORD-0005690,CUST-002209,2026-07-23,Shipped,Mobile App,Carrillohaven,OH
ORD-0008741,CUST-001077,2025-07-24,shipped,Web,Munozport,MI
ORD-0004308,CUST-001446,2025-01-25,Returned,Mobile App,Patriciaside,WA
ORD-0007640,CUST-001053,2026-08-18,Placed,In-Store,Masseyside,TX
ORD-0003870,CUST-000753,2025-06-08,Delivered,Mobile App,Floresside,CA
ORD-0002165,CUST-000425,2025-11-23,Processing,Web,,TX
ORD-0002724,CUST-001586,2026-05-05,Cancelled,Web,Port Stevenburgh,FL
ORD-0002232,CUST-001887,2026-07-17,processing,Marketplace,Collinsview,IL
ORD-0007376,CUST-002073,2026-03-18,Delivered,Marketplace,Jacksonshire,IL
ORD-0006597,CUST-001061,2026-07-03,Delivered,Web,New James,MI
ORD-0009701,CUST-000926,2025-11-06,Delivered,Marketplace,Timothyland,NY
ORD-0001696,CUST-000434,2026-05-30,Delivered,Marketplace,Fletchertown,NY
ORD-0004965,CUST-002141,2024-05-14,Shipped,Marketplace,North Anthonyview,NC
ORD-0006172,CUST-002657,2025-10-08,Delivered,Web,South Krystal,GA
ORD-0008187,CUST-002697,2026-02-05,Cancelled,Mobile App,Port Deanna,GA
ORD-0006030,CUST-000173,2026-04-12,Placed,Marketplace,New Darren,NC
ORD-0003893,CUST-000350,2026-05-24,Placed,Mobile App,Englishville,CA
ORD-0011333,CUST-001548,2025-06-08,Delivered,Marketplace,Lake Antonioview,CA
ORD-0006233,CUST-000210,2026-05-04,Cancelled,Web,Weissshire,FL
ORD-0001123,CUST-002518,2026-03-31,Delivered,Web,Richardborough,NY
ORD-0009321,CUST-002551,2025-07-15,Processing,Mobile App,New Jasmineshire,NY
ORD-0007441,CUST-000452,2025-10-14,Delivered,Marketplace,Michaelborough,PA
ORD-0005491,CUST-001868,2025-11-19,Placed,Mobile App,North Jamie,NY
ORD-0005442,CUST-000602,2026-04-05,Returned,Mobile App,Michelleside,PA
ORD-0007035,CUST-002462,2026-03-22,Placed,Mobile App,Marshallberg,WA
ORD-0011036,CUST-001331,2026-04-17,Delivered,Web,Smithburgh,TX
ORD-0005377,CUST-000653,2024-12-24,Cancelled,Web,Mccoyborough,TX
ORD-0009202,CUST-000272,2025-02-12,Cancelled,In-Store,New Christina,MI
ORD-0008233,CUST-001260,2025-03-02,Shipped,Marketplace,North Kyle,WA
ORD-0010898,CUST-002647,2025-07-15,Placed,In-Store,Port Lori,MI
ORD-0008003,CUST-002677,2025-12-09,Placed,Web,West April,TX
ORD-0010386,CUST-002044,2024-07-30,Placed,In-Store,Cochranbury,GA
ORD-0005870,CUST-000655,2026-02-07,Processing,Web,North Nathaniel,NY
ORD-0004462,CUST-002165,2025-02-05,Delivered,Web,North Brandon,TX
ORD-0009525,CUST-001715,2024-07-17,Cancelled,Web,Robertborough,TX
ORD-0007480,CUST-001783,2025-11-11,Shipped,Web,East Jamesfurt,IL
ORD-0010608,CUST-002495,2026-03-31,Cancelled,In-Store,Kristinshire,NY
ORD-0008947,CUST-000422,2026-06-10,Delivered,Web,North Katie,FL
ORD-0003966,CUST-000196,2026-08-30,Shipped,Mobile App,Jordanside,IL
ORD-0011077,CUST-000920,2024-07-16,Delivered,Mobile App,New Hector,PA
ORD-0007793,CUST-000467,2025-12-23,Processing,Web,Darylhaven,PA
ORD-0011923,CUST-002096,2025-04-09,Delivered,Mobile App,Rachelhaven,FL
ORD-0001676,CUST-001519,2025-01-31,Placed,Mobile App,Williammouth,NY
ORD-0007569,CUST-000597,2024-12-14,Placed,In-Store,East Gary,PA
ORD-0010300,CUST-001274,2025-01-11,Placed,Web,New Cindymouth,MI
ORD-0004617,CUST-002079,2026-06-26,Processing,Mobile App,Lake Veronicashire,TX
ORD-0007173,CUST-002206,2024-11-29,Delivered,Mobile App,Lake Patrick,NY
ORD-0006221,CUST-001486,2026-07-12,Delivered,Mobile App,Steelebury,TX
ORD-0009889,CUST-001686,2026-03-17,Delivered,Web,Brandonfort,AZ
ORD-0000301,CUST-002364,2025-07-19,Processing,Mobile App,New Donald,NY
ORD-0002465,CUST-001824,2026-07-16,Cancelled,Web,Christopherview,NC
ORD-0008271,CUST-002387,2026-05-10,Shipped,Web,Foleytown,PA
ORD-0000826,CUST-001669,2024-07-07,Delivered,Mobile App,North Sandra,TX
ORD-0004961,CUST-000108,2026-07-11,Placed,Marketplace,North Timothy,GA
ORD-0000220,CUST-000876,2024-10-26,Delivered,Mobile App,Rosemouth,NY
ORD-0000218,CUST-002050,2025-08-04,Delivered,Mobile App,Lake Joseph,MI
ORD-0009805,CUST-002731,12/07/2025,Cancelled,In-Store,New Marcus,NY
ORD-0004740,CUST-001318,2025-05-09,Shipped,In-Store,Anthonyview,NC
ORD-0002355,CUST-001500,2024-05-14,Placed,Mobile App,North Mary,NY
ORD-0005288,CUST-941554,2025-03-25,Cancelled,Marketplace,West Robertstad,PA
ORD-0002998,CUST-001809,2026-07-09,Returned,Marketplace,Lindastad,CA
ORD-0009062,CUST-001985,2025-10-15,Processing,Marketplace,North Jennifer,NY
ORD-0010769,CUST-001571,2024-07-07,Shipped,Mobile App,Jefferyburgh,MI
ORD-0001603,CUST-001576,2026-02-04,Cancelled,Marketplace,Hurleyfurt,NY
ORD-0002372,CUST-000617,2024-09-26,Returned,Web,East Debbie,IL
ORD-0005268,CUST-001649,2026-07-26,Processing,Web,Jimmyside,CA
ORD-0004674,CUST-000282,2024-04-23,Placed,Web,New Caitlinmouth,WA
ORD-0000918,CUST-001732,2025-04-06,Delivered,Mobile App,South Jamesberg,AZ
ORD-0003908,CUST-002379,2025-09-19,Cancelled,Web,Lake Wesley,CA
ORD-0001019,CUST-001248,2025-09-29,Shipped,Marketplace,East Karenberg,GA
ORD-0011392,CUST-000746,2026-08-31,Shipped,Web,North Tammyfurt,MI
ORD-0008177,CUST-000206,2026-07-13,Processing,Mobile App,Jenniferberg,CA
ORD-0003156,CUST-000630,2026-02-05,Delivered,Mobile App,Thomaston,TX
ORD-0002299,CUST-001665,2025-04-02,Shipped,Marketplace,Penachester,CA
ORD-0008733,CUST-000004,2025-12-05,DELIVERED,Web,North Jessicashire,MI
ORD-0004628,CUST-002412,2025-06-03,Processing,Marketplace,Christineberg,GA
ORD-0000706,CUST-000654,2026-07-31,Cancelled,Web,North Lauren,AZ
ORD-0004128,CUST-000970,2026-01-16,processing,Web,Caitlinport,WA
ORD-0004189,CUST-928736,2025-09-11,Cancelled,Web,East Michelle,IL
ORD-0004316,CUST-002538,2025-07-15,Delivered,Mobile App,Phelpschester,GA
ORD-0010248,CUST-002910,2026-05-19,Placed,Web,Richardsonmouth,PA
ORD-0000463,,2025-09-23,Shipped,Mobile App,North Vickie,TX
ORD-0006672,CUST-002541,2026-07-05,Cancelled,Web,East Robertmouth,GA
ORD-0001846,CUST-002749,2026-06-16,Shipped,In-Store,Lake Paul,AZ
ORD-0001725,CUST-002176,2026-09-05,Placed,Web,East Peter,TX
ORD-0011615,CUST-002906,2026-08-12,Shipped,Marketplace,North Megan,IL
ORD-0008965,CUST-001104,2026-03-27,Shipped,Mobile App,,GA
ORD-0002229,CUST-001569,2026-02-24,Delivered,In-Store,Yvettehaven,PA
ORD-0000250,CUST-000036,2025-08-08,Processing,In-Store,East Mackenziemouth,WA
ORD-0003757,CUST-001724,2026-08-29,Shipped,Mobile App,Jonesville,MI
ORD-0008803,CUST-001800,2024-09-26,Delivered,In-Store,Lake Ambermouth,MI
ORD-0000350,CUST-002370,2026-01-22,Shipped,Web,New Jorge,CA
ORD-0011421,CUST-001511,2026-06-25,Returned,Mobile App,,AZ
ORD-0011265,CUST-002263,2026-06-22,Processing,Web,Hunterstad,NC
ORD-0001909,CUST-002164,2026-01-12,Placed,Mobile App,,AZ
ORD-0010814,CUST-001271,2025-07-25,Delivered,Web,Valeriefort,OH
ORD-0003798,CUST-000997,2026-08-21,Shipped,Web,Michaelview,FL
ORD-0004752,CUST-002332,2025-03-14,Cancelled,Marketplace,Andrehaven,IL
ORD-0000096,CUST-000174,2025-08-25,Processing,Web,West Jasmine,NC
ORD-0009045,CUST-000662,2025-09-29,Shipped,Web,Amybury,GA
ORD-0007776,CUST-002408,2026-01-29,Delivered,Marketplace,West Alexander,PA
ORD-0000564,CUST-001598,2026-09-01,Delivered,Mobile App,,CA
ORD-0005298,CUST-001766,2026-05-10,Placed,Web,Port Ashleymouth,WA
ORD-0002923,CUST-001266,2026-06-29,Processing,Web,East Matthew,PA
ORD-0003834,CUST-002516,2025-05-11,Delivered,Mobile App,Joannastad,IL
ORD-0001269,CUST-002396,2026-04-20,Placed,Marketplace,Henryberg,GA
ORD-0011512,CUST-001445,2026-06-18,Placed,Web,Barkerbury,OH
ORD-0009740,CUST-000614,2024-09-03,Cancelled,In-Store,Josefurt,OH
ORD-0011722,CUST-002901,2026-08-01,Delivered,In-Store,West Jennifer,WA
ORD-0004057,CUST-002477,2024-04-01,Delivered,Mobile App,Douglasland,MI
ORD-0003701,CUST-002830,2025-07-25,Placed,Web,East Davidmouth,GA
ORD-0000917,CUST-000057,2026-05-15,Delivered,Web,New Deannamouth,OH
ORD-0011570,CUST-000357,2025-12-11,Placed,Web,,MI
ORD-0002020,CUST-001361,2025-04-17,Placed,Marketplace,Reyesmouth,GA
ORD-0003904,CUST-000473,2026-08-26,Placed,Web,Port Davidmouth,PA
ORD-0007647,CUST-002700,2025-05-18,delivered,Mobile App,North Mark,IL
ORD-0006738,CUST-002643,2025-11-20,Cancelled,Web,South Timothyhaven,NY
ORD-0008597,CUST-001020,2026-06-06,Shipped,Web,West Caitlinhaven,NC
ORD-0010553,CUST-001650,2026-08-23,Processing,Marketplace,Spencerborough,OH
ORD-0002385,CUST-001776,2026-03-28,Placed,In-Store,,PA
ORD-0002688,CUST-000609,2026-03-30,Shipped,Web,Rhondaburgh,AZ
ORD-0008207,CUST-002691,2025-09-22,Shipped,Mobile App,,MI
ORD-0006012,CUST-002607,2025-10-16,Processing,Marketplace,Jeffreymouth,PA
ORD-0000344,CUST-001308,2026-06-15,Processing,Web,Jamesville,OH
ORD-0009167,CUST-001837,2026-04-18,Placed,In-Store,Port Patricktown,MI
ORD-0009711,CUST-000983,2025-11-03,Returned,Mobile App,Bullockshire,GA
ORD-0010726,CUST-001910,2026-07-04,Placed,Marketplace,Hicksbury,IL
ORD-0001848,CUST-002632,2026-06-16,Processing,Mobile App,Buckleyside,NY
ORD-0011063,CUST-002196,2026-01-22,Delivered,Web,Lake John,WA
ORD-0001098,CUST-002089,2026-05-14,Returned,Mobile App,Doyleville,IL
ORD-0004690,CUST-002069,2025-07-12,Cancelled,Web,Sullivanville,FL
ORD-0004692,CUST-001046,2026-04-30,Shipped,Marketplace,Jameschester,FL
ORD-0008111,CUST-000050,28-Oct-2025,Placed,Mobile App,Holtton,PA
ORD-0000162,CUST-001576,2025-03-16,Placed,Marketplace,Josephton,MI
ORD-0003228,CUST-002681,2026-03-28,Delivered,Web,West Oscarstad,CA
ORD-0004934,CUST-001446,2026-08-16,Shipped,Web,New Amanda,IL
ORD-0001036,CUST-001318,2026-06-16,Delivered,Web,Port Aprilberg,OH
ORD-0006435,CUST-932443,2026-08-14,Placed,Mobile App,Sandraberg,IL
ORD-0000102,CUST-001101,2025-04-25,Delivered,Mobile App,Jacobchester,IL
ORD-0000868,CUST-001621,2026-06-04,Delivered,Mobile App,South Edwin,OH
ORD-0006074,CUST-000098,2024-09-04,Shipped,Mobile App,Danieltown,OH
ORD-0007318,CUST-001376,2025-09-17,Placed,Web,East Jasonberg,GA
ORD-0008992,CUST-001380,2024-09-13,Cancelled,Mobile App,,CA
ORD-0005927,CUST-000741,2026-07-04,dELIVERED,Web,Marvinmouth,OH
ORD-0006392,CUST-001273,2026-06-16,Delivered,Web,Mooreberg,MI
ORD-0011278,CUST-000340,2026-06-14,Cancelled,Web,North Ruth,MI
ORD-0006115,CUST-002700,2025-01-15,Processing,Web,Brendashire,FL
ORD-0004617,CUST-002079,2026-06-26,Processing,Mobile App,Lake Veronicashire,TX
ORD-0008739,CUST-001487,2026-03-17,Delivered,Marketplace,Hensleyburgh,AZ
ORD-0000857,CUST-001189,2026-05-03,Placed,Web,West Jasmine,GA
ORD-0005053,CUST-002208,2025-06-06,Shipped,Mobile App,Lake Michaelville,GA
ORD-0007825,CUST-000666,2025-12-12,Placed,Web,New Lisatown,NC
ORD-0007068,CUST-002901,2026-05-19,Delivered,Mobile App,West Laura,FL
ORD-0004454,CUST-001971,2025-11-22,Returned,Marketplace,Port Terri,FL
ORD-0004160,CUST-001339,2026-08-01,Delivered,Web,New Lauren,OH
ORD-0010568,CUST-001297,2025-05-16,Shipped,Mobile App,New Kelly,WA
ORD-0002996,CUST-001089,2026-05-23,Delivered,Marketplace,East Sarahchester,TX
ORD-0003348,CUST-000636,2024-11-03,Processing,Mobile App,East Alexander,OH
ORD-0002573,CUST-002038,2024-12-07,Processing,Marketplace,Lindseymouth,NC
ORD-0009197,CUST-002760,2025-03-30,Delivered,Web,Meyerside,TX
ORD-0001762,CUST-002278,2024-12-01,Delivered,Mobile App,,NC
ORD-0002599,CUST-000631,2026-04-02,Cancelled,Mobile App,North Kimberly,NC
ORD-0001956,CUST-000077,2026-07-24,Delivered,Marketplace,New Bryanfurt,CA
ORD-0002306,CUST-000277,2026-02-21,Returned,Web,Lake Williehaven,CA
ORD-0005065,CUST-000778,2026-05-03,Processing,Mobile App,Sarahview,PA
ORD-0007446,CUST-001793,2025-10-23,Delivered,Web,Davidstad,NY
ORD-0001115,CUST-002442,2026-03-14,Delivered,Web,Port Mariafort,TX
ORD-0002423,CUST-001462,2024-07-07,Processing,Web,Josephside,TX
ORD-0000750,CUST-002040,2026-06-12,Processing,Web,West Dale,PA
ORD-0011253,CUST-000265,2026-06-12,Delivered,Mobile App,,FL
ORD-0008239,CUST-001279,2026-05-13,Processing,Web,Coleton,MI
ORD-0008374,CUST-000129,2025-06-09,Processing,Web,East Carla,IL
ORD-0009871,CUST-002492,2026-02-13,Shipped,Marketplace,Port Sarahberg,PA
ORD-0010536,CUST-002147,2026-05-06,Processing,In-Store,Johnsontown,MI
ORD-0011971,CUST-002815,2025-10-07,Processing,Web,South Crystalbury,NY
ORD-0011705,CUST-000847,2026-09-02,Delivered,In-Store,North Brandon,OH
ORD-0000025,CUST-001036,2026-01-16,Processing,Mobile App,Blakefurt,CA
ORD-0002764,CUST-000716,2025-06-18,Delivered,Web,Dawsonhaven,MI
ORD-0011014,CUST-002324,2026-05-24,Delivered,Mobile App,Williamsburgh,FL
ORD-0004782,CUST-002213,2025-10-07,Processing,Web,Lake Victorside,CA
ORD-0009119,CUST-002836,2026-07-26,PLACED,Marketplace,Gomezberg,IL
ORD-0005359,CUST-002534,2025-11-29,Processing,Marketplace,Raymondberg,PA
ORD-0007850,CUST-002498,2026-03-29,Returned,Mobile App,West Barbara,AZ
ORD-0009912,CUST-001998,2026-04-24,Placed,Web,Port Aaron,MI
ORD-0011259,CUST-001851,2026-09-03,Delivered,Web,New Mckenzie,GA
ORD-0006933,CUST-002487,2026-06-24,Processing,Web,Stephanieside,CA
ORD-0004065,CUST-001224,2025-04-03,Shipped,Mobile App,Yatesville,IL
ORD-0008932,CUST-001651,2026-07-16,Cancelled,Web,,GA
ORD-0008859,CUST-002450,2026-02-15,Processing,Web,Simmonsside,NC
ORD-0003209,CUST-002783,2026-02-07,Delivered,Mobile App,Lake Jodi,CA
ORD-0002362,CUST-000618,2026-07-20,Delivered,Web,New Donberg,GA
ORD-0009805,CUST-002731,12/07/2025,Shipped,In-Store,New Marcus,NY
ORD-0009727,CUST-000980,2025-04-29,Cancelled,Web,Hardybury,OH
ORD-0008995,CUST-002847,2024-11-01,Cancelled,Mobile App,Lake Kathryntown,AZ
ORD-0004479,CUST-001998,2026-08-30,Delivered,Web,Mitchellmouth,FL
ORD-0004179,CUST-001915,2026-07-04,Delivered,Mobile App,South Debrastad,OH
ORD-0002219,CUST-001571,2026-08-17,Returned,In-Store,North Amanda,NY
ORD-0010867,CUST-002790,2026-01-19,Processing,Mobile App,Port Lydiaborough,MI
ORD-0010445,CUST-002037,2026-05-24,Placed,Marketplace,Lake Kennethstad,GA
ORD-0007063,,2026-04-19,Shipped,Mobile App,New Teresabury,TX
ORD-0011110,CUST-002985,2024-02-07,Returned,Web,Port Michaelville,OH
ORD-0002967,CUST-001585,2026-09-01,Returned,Mobile App,Bowmantown,WA
ORD-0010499,CUST-001110,2026-04-10,Processing,Web,Reynoldsfurt,NC
ORD-0000399,CUST-001256,2025-12-02,Delivered,Mobile App,New Amanda,CA
ORD-0002835,CUST-002409,2026-08-27,Delivered,Mobile App,West Lawrenceland,FL
ORD-0004864,CUST-000485,2026-03-23,Processing,Mobile App,Gambleland,AZ
ORD-0009416,CUST-000448,2026-08-22,Processing,Marketplace,East Johnchester,CA
ORD-0008687,CUST-987925,2025-09-11,Shipped,Marketplace,New Andrew,FL
ORD-0007408,CUST-000329,2024-11-19,Shipped,Marketplace,Jillbury,WA
ORD-0006764,CUST-001294,2025-10-26,Delivered,Web,Martineztown,AZ
ORD-0000597,CUST-000213,2026-08-02,Shipped,Marketplace,Davidville,CA
ORD-0002994,CUST-000368,2026-02-23,Cancelled,Mobile App,Nicolechester,AZ
ORD-0006263,CUST-000049,2024-10-06,Cancelled,Web,Melindachester,PA
ORD-0008279,CUST-002530,2026-04-27,processing,Mobile App,,OH
ORD-0002799,CUST-002047,2026-04-10,Placed,Web,Heathershire,OH
ORD-0009909,CUST-001311,2025-09-14,Shipped,Web,Geraldbury,PA
ORD-0002255,CUST-001811,2026-08-16,Shipped,Marketplace,Travisland,MI
ORD-0005357,CUST-002703,2026-05-16,Returned,Web,Smithport,IL
ORD-0001985,CUST-001331,2025-10-29,Delivered,In-Store,Lake Elizabeth,WA
ORD-0011276,CUST-002539,2025-06-06,Cancelled,Web,West Barbara,NY
ORD-0003635,CUST-001606,2026-07-13,Shipped,Web,Larryville,TX
ORD-0010484,CUST-001709,2024-05-22,Processing,Marketplace,Joshuafurt,AZ
ORD-0007740,CUST-001470,2024-09-01,Placed,Web,South Kristin,TX
ORD-0011523,CUST-002095,2026-03-29,Placed,Mobile App,Hernandezmouth,OH
ORD-0004315,CUST-002499,2026-07-01,Delivered,Web,West Stephenberg,PA
ORD-0008255,CUST-001715,2025-02-10,Delivered,Marketplace,Port Brian,WA
ORD-0004718,,2025-05-14,Delivered,Mobile App,East Mike,OH
ORD-0003754,CUST-002261,2026-06-20,Processing,Web,Tammymouth,PA
ORD-0006683,CUST-000531,2026-07-26,Shipped,Web,West Jeff,NY
ORD-0011384,CUST-000055,2026-05-13,Shipped,In-Store,Bassview,NC
ORD-0010476,CUST-002829,2025-11-17,Processing,In-Store,Michellebury,PA
ORD-0010229,CUST-000305,2025-01-23,Shipped,Web,Judithberg,OH
ORD-0007266,CUST-001202,2026-08-07,Placed,Marketplace,New Michelle,PA
ORD-0008720,CUST-000746,2026-08-24,Delivered,Web,Port Paul,AZ
ORD-0004362,CUST-938072,2025-10-15,Delivered,Web,Port Brycechester,CA
ORD-0005264,CUST-000238,2025-08-22,Delivered,Web,Karimouth,WA
ORD-0008722,CUST-000072,2026-06-09,sHIPPED,Web,East Nathan,CA
ORD-0000022,CUST-964820,2026-07-24,Delivered,Web,Phillipmouth,CA
ORD-0006308,CUST-002479,2024-04-10,Cancelled,Mobile App,Frostside,WA
ORD-0002371,CUST-002026,2023-10-15,Processing,Marketplace,Lake Vanessaside,CA
ORD-0008715,CUST-001598,2026-09-03,Delivered,Marketplace,Ericbury,CA
ORD-0002568,CUST-002943,2025-12-09,Placed,Web,Graveshaven,WA
ORD-0005794,,2024-06-25,Delivered,Web,North Amy,NC
ORD-0010140,CUST-000105,2026-07-20,Delivered,Web,South Allison,GA
ORD-0007169,CUST-001595,2023-11-03,Delivered,Marketplace,Fletcherfurt,NY
ORD-0005808,CUST-001788,2024-02-27,Processing,Mobile App,North Brenda,NY
ORD-0000657,CUST-002719,2026-06-06,Shipped,Web,North Stevenville,TX
ORD-0003260,CUST-001005,2025-12-30,Cancelled,In-Store,Port Tiffany,GA
ORD-0001374,CUST-002444,2026-06-29,Shipped,Web,West Jennifer,NY
ORD-0004232,CUST-001071,2025-07-19,Delivered,Marketplace,Lake Luke,IL
ORD-0005883,CUST-000256,2026-08-31,Placed,In-Store,Amystad,NC
ORD-0004263,CUST-001308,2026-07-08,Delivered,Mobile App,Johnsonchester,NC
ORD-0002357,CUST-001009,2026-08-10,Delivered,In-Store,Morsestad,OH
ORD-0002872,CUST-002649,2025-04-21,Placed,Marketplace,Blakeshire,AZ
ORD-0000382,CUST-002770,2025-12-29,Delivered,Mobile App,Wagnerville,WA
ORD-0001552,CUST-002158,2026-02-26,Processing,Web,Kellystad,MI
ORD-0006031,CUST-002296,2026-06-20,Returned,Web,New Tracymouth,OH
ORD-0007375,CUST-002243,2026-04-15,Processing,In-Store,Haroldbury,NY
ORD-0010392,CUST-000908,"May 02, 2026",Processing,Marketplace,Rebeccafort,IL
ORD-0006589,CUST-001870,2025-12-15,Shipped,Web,Port Marieland,OH
ORD-0004281,CUST-000009,2026-08-05,Placed,In-Store,Jonathanbury,MI
ORD-0002048,CUST-000897,2026-07-17,Placed,Web,Woodside,TX
ORD-0006302,CUST-002240,2026-06-03,Processing,Marketplace,West Evanchester,IL
ORD-0008808,CUST-001943,2026-06-11,Delivered,Web,Stevenmouth,GA
ORD-0003264,CUST-001107,2025-07-19,Shipped,Web,East Thomas,GA
ORD-0009042,CUST-001752,2026-06-19,Delivered,Marketplace,,OH
ORD-0000748,CUST-000537,2025-07-14,Delivered,Web,Farmerchester,AZ
ORD-0000957,CUST-000499,2025-08-21,Placed,Mobile App,Port Sarah,NY
ORD-0011286,CUST-000177,2025-07-02,Cancelled,Web,Howardmouth,TX
ORD-0004381,CUST-001813,2025-10-15,Delivered,Marketplace,Julieborough,WA
ORD-0004625,CUST-000227,2024-09-06,Delivered,Web,Estradastad,MI
ORD-0005507,CUST-002486,2025-04-09,Shipped,Mobile App,South George,FL
ORD-0011010,CUST-000497,2024-04-16,Delivered,Marketplace,East Jessicahaven,AZ
ORD-0008473,CUST-001603,2024-10-09,Shipped,Mobile App,Port William,WA
ORD-0007029,CUST-002418,2026-07-26,Shipped,Mobile App,West Jackberg,FL
ORD-0011966,CUST-000306,2026-07-24,placed,Mobile App,Lake Lynnchester,TX
ORD-0003657,CUST-001492,2026-09-02,Delivered,Mobile App,Lindashire,NC
ORD-0009441,CUST-002863,2026-08-28,Delivered,In-Store,Stevenstad,NY
ORD-0003457,CUST-002232,"March 25, 2025",Delivered,Mobile App,Cynthiafurt,TX
ORD-0001368,CUST-001334,2025-06-09,Returned,Marketplace,New Deborah,AZ
ORD-0002055,CUST-000166,2026-02-03,Returned,Web,North Susan,FL
ORD-0000410,CUST-001682,2025-10-29,Returned,Mobile App,Jacksonport,NY
ORD-0003704,CUST-002363,2026-02-16,Processing,Web,East Jorge,NY
ORD-0001716,CUST-001607,2025-11-18,Processing,Web,Daniellemouth,IL
ORD-0002212,CUST-002419,2024-11-07,Delivered,Marketplace,Lake Mark,MI
ORD-0004311,CUST-001222,2025-11-28,Delivered,Marketplace,,WA
ORD-0010046,CUST-000301,2025-11-11,Shipped,Web,North Andrewside,TX
ORD-0007799,CUST-002863,2026-08-22,Placed,Mobile App,Shannonland,OH
ORD-0003674,CUST-001523,2024-09-19,Delivered,Marketplace,South Michael,NY
ORD-0008588,CUST-002593,2026-07-13,Shipped,Marketplace,Gabrielmouth,TX
ORD-0010289,CUST-000436,2025-08-14,Cancelled,Web,Mitchellville,GA
ORD-0009124,,2026-06-06,Delivered,Web,Tranborough,NY
ORD-0004395,CUST-002578,2025-11-16,Cancelled,Mobile App,Lake Stephanie,TX
ORD-0010165,CUST-001497,2025-11-25,Cancelled,Marketplace,Stevenside,FL
ORD-0008263,CUST-000514,2025-05-13,Processing,Mobile App,South Annamouth,TX
ORD-0006605,CUST-001643,2025-11-11,Delivered,Mobile App,Jeremystad,IL
ORD-0006076,CUST-001280,2025-08-26,Delivered,Web,East John,FL
ORD-0000347,CUST-001719,2025-09-05,Shipped,Web,Mcdanielstad,GA
ORD-0000282,CUST-002652,2025-09-10,Cancelled,Web,South Stephenchester,IL
ORD-0005267,CUST-001579,2025-04-06,Delivered,Marketplace,West Gerald,IL
ORD-0006883,CUST-002765,2026-07-10,Delivered,In-Store,Matthewburgh,OH
ORD-0001219,CUST-001554,2026-07-26,Processing,Mobile App,Loristad,MI
ORD-0004181,CUST-002311,2026-08-22,Delivered,Web,Roseburgh,WA
ORD-0009352,CUST-001034,2026-08-04,placed,Mobile App,Robertport,NY
ORD-0009189,CUST-000540,2026-09-02,Delivered,Mobile App,West Amyberg,FL
ORD-0001852,CUST-001684,2026-05-15,Cancelled,Marketplace,Sarahton,TX
ORD-0005603,CUST-001843,2025-06-14,Delivered,Web,Lake Tina,TX
ORD-0001959,CUST-000681,2026-01-29,Cancelled,Mobile App,Lemouth,CA
ORD-0002116,CUST-001925,2026-07-31,Returned,Web,Collinston,NC
ORD-0004450,CUST-000492,2026-05-14,Delivered,In-Store,Hillmouth,IL
ORD-0005819,CUST-001501,2025-09-23,Delivered,Marketplace,East Joel,MI
ORD-0003447,CUST-001740,2026-06-30,Delivered,In-Store,Kayleetown,PA
ORD-0009643,CUST-000632,2026-08-19,Delivered,Marketplace,Youngbury,CA
ORD-0003736,CUST-001625,2024-08-09,Shipped,Mobile App,East Joshua,GA
ORD-0008732,CUST-002829,2026-08-27,Placed,Web,Buchananburgh,WA
ORD-0008132,CUST-002869,2025-11-20,Processing,Marketplace,Russoland,MI
ORD-0006899,CUST-002939,2025-08-11,Delivered,Mobile App,South Ryanmouth,OH
ORD-0001040,CUST-000406,2025-08-13,Returned,Mobile App,South Jason,PA
ORD-0007663,CUST-002417,2024-11-02,Shipped,Mobile App,Alicialand,CA
ORD-0010493,CUST-001622,2026-05-27,Delivered,Web,,NY
ORD-0010287,CUST-002208,2026-08-14,Shipped,Marketplace,East Biancatown,GA
ORD-0003374,CUST-002298,2026-04-17,Placed,Mobile App,Ambertown,AZ
ORD-0003680,CUST-001937,"January 02, 2025",Shipped,Web,Williamschester,OH
ORD-0001417,CUST-001287,2024-01-01,Delivered,Marketplace,Josephtown,GA
ORD-0010641,CUST-000261,2026-04-21,Cancelled,Web,,NY
ORD-0000854,CUST-002211,2025-11-18,Cancelled,Web,,NY
ORD-0005973,CUST-002606,2026-05-10,Delivered,Web,New Paulafort,WA
ORD-0009098,CUST-000345,2025-10-03,Delivered,Web,Lake Jasonchester,IL
ORD-0001177,,2025-07-22,Cancelled,Mobile App,Watsonborough,NC
ORD-0001096,CUST-002637,2025-03-24,Placed,Web,,OH
ORD-0007194,CUST-001162,2026-01-22,Shipped,Web,Harperbury,NC
ORD-0000456,CUST-001380,2025-10-20,Cancelled,Mobile App,Lake Vanessa,WA
ORD-0002594,CUST-001335,2025-10-21,Placed,Mobile App,New Sheila,OH
ORD-0008337,CUST-000107,2026-01-17,Shipped,In-Store,East Alexandra,NY
ORD-0006353,CUST-001484,2025-10-15,Placed,In-Store,Edwardsville,NC
ORD-0003956,CUST-001698,2024-04-14,Delivered,Marketplace,Jessicahaven,GA
ORD-0000733,CUST-001037,2025-09-15,Cancelled,Marketplace,North Erinville,PA
ORD-0010747,CUST-001411,2026-03-05,Placed,Marketplace,Tapiaton,FL
ORD-0009736,CUST-001754,06/01/2026,Delivered,Web,Daveview,CA
ORD-0003036,CUST-002502,2025-03-06,Delivered,Mobile App,Richardville,NC
ORD-0002175,CUST-000596,2026-07-01,Delivered,Marketplace,Sullivantown,GA
ORD-0005891,CUST-001482,2026-06-25,Delivered,Mobile App,Lake Terri,NY
ORD-0002840,CUST-000329,2024-04-20,SHIPPED,Mobile App,North Linda,NC
ORD-0004976,CUST-001235,2025-04-10,Placed,Web,New Toddside,NY
ORD-0006795,CUST-002648,2025-01-26,Placed,In-Store,Port Joanna,IL
ORD-0010801,CUST-002674,2026-08-08,Delivered,In-Store,Dunnport,FL
ORD-0011136,CUST-001055,2024-12-27,Delivered,Mobile App,Larsenville,IL
ORD-0006007,CUST-001798,2024-11-03,Processing,Mobile App,Lanceland,NY
ORD-0002186,CUST-000494,2026-04-01,Cancelled,Mobile App,Amychester,MI
ORD-0010324,CUST-971439,2024-08-20,Delivered,Web,Moorehaven,TX
ORD-0002572,,2026-06-06,Placed,Web,Christineport,WA
ORD-0003404,CUST-002794,2026-06-18,Delivered,In-Store,Josebury,GA
ORD-0004648,CUST-002511,2026-08-26,Cancelled,Mobile App,West Julie,AZ
ORD-0007476,CUST-001517,2026-03-07,Delivered,Web,Port Saraside,CA
ORD-0008935,CUST-002959,2025-07-05,Delivered,Mobile App,,NY
ORD-0001029,CUST-001809,2025-11-12,Processing,Marketplace,West Daniel,NY
ORD-0008054,CUST-000428,2026-04-13,Placed,Mobile App,Port Michael,TX
ORD-0005242,CUST-001049,2026-08-20,Delivered,Web,Lake Erika,OH
ORD-0007897,CUST-000239,2026-06-12,Delivered,Marketplace,Singletonhaven,MI
ORD-0007649,CUST-001639,2026-02-12,CANCELLED,Marketplace,Port Jerry,MI
ORD-0006557,CUST-001616,2025-08-23,Delivered,Web,Lake Kevin,IL
ORD-0003345,CUST-000769,2024-12-27,Delivered,Mobile App,Lake Sheryltown,MI
ORD-0011071,CUST-002917,2025-10-09,Processing,Marketplace,Port Jenniferberg,NY
ORD-0008256,CUST-002380,2026-02-19,Delivered,Mobile App,Walterland,NY
ORD-0011153,CUST-000257,2026-06-12,Returned,Mobile App,South Tracy,WA
ORD-0010556,CUST-000611,2026-08-26,Shipped,Web,Michellehaven,IL
ORD-0004678,CUST-002643,2026-06-01,Shipped,Mobile App,Lake Darrell,NY
ORD-0005479,CUST-000266,04/04/2025,Delivered,Web,Alexanderborough,FL
ORD-0004375,CUST-001794,2026-08-06,Shipped,In-Store,Port Sarah,NC
ORD-0005360,CUST-000378,2025-05-18,Delivered,Web,Jenkinsmouth,GA
ORD-0010918,CUST-001304,2026-08-27,Delivered,Marketplace,Hughesshire,AZ
ORD-0006911,CUST-002873,2025-05-02,Processing,Web,New Kelly,OH
ORD-0009050,CUST-982261,2026-01-05,Placed,Web,Terrihaven,NC
ORD-0009508,CUST-001063,2026-03-20,Shipped,In-Store,South William,WA
ORD-0003166,CUST-002477,2026-04-11,Processing,Web,West Elainestad,IL
ORD-0011334,,2026-08-06,Delivered,Web,New Monica,NY
ORD-0001916,CUST-001717,2026-03-16,Processing,Mobile App,Schmittchester,IL
ORD-0010185,,2025-03-16,Cancelled,Web,Russellhaven,FL
ORD-0004473,CUST-001059,05/31/2026,Cancelled,Marketplace,Aliciaside,IL
ORD-0002737,CUST-000418,2025-08-06,Placed,In-Store,New Adam,WA
ORD-0003522,CUST-001811,2026-04-25,Placed,Web,Sabrinaborough,IL
ORD-0001111,CUST-000400,2026-08-25,Placed,Web,East Sara,GA
ORD-0001804,CUST-000602,2026-04-13,Returned,Web,Port James,MI
ORD-0002150,CUST-002276,2026-06-30,Placed,Mobile App,West Joycebury,NC
ORD-0002365,CUST-001168,2026-08-15,Cancelled,Mobile App,West Henry,OH
ORD-0001863,CUST-001471,2026-06-07,Delivered,Marketplace,Port Michael,GA
ORD-0008455,CUST-001234,2026-08-14,Processing,In-Store,Petersonmouth,MI
ORD-0003950,CUST-000115,2026-07-29,Shipped,Mobile App,Pruittburgh,FL
ORD-0003649,CUST-001633,2025-05-30,Processing,Marketplace,Port Tracie,NC
ORD-0000441,CUST-001427,2026-07-08,Shipped,In-Store,Jonesview,OH
ORD-0008751,CUST-000521,2026-09-03,Placed,Mobile App,Morenoton,NC
ORD-0005912,CUST-002000,2023-11-24,Cancelled,Mobile App,Lake Manuelbury,MI
ORD-0007991,CUST-000464,2025-06-18,Placed,Web,South Richard,OH
ORD-0009777,CUST-000338,2026-04-13,Placed,Mobile App,Millerberg,TX
ORD-0006375,CUST-963239,2026-09-01,Placed,Marketplace,Haydentown,IL
ORD-0002542,CUST-001134,2025-11-05,Shipped,Marketplace,Port Christopherburgh,MI
ORD-0008476,CUST-001416,2026-08-26,Cancelled,Mobile App,Hensonhaven,NY
ORD-0006605,CUST-001643,2025-11-11,Delivered,Mobile App,Jeremystad,IL
ORD-0001843,CUST-001223,2025-11-19,Delivered,Mobile App,Powersfort,MI
ORD-0005553,CUST-002166,2024-10-08,Shipped,Mobile App,Matthewborough,IL
ORD-0000687,CUST-000811,2025-03-12,Shipped,In-Store,Lake Michaelstad,WA
ORD-0000054,CUST-000999,2025-07-24,Shipped,Marketplace,Obrienport,OH
ORD-0009572,,2026-05-05,Processing,Web,New Alyssa,TX
ORD-0008010,CUST-001455,2024-07-25,Placed,Marketplace,North Shelley,CA
ORD-0009436,CUST-001643,2026-05-13,Processing,Web,Michaelburgh,TX
ORD-0007813,CUST-002453,2026-09-03,PLACED,Web,Fosterland,IL
ORD-0005300,CUST-001994,2026-07-05,Delivered,Web,South David,FL
ORD-0005492,CUST-000173,2026-07-22,Delivered,Mobile App,Port Juliefurt,AZ
ORD-0003423,CUST-001656,2024-05-03,Shipped,Marketplace,Patrickfurt,TX
ORD-0001988,CUST-981059,2024-09-16,Delivered,Web,South Amyview,NY
ORD-0001751,CUST-001295,2026-05-10,Delivered,Mobile App,Farrellmouth,FL
ORD-0001428,CUST-001408,2026-05-27,Placed,Mobile App,Michelechester,OH
ORD-0001645,CUST-001460,2026-03-11,Delivered,Marketplace,New Deborahville,FL
ORD-0004457,CUST-001850,2025-04-07,Cancelled,Mobile App,Dominguezville,OH
ORD-0003843,CUST-001963,2025-03-14,Processing,Mobile App,Thomashaven,GA
ORD-0007600,CUST-002731,2025-10-14,Returned,Web,Thomashaven,OH
ORD-0005318,CUST-002195,2025-08-16,Shipped,Marketplace,North Jamie,AZ
ORD-0005609,CUST-000417,2026-05-17,Shipped,Web,Lake Davidland,WA
ORD-0009877,CUST-000411,2025-12-04,Shipped,Mobile App,North Michael,AZ
ORD-0009221,CUST-001947,2025-09-20,Cancelled,Web,,TX
ORD-0010187,CUST-002682,08/15/2026,Delivered,Marketplace,North Michaelport,FL
ORD-0007413,CUST-002454,2026-06-15,Delivered,In-Store,Christopherberg,IL
ORD-0007461,CUST-001239,2026-06-10,Delivered,In-Store,Vasquezhaven,NY
ORD-0000885,CUST-001823,2026-08-20,Processing,Web,,WA
ORD-0008504,CUST-002347,2026-05-08,Placed,Mobile App,South George,NY
ORD-0004471,CUST-002108,2026-09-02,Cancelled,Web,South Christopher,OH
ORD-0008330,CUST-001167,14-Aug-2026,Processing,Web,South Sarabury,GA
ORD-0000361,CUST-001565,2026-08-03,Delivered,Web,New Craigfurt,IL
ORD-0011275,CUST-000864,2026-06-10,Delivered,Mobile App,North Joseph,FL
ORD-0007474,CUST-001449,2025-11-21,Processing,Web,West Xavierborough,NY
ORD-0008274,CUST-002850,2026-09-05,Delivered,Marketplace,East William,AZ
ORD-0005116,CUST-003000,2026-01-20,Processing,Web,Sheilaview,GA
ORD-0002239,CUST-002818,2026-09-05,Delivered,Web,Webbview,AZ
ORD-0000714,CUST-001938,2026-04-10,Placed,Web,Johnstad,FL
ORD-0005783,CUST-002006,2026-05-10,Processing,Marketplace,South Larry,TX
ORD-0004680,CUST-000435,2025-04-11,Shipped,In-Store,Port John,IL
ORD-0006710,CUST-002028,04/16/2026,Delivered,Mobile App,Smithchester,OH
ORD-0008494,CUST-001912,2026-01-04,Delivered,In-Store,North Bradley,NY
ORD-0010617,CUST-000703,2026-05-27,Delivered,Mobile App,Hansenport,AZ
ORD-0004254,CUST-002138,2026-07-05,Delivered,Web,Lake Dwayne,MI
ORD-0006205,CUST-001836,2025-06-17,Delivered,Mobile App,North Brettville,OH
ORD-0010055,CUST-000795,2026-07-13,Processing,Marketplace,Riosbury,GA
ORD-0004356,CUST-000439,2025-04-12,Placed,Marketplace,,AZ
ORD-0007921,CUST-002420,2024-06-15,Processing,Mobile App,East Heather,TX
ORD-0005314,CUST-002250,2026-03-30,Delivered,Mobile App,Rossborough,TX
ORD-0004966,CUST-000267,2025-05-08,Processing,In-Store,Port Brandon,PA
ORD-0009978,CUST-000310,2026-01-23,Processing,Mobile App,New Timothyport,FL
ORD-0004264,CUST-001713,2025-12-14,Delivered,Web,Karinahaven,IL
ORD-0000970,CUST-000518,2025-04-20,Cancelled,Web,Jimmyshire,AZ
ORD-0005716,CUST-001923,2024-08-18,Delivered,Marketplace,West Jonbury,IL
ORD-0000888,CUST-001753,2026-06-18,Placed,In-Store,East Sheilaville,PA
ORD-0007143,CUST-000551,2026-02-08,Cancelled,Web,Lake Adam,IL
ORD-0008318,CUST-002718,2025-12-19,Delivered,Web,Sethburgh,PA
ORD-0001258,CUST-000758,2025-10-13,Cancelled,Mobile App,Lake Jeremyton,MI
ORD-0005484,CUST-000445,2025-07-09,Placed,Mobile App,Gregoryfort,FL
ORD-0005231,CUST-001307,2024-06-28,Placed,Mobile App,,PA
ORD-0011582,CUST-000244,2026-08-15,Placed,Mobile App,Loganmouth,NC
ORD-0006592,CUST-000262,2024-05-13,Processing,Mobile App,New Kelly,GA
ORD-0006905,CUST-000518,2024-05-11,dELIVERED,Mobile App,East Aaronborough,MI
ORD-0008649,CUST-000054,2024-08-20,Shipped,Mobile App,Samanthaton,MI
ORD-0001507,CUST-000506,24-Mar-2026,Returned,Web,North Christinefort,PA
ORD-0003171,CUST-001138,2026-08-04,Shipped,Mobile App,South Sarah,TX
ORD-0011541,CUST-000177,2025-07-12,Processing,Web,Whiteshire,WA
ORD-0009589,CUST-002716,2025-06-08,Shipped,Mobile App,Jimmyton,CA
ORD-0006476,CUST-001992,2026-08-23,Processing,Web,New Travis,TX
ORD-0002900,CUST-001485,2026-03-26,Placed,Mobile App,Robinsontown,NY
ORD-0011748,CUST-002521,2025-08-03,Delivered,In-Store,Matthewsborough,NY
ORD-0009444,,11/28/2025,Returned,Mobile App,Brianchester,GA
ORD-0009979,CUST-000752,2026-05-12,Placed,Mobile App,Odommouth,CA
ORD-0009559,CUST-000779,2026-01-29,sHIPPED,Web,North Mitchellborough,OH
ORD-0001297,CUST-001533,2025-12-12,Delivered,Mobile App,Heathermouth,MI
ORD-0006482,CUST-002859,2026-07-22,Cancelled,Mobile App,Ibarraview,IL
ORD-0005789,CUST-000062,2026-09-04,Placed,Mobile App,Georgeport,OH
ORD-0009735,CUST-002555,2026-08-01,Shipped,Mobile App,Patriciaborough,CA
ORD-0003897,CUST-000756,2026-08-28,Delivered,Web,North Scott,GA
ORD-0009704,CUST-000678,2026-06-06,delivered,Marketplace,Lake Elizabethton,WA
ORD-0003699,CUST-001443,2025-11-10,Cancelled,Web,West John,AZ
ORD-0008776,CUST-000231,2024-01-28,Processing,Mobile App,Port Scott,FL
ORD-0008095,CUST-002061,2026-08-29,Shipped,In-Store,South Kennethmouth,AZ
ORD-0009769,CUST-001040,2025-09-14,Returned,Web,Hudsonview,IL
ORD-0011925,CUST-001027,2026-01-22,Processing,Mobile App,Erinton,NC
ORD-0000647,CUST-002251,2026-01-24,Placed,Mobile App,East Williammouth,FL
ORD-0008358,CUST-002175,2026-03-20,Cancelled,In-Store,West Robert,GA
ORD-0007489,CUST-002770,2025-09-03,Delivered,Marketplace,Griffinstad,GA
ORD-0006853,CUST-001719,2024-12-01,Returned,Mobile App,New Jasmineside,WA
ORD-0011827,CUST-001939,2025-04-21,Delivered,Mobile App,East Shannon,FL
ORD-0008743,CUST-001727,2026-06-29,Delivered,Mobile App,Lawsonshire,NY
ORD-0009156,CUST-002547,2026-03-16,Placed,Mobile App,Walterston,PA
ORD-0002981,CUST-002707,2026-05-11,Shipped,Web,Williamport,PA
ORD-0010845,CUST-002663,2026-02-11,Returned,Web,Hallborough,NC
ORD-0000417,CUST-000889,2026-05-03,Delivered,In-Store,Wongport,TX
ORD-0003200,CUST-000794,2025-08-07,Shipped,Mobile App,Lake Annton,IL
ORD-0011705,CUST-000847,2026-09-02,Delivered,In-Store,North Brandon,OH
ORD-0000072,CUST-000482,2026-07-03,Delivered,Marketplace,Kimberlyside,OH
ORD-0010072,CUST-000272,2026-01-07,Returned,Mobile App,East Rebecca,OH
ORD-0008552,CUST-000132,2026-04-07,Processing,Marketplace,Lake Eddiestad,TX
ORD-0001185,CUST-002996,2025-10-17,Processing,Mobile App,South Crystalhaven,GA
ORD-0004660,CUST-989310,2026-02-13,Placed,Marketplace,Adkinsmouth,NC
ORD-0004860,CUST-001673,2024-08-18,Delivered,Mobile App,West Rebeccaland,IL
ORD-0001082,CUST-000910,2025-11-14,Delivered,Web,Nancyville,OH
ORD-0002498,CUST-001450,2026-05-22,Delivered,Web,Laurentown,TX
ORD-0007745,CUST-000005,2025-03-12,Shipped,Web,Crosbyhaven,OH
ORD-0007454,CUST-001287,2026-07-03,shipped,Mobile App,Houstonland,AZ
ORD-0010771,CUST-001262,2026-07-24,Shipped,Marketplace,Kathleenside,AZ
ORD-0008058,CUST-002951,2025-09-23,Delivered,Web,New Jill,PA
ORD-0010831,CUST-001655,2025-03-23,Processing,Web,Andrewborough,AZ
ORD-0011111,CUST-000285,2025-12-20,Processing,Marketplace,Blackburnfort,OH
ORD-0003934,CUST-001219,2026-08-26,Placed,In-Store,East Marcus,OH
ORD-0000429,CUST-001130,04-May-2024,Delivered,In-Store,Jesseville,NC
ORD-0009880,CUST-002192,2025-04-16,delivered,Web,North Dawn,NY
ORD-0001419,CUST-001868,2026-02-17,Placed,Web,Veronicamouth,GA
ORD-0008640,CUST-000133,2024-04-02,Placed,Mobile App,Lake Anthony,OH
ORD-0009222,CUST-001427,2026-07-31,Shipped,Web,Harrisbury,NY
ORD-0009297,CUST-000694,2026-08-20,Delivered,Web,West Debbieton,GA
ORD-0005474,CUST-000119,2024-04-18,Processing,Web,Tannermouth,GA
ORD-0003954,CUST-002666,2025-05-19,Shipped,Marketplace,,FL
ORD-0009365,CUST-001992,2026-07-31,Shipped,In-Store,Joanneview,MI
ORD-0011243,CUST-001096,2026-02-14,Shipped,In-Store,Sandovalbury,TX
ORD-0002040,CUST-002869,2026-05-07,Delivered,Web,Jameshaven,FL
ORD-0008321,CUST-000922,2026-07-02,Processing,Web,Laurenberg,MI
ORD-0011245,CUST-001699,2026-04-09,Delivered,Marketplace,South Courtney,NC
ORD-0006480,CUST-001735,2025-12-21,Delivered,Mobile App,Brownport,AZ
ORD-0007493,CUST-002825,2026-06-06,Delivered,Mobile App,East Tarabury,PA
ORD-0004424,CUST-002559,2024-08-05,Delivered,In-Store,Brianbury,CA
ORD-0009600,CUST-002791,2026-08-30,Returned,Mobile App,East Mackenzie,TX
ORD-0000935,CUST-001694,2025-07-10,Placed,Web,Lake Michellebury,NY
ORD-0007578,CUST-000188,2024-11-22,Delivered,Marketplace,Michelletown,CA
ORD-0008633,CUST-000893,2025-11-07,Delivered,Mobile App,West Kirktown,WA
ORD-0006662,CUST-001400,2026-05-20,Processing,Marketplace,Gailside,MI
ORD-0007879,CUST-002669,2025-01-30,Delivered,Mobile App,New Yolandaside,NC
ORD-0002069,CUST-001408,2026-06-01,Shipped,Web,West Kellyshire,CA
ORD-0010637,CUST-002551,01/15/2026,dELIVERED,Web,Riveraview,OH
ORD-0011798,CUST-002588,2026-08-02,SHIPPED,Mobile App,Jonathanport,TX
ORD-0002667,CUST-001348,2026-07-15,Delivered,Web,South Steven,TX
ORD-0001527,CUST-002158,2025-01-15,Cancelled,Web,East Kimberly,WA
ORD-0003486,CUST-001357,2026-07-07,Delivered,Web,West Stacy,GA
ORD-0000267,CUST-000598,2026-08-31,Returned,Mobile App,Mendozafurt,NY
ORD-0004175,CUST-001345,2026-05-10,Shipped,Web,New Colin,FL
ORD-0001049,CUST-000131,2026-01-13,Delivered,Mobile App,Spencerfort,WA
ORD-0009448,CUST-001976,2024-03-20,Delivered,Mobile App,New Luisbury,PA
ORD-0000673,CUST-002679,2025-06-06,Returned,Marketplace,Johnmouth,AZ
ORD-0006407,CUST-002483,2025-03-21,Placed,Web,Ramosside,GA
ORD-0010447,CUST-000018,2025-11-27,Delivered,Marketplace,Bakerview,OH
ORD-0002236,CUST-000277,2025-09-29,Shipped,Mobile App,Kentview,AZ
ORD-0008326,CUST-002332,2025-06-13,Returned,Web,Muellershire,NC
ORD-0000588,CUST-002938,09/27/2025,Delivered,Mobile App,Boltonchester,WA
ORD-0000678,CUST-001924,2024-12-11,Delivered,In-Store,Andrewburgh,NC
ORD-0010052,CUST-002999,2026-03-20,Delivered,Mobile App,East Patriciamouth,GA
ORD-0011131,CUST-000773,2026-08-26,Delivered,Mobile App,Port Rachel,AZ
ORD-0008692,CUST-000820,2026-04-14,Delivered,Mobile App,Stevensberg,CA
ORD-0009904,CUST-002011,2025-08-11,Delivered,Mobile App,Debraton,CA
ORD-0000881,CUST-001395,2026-08-10,Processing,Web,Nguyenport,OH
ORD-0000014,CUST-001124,2025-09-30,Delivered,Web,East Jennifer,MI
ORD-0000614,CUST-000885,2025-09-29,Placed,Web,New Stacey,CA
ORD-0006695,CUST-000726,2025-05-10,Processing,Web,East Jeremy,IL
ORD-0010334,CUST-002728,2026-01-27,Delivered,Marketplace,Robertview,MI
ORD-0005522,CUST-001703,2026-06-04,Processing,Marketplace,Port Royborough,FL
ORD-0011731,CUST-001761,2026-05-23,Processing,Web,Matthewhaven,IL
ORD-0011372,CUST-001921,2026-01-12,Delivered,In-Store,North Danaburgh,AZ
ORD-0011213,CUST-963378,2025-03-17,Cancelled,Marketplace,Charlestown,CA
ORD-0002822,CUST-000735,2026-08-20,PROCESSING,Marketplace,Riceshire,OH
ORD-0006176,CUST-000434,2026-05-21,Processing,Mobile App,East Aaronhaven,CA
ORD-0009678,CUST-001743,2026-06-03,Cancelled,Mobile App,Adamsview,AZ
ORD-0003023,CUST-001126,2024-09-24,PROCESSING,Marketplace,West Jeremyshire,OH
ORD-0008952,CUST-001082,2026-08-30,Placed,Marketplace,Wilkersonland,MI
ORD-0002844,CUST-000500,2026-06-24,Shipped,Mobile App,Gregorymouth,AZ
ORD-0010840,CUST-000711,2025-01-16,Processing,Web,Williamsbury,PA
ORD-0005338,CUST-000072,2025-04-12,Delivered,Web,South James,OH
ORD-0000958,CUST-001673,2026-04-20,Shipped,Marketplace,West Samuel,MI
ORD-0010188,CUST-001898,"February 06, 2024",Placed,In-Store,Amandaborough,CA
ORD-0006417,CUST-001665,"February 28, 2026",Cancelled,Mobile App,South Sarahshire,IL
ORD-0003702,CUST-001924,2025-08-21,Delivered,Mobile App,Amandamouth,PA
ORD-0007102,CUST-001854,2026-06-22,Placed,Mobile App,New Christopher,GA
ORD-0002569,CUST-002696,2026-01-23,Delivered,Mobile App,New Kevin,WA
ORD-0003879,CUST-000234,2026-03-09,Delivered,Web,North Lorimouth,NY
ORD-0009152,CUST-002922,2026-04-25,Delivered,Web,Port Lisaburgh,NY
ORD-0002617,CUST-000786,2026-07-06,Returned,Marketplace,Kimberlyton,OH
ORD-0003626,CUST-000453,2026-04-19,SHIPPED,Mobile App,Lindseyburgh,NC
ORD-0005433,CUST-001206,2024-10-31,Shipped,Mobile App,North Catherineville,NY
ORD-0007972,CUST-002845,2025-12-08,Cancelled,Mobile App,Peggytown,OH
ORD-0003184,CUST-001213,01/03/2026,Processing,Mobile App,Kramerchester,PA
ORD-0009803,CUST-002745,2026-06-14,Processing,In-Store,West Brian,TX
ORD-0006814,,24-Dec-2024,Shipped,Marketplace,Parkside,AZ
ORD-0006876,CUST-000204,2026-02-22,Processing,Web,North David,CA
ORD-0006207,CUST-002587,2026-04-22,Delivered,Mobile App,Leblancville,TX
ORD-0006307,CUST-000966,2024-09-14,Shipped,Marketplace,North Debra,GA
ORD-0001248,CUST-000798,2025-12-16,Shipped,Mobile App,Melissafort,AZ
ORD-0006524,CUST-001983,2025-10-05,Delivered,Web,North Justinhaven,MI
ORD-0011135,CUST-000614,2025-01-04,Placed,Mobile App,Port Stacey,PA
ORD-0001805,,2026-08-15,Delivered,Web,North Scottfurt,TX
ORD-0002634,CUST-000115,2026-07-25,Delivered,Web,East Emily,NY
ORD-0006691,CUST-000427,2026-06-12,Processing,Mobile App,Hollandland,FL
ORD-0006622,CUST-943827,2025-09-18,Cancelled,Web,East Katherineton,AZ
ORD-0011779,CUST-001664,2025-02-05,Processing,Marketplace,North Michael,CA
ORD-0007916,CUST-002392,2026-04-03,Delivered,Web,Hamiltonburgh,CA
ORD-0005721,CUST-002699,2026-07-06,Delivered,Marketplace,New Becky,OH
ORD-0002344,CUST-000576,2026-08-20,Cancelled,Web,East Matthewport,WA
ORD-0002386,CUST-001819,2026-08-24,Placed,In-Store,,NC
ORD-0008045,CUST-000387,2026-07-26,Delivered,Mobile App,West Toddview,MI
ORD-0008978,CUST-000106,2026-04-01,Shipped,Mobile App,Lake Chelseaburgh,GA
ORD-0010490,CUST-001055,2024-12-25,Delivered,Mobile App,Castroside,AZ
ORD-0007165,CUST-002015,2026-07-04,Placed,In-Store,Milesview,TX
ORD-0011210,CUST-001401,2026-08-18,Delivered,Marketplace,Robertport,AZ
ORD-0004224,CUST-001327,2025-12-23,Shipped,Mobile App,Nelsonchester,PA
ORD-0006737,CUST-001262,2025-08-01,Cancelled,Web,New Katie,FL
ORD-0010928,CUST-001367,2026-04-20,DELIVERED,Mobile App,Garnerton,WA
ORD-0008493,CUST-001382,2025-12-06,Placed,Web,,PA
ORD-0001299,CUST-001437,2024-06-29,Delivered,Web,North Barbara,CA
ORD-0010794,CUST-000272,2025-10-24,Delivered,In-Store,North Seantown,PA
ORD-0007655,CUST-001074,2026-07-22,Shipped,Web,New Stephenstad,CA
ORD-0010290,CUST-001148,2026-05-23,PROCESSING,In-Store,South Lynnport,GA
ORD-0006288,CUST-002525,2026-09-01,delivered,Web,Kaiserberg,WA
ORD-0003297,CUST-002537,2026-03-17,Delivered,Web,Lake Kelsey,PA
ORD-0004451,CUST-002971,2026-07-16,Delivered,Mobile App,East Kenneth,TX
ORD-0009006,CUST-000812,2026-08-30,Cancelled,Web,New Carlychester,NY
ORD-0005018,CUST-000749,2025-08-10,Delivered,Marketplace,Wadehaven,MI
ORD-0003288,CUST-002364,2025-12-17,Delivered,Mobile App,Banksmouth,TX
ORD-0009478,CUST-002278,2026-08-19,Placed,Marketplace,Brittanyview,AZ
ORD-0005673,CUST-002029,2025-05-14,Delivered,Web,South Stacyport,WA
ORD-0002751,CUST-000981,2026-09-05,Delivered,Marketplace,Lopezbury,FL
ORD-0002656,CUST-001421,2025-12-10,Processing,Mobile App,Elizabethmouth,NY
ORD-0004317,,2024-07-06,Cancelled,Mobile App,Powersfurt,CA
ORD-0001466,CUST-002705,2026-05-14,Shipped,Mobile App,Wardstad,FL
ORD-0000166,CUST-000900,2026-07-06,Shipped,Marketplace,Patrickhaven,OH
ORD-0009113,CUST-000311,2024-05-28,Cancelled,Mobile App,Leehaven,GA
ORD-0000730,CUST-001009,2026-08-18,Processing,Web,Barbarafurt,NC
ORD-0008629,CUST-002878,2026-07-20,Delivered,Web,Johnchester,FL
ORD-0000561,CUST-000439,2026-04-25,Cancelled,Mobile App,Port Sabrina,GA
ORD-0004052,CUST-001512,2025-05-19,Returned,Web,Campbellport,NY
ORD-0004717,CUST-001350,2026-04-18,Processing,Web,Lopezbury,IL
ORD-0006836,CUST-002399,2025-02-02,Delivered,Mobile App,East Tammy,PA
ORD-0010348,CUST-000525,2026-08-06,Delivered,Web,Jeremyshire,FL
ORD-0005997,CUST-002068,2026-07-02,Processing,Web,South Monicatown,AZ
ORD-0010558,CUST-000567,2026-08-06,Shipped,Mobile App,Port Robertburgh,IL
ORD-0007311,CUST-943098,2026-04-26,Delivered,Mobile App,East Michelle,PA
ORD-0008076,CUST-001800,2026-05-11,Cancelled,Mobile App,Cohenburgh,NY
ORD-0002966,CUST-001766,2026-04-16,Shipped,Web,Villaview,FL
ORD-0005953,CUST-000487,2026-05-20,Delivered,Web,Port Angela,FL
ORD-0006404,CUST-000760,2026-06-16,Shipped,Web,New Josephborough,GA
ORD-0010204,CUST-002306,2026-09-04,Shipped,Mobile App,South Jonathanberg,TX
ORD-0000358,CUST-001161,2024-02-15,Returned,Mobile App,Kingmouth,TX
ORD-0005598,CUST-000090,2025-06-01,Delivered,Mobile App,Garciaburgh,OH
ORD-0003634,CUST-000206,2025-07-06,Shipped,Mobile App,Knightport,IL
ORD-0001095,CUST-001195,2025-09-09,Delivered,Web,South Dawn,NC
ORD-0002950,CUST-000722,2025-06-29,Cancelled,Marketplace,South Katherinefort,FL
ORD-0004144,CUST-001471,2025-10-21,Delivered,In-Store,Port Carolyn,NC
ORD-0001807,CUST-001143,2024-11-17,Returned,Mobile App,Lake Amystad,FL
ORD-0006742,CUST-002193,2026-07-11,Processing,Mobile App,Caseyville,NC
ORD-0007630,CUST-001259,2025-12-15,Placed,Mobile App,Timothyhaven,OH
ORD-0010344,CUST-001904,2026-08-05,Placed,Mobile App,Williamsstad,WA
ORD-0003497,CUST-001413,2026-08-20,Processing,Web,West Daniel,NC
ORD-0009493,CUST-001038,2026-07-03,Delivered,Mobile App,Simsside,IL
ORD-0006488,CUST-002639,2026-07-05,Shipped,Mobile App,Toddton,FL
ORD-0011418,CUST-000891,2026-03-15,Cancelled,Mobile App,Lisaland,IL
ORD-0001576,CUST-002978,2026-05-13,Shipped,Mobile App,Danielville,WA
ORD-0001872,CUST-002602,2025-06-27,Processing,Web,Knighttown,FL
ORD-0004420,CUST-000731,2026-05-28,Delivered,Marketplace,North Kevinfurt,NC
ORD-0004323,CUST-001283,2024-05-23,Processing,Mobile App,New Chrisbury,CA
ORD-0010145,CUST-001218,2026-06-08,Cancelled,Web,New Calvin,GA
ORD-0004238,CUST-002953,2026-06-16,Processing,Marketplace,North Jermainetown,IL
ORD-0005133,CUST-002168,2026-08-04,Cancelled,Mobile App,Lake Scottland,CA
ORD-0004631,CUST-002046,2026-02-24,Returned,Mobile App,Isabelfurt,MI
ORD-0004879,CUST-002385,2024-05-03,Shipped,Mobile App,New Andrewville,IL
ORD-0004034,CUST-000880,2026-01-14,Delivered,In-Store,East Josephtown,MI
ORD-0007752,CUST-000492,2026-01-25,Returned,Web,South Cynthiahaven,IL
ORD-0007039,CUST-002717,2026-07-07,Placed,Mobile App,Brianfort,AZ
ORD-0006505,CUST-001564,2026-07-14,Delivered,Mobile App,Andrewland,PA
ORD-0011326,CUST-000474,2026-05-01,Shipped,Web,Dawnburgh,WA
ORD-0002172,CUST-001543,2024-06-06,Delivered,Web,East Michele,WA
ORD-0011452,CUST-001058,29-Aug-2026,Shipped,In-Store,Millermouth,AZ
ORD-0007117,CUST-002676,2026-08-09,Returned,Web,Schroederport,GA
ORD-0002830,CUST-002472,2026-09-01,Processing,In-Store,Davidborough,FL
ORD-0011098,CUST-000035,2026-04-28,Delivered,Mobile App,East Isaac,FL
ORD-0011967,CUST-002968,2025-11-10,Processing,Mobile App,Jeffreyview,AZ
ORD-0009329,CUST-002850,2026-01-25,Placed,Mobile App,Lake Johnfurt,AZ
ORD-0007814,CUST-001381,2025-02-25,Cancelled,Web,Lake Nicolemouth,AZ
ORD-0011219,CUST-992813,2025-05-14,Delivered,Web,South William,MI
ORD-0008563,CUST-000994,2026-05-19,Shipped,Web,South Sydney,WA
ORD-0003745,CUST-927424,2026-07-20,Delivered,Marketplace,Andrewborough,PA
ORD-0001677,CUST-001087,2025-05-04,Delivered,Mobile App,Farmershire,MI
ORD-0007756,CUST-001492,2026-08-08,Delivered,Marketplace,New William,OH
ORD-0008635,CUST-001166,2025-06-06,Processing,Web,Andersonhaven,NY
ORD-0009250,CUST-000071,2025-10-31,Placed,Mobile App,South Leslie,NY
ORD-0001691,CUST-002188,2026-05-22,Processing,Web,Lake Charles,MI
ORD-0011005,CUST-001487,2024-07-11,Placed,Mobile App,South Timothystad,NY
ORD-0004986,CUST-002165,2026-08-01,Placed,Web,Mendezton,NY
ORD-0009303,CUST-000697,2026-08-24,Delivered,Marketplace,Port Sethstad,OH
ORD-0003495,CUST-002573,2025-06-11,Cancelled,Mobile App,New Scottfort,IL
ORD-0005830,CUST-001444,2024-04-25,Cancelled,Mobile App,North Tyler,NY
ORD-0003580,CUST-001159,2025-01-26,Shipped,Marketplace,East Veronicabury,OH
ORD-0007424,CUST-001494,2026-05-02,Returned,Web,Shawtown,NY
ORD-0005386,CUST-001188,2025-10-31,Delivered,Mobile App,Sototown,CA
ORD-0006473,CUST-000073,2026-02-13,Returned,Mobile App,South Christopher,OH
ORD-0004409,CUST-002534,2025-12-28,Delivered,Marketplace,New John,NC
ORD-0004000,CUST-002990,2026-07-05,Delivered,Web,North Jennifer,OH
ORD-0011571,CUST-002222,2026-04-30,Processing,Web,Christophertown,WA
ORD-0004714,CUST-000845,2026-02-28,Delivered,Web,Ericabury,FL
ORD-0005899,CUST-002934,2025-07-08,Delivered,Web,West Angela,FL
ORD-0003858,CUST-002634,2026-06-29,Processing,Mobile App,Trevorborough,IL
ORD-0006867,CUST-002743,2025-09-27,Delivered,Web,Port Michelleborough,OH
ORD-0009086,CUST-000040,2026-08-03,Shipped,Web,Micheletown,TX
ORD-0010953,CUST-000415,07/10/2026,Shipped,Mobile App,Lake Kara,OH
ORD-0010498,CUST-000443,2026-05-22,Shipped,Mobile App,South John,CA
ORD-0000951,CUST-001473,2026-08-28,Placed,Mobile App,Ernestberg,CA
ORD-0011768,CUST-001974,2025-02-21,Delivered,Web,Youngborough,CA
ORD-0008392,CUST-001941,11/25/2025,Placed,Web,West Jessicafort,NY
ORD-0003078,CUST-002592,2025-05-29,Delivered,In-Store,Pricefurt,NY
ORD-0004801,CUST-002678,2026-09-05,Shipped,Marketplace,West Seanbury,WA
ORD-0005745,CUST-002035,2026-05-13,Placed,Web,Jonestown,WA
ORD-0003033,CUST-002410,03-Jun-2026,Returned,Web,North Juliastad,TX
ORD-0000401,CUST-001293,2026-03-17,Processing,Mobile App,Lake Sarahburgh,PA
ORD-0004191,CUST-001010,2025-01-07,Placed,Mobile App,Hartmanburgh,NY
ORD-0005529,CUST-000588,2024-12-06,Delivered,Mobile App,Smithview,OH
ORD-0000762,CUST-000366,2026-03-20,Delivered,Web,West Susan,OH
ORD-0002696,CUST-002192,2026-03-25,Cancelled,Web,West Tiffany,TX
ORD-0002550,CUST-002979,2025-12-14,Processing,Web,East Jonathanside,IL
ORD-0004298,CUST-001486,2026-08-16,Shipped,Web,Port Martha,GA
ORD-0005904,CUST-001617,2026-02-20,Delivered,Web,South Johnport,CA
ORD-0008449,CUST-001836,2024-09-05,Delivered,Web,Dianeport,OH
ORD-0009753,CUST-002097,2026-07-16,Delivered,Web,Port Andrew,PA
ORD-0006761,CUST-002245,2026-07-16,Delivered,Web,Hernandezchester,MI
ORD-0008931,CUST-002626,2025-10-16,Shipped,Mobile App,Sarahaven,PA
ORD-0005322,CUST-000434,2026-04-03,Shipped,Web,,OH
ORD-0010896,CUST-001560,2026-07-08,Processing,Web,Simmonshaven,OH
ORD-0003997,CUST-002295,08/13/2026,Delivered,In-Store,West Sharonfort,OH
ORD-0006720,CUST-002751,"September 28, 2024",Processing,Web,West Melindafort,NC
ORD-0010858,CUST-001242,2026-08-03,Cancelled,Web,New Johnport,TX
ORD-0002231,CUST-001702,2025-08-03,Cancelled,Marketplace,Stevenland,AZ
ORD-0009833,CUST-002406,2026-04-17,Shipped,In-Store,New Aaron,IL
ORD-0007381,CUST-000978,2026-04-28,Cancelled,Web,Abigailfurt,FL
ORD-0008189,CUST-002585,2026-08-11,Delivered,Mobile App,Cantuton,MI
ORD-0007984,CUST-000373,2025-11-19,Processing,Web,East Lisaburgh,IL
ORD-0002278,CUST-001050,2026-04-27,Processing,Mobile App,Adrianaborough,GA
ORD-0006865,CUST-002058,2025-04-17,Delivered,Web,Lake Karen,TX
ORD-0000362,CUST-000329,2024-05-03,Placed,Web,Johnstown,PA
ORD-0000955,CUST-002856,2025-09-18,Placed,Mobile App,West Mitchellton,NC
ORD-0009615,CUST-000834,2026-04-12,Processing,Marketplace,Port Moniqueland,AZ
ORD-0004425,CUST-002362,2026-07-06,Cancelled,Marketplace,Amberview,FL
ORD-0003895,CUST-000700,2026-06-18,Delivered,Web,Sherryview,WA
ORD-0009249,CUST-001004,2026-07-18,Delivered,Mobile App,Dustinfort,AZ
ORD-0001745,CUST-000301,2026-07-22,Returned,Mobile App,Vargaschester,TX
ORD-0010826,CUST-002433,2026-07-24,Shipped,In-Store,West Jacobtown,WA
ORD-0009517,CUST-001298,2026-07-12,Delivered,Mobile App,New Elizabeth,GA
ORD-0005125,CUST-001989,2025-06-04,Shipped,Marketplace,Shellyshire,TX
ORD-0009932,CUST-002238,01/31/2026,Processing,Web,North Mason,GA
ORD-0009324,CUST-001001,2024-12-12,Shipped,Mobile App,Lake Troystad,TX
ORD-0006396,CUST-002154,2026-08-13,Delivered,In-Store,Jasonchester,MI
ORD-0007478,CUST-001759,"September 24, 2025",Delivered,Mobile App,New Jillianfurt,WA
ORD-0000989,CUST-000003,2025-05-15,Returned,In-Store,North Meghanbury,TX
ORD-0000327,CUST-002245,2025-07-07,Shipped,Web,Port Raymond,PA
ORD-0005151,CUST-002559,2026-03-18,Shipped,Mobile App,Williamsborough,NC
ORD-0008599,CUST-000092,2026-07-04,Shipped,Mobile App,Stevenside,IL
ORD-0010426,CUST-001259,2025-09-08,Placed,Web,South Barbaraside,NY
ORD-0005678,CUST-000126,2026-06-16,Delivered,Mobile App,South Donald,WA
ORD-0011084,CUST-001476,2026-02-25,shipped,Web,North Lori,NC
ORD-0000569,CUST-001010,2025-04-05,Processing,Mobile App,Freemanberg,AZ
ORD-0010589,CUST-002815,2025-11-16,Delivered,Mobile App,Jocelynburgh,PA
ORD-0006116,CUST-001812,2026-05-19,Cancelled,Marketplace,Douglasshire,GA
ORD-0004078,CUST-000328,2026-01-26,Delivered,Web,Jacquelineville,MI
ORD-0010719,CUST-002689,2025-11-06,Delivered,Web,Robinsonfurt,AZ
ORD-0000260,CUST-001532,2026-05-14,Cancelled,Mobile App,West Pamelaville,AZ
ORD-0002286,CUST-000550,2026-08-22,Delivered,Web,East Michaelbury,CA
ORD-0008699,CUST-001804,2026-07-24,Delivered,Web,Thomasview,GA
ORD-0002446,CUST-000370,2024-08-12,Shipped,In-Store,Jenniferville,OH
ORD-0000634,CUST-000809,2025-11-21,Shipped,Mobile App,North Christina,AZ
ORD-0002369,CUST-001113,2026-04-05,Shipped,Web,East Matthewview,AZ
ORD-0005543,CUST-000493,2026-08-17,Shipped,Web,Wisemouth,OH
ORD-0002555,CUST-000516,2025-08-10,Processing,Web,Frankview,FL
ORD-0001294,CUST-002038,2024-11-24,Delivered,Mobile App,Michaelton,NC
ORD-0007044,CUST-001878,2024-02-25,Processing,Web,North Jillton,PA
ORD-0010576,CUST-000979,2026-05-05,Processing,Web,Josephshire,GA
ORD-0004339,CUST-000361,2025-04-10,Shipped,In-Store,South Marktown,NC
ORD-0002441,CUST-002644,2026-02-01,Shipped,Web,East Jamesshire,FL
ORD-0004779,CUST-908074,2025-07-16,Shipped,Web,Aguirreview,IL
ORD-0000284,CUST-001482,2026-07-23,Shipped,Marketplace,Johnborough,GA
ORD-0007517,CUST-002709,2025-06-11,Cancelled,In-Store,North Stevenfurt,AZ
ORD-0008366,CUST-002813,2026-07-26,Delivered,Web,Roweburgh,CA
ORD-0011161,CUST-000952,2026-08-21,Shipped,In-Store,Henryport,IL
ORD-0011968,CUST-001877,2026-05-01,Processing,Web,Hannahfurt,CA
ORD-0010155,CUST-002103,2026-08-17,Delivered,Web,Carsonmouth,WA
ORD-0009784,CUST-002725,2026-08-19,Shipped,In-Store,East Justin,OH
ORD-0011417,CUST-001333,2026-08-28,Shipped,Web,West Justinmouth,GA
ORD-0003778,CUST-000355,2025-09-01,Placed,Marketplace,Powellhaven,MI
ORD-0010379,CUST-000638,2025-12-17,Delivered,Marketplace,Port Rachel,AZ
ORD-0004142,CUST-000979,2025-06-08,Placed,Web,Paulbury,TX
ORD-0000472,CUST-002583,2025-12-26,Placed,Mobile App,South Kyle,CA
ORD-0003735,CUST-000143,2026-03-08,Placed,Web,Rebeccaborough,TX
ORD-0005865,CUST-001263,2026-04-22,Delivered,In-Store,,AZ
ORD-0009744,CUST-002410,2025-09-20,Shipped,In-Store,Williamsview,TX
ORD-0010743,CUST-000191,2026-09-02,Shipped,Mobile App,Michaelfort,PA
ORD-0004522,CUST-002164,2025-12-26,Placed,In-Store,Jesusmouth,MI
ORD-0008412,CUST-002818,2026-09-04,Delivered,Marketplace,Castillotown,IL
ORD-0009757,CUST-001277,2026-06-24,Cancelled,Web,East Timothy,NY
ORD-0002047,CUST-000067,2025-02-25,Placed,Web,Joshuafort,GA
ORD-0008507,CUST-001534,2025-12-09,Returned,Web,South Michaelmouth,PA
ORD-0003963,CUST-001116,2026-09-05,Delivered,Web,,OH
ORD-0000922,CUST-000340,2026-03-04,Placed,Web,Wilsonberg,AZ
ORD-0001605,CUST-002253,2024-11-02,Placed,Web,Lake Ashleyside,MI
ORD-0004352,CUST-912914,2026-06-27,Placed,Web,Shelleymouth,NY
ORD-0009849,CUST-001376,2026-05-11,Processing,Web,Ashleyburgh,WA
ORD-0006949,CUST-000487,2026-09-01,Delivered,Marketplace,New Brian,FL
ORD-0004213,CUST-002580,2024-11-09,SHIPPED,Mobile App,Nashberg,AZ
ORD-0003255,CUST-002133,2024-08-06,Cancelled,Mobile App,Hermanshire,FL
ORD-0001911,CUST-001542,2025-02-16,Delivered,Mobile App,Anitafort,PA
ORD-0010308,CUST-000309,2026-08-29,Delivered,Mobile App,Hintonview,FL
ORD-0001409,CUST-002419,2026-04-28,Processing,Marketplace,,CA
ORD-0005923,CUST-002368,28-Jan-2025,Cancelled,Marketplace,Velazquezshire,CA
ORD-0006926,CUST-002119,2025-01-22,Delivered,Mobile App,Lake Michaelfort,OH
ORD-0003891,CUST-002485,2026-09-02,Placed,Mobile App,Crystalland,WA
ORD-0010501,CUST-001704,2026-08-29,Delivered,Marketplace,Susanmouth,IL
ORD-0004119,CUST-000529,2026-05-23,Processing,Web,Port Michelle,NY
ORD-0007601,CUST-000267,2025-07-02,Shipped,In-Store,North Matthew,WA
ORD-0000830,CUST-002177,2026-02-17,Placed,Web,New Michael,MI
ORD-0006852,CUST-001066,2024-09-23,Delivered,Web,Brittanyburgh,TX
ORD-0007251,CUST-001096,2025-10-09,Shipped,Mobile App,South Lindaland,GA
ORD-0007732,,2026-08-26,Processing,Web,New Douglas,AZ
ORD-0005636,CUST-000885,2025-02-23,Processing,Web,North Lauren,PA
ORD-0000427,CUST-000180,2026-02-07,Delivered,Web,East Deborah,FL
ORD-0005397,CUST-002037,2026-05-22,Delivered,Mobile App,North Marissa,IL
ORD-0006817,CUST-997752,2026-02-22,Delivered,Web,Davilamouth,AZ
ORD-0010151,CUST-000233,2024-04-09,Delivered,Mobile App,Adamsshire,IL
ORD-0007040,CUST-001378,2026-07-30,Processing,Web,South Joelville,PA
ORD-0010449,CUST-000204,2026-05-17,Delivered,Mobile App,North Rachelmouth,WA
ORD-0007815,CUST-001108,2026-01-01,Delivered,Web,North Frank,AZ
ORD-0002064,CUST-001031,2024-03-25,Delivered,Marketplace,Gregorybury,AZ
ORD-0000462,CUST-000902,2026-08-13,Delivered,Web,Crystalstad,CA
ORD-0005213,CUST-002059,2026-01-09,Processing,Web,Parkerville,MI
ORD-0009738,CUST-002383,2025-07-05,Shipped,Web,East Steven,AZ
ORD-0001752,CUST-001256,2026-03-06,Delivered,Marketplace,Davidmouth,GA
ORD-0009587,CUST-001648,2026-07-21,Delivered,Web,Port Ruthmouth,NY
ORD-0010779,CUST-002584,2026-08-06,Delivered,Marketplace,New Victoria,MI
ORD-0003862,CUST-002111,2025-09-24,Processing,Web,Lake Charles,CA
ORD-0005722,CUST-000786,2025-09-12,Shipped,Web,Timothyview,CA
ORD-0008355,CUST-001187,2025-12-21,Delivered,Web,North Aaronfort,GA
ORD-0005108,CUST-002974,2025-01-23,Delivered,Web,Mcdanielton,AZ
ORD-0007129,CUST-001052,2026-01-17,Shipped,Mobile App,New Katie,GA
ORD-0003980,CUST-001285,2025-10-14,Placed,Mobile App,Tamarafurt,MI
ORD-0004485,CUST-001900,2025-07-14,Delivered,Mobile App,West Michaelburgh,AZ
ORD-0008369,CUST-001298,2026-05-25,Delivered,Marketplace,Blakeberg,IL
ORD-0011376,CUST-002587,2025-04-16,Shipped,Web,North Nathanielside,NY
ORD-0010399,CUST-000777,2026-08-30,Delivered,Mobile App,Torresville,FL
ORD-0008089,CUST-001848,2024-07-24,Delivered,Web,Ayalabury,PA
ORD-0011690,CUST-002225,2026-01-30,Delivered,Web,Lake Marymouth,NC
ORD-0003498,CUST-001037,2025-10-31,Returned,Mobile App,Edwardsberg,CA
ORD-0000535,CUST-002217,2026-06-24,Processing,Marketplace,East Nicole,TX
ORD-0002488,CUST-001085,2025-12-24,Delivered,Mobile App,Danielfurt,IL
ORD-0005023,CUST-002915,2025-11-23,Processing,Mobile App,New Wendyview,GA
ORD-0005142,CUST-002355,2025-12-02,pROCESSING,Web,Claytonfort,CA
ORD-0011684,CUST-002238,2026-01-27,Processing,Mobile App,Susanview,PA
ORD-0007534,CUST-002523,2026-09-05,Shipped,Web,West Elizabeth,OH
ORD-0002586,CUST-000236,2026-02-03,Processing,Web,Port Tasha,WA
ORD-0005947,CUST-001296,2026-03-01,Placed,Web,West Mistyland,NY
ORD-0005150,CUST-000493,2026-08-31,Processing,Web,Jasonbury,FL
ORD-0007943,CUST-001036,2025-06-16,Shipped,Web,Jasonchester,MI
ORD-0011197,CUST-000827,2026-03-08,Cancelled,Mobile App,North Robert,FL
ORD-0010850,CUST-001406,2025-06-22,Returned,In-Store,North Derek,MI
ORD-0004684,CUST-000625,2025-09-05,Processing,Mobile App,Robertshire,NC
ORD-0007686,CUST-001387,2025-07-03,Cancelled,Web,Lake Michael,AZ
ORD-0003977,CUST-001899,2026-04-14,Delivered,Mobile App,Chavezmouth,FL
ORD-0009397,CUST-001573,2025-09-28,Delivered,Web,Port Debra,TX
ORD-0007088,CUST-002021,05-Jun-2026,Placed,Mobile App,Aprilstad,NY
ORD-0007423,CUST-001950,2024-06-17,Delivered,Marketplace,South Edwardport,OH
ORD-0005164,CUST-918177,2026-07-31,Delivered,Mobile App,West Jessica,GA
ORD-0000410,CUST-001682,2025-10-29,Shipped,Mobile App,Jacksonport,NY
ORD-0003629,,2024-07-28,PROCESSING,Web,East Michaelastad,AZ
ORD-0011545,CUST-001677,2026-09-03,Cancelled,Web,Theresatown,OH
ORD-0001970,CUST-001446,"February 25, 2024",Delivered,Web,Caldwellburgh,WA
ORD-0006361,CUST-001487,2026-06-02,Placed,Marketplace,Chavezport,MI
ORD-0003879,CUST-000234,2026-03-09,Delivered,Web,North Lorimouth,NY
ORD-0002686,CUST-000590,2026-08-18,Delivered,Web,Deborahstad,CA
ORD-0002553,CUST-002302,2026-06-07,Processing,Web,South Zachary,OH
ORD-0005198,CUST-002786,2026-05-04,Placed,Mobile App,Amyside,MI
ORD-0008397,CUST-001820,2026-08-24,Placed,Web,Port Scott,FL
ORD-0011398,CUST-001335,2025-09-11,Shipped,In-Store,Lake Stephaniefort,IL
ORD-0009026,CUST-002023,2026-06-15,Delivered,Mobile App,East Aaronborough,WA
ORD-0001355,CUST-001405,2026-09-03,Processing,Web,East Antonio,PA
ORD-0009424,CUST-001957,2025-12-11,Delivered,Mobile App,New Johnathan,IL
ORD-0000026,CUST-000696,2026-08-12,Shipped,Mobile App,Lake Mary,NC
ORD-0000075,CUST-000384,2026-09-02,Shipped,Mobile App,Jaredstad,FL
ORD-0011950,CUST-000608,2025-12-21,Shipped,Mobile App,East Brianview,MI
ORD-0006797,CUST-000692,2026-04-05,Processing,Mobile App,New Patrick,PA
ORD-0010173,CUST-001020,2025-11-02,Delivered,Mobile App,Kirbyberg,FL
ORD-0007281,CUST-000631,2026-06-30,Delivered,Mobile App,Port Allison,AZ
ORD-0005917,CUST-001278,2025-07-21,Returned,Web,,AZ
ORD-0000039,CUST-000965,2024-12-29,Processing,Marketplace,Waltersport,FL
ORD-0002565,CUST-001939,2025-10-09,Delivered,Mobile App,,NY
ORD-0003822,CUST-000199,2026-09-03,Shipped,Mobile App,,OH
ORD-0010803,CUST-001539,2024-06-06,Returned,Web,Davidville,WA
ORD-0000483,CUST-001905,2024-11-21,Processing,Mobile App,Chandlerton,GA
ORD-0010688,CUST-000240,2026-05-22,Cancelled,Marketplace,Ortegachester,TX
ORD-0000066,CUST-002870,2026-06-13,Shipped,Web,Benjaminchester,MI
ORD-0002057,CUST-000030,2026-03-18,Delivered,Web,New Timothyfort,GA
ORD-0007656,CUST-001635,2026-08-19,Placed,Web,Rodriguezbury,FL
ORD-0005998,CUST-001346,2026-07-07,Processing,Marketplace,South Corey,CA
ORD-0008213,CUST-000505,2026-01-28,Cancelled,Mobile App,Rileymouth,FL
ORD-0005276,CUST-001794,2026-07-06,Processing,Mobile App,Morseside,FL
ORD-0010902,CUST-002902,2026-03-21,Processing,Web,Nielsenfort,NC
ORD-0001508,CUST-000091,2024-11-04,Delivered,Web,Timothyville,PA
ORD-0000640,CUST-000425,2026-04-09,Delivered,Marketplace,Laurenview,PA
ORD-0002537,,2026-05-24,Placed,In-Store,Vickiberg,PA
ORD-0010857,CUST-002111,2025-08-30,Shipped,Web,Fordmouth,OH
ORD-0011750,CUST-000463,2025-11-22,Placed,Web,Hendersonton,MI
ORD-0003584,CUST-002207,2026-02-10,Returned,Marketplace,Millsfurt,MI
ORD-0002233,CUST-001405,2026-08-19,Placed,Web,North Maxshire,WA
ORD-0005512,CUST-000209,2026-09-03,Shipped,Mobile App,New Scottchester,IL
ORD-0000453,CUST-001051,2026-08-14,Delivered,Web,Newmanport,GA
ORD-0010585,CUST-001199,"April 22, 2025",Cancelled,Mobile App,South Williamburgh,IL
ORD-0008203,CUST-000870,2026-02-21,Delivered,Mobile App,Edwardsstad,AZ
ORD-0011745,CUST-001848,07/03/2025,Delivered,Mobile App,Dennisberg,MI
ORD-0004209,CUST-002914,2025-12-03,Delivered,In-Store,Francisberg,FL
ORD-0004952,CUST-000276,"August 26, 2026",Cancelled,Web,East Charlesville,NY
ORD-0011857,CUST-001014,2025-10-29,Cancelled,Web,Lake Jacobhaven,PA
ORD-0003726,CUST-944034,2026-08-28,Delivered,Mobile App,Delgadohaven,PA
ORD-0008993,CUST-001536,2026-07-31,Processing,In-Store,Ernestside,PA
ORD-0010037,CUST-000943,2026-08-29,Delivered,Web,Joneshaven,OH
ORD-0001409,CUST-002419,2026-04-28,Delivered,Marketplace,,CA
ORD-0000439,CUST-001718,2025-07-02,Delivered,In-Store,Matthewhaven,WA
ORD-0006313,CUST-000194,2026-03-03,Processing,Mobile App,North Stevenmouth,FL
ORD-0000543,CUST-000144,2026-04-21,Returned,Web,South Melissa,GA
ORD-0008653,CUST-002455,2025-11-20,sHIPPED,Web,Tapiaport,FL
ORD-0008772,CUST-002965,2026-07-15,Shipped,Mobile App,North Joshuamouth,FL
ORD-0007499,CUST-002859,2026-08-31,Placed,Web,Jonesville,CA
ORD-0008096,CUST-001967,2025-03-27,Shipped,Web,Kevinside,NC
ORD-0007124,CUST-001161,2025-12-18,Delivered,Web,New Michaelland,MI
ORD-0001861,CUST-001569,2026-06-01,Delivered,Mobile App,West Allenfurt,TX
ORD-0009541,CUST-002838,2025-11-16,Delivered,Mobile App,South Michelle,PA
ORD-0001245,CUST-001837,2026-08-03,Delivered,Web,Colinhaven,GA
ORD-0011344,CUST-001969,2026-08-27,Delivered,Web,West Kristinland,NY
ORD-0005599,CUST-001866,2026-03-18,Placed,Web,New Jefferyland,AZ
ORD-0002718,CUST-002148,"March 08, 2026",Cancelled,Mobile App,Lisaland,PA
ORD-0005518,CUST-000354,2025-04-02,Cancelled,Mobile App,South Charles,NY
ORD-0007283,CUST-001702,2025-03-12,Delivered,Marketplace,Bennettborough,IL
ORD-0011560,CUST-000941,10-May-2026,Placed,Marketplace,Port Alisha,OH
ORD-0004435,CUST-000793,2026-04-11,Returned,Marketplace,South Darrenview,TX
ORD-0009917,CUST-002479,2024-07-04,Shipped,Web,Port Donaldhaven,CA
ORD-0008278,CUST-001174,2026-03-12,Shipped,Web,South Samueltown,PA
ORD-0007051,CUST-002379,2026-07-08,Shipped,Mobile App,Dylanchester,IL
ORD-0006138,CUST-002322,2026-01-24,Cancelled,Mobile App,Olsonview,IL
ORD-0008344,CUST-002829,2025-12-13,Placed,Web,Port Josephtown,TX
ORD-0003202,CUST-002503,2026-04-23,Placed,In-Store,Brendaside,GA
ORD-0011466,CUST-000147,08/01/2026,Delivered,Web,Gallagherchester,WA
ORD-0000004,CUST-001065,2026-05-01,Delivered,Marketplace,South Duanetown,OH
ORD-0003236,CUST-000991,2026-03-27,Shipped,Marketplace,Andreaburgh,NY
ORD-0008893,CUST-001113,2026-05-29,Placed,Web,Lake Richardtown,WA
ORD-0011088,CUST-000051,2026-08-23,dELIVERED,Mobile App,North Dennis,PA
ORD-0000190,CUST-000370,2026-08-26,Returned,Mobile App,,WA
ORD-0000899,CUST-001031,2023-12-23,dELIVERED,Mobile App,Port Russellburgh,PA
ORD-0009949,CUST-000804,2026-05-15,Shipped,Mobile App,Matthewview,FL
ORD-0008858,CUST-001615,2026-08-24,Returned,Mobile App,,AZ
ORD-0000831,CUST-000173,2026-08-10,Processing,Mobile App,Gonzalezfort,IL
ORD-0005199,CUST-002078,2025-08-13,Placed,In-Store,New Kaitlyn,NY
ORD-0011681,CUST-002359,2026-04-01,Cancelled,Mobile App,Cummingsburgh,NC
ORD-0008656,CUST-001473,2026-08-21,Processing,Mobile App,North Richardland,NY
ORD-0002358,CUST-002831,2026-05-04,Cancelled,In-Store,North Whitneyview,NC
ORD-0000068,CUST-001069,2026-06-06,Shipped,Mobile App,West Darrenhaven,FL
ORD-0010723,CUST-000060,2026-07-02,Placed,Mobile App,North Ryanborough,TX
ORD-0000451,CUST-001007,2026-02-27,Delivered,Marketplace,,OH
ORD-0001199,CUST-000433,2024-08-31,delivered,Web,Santanashire,TX
ORD-0010481,CUST-002294,2026-05-24,Placed,Mobile App,Gutierrezport,IL
ORD-0006525,CUST-002423,2026-01-16,Processing,Mobile App,East Tammie,FL
ORD-0001633,CUST-001868,2026-05-29,Placed,Marketplace,Alexisland,WA
ORD-0006702,CUST-000493,2026-08-23,Placed,Mobile App,Rebeccaburgh,IL
ORD-0011282,CUST-002396,2026-04-24,Placed,Web,Esparzastad,OH
ORD-0008840,CUST-000634,2025-08-08,Cancelled,Web,West Raychester,MI
ORD-0007179,CUST-000627,2026-06-27,Processing,Mobile App,Tamarastad,NC
ORD-0005917,CUST-001278,2025-07-21,Placed,Web,,AZ
ORD-0007370,CUST-001123,2026-08-21,Shipped,Web,Moralesmouth,CA
ORD-0004199,CUST-000290,2026-04-10,Processing,Mobile App,Kimberlystad,MI
ORD-0011220,CUST-000255,2024-07-02,Shipped,Web,South Jessicaport,NY
ORD-0008815,CUST-001598,2026-09-04,Placed,Mobile App,Kaiserberg,NC
ORD-0003343,CUST-001203,2025-11-01,Delivered,In-Store,New Cassandraland,WA
ORD-0008315,CUST-996783,2026-06-22,Delivered,Marketplace,Laurenberg,CA
ORD-0000156,CUST-001818,2026-04-07,Delivered,Web,New Andrewfurt,IL
ORD-0009542,CUST-001036,2026-01-11,Shipped,Web,North Cathy,WA
ORD-0007811,CUST-001875,2026-02-10,Returned,Mobile App,Caldwellborough,NC
ORD-0008454,CUST-000106,2025-09-04,Processing,Web,West Alison,OH
ORD-0000821,CUST-001909,2026-07-31,Delivered,Web,South Carol,WA
ORD-0011352,CUST-002525,2026-08-24,Returned,Marketplace,Billyfort,CA
ORD-0009135,CUST-002918,2026-08-24,Shipped,Web,East Heather,TX
ORD-0000012,CUST-001937,2026-08-24,Delivered,Marketplace,East Dawn,WA
ORD-0007435,CUST-000446,2025-08-22,sHIPPED,Web,Port Desiree,OH
ORD-0002703,CUST-001563,2026-05-29,Delivered,Mobile App,Katelynville,WA
ORD-0009604,CUST-001966,2025-05-01,Delivered,Mobile App,North Theresa,GA
ORD-0011646,CUST-002150,2024-07-25,Processing,Web,Lake Elizabethhaven,WA
ORD-0007857,CUST-001659,2026-06-02,Processing,Web,Port Victor,TX
ORD-0001966,CUST-001380,2024-06-11,Placed,Web,North Hunter,PA
ORD-0005262,CUST-002795,2025-06-15,CANCELLED,Marketplace,North Jonathanview,OH
ORD-0008264,CUST-001281,2026-08-29,Cancelled,Web,New David,FL
ORD-0005699,CUST-002999,2026-09-05,Delivered,Mobile App,West Josephborough,PA
ORD-0004058,CUST-001483,2026-02-21,Delivered,Mobile App,Alvaradoport,AZ
ORD-0000479,CUST-001386,2026-06-12,Shipped,Web,South George,TX
ORD-0004699,CUST-001117,2025-12-26,Delivered,Mobile App,South Ashley,OH
ORD-0003405,CUST-001701,12-Jun-2025,Processing,Mobile App,Leetown,CA
ORD-0001993,CUST-000169,2026-07-01,Shipped,Web,Nguyenmouth,PA
ORD-0002001,CUST-002930,2026-04-25,Placed,Mobile App,Wesleyfort,NC
ORD-0001764,CUST-002532,2025-02-13,Placed,Web,Port Julie,NY
ORD-0009024,CUST-002081,2026-03-28,Shipped,Marketplace,Taylortown,AZ
ORD-0008196,CUST-002116,2026-05-14,Delivered,Web,Hallland,IL
ORD-0004432,CUST-000044,2025-05-23,Processing,Marketplace,Pricehaven,AZ
ORD-0006844,CUST-000360,2026-08-02,Delivered,Marketplace,South Ginaside,CA
ORD-0004693,CUST-001439,2024-09-29,Processing,Mobile App,West Kristentown,TX
ORD-0004618,CUST-002218,2026-03-12,Delivered,Mobile App,Curtisville,NY
ORD-0009148,CUST-002346,2026-07-26,Placed,Mobile App,Port James,MI
ORD-0002912,CUST-002603,2026-04-02,Shipped,Web,New Stephen,AZ
ORD-0004619,CUST-001194,2024-07-12,Shipped,Marketplace,Patrickbury,CA
ORD-0010520,CUST-002098,2026-06-08,Delivered,Web,Steinland,AZ
ORD-0003147,CUST-001124,2026-07-09,shipped,Mobile App,Hansenmouth,TX
ORD-0001156,CUST-002854,2026-03-04,Processing,Web,Michelleberg,OH
ORD-0001376,CUST-000567,2026-09-05,Delivered,Web,Jimmyfurt,WA
ORD-0001771,CUST-002831,2025-08-20,Processing,Web,South Annburgh,CA
ORD-0000206,CUST-001636,2025-10-15,Delivered,Mobile App,Andrewport,FL
ORD-0010631,CUST-001580,2025-07-16,Delivered,Web,North Richardborough,PA
ORD-0008080,CUST-000757,2025-07-11,Delivered,In-Store,West Ashleyfurt,FL
ORD-0008461,CUST-000552,2026-07-20,Delivered,In-Store,New Matthewburgh,GA
ORD-0005311,CUST-001524,2026-07-22,Delivered,Mobile App,Port Anthonyshire,NC
ORD-0003767,CUST-001710,2026-06-17,Delivered,Web,South Rickey,MI
ORD-0001873,CUST-002679,2026-03-21,Delivered,Web,Lake Monicashire,AZ
ORD-0007033,CUST-002744,2026-02-04,Delivered,In-Store,Jamesview,TX
ORD-0009730,CUST-000596,2026-02-17,Returned,Web,Catherinestad,IL
ORD-0001283,CUST-002315,2026-08-30,Shipped,Web,Pittsfurt,MI
ORD-0008838,CUST-000951,2026-02-06,Shipped,Web,Campbellhaven,MI
ORD-0011318,CUST-002111,2025-09-12,Placed,Mobile App,New Scottberg,MI
ORD-0004907,CUST-000341,2026-08-04,Returned,Web,East Samanthafurt,FL
ORD-0006742,CUST-002193,2026-07-11,Processing,Mobile App,Caseyville,NC
ORD-0008874,CUST-001599,2025-04-05,Delivered,Marketplace,Bryanfurt,NC
ORD-0007254,CUST-002012,2026-05-05,Processing,Mobile App,East Jason,PA
ORD-0006367,CUST-002484,2026-02-15,Placed,Mobile App,Whitehaven,NY
ORD-0007536,CUST-001734,2024-11-22,Processing,Web,New Cody,FL
ORD-0004383,CUST-002386,2025-07-20,Returned,Web,East Shelley,OH
ORD-0011637,CUST-000071,2026-07-30,Shipped,Web,Smithhaven,NC
ORD-0005417,CUST-928907,2026-07-23,Delivered,Mobile App,Ericaview,OH
ORD-0006467,CUST-000010,2026-06-27,Delivered,Mobile App,Rogersberg,AZ
ORD-0002619,CUST-000220,2026-03-06,Cancelled,Marketplace,Jamesville,MI
ORD-0004443,CUST-001035,2026-02-13,Placed,Web,Cortezland,MI
ORD-0003099,CUST-001296,2025-08-27,Processing,Mobile App,East Anatown,TX
ORD-0000616,CUST-000013,2025-07-24,pROCESSING,Mobile App,New Sarah,CA
ORD-0009651,CUST-000972,2026-08-26,Delivered,Mobile App,Port Ryan,TX
ORD-0000630,CUST-001794,2026-05-05,Delivered,Mobile App,South Kristineport,NC
ORD-0007551,CUST-001342,09/05/2026,processing,Web,Charlesport,NY
ORD-0004774,CUST-000353,2026-07-28,Cancelled,In-Store,Xavierview,MI
ORD-0003669,CUST-002118,2026-06-17,Shipped,Marketplace,Port Stephaniehaven,CA
ORD-0010269,CUST-000643,2025-09-15,Delivered,Mobile App,Salinasstad,OH
ORD-0004344,CUST-000644,2026-03-29,Placed,Marketplace,North Allisonside,WA
ORD-0000794,CUST-001829,2026-02-18,Delivered,Web,North Ashley,CA
ORD-0002280,CUST-002355,2026-05-26,Delivered,Web,Weaverchester,FL
ORD-0004467,CUST-001700,2024-07-02,Delivered,Mobile App,Martinbury,NC
ORD-0004080,CUST-000519,2026-01-24,Processing,Web,Kimberlyburgh,OH
ORD-0007069,,2026-01-12,Processing,Marketplace,East Jon,NC
ORD-0010232,CUST-000180,2026-07-06,Delivered,Web,Nguyenborough,PA
ORD-0011883,CUST-000830,2026-05-20,Delivered,Mobile App,,MI
ORD-0008764,CUST-000562,2026-06-30,Processing,Web,Mariemouth,OH
ORD-0000092,CUST-002447,2026-05-31,Shipped,Mobile App,Davidville,IL
ORD-0005744,CUST-977949,2024-11-09,Shipped,Web,South Justinside,NC
ORD-0004197,CUST-002518,2026-07-18,Shipped,Web,East Lori,GA
ORD-0010828,CUST-001440,2026-04-09,Delivered,Mobile App,Rangelshire,FL
ORD-0011522,CUST-002641,2026-07-31,Cancelled,Mobile App,Brownmouth,NY
ORD-0000694,CUST-002949,2026-09-02,Cancelled,In-Store,Nicolechester,AZ
ORD-0005867,CUST-000336,2025-10-30,Placed,Web,Valeriestad,NY
ORD-0005818,CUST-000655,2026-01-09,Placed,Mobile App,New Sarahstad,NC
ORD-0003060,CUST-001278,2026-04-19,Placed,Web,Port Latasha,FL
ORD-0006700,CUST-002648,09-Jul-2024,Shipped,Marketplace,North Erikfort,CA
ORD-0010679,CUST-000879,2025-08-03,Placed,Mobile App,New Teresa,FL
ORD-0000278,CUST-002073,2025-11-13,Delivered,Web,North Michaelmouth,WA
ORD-0008250,CUST-002604,2024-11-30,Delivered,In-Store,,IL
ORD-0010947,CUST-001042,2025-07-03,Cancelled,Web,Jessicaton,WA
ORD-0003591,CUST-000646,2025-10-08,Delivered,Web,East Davidshire,NC
ORD-0003075,CUST-002590,2026-06-07,Shipped,Mobile App,Mitchellfurt,OH
ORD-0007282,CUST-002646,2026-09-03,Processing,In-Store,Hicksville,WA
ORD-0011065,CUST-000271,2025-02-04,Shipped,Mobile App,Jamesburgh,TX
ORD-0003363,CUST-002862,2025-05-11,Delivered,Web,Lake Elizabethborough,PA
ORD-0002412,CUST-000384,2026-09-02,Placed,Marketplace,Morabury,MI
ORD-0000202,CUST-002091,2026-08-20,Processing,Mobile App,New Victoria,IL
ORD-0006792,CUST-002873,2026-05-25,dELIVERED,Marketplace,West Debra,PA
ORD-0002448,CUST-000766,2026-02-25,Delivered,Marketplace,Alexanderborough,AZ
ORD-0007012,CUST-000550,2026-06-11,Delivered,Web,Greenchester,NC
ORD-0005601,CUST-000557,2025-03-20,Delivered,Web,Kristishire,NC
ORD-0011157,CUST-002028,2026-05-03,CANCELLED,Mobile App,Port Matthew,WA
ORD-0010675,CUST-001322,2026-05-17,Delivered,Web,Patriciaton,IL
ORD-0011351,CUST-002707,2026-02-18,Cancelled,Web,South Shannonhaven,OH
ORD-0002985,CUST-002911,2025-08-15,Shipped,Mobile App,New Peter,WA
ORD-0007716,CUST-001099,2025-12-07,Delivered,In-Store,Anitaberg,WA
ORD-0002860,CUST-000703,2025-09-08,Delivered,Web,Farmerburgh,AZ
ORD-0007827,CUST-002755,2024-06-30,Shipped,Web,Hortonchester,OH
ORD-0010292,CUST-001487,"November 30, 2023",Delivered,Web,North Brittanyfurt,AZ
ORD-0000685,CUST-001749,2025-09-06,Delivered,Marketplace,Port Jillport,GA
ORD-0002454,CUST-001996,2026-07-20,Delivered,In-Store,New Maryborough,FL
ORD-0010077,CUST-000418,2024-06-26,Shipped,In-Store,New Amandafurt,NC
ORD-0003574,CUST-000013,2026-08-28,Processing,In-Store,Lake Peterhaven,WA
ORD-0000645,CUST-000088,2024-08-25,Delivered,Web,Christopherberg,IL
ORD-0000781,CUST-000497,2024-08-20,Returned,Mobile App,Port Kimberly,AZ
ORD-0004697,CUST-000810,2026-08-12,Delivered,Marketplace,,FL
ORD-0006954,CUST-001166,2026-08-05,Shipped,Mobile App,Davidborough,TX
ORD-0004821,CUST-001245,2026-07-07,RETURNED,Mobile App,Ryanmouth,IL
ORD-0010137,CUST-000110,2026-07-13,Shipped,Web,West Adam,NY
ORD-0011805,CUST-002141,2025-12-09,Processing,Web,Johnsonmouth,CA
ORD-0004147,CUST-000612,2026-03-27,Delivered,Web,Tracyville,WA
ORD-0011593,CUST-002050,2026-04-17,Cancelled,Web,West Kevinstad,NC
ORD-0007327,CUST-001327,2026-08-25,Delivered,Web,Shawnaborough,NC
ORD-0001845,CUST-001178,2025-06-15,Cancelled,Marketplace,New Robert,NY
ORD-0002652,CUST-002786,2025-06-17,Delivered,Marketplace,Williamsfurt,NY
ORD-0000135,CUST-000107,2025-11-14,Delivered,Marketplace,Ramirezland,PA
ORD-0007892,CUST-001672,2026-08-09,Delivered,Mobile App,East Robert,WA
ORD-0003057,CUST-001302,2026-08-17,Processing,Web,Maynardton,WA
ORD-0009335,CUST-002445,2025-01-18,Delivered,Web,,MI
ORD-0008309,CUST-000491,2026-01-21,Cancelled,Mobile App,Vincentland,MI
ORD-0009822,CUST-002681,2025-06-24,Delivered,Web,Bradleyfort,MI
ORD-0001030,CUST-000570,2026-02-05,Shipped,Web,Kendrashire,MI
ORD-0007848,,2026-01-30,Delivered,Web,Shawnfort,TX
ORD-0000274,CUST-001731,2026-06-22,Processing,Web,Wendyhaven,OH
ORD-0005292,CUST-002542,2026-02-17,Processing,In-Store,North Lindsay,WA
ORD-0007701,CUST-921299,2026-02-24,Delivered,Mobile App,North Cynthiamouth,AZ
ORD-0003886,CUST-000454,2026-02-04,Delivered,In-Store,Michaelton,IL
ORD-0008990,CUST-001501,2025-09-22,Placed,Mobile App,Lake Michael,FL
ORD-0009093,CUST-002335,2025-11-17,Delivered,Marketplace,,NC
ORD-0005055,CUST-000833,2025-01-12,Delivered,Mobile App,West Megan,NY
ORD-0002730,CUST-001045,2026-08-19,Delivered,Web,West Joseph,NY
ORD-0001475,CUST-001966,2024-09-10,Delivered,Marketplace,Lake Michaelborough,IL
ORD-0006988,CUST-000551,2026-03-03,Cancelled,In-Store,Cruzton,FL
ORD-0008357,CUST-000854,2025-04-16,Placed,In-Store,New Sarah,CA
ORD-0009990,CUST-000565,2026-06-20,Shipped,Web,Lake Scottmouth,NC
ORD-0006497,CUST-001520,2026-08-18,Delivered,Web,East Margaret,FL
ORD-0004127,CUST-000420,2026-08-24,Processing,Web,Lake Davidmouth,CA
ORD-0007550,CUST-001164,2026-09-05,Placed,Web,West Roger,FL
ORD-0004534,CUST-000761,2026-05-04,Placed,In-Store,Port Yolanda,FL
ORD-0002740,CUST-002341,2025-11-20,Shipped,Web,South Jennifer,NC
ORD-0009882,CUST-002671,2025-02-27,Delivered,Web,Port Annette,PA
ORD-0000618,CUST-001160,2026-04-25,Cancelled,Marketplace,Port Annehaven,PA
ORD-0011226,CUST-001305,2024-12-23,Delivered,Mobile App,West Evelynton,OH
ORD-0005946,CUST-001585,2026-05-10,Shipped,Marketplace,Angelahaven,GA
ORD-0005874,CUST-002761,2026-07-06,delivered,Web,South Christopherside,AZ
ORD-0008387,CUST-001668,2025-07-24,Shipped,In-Store,South Kim,NY
ORD-0000686,CUST-000584,2025-07-27,Delivered,In-Store,Rebeccamouth,NY
ORD-0009554,CUST-000790,2025-04-30,Shipped,Mobile App,Jonesfort,MI
ORD-0003218,CUST-001856,2025-03-01,Placed,Mobile App,North Darrenport,PA
ORD-0003188,CUST-001234,2026-08-17,Shipped,Web,Lake Kathleen,NC
ORD-0007652,CUST-001025,2025-12-21,Placed,Mobile App,Hansonmouth,GA
ORD-0003172,CUST-001799,2026-02-06,Placed,Web,North Gregory,PA
ORD-0009970,CUST-000107,2025-06-21,Delivered,Mobile App,Owensport,FL
ORD-0007722,CUST-002386,2026-06-13,Delivered,Mobile App,East Ann,GA
ORD-0007940,CUST-002863,2026-08-23,Delivered,Web,South Jenniferfurt,WA
ORD-0008417,CUST-002884,2026-06-20,Placed,Mobile App,North Kristiberg,PA
ORD-0000060,CUST-002878,2026-02-06,Shipped,Web,,AZ
ORD-0005922,CUST-001381,2025-11-04,Delivered,Mobile App,South David,PA
ORD-0011121,CUST-000058,2026-08-18,shipped,Web,Rosebury,OH
ORD-0001855,CUST-002417,2026-02-11,Delivered,Mobile App,Ramosshire,IL
ORD-0009218,CUST-001820,2026-08-06,Delivered,Web,Port Charles,WA
ORD-0000069,CUST-959331,2025-11-25,Placed,In-Store,Sharonmouth,PA
ORD-0007684,CUST-002894,2026-04-30,Cancelled,Mobile App,Parkerton,PA
ORD-0005183,CUST-001155,2026-09-02,Delivered,Web,Lozanomouth,IL
ORD-0001169,CUST-002175,2026-09-04,Delivered,In-Store,Lake Ryan,NY
ORD-0002539,CUST-000586,2026-05-28,Shipped,Marketplace,Travisburgh,TX
ORD-0006296,CUST-001073,2024-03-21,Placed,Web,Hubbardstad,FL
ORD-0008199,CUST-001059,2026-08-08,Cancelled,Web,New Brittanystad,GA
ORD-0001037,CUST-000635,2025-06-21,Placed,Web,Danaton,GA
ORD-0005075,CUST-000332,2026-05-02,dELIVERED,Marketplace,Smithville,NY
ORD-0009423,CUST-000683,2026-02-15,Shipped,Web,Jacksontown,GA
ORD-0000863,CUST-001320,2026-04-21,Shipped,Web,,NY
ORD-0007521,CUST-002731,2025-08-01,Placed,Mobile App,New Nicole,CA
ORD-0002196,CUST-001534,2026-02-01,Delivered,Web,New Joseph,GA
ORD-0007284,CUST-000394,2024-05-07,Processing,Web,West Larryfurt,OH
ORD-0000436,CUST-001025,2024-08-17,Delivered,Web,,FL
ORD-0001091,CUST-002377,2023-11-16,Delivered,Marketplace,North Anthonyshire,NY
ORD-0007485,CUST-002336,2025-10-09,Processing,In-Store,South Craig,AZ
ORD-0005178,CUST-001126,2026-01-26,Processing,Web,Littlebury,MI
ORD-0009566,CUST-002388,2026-07-13,pLACED,Marketplace,Martinbury,NY
ORD-0007547,CUST-949560,2026-04-07,Processing,Web,West Cory,MI
ORD-0005388,CUST-002512,2026-04-25,Delivered,In-Store,North Nicholas,AZ
ORD-0006332,CUST-000917,2026-02-26,Delivered,Web,Martinview,NY
ORD-0003493,CUST-001452,2026-08-23,Delivered,Mobile App,East Kathyside,MI
ORD-0005315,CUST-001033,2025-12-01,Shipped,Marketplace,East Jamesmouth,IL
ORD-0004642,CUST-001292,2025-11-17,Cancelled,Marketplace,,IL
ORD-0011441,,2026-07-30,Returned,Mobile App,Debrahaven,NC
ORD-0005978,CUST-000785,2026-07-29,Shipped,Mobile App,Toddport,AZ
ORD-0009799,CUST-000426,2026-06-17,Delivered,Web,East Trevor,MI
ORD-0005680,CUST-000382,2025-09-03,Delivered,Web,Lake Eric,AZ
ORD-0010071,CUST-001508,2026-02-05,Processing,Marketplace,Lake Alejandro,NC
ORD-0006982,CUST-000250,2025-03-23,Placed,Marketplace,Tateton,CA
ORD-0006371,CUST-002815,2026-01-18,Placed,Web,Michaelburgh,WA
ORD-0003727,CUST-002789,2025-07-27,Cancelled,Web,West Evan,AZ
ORD-0002732,CUST-002526,2026-09-05,Processing,In-Store,South Barbaraside,PA
ORD-0009326,CUST-001615,2026-05-03,Placed,Mobile App,Espinozashire,PA
ORD-0002101,CUST-002757,2024-03-19,SHIPPED,Mobile App,Collinsmouth,NC
ORD-0002452,CUST-002365,2026-06-17,Delivered,Mobile App,Port Carolshire,NC
ORD-0002383,CUST-001879,2025-03-04,Cancelled,In-Store,Edwardshire,CA
ORD-0010790,CUST-000447,2025-05-02,Delivered,Web,,NC
ORD-0009846,CUST-002278,2025-01-28,placed,Web,Lake Juan,PA
ORD-0001850,CUST-002948,2025-03-02,Shipped,Web,Marissamouth,WA
ORD-0005683,CUST-000588,2024-11-26,Delivered,Mobile App,Lake Timothyport,PA
ORD-0010176,CUST-001831,2026-01-31,Placed,Marketplace,South Kristina,NC
ORD-0009891,CUST-000185,2026-02-11,Processing,Mobile App,West Terryville,TX
ORD-0003194,CUST-002293,2026-04-27,Delivered,Marketplace,Combsmouth,CA
ORD-0005679,CUST-001843,2025-11-10,Shipped,Mobile App,New John,WA
ORD-0007929,CUST-002156,2024-06-20,Placed,Mobile App,Jennabury,GA
ORD-0004330,CUST-002567,2025-07-16,Delivered,Mobile App,Tateport,IL
ORD-0006380,CUST-000421,2024-12-02,Delivered,Mobile App,Millerburgh,PA
ORD-0005790,CUST-002157,2026-06-06,Processing,Marketplace,South Mariestad,OH
ORD-0001326,CUST-001009,2026-08-27,Shipped,Mobile App,Hallport,PA
ORD-0009836,CUST-002008,2024-03-03,Processing,Web,South Danielborough,WA
ORD-0010212,CUST-000417,2025-07-14,Placed,Marketplace,Erinmouth,CA
ORD-0003376,CUST-002426,2026-09-05,Delivered,Mobile App,Williamsonton,PA
ORD-0011386,CUST-000354,2025-10-16,Delivered,Web,South Franklinborough,OH
ORD-0004355,CUST-000857,2026-08-20,Delivered,Mobile App,Angelaland,FL
ORD-0001643,CUST-002965,2026-06-12,Delivered,Web,Karenburgh,FL
ORD-0006277,CUST-002863,2026-08-26,Placed,Mobile App,Wilsontown,NY
ORD-0005203,CUST-001489,05/17/2026,Cancelled,Web,Bonnieborough,AZ
ORD-0006260,CUST-002617,2026-04-25,Returned,In-Store,South Michaelland,PA
ORD-0008714,CUST-000415,2026-08-18,Cancelled,Web,Hensontown,AZ
ORD-0004333,CUST-001823,2026-07-01,Placed,Mobile App,Bakerberg,WA
ORD-0000481,CUST-000391,2026-02-28,Returned,Web,Peterborough,FL
ORD-0008940,CUST-000742,2024-08-31,Delivered,Mobile App,East Aliciaberg,TX
ORD-0000090,CUST-000030,2026-08-06,Delivered,Mobile App,North Lisahaven,NY
ORD-0001047,CUST-000115,2026-08-19,Delivered,Marketplace,Colemanmouth,FL
ORD-0002113,CUST-000468,2025-12-17,Cancelled,Web,New Jessicaport,GA
ORD-0010926,CUST-963385,2026-05-31,Shipped,Web,New Latashahaven,CA
ORD-0009550,CUST-002981,2026-03-04,Placed,In-Store,Camposchester,FL
ORD-0003309,CUST-000709,2026-08-14,Cancelled,Web,Linton,FL
ORD-0011463,CUST-002111,2026-08-26,Shipped,Mobile App,South Rayshire,MI
ORD-0011562,CUST-001801,08/21/2026,Processing,In-Store,New Joanmouth,NC
ORD-0003271,CUST-000946,2025-06-08,Processing,In-Store,East Richardmouth,CA
ORD-0008429,CUST-002703,2026-06-06,Delivered,Mobile App,Gilbertshire,IL
ORD-0001384,CUST-000936,2025-10-28,Placed,Mobile App,Gallagherchester,AZ
ORD-0009585,CUST-002023,2026-03-13,Delivered,Mobile App,East Kathleenhaven,AZ
ORD-0004933,CUST-002532,2025-07-11,Shipped,Mobile App,South Kerrybury,WA
ORD-0008218,CUST-001164,2026-09-05,Delivered,Mobile App,Lake Dorisstad,NY
ORD-0009015,CUST-001008,2026-06-15,Delivered,Marketplace,Jackbury,IL
ORD-0008919,CUST-000834,2026-04-07,Delivered,Web,Wilsonton,TX
ORD-0011949,CUST-000357,2025-06-17,Placed,Mobile App,Port Jerrymouth,PA
ORD-0001062,CUST-002714,"July 02, 2026",Delivered,Web,,NC
ORD-0004873,CUST-000261,2026-04-30,Delivered,Web,South Paul,NY
ORD-0006159,,2026-04-23,Shipped,In-Store,Tatehaven,FL
ORD-0006106,CUST-001584,2026-04-30,Cancelled,In-Store,Thomastown,FL
ORD-0010640,CUST-002182,2025-10-14,Delivered,Mobile App,Fieldstown,WA
ORD-0010004,CUST-001937,2025-06-18,Returned,In-Store,Ninamouth,FL
ORD-0003100,CUST-001435,"April 24, 2026",Returned,Web,New James,NC
ORD-0004994,CUST-000338,2026-03-10,Returned,Mobile App,Holdenmouth,OH
ORD-0008988,CUST-000505,2026-07-29,Shipped,Mobile App,East Joanna,MI
ORD-0003016,CUST-002266,2026-05-26,Delivered,Web,Westview,WA
ORD-0005681,CUST-001695,2026-06-10,Placed,Web,South Thomasstad,MI
ORD-0004820,CUST-000102,2025-09-21,Delivered,Marketplace,Pricemouth,IL
ORD-0011743,CUST-001530,2025-09-30,Placed,Web,Brendaview,TX
ORD-0009456,CUST-000306,2026-05-21,Delivered,Mobile App,North Baileyfurt,NY
ORD-0003123,CUST-000272,2025-04-19,Delivered,In-Store,North Carriestad,TX
ORD-0000771,CUST-000481,2025-02-09,Shipped,Web,Port Whitney,OH
ORD-0003539,CUST-001820,2026-09-02,Delivered,Mobile App,Lake Lauratown,MI
ORD-0005723,CUST-002740,2026-09-05,Delivered,In-Store,Isaacborough,TX
ORD-0002698,CUST-002725,2026-08-22,Delivered,Mobile App,Elliottland,TX
ORD-0009869,CUST-001286,2025-09-13,Placed,Mobile App,Mcclainbury,NC
ORD-0003329,CUST-001747,2026-07-05,Delivered,Web,Port Richard,PA
ORD-0011156,CUST-001069,2025-05-13,Cancelled,Mobile App,Castilloport,CA
ORD-0002094,CUST-000494,2026-02-26,Shipped,Web,Hardyburgh,AZ
ORD-0007580,CUST-002805,2026-08-28,Cancelled,Web,Smithside,OH
ORD-0010425,CUST-000922,2025-12-04,Shipped,Mobile App,Walshfurt,IL
ORD-0004007,CUST-002109,2026-08-06,Shipped,Web,North Josephmouth,AZ
ORD-0001792,CUST-000322,2026-08-13,Delivered,Mobile App,Collinsside,NY
ORD-0010093,CUST-001619,2025-02-11,Delivered,Mobile App,Port Tracey,AZ
ORD-0009910,CUST-001120,2026-05-14,Shipped,Marketplace,South Ryan,IL
ORD-0011910,CUST-000703,2026-09-05,Placed,Mobile App,Stephaniefurt,IL
ORD-0005032,CUST-002017,2025-01-05,Processing,Mobile App,New Meghanmouth,WA
ORD-0008796,CUST-000211,2025-02-17,Cancelled,Mobile App,Morgantown,NY
ORD-0008663,CUST-001242,2026-08-10,Returned,Web,Walkermouth,CA
ORD-0003035,CUST-002685,2026-08-03,Shipped,Marketplace,,IL
ORD-0001781,CUST-000568,2024-08-18,Delivered,Web,Kathleenport,FL
ORD-0011495,CUST-001559,2026-07-21,Placed,Mobile App,Murraymouth,GA
ORD-0000624,CUST-000424,2025-08-08,Processing,Web,Millerville,WA
ORD-0009560,CUST-000551,2026-08-19,Cancelled,Mobile App,West Katherine,IL
ORD-0010192,CUST-002345,2025-04-08,Returned,Web,North Christine,FL
ORD-0005379,CUST-001060,2025-06-12,Shipped,Marketplace,Johnsonhaven,FL
ORD-0001458,CUST-903930,2026-05-01,Shipped,In-Store,West Elizabethville,AZ
ORD-0001213,CUST-002837,2025-12-24,Delivered,Web,Seanport,WA
ORD-0005534,CUST-001728,2024-10-30,Delivered,Web,,FL
ORD-0003541,CUST-001821,2026-03-24,Processing,Mobile App,Angelaton,OH
ORD-0003589,CUST-002798,2025-10-04,Delivered,In-Store,Port Toddchester,IL
ORD-0004686,CUST-000474,2026-08-19,Placed,In-Store,Baxterhaven,TX
ORD-0007307,CUST-001897,2026-01-27,Cancelled,Web,North William,MI
ORD-0009925,CUST-001851,2025-12-07,Cancelled,Mobile App,,PA
ORD-0009181,CUST-001633,2026-07-14,Shipped,Mobile App,Porterfort,MI
ORD-0001635,CUST-002670,2026-07-24,Delivered,Mobile App,,IL
ORD-0008114,CUST-000550,2026-07-03,Delivered,Mobile App,Joshuabury,TX
ORD-0001568,CUST-002105,2025-08-11,Shipped,Web,South Jamesport,IL
ORD-0002979,CUST-001901,2026-08-02,Delivered,Marketplace,South Nicholas,WA
ORD-0004574,CUST-001829,2026-04-25,Delivered,Web,West Kelsey,WA
ORD-0009785,CUST-001498,2026-06-25,Delivered,Mobile App,New Dylan,CA
ORD-0010495,CUST-002471,2026-06-25,Processing,Mobile App,Pierceburgh,OH
ORD-0004816,CUST-001579,2026-06-22,Delivered,Web,Campbellborough,IL
ORD-0006377,CUST-001271,2025-01-27,Shipped,In-Store,Port Michaelchester,GA
ORD-0010532,CUST-001982,2026-01-24,Delivered,Mobile App,South Anthonyton,TX
ORD-0010004,CUST-001937,2025-06-18,Cancelled,In-Store,Ninamouth,FL
ORD-0001106,CUST-001398,2026-08-25,Placed,Mobile App,Rebekahton,NY
ORD-0008289,CUST-001471,2026-02-20,Placed,Marketplace,North Daniel,IL
ORD-0009238,CUST-000124,2026-06-02,Shipped,Marketplace,East Eric,NY
ORD-0002963,,2026-06-27,Placed,Mobile App,Meyerhaven,FL
ORD-0008966,CUST-000218,2026-03-31,Processing,In-Store,South Jenniferville,CA
ORD-0008088,CUST-002560,2026-08-14,Delivered,Web,Lake Robert,TX
ORD-0005583,CUST-000644,2026-06-12,dELIVERED,Web,Walterburgh,NY
ORD-0010909,CUST-930263,2026-08-26,Delivered,Marketplace,North Laura,GA
ORD-0002105,CUST-001071,2025-11-17,Delivered,Web,North Martha,NC
ORD-0001488,CUST-000073,2026-07-26,Shipped,Web,New Thomas,IL
ORD-0010451,CUST-000987,2026-08-18,Shipped,Mobile App,Port Zachary,IL
ORD-0004640,CUST-001307,2024-09-29,Processing,Marketplace,West Justin,FL
ORD-0002605,CUST-001447,2025-04-13,Delivered,Mobile App,East Travishaven,NC
ORD-0006092,CUST-001392,2026-09-02,Cancelled,Web,Pearsonbury,FL
ORD-0000111,CUST-002100,2026-07-31,Placed,Web,North Christopher,TX
ORD-0003577,CUST-000201,03/24/2026,Delivered,Mobile App,West Cynthiamouth,OH
ORD-0011204,CUST-001890,2026-02-09,Placed,Mobile App,East Marymouth,OH
ORD-0006328,CUST-000323,2026-01-23,Delivered,Web,Stephaniestad,TX
ORD-0002314,CUST-002553,2025-12-22,Delivered,Web,Willisfurt,NC
ORD-0003750,CUST-002887,2025-05-06,Shipped,Web,Perkinstown,CA
ORD-0009223,CUST-002777,2025-10-19,Delivered,Web,Port Joeltown,NC
ORD-0005408,CUST-001828,2025-08-27,Delivered,Mobile App,West Theresa,CA
ORD-0000163,CUST-002233,2026-07-01,dELIVERED,Web,Smithburgh,IL
ORD-0011632,CUST-001445,2026-04-23,Placed,Web,Hickmanmouth,MI
ORD-0008141,CUST-001791,2026-08-06,Placed,Web,East Anthonychester,CA
ORD-0005761,CUST-001608,09/28/2025,Shipped,Web,West Jacob,AZ
ORD-0005824,CUST-000493,2026-07-31,Delivered,Marketplace,North Tracy,TX
ORD-0001183,CUST-000330,2026-02-12,Delivered,Mobile App,North Adamland,IL
ORD-0001750,CUST-001431,2024-03-20,Delivered,Mobile App,East Thomasburgh,OH
ORD-0007406,CUST-000594,2025-09-10,Delivered,Marketplace,Meghanchester,OH
ORD-0000121,CUST-002647,2025-10-21,Processing,Web,Pattersonmouth,MI
ORD-0009834,CUST-002423,2026-08-29,Cancelled,Web,South Davidborough,GA
ORD-0008747,CUST-002379,2025-07-07,Cancelled,Mobile App,South Traceyland,OH
ORD-0007112,CUST-001667,2025-11-22,Cancelled,Mobile App,East Annette,GA
ORD-0006217,CUST-002974,2024-10-23,Cancelled,Web,New Stephanieside,AZ
ORD-0006061,CUST-000703,2026-08-24,Delivered,Web,Susanmouth,AZ
ORD-0009723,CUST-002688,2026-08-10,Delivered,In-Store,Santoston,GA
ORD-0001317,CUST-000697,2026-08-22,Delivered,Web,Kristiport,TX
ORD-0007896,CUST-000767,"November 25, 2025",Cancelled,Web,West Angelafurt,PA
ORD-0011959,CUST-001002,2026-01-16,Cancelled,Web,Smithview,FL
ORD-0006774,CUST-001832,2025-04-28,Delivered,Mobile App,North Michaelborough,NC
ORD-0006447,CUST-000322,2026-05-27,Processing,Marketplace,Whiteshire,OH
ORD-0007634,CUST-000906,2025-06-24,Delivered,Mobile App,New Amber,GA
ORD-0009455,CUST-001812,2026-08-29,Placed,Web,West Lisa,NC
ORD-0010906,CUST-002748,2025-01-05,Returned,Marketplace,Wintersfort,WA
ORD-0010086,CUST-002400,10-Aug-2026,Cancelled,Web,Angelaside,IL
ORD-0011472,CUST-001312,2025-09-23,CANCELLED,Mobile App,North Cheyenneburgh,IL
ORD-0010579,CUST-002785,2025-08-11,Returned,Mobile App,,TX
ORD-0002510,CUST-001283,2025-11-19,Cancelled,Mobile App,Janicetown,TX
ORD-0004794,CUST-000516,2026-06-19,Shipped,Marketplace,Rachelville,TX
ORD-0009160,,2025-03-26,Placed,Mobile App,Nicolebury,IL
ORD-0001087,CUST-002743,2026-07-11,Delivered,In-Store,Morganshire,WA
ORD-0009398,CUST-001736,2024-12-18,Delivered,Marketplace,Williamstown,CA
ORD-0006362,CUST-001271,2024-11-18,Placed,Web,Dakotaberg,GA
ORD-0010669,CUST-002233,2026-06-20,Processing,Web,Camposport,WA
ORD-0001234,CUST-002843,2026-07-07,Processing,Web,East Tiffany,TX
ORD-0007606,CUST-000539,2026-07-09,Processing,Web,West Robert,OH
ORD-0001931,CUST-002241,2026-03-14,Shipped,Web,South Kyle,IL
ORD-0006614,CUST-002713,2024-03-16,Placed,Web,Johnport,OH
ORD-0006918,CUST-001336,2024-08-17,Delivered,Mobile App,Lake Shannonland,FL
ORD-0003520,CUST-001437,2026-02-09,Processing,Web,Abigailtown,MI
ORD-0007122,CUST-002518,2026-07-30,Shipped,Mobile App,Samanthahaven,TX
ORD-0002729,CUST-001971,2025-12-08,Delivered,Web,Lake Ericburgh,TX
ORD-0010040,CUST-002065,2026-05-10,Delivered,In-Store,West Raymond,PA
ORD-0009832,CUST-000138,2024-12-10,Shipped,Mobile App,Jamesbury,AZ
ORD-0002375,CUST-002257,29-Mar-2025,Shipped,Mobile App,Mariafurt,MI
ORD-0005495,CUST-002077,2026-07-09,Shipped,Mobile App,Lake Kellychester,PA
ORD-0009290,CUST-002862,2025-02-20,Processing,Mobile App,North Lauraview,IL
ORD-0006654,CUST-001623,2026-04-11,Placed,Web,New Robert,IL
ORD-0008053,CUST-001333,2026-08-14,Processing,Web,West Josephburgh,OH
ORD-0003010,CUST-001148,2026-02-15,Processing,In-Store,Perkinsborough,MI
ORD-0000486,CUST-000901,2025-04-17,Processing,Mobile App,Elizabethberg,NY
ORD-0011774,CUST-002921,2026-09-05,Cancelled,Mobile App,Wilsonhaven,CA
ORD-0009285,CUST-002295,2026-08-07,Shipped,Web,New Samanthachester,CA
ORD-0005332,CUST-002504,2026-06-02,Shipped,Web,Nicoleville,IL
ORD-0003569,CUST-001904,"June 09, 2026",Placed,Mobile App,Larsenberg,NC
ORD-0003463,CUST-002532,2026-03-27,Placed,Mobile App,Jamesland,MI
ORD-0003600,CUST-002524,2024-08-26,Cancelled,Web,,OH
ORD-0009428,CUST-002576,2026-08-13,Shipped,Mobile App,Russellport,AZ
ORD-0001140,CUST-000543,2024-09-30,Returned,Marketplace,Millerberg,GA
ORD-0009843,CUST-001275,2025-08-27,Cancelled,Web,East Trevorside,GA
ORD-0011999,CUST-000175,2026-05-20,Shipped,Mobile App,Wilsonburgh,OH
ORD-0003133,CUST-001798,2025-10-05,Processing,Marketplace,Milesshire,FL
ORD-0009952,CUST-002367,2024-01-28,Processing,Web,South Ashlee,MI
ORD-0011725,CUST-000348,2026-06-09,shipped,Mobile App,Ashleybury,GA
ORD-0010244,CUST-001419,2026-04-07,Delivered,In-Store,Port Nancyfurt,AZ
ORD-0006132,CUST-002674,2025-11-04,Placed,Web,Lake Jamiebury,IL
ORD-0005731,CUST-000658,2025-11-02,Placed,Web,Ambermouth,FL
ORD-0004116,CUST-002633,2025-09-04,Delivered,Mobile App,Port Jamesmouth,MI
ORD-0011888,CUST-002208,2025-04-26,Shipped,Web,West Gary,CA
ORD-0008546,CUST-001067,2025-07-07,Processing,Mobile App,West Robert,AZ
ORD-0004539,CUST-000234,2026-01-17,Returned,Marketplace,Brownville,OH
ORD-0004777,CUST-000788,2025-12-06,Delivered,In-Store,North Kim,NC
ORD-0006513,CUST-002255,2025-04-22,Delivered,In-Store,New Jamesville,GA
ORD-0011947,CUST-000641,2026-05-17,Cancelled,Mobile App,Alexanderside,OH
ORD-0010737,CUST-001159,2026-03-11,Delivered,Web,East Kellyside,IL
ORD-0002191,CUST-002708,2026-09-05,Shipped,Mobile App,New Eric,AZ
ORD-0006062,CUST-001053,2026-08-16,Delivered,Mobile App,Johnhaven,CA
ORD-0001733,CUST-000013,2026-07-19,Shipped,Web,Thomasburgh,NY
ORD-0009569,CUST-920246,2026-07-14,Delivered,Mobile App,North Jamie,GA
ORD-0001567,CUST-002684,2025-10-08,Returned,Web,Geraldland,WA
ORD-0005272,CUST-001437,2024-01-06,Processing,Mobile App,Port Maria,GA
ORD-0008675,CUST-000306,2025-07-16,Delivered,Mobile App,Lynchtown,TX
ORD-0001729,CUST-000941,2026-06-08,Shipped,Web,Nelsontown,PA
ORD-0011687,CUST-000455,2026-06-23,Returned,Web,Lisaton,TX
ORD-0008416,CUST-000431,09/09/2025,Placed,Web,Jenniferfort,TX
ORD-0003960,CUST-001425,2026-08-11,Placed,Web,Joannaland,GA
ORD-0010609,CUST-002748,2025-03-30,Delivered,Mobile App,Amandaborough,OH
ORD-0011499,CUST-001857,2026-08-30,Returned,Marketplace,South Jamesside,IL
ORD-0004599,CUST-002702,2026-08-13,Delivered,In-Store,Samuelstad,WA
ORD-0007912,CUST-001240,2026-04-23,Returned,Mobile App,New Robertburgh,OH
ORD-0006180,CUST-002451,2026-03-25,Delivered,Web,New Stephenborough,IL
ORD-0007386,CUST-000987,2026-08-30,Cancelled,Mobile App,West Christopher,NY
ORD-0008272,CUST-000264,2026-07-13,Processing,Marketplace,North Jared,FL
ORD-0001041,CUST-961079,2025-07-12,Delivered,Web,East Darrell,NC
ORD-0011829,CUST-000369,2026-01-28,Placed,In-Store,Jerryport,TX
ORD-0004501,CUST-001259,2026-06-14,Returned,Mobile App,Lake Melissafort,AZ
ORD-0000432,CUST-000012,2026-07-02,Delivered,Mobile App,Williamsville,MI
ORD-0000693,,2026-04-24,Placed,Web,Port Sherry,MI
ORD-0007118,CUST-002929,2026-04-02,Delivered,Mobile App,West Kennethberg,TX
ORD-0005929,CUST-002409,2026-03-07,Delivered,Mobile App,East Marytown,AZ
ORD-0010893,CUST-002967,2026-08-17,Shipped,In-Store,Teresabury,PA
ORD-0003415,CUST-001962,2026-08-02,Delivered,Marketplace,Masonfurt,OH
ORD-0003547,CUST-001341,2025-09-16,Delivered,Web,New Natalie,IL
ORD-0004388,CUST-002332,2025-04-04,Cancelled,Web,East Karenborough,FL
ORD-0011978,CUST-000193,2024-01-23,Delivered,Web,West Ryanmouth,NY
ORD-0009474,CUST-001151,2025-12-18,Returned,In-Store,Coleville,IL
ORD-0005916,CUST-002858,2026-07-16,Placed,Mobile App,Gutierrezland,CA
ORD-0009426,CUST-002236,2025-09-22,Placed,Web,East Stacey,IL
ORD-0009299,CUST-001064,2024-01-31,Placed,Mobile App,South Stevenburgh,PA
ORD-0003144,CUST-000976,2025-07-22,Placed,Web,Dominiqueland,CA
ORD-0011185,CUST-001644,2024-11-27,Delivered,Web,Brendafurt,OH
ORD-0006828,CUST-001189,2026-06-24,Delivered,Mobile App,East Gina,TX
ORD-0002308,CUST-000424,2025-10-02,Shipped,Mobile App,South Carlystad,FL
ORD-0009918,CUST-001401,2026-05-02,Shipped,Web,East Mark,MI
ORD-0000670,CUST-002788,2025-04-23,Processing,Mobile App,Greenport,WA
ORD-0008054,CUST-000428,2026-04-13,Placed,Mobile App,Port Michael,TX
ORD-0004955,CUST-001876,2025-01-02,Processing,Mobile App,West Taylor,WA
ORD-0010228,CUST-002052,2026-06-16,Delivered,Web,Melissaton,PA
ORD-0009640,CUST-000543,2024-10-09,Shipped,In-Store,,CA
ORD-0010900,CUST-001880,03/24/2026,Processing,Mobile App,Rushville,MI
ORD-0000109,CUST-000877,2024-06-04,Processing,Marketplace,Lake John,NY
ORD-0007556,CUST-002163,2026-06-19,Shipped,Web,Port Monica,GA
ORD-0003378,CUST-001295,2026-07-12,Processing,Marketplace,Charleshaven,FL
ORD-0005525,CUST-002733,2025-10-20,Placed,Web,Porterview,WA
ORD-0000045,CUST-001297,2026-03-14,Delivered,Web,East Victoria,WA
ORD-0011887,CUST-001874,2024-07-29,Processing,Web,Port Michellemouth,WA
ORD-0007816,CUST-002195,2026-02-26,Returned,Mobile App,Colemanstad,MI
ORD-0007595,CUST-000932,"July 04, 2026",Delivered,Mobile App,New Shelleyfurt,TX
ORD-0009637,CUST-002436,2026-08-28,dELIVERED,Web,Nicholasberg,PA
ORD-0004209,CUST-002914,2025-12-03,Returned,In-Store,Francisberg,FL
ORD-0008206,CUST-001876,2026-08-06,Placed,Web,West Kimberlyfort,NY
ORD-0011368,CUST-001199,2025-04-11,Cancelled,Marketplace,East Amy,PA
ORD-0010044,CUST-000304,2026-02-06,Cancelled,Web,Lake Ashley,FL
ORD-0008269,CUST-001401,2026-07-26,Processing,In-Store,Garciatown,OH
ORD-0010621,CUST-002051,2026-08-13,Delivered,Mobile App,Stevensstad,NC
ORD-0004466,CUST-002297,11-Mar-2024,Cancelled,Mobile App,Longhaven,PA
ORD-0004513,CUST-000764,2026-06-24,Shipped,Marketplace,Timothyburgh,GA
ORD-0005735,CUST-000246,2024-10-07,Delivered,Web,East Nancyside,TX
ORD-0001262,CUST-002159,2026-02-27,Delivered,Web,Gregoryshire,TX
ORD-0005285,CUST-001408,2025-12-20,Cancelled,Mobile App,Alvaradohaven,NC
ORD-0003571,CUST-001104,2026-06-11,Delivered,Web,Angelaside,NC
ORD-0006405,CUST-002736,2025-11-16,cANCELLED,Mobile App,Ashleyfort,MI
ORD-0011020,CUST-001663,02-Apr-2026,Placed,Mobile App,Lake Jamiemouth,AZ
ORD-0001557,CUST-002502,2025-04-23,Processing,Web,Lake Aaronburgh,NY
ORD-0003748,CUST-000289,2023-09-28,Placed,Mobile App,Longshire,NY
ORD-0008228,CUST-002813,2026-04-08,Delivered,Web,Nathanmouth,OH
ORD-0003543,CUST-000650,2025-06-26,Shipped,Mobile App,West Virginiahaven,NY
ORD-0000774,CUST-002760,2026-05-30,Cancelled,Mobile App,Williamsonton,TX
ORD-0002366,CUST-000192,2025-10-18,Placed,Web,North Stevenmouth,MI
ORD-0009074,CUST-000791,2026-04-17,Delivered,Web,Gomezside,OH
ORD-0009349,CUST-000010,2026-04-30,Shipped,Web,Jesusport,PA
ORD-0005205,CUST-002196,2026-08-15,DELIVERED,In-Store,East Sarah,OH
ORD-0005168,CUST-000254,2026-04-05,Processing,Mobile App,East Anthony,WA
ORD-0004557,CUST-000340,2026-04-09,Returned,Web,Acevedoside,FL
ORD-0005807,,2024-03-16,shipped,Mobile App,Lake Elizabethstad,NY
ORD-0004067,CUST-000239,2026-02-28,Shipped,Mobile App,Lynnview,MI
ORD-0007057,CUST-000128,2025-10-08,PROCESSING,Mobile App,South John,OH
ORD-0006324,CUST-000860,2026-07-08,Shipped,Mobile App,Andersonton,GA
ORD-0001195,CUST-001793,2026-04-25,Processing,In-Store,West Davidhaven,FL
ORD-0001328,CUST-002519,2025-11-04,Delivered,Marketplace,,CA
ORD-0006015,CUST-001161,2025-02-27,Shipped,Web,Bellton,NY
ORD-0008511,CUST-000020,2026-06-21,Delivered,Mobile App,Lake Tracytown,MI
ORD-0004938,CUST-000175,2026-09-04,Delivered,Web,Crossfort,IL
ORD-0009434,CUST-000939,2026-03-24,Placed,In-Store,Lake Timothymouth,PA
ORD-0007540,CUST-002304,2026-01-27,Processing,Marketplace,Destinyport,PA
ORD-0008847,CUST-001030,2026-05-06,Shipped,Web,Wendyville,NC
ORD-0006922,CUST-001937,2025-10-04,placed,Web,North Kristin,WA
ORD-0003215,CUST-002300,2026-02-12,Delivered,Marketplace,Crystaltown,FL
ORD-0005817,CUST-000002,2024-04-18,Returned,In-Store,Colleenport,PA
ORD-0007795,CUST-002060,2024-02-26,Delivered,In-Store,,FL
ORD-0001840,CUST-002630,2024-12-11,Shipped,Web,Port Aimee,GA
ORD-0004081,CUST-002728,2025-11-15,Processing,Web,Chaneyview,CA
ORD-0000896,CUST-001800,2025-05-05,Delivered,Marketplace,Taylorbury,MI
ORD-0009629,CUST-000439,2025-06-04,Placed,Web,Ebonyside,OH
ORD-0003623,CUST-000768,2026-03-07,Delivered,In-Store,Williamfurt,NY
ORD-0009054,CUST-002667,2026-08-28,Cancelled,Web,New Lindseyport,NY
ORD-0000835,CUST-000651,2026-08-24,Processing,Web,North Jenniferbury,AZ
ORD-0005847,CUST-000633,2026-06-29,Processing,Mobile App,Beckerhaven,PA
ORD-0005204,CUST-001166,2026-06-09,Cancelled,Mobile App,West Alexis,IL
ORD-0009552,CUST-000820,2026-06-10,Shipped,Web,Coleshire,MI
ORD-0009467,CUST-966944,2026-08-28,Delivered,Mobile App,Lake Stephen,GA
ORD-0007233,CUST-000656,2026-05-05,Placed,Web,Alexborough,IL
ORD-0011975,CUST-001482,2026-08-21,Processing,Web,Allisonland,WA
ORD-0010975,CUST-001135,2025-04-06,Shipped,Mobile App,Anitachester,NC
ORD-0004736,CUST-001197,2026-03-16,Delivered,In-Store,East Chad,CA
ORD-0006868,CUST-002385,2024-09-05,Shipped,Mobile App,Port Stephanie,OH
ORD-0003695,CUST-001091,2025-11-25,Shipped,Marketplace,Gordontown,AZ
ORD-0005366,CUST-001014,2026-06-06,Shipped,Web,Boydville,NC
ORD-0006499,CUST-002527,2025-11-16,Cancelled,Web,Charlesside,GA
ORD-0007612,CUST-002775,2026-08-26,Placed,In-Store,Port Robert,IL
ORD-0009635,CUST-001622,2026-06-08,Delivered,Web,Carlashire,WA
ORD-0006330,CUST-001223,2026-01-30,Shipped,Marketplace,New Jose,TX
ORD-0011746,CUST-000529,2026-05-05,Shipped,Mobile App,Troyport,NY
ORD-0010466,CUST-000846,12/18/2025,Delivered,Mobile App,East Melissaburgh,CA
ORD-0006932,CUST-000328,2026-07-11,Delivered,Mobile App,South Brittanyfurt,AZ
ORD-0000707,CUST-002849,2026-07-21,Placed,Mobile App,South Elizabethshire,NC
ORD-0007289,CUST-001172,2025-10-24,Shipped,Web,Gibbsland,WA
ORD-0004271,CUST-001305,2025-05-17,Cancelled,Web,Caitlinton,IL
ORD-0004868,CUST-002263,2026-08-25,Delivered,Web,South Tricia,GA
ORD-0003464,CUST-000303,2025-05-21,Delivered,Mobile App,Michaelton,TX
ORD-0003577,CUST-000201,03/24/2026,Delivered,Mobile App,West Cynthiamouth,OH
ORD-0004131,CUST-001063,2026-02-18,Returned,Web,Port Gina,CA
ORD-0001629,CUST-002576,2026-08-20,Delivered,Mobile App,South Dontown,MI
ORD-0005697,CUST-000134,2025-06-05,Placed,Mobile App,South Anthonyborough,MI
ORD-0010752,CUST-000289,2024-02-25,Delivered,Mobile App,Juliashire,OH
ORD-0002430,CUST-001186,2025-02-05,Placed,Web,Greenland,NC
ORD-0002230,CUST-001531,2026-06-24,Delivered,Web,Thomastown,MI
ORD-0001742,CUST-000343,2026-07-19,Processing,Web,Port Maryburgh,CA
ORD-0000245,CUST-002349,2025-10-29,Processing,Mobile App,Port Sean,CA
ORD-0006357,CUST-002047,2026-05-02,Placed,Mobile App,Travisstad,MI
ORD-0010550,,2026-07-08,Delivered,Mobile App,Lake Tammieview,WA
ORD-0006349,CUST-000705,2026-07-16,Shipped,Web,New Justin,IL
ORD-0000046,CUST-002793,2025-10-29,Delivered,Mobile App,,MI
ORD-0004563,CUST-002526,2026-09-05,Shipped,Web,Port Anthony,IL
ORD-0001129,CUST-000521,2026-08-18,Delivered,Mobile App,West Angela,IL
ORD-0010905,CUST-002403,2025-01-01,Cancelled,Web,Wigginsmouth,FL
ORD-0005373,CUST-002978,"August 27, 2026",Delivered,Web,South Cristianville,FL
ORD-0005836,CUST-002914,2024-12-25,Processing,Mobile App,Lake Roberttown,CA
ORD-0004377,CUST-001751,07/27/2026,Delivered,Web,South Julia,NC
ORD-0002167,CUST-001582,2024-11-11,Placed,Marketplace,Johnsonton,NY
ORD-0000161,CUST-001147,2026-02-20,Delivered,Mobile App,Andersonville,AZ
ORD-0006829,CUST-001703,2026-06-11,Delivered,Marketplace,Port Teresachester,FL
ORD-0006071,CUST-001755,2026-03-04,Cancelled,Marketplace,Popeburgh,IL
ORD-0004310,CUST-000434,2026-06-19,Placed,Web,Sullivanchester,PA
ORD-0005515,CUST-001032,2026-08-11,Placed,Mobile App,South Lauraburgh,IL
ORD-0007352,CUST-000966,2025-02-21,Processing,Mobile App,Port Michael,MI
ORD-0011486,CUST-001973,2026-05-25,Delivered,Web,Melvinmouth,NC
ORD-0008660,CUST-000963,2026-03-02,Placed,Web,Reyesberg,PA
ORD-0000744,CUST-001099,2024-10-23,Shipped,Web,,MI
ORD-0008184,CUST-000054,2025-10-30,Cancelled,Web,Claudiastad,IL
ORD-0008103,CUST-000161,2025-03-23,Delivered,Marketplace,North Reginashire,WA
ORD-0006496,CUST-002272,2026-03-07,Delivered,In-Store,North Andrea,IL
ORD-0001715,CUST-001640,2025-11-22,Cancelled,Marketplace,Port Meganberg,TX
ORD-0005595,CUST-001791,2026-07-06,Cancelled,Marketplace,West Benjaminton,IL
ORD-0000482,CUST-000574,2026-07-25,Shipped,Web,North Nicholas,FL
ORD-0005180,CUST-000543,2024-07-17,Placed,Web,Port Rebekahfurt,CA
ORD-0010886,CUST-002136,2026-08-20,Delivered,Mobile App,East Michael,FL
ORD-0010792,CUST-002618,2026-04-23,Shipped,Mobile App,Tammyville,TX
ORD-0002839,CUST-002897,2025-09-25,Shipped,Web,Port Keithberg,OH
ORD-0002042,CUST-001869,2026-08-08,Delivered,Mobile App,Allenburgh,AZ
ORD-0006833,CUST-000597,2026-02-15,Returned,Marketplace,Williammouth,NY
ORD-0008685,CUST-002112,08/20/2026,Processing,Mobile App,South Sandraside,CA
ORD-0002022,CUST-001598,2026-09-04,Processing,Mobile App,West Lisa,WA
ORD-0004666,CUST-002506,2026-06-09,Processing,Marketplace,Heatherfort,IL
ORD-0002887,CUST-000362,2025-09-14,Returned,Web,Huntertown,GA
ORD-0004163,CUST-000321,2024-11-13,Shipped,Web,New Derrickport,IL
ORD-0007136,CUST-002467,2026-02-24,Delivered,Mobile App,North Jason,OH
ORD-0009728,CUST-002050,2025-04-02,Shipped,Mobile App,Charleston,CA
ORD-0009151,CUST-002297,"November 04, 2024",Shipped,Web,Port Brandon,AZ
ORD-0011532,CUST-000549,2025-12-06,Delivered,Web,East Sandra,GA
ORD-0004998,CUST-001046,2026-01-13,Placed,Web,South Jamiestad,NY
ORD-0006709,CUST-001680,2026-05-31,Delivered,Web,West Katherinefurt,AZ
ORD-0001969,CUST-000442,2026-01-08,Delivered,Marketplace,Antonioport,WA
ORD-0000457,CUST-907827,2025-08-26,Delivered,Mobile App,West Robertmouth,GA
ORD-0008402,CUST-000726,2025-12-03,Processing,In-Store,East Ericabury,WA
ORD-0009634,CUST-001264,2026-01-09,Delivered,Web,New David,MI
ORD-0006014,CUST-002216,2026-07-28,Cancelled,Mobile App,North Alexandermouth,AZ
ORD-0002801,CUST-001128,2026-05-13,Processing,Mobile App,Osbornestad,FL
ORD-0010854,CUST-001461,2026-03-10,Delivered,Web,Brentmouth,TX
ORD-0000791,CUST-001990,2025-11-27,Delivered,Mobile App,South Brittanybury,TX
ORD-0000832,CUST-002023,21-Mar-2026,Delivered,Web,Brittanyland,CA
ORD-0002886,CUST-000841,2024-06-22,Delivered,Web,Chelseamouth,MI
ORD-0004092,CUST-001257,2026-08-03,Processing,Marketplace,Christopherside,CA
ORD-0008652,CUST-002320,2026-07-12,Placed,Web,West Julie,GA
ORD-0007315,CUST-002962,2026-07-15,Shipped,Mobile App,East Melanie,GA
ORD-0008719,CUST-980507,2026-07-28,Returned,In-Store,,OH
ORD-0000269,CUST-002404,2026-03-14,Delivered,Mobile App,East Jonathan,NC
ORD-0011519,CUST-002854,2026-08-18,Cancelled,Mobile App,Sergioside,GA
ORD-0010471,CUST-001885,02-Sep-2026,Delivered,Marketplace,West Chadmouth,NC
ORD-0005862,CUST-002386,2025-09-15,Delivered,Marketplace,Lake William,WA
ORD-0003906,CUST-000919,2026-01-18,Shipped,Mobile App,Tiffanyfort,TX
ORD-0011294,CUST-001017,2025-08-26,Delivered,Marketplace,Lake Angela,OH
ORD-0009506,CUST-002994,2023-12-31,Cancelled,Mobile App,New Nathanfurt,TX
ORD-0002370,CUST-000659,2026-08-01,Shipped,Web,Port Shaun,AZ
ORD-0000689,CUST-001176,2024-11-25,Delivered,Mobile App,West Christiefort,TX
ORD-0011254,CUST-001547,2024-08-19,Processing,Marketplace,Sandratown,WA
ORD-0001504,CUST-002342,2026-04-27,Delivered,Web,East Thomas,OH
ORD-0010647,CUST-001861,2024-03-26,Delivered,Marketplace,Nelsonland,AZ
ORD-0002986,CUST-000220,2025-10-16,Processing,Marketplace,South Melissa,NC
ORD-0001512,CUST-001697,2026-01-23,Delivered,In-Store,Mathewsfurt,TX
ORD-0000182,CUST-001972,2025-10-01,Delivered,Mobile App,Chadburgh,MI
ORD-0003998,CUST-002945,2025-11-23,Shipped,Marketplace,East Stephenbury,PA
ORD-0005027,CUST-000235,2026-02-11,Returned,Marketplace,Gonzalezside,CA
ORD-0008049,CUST-000604,2026-08-22,Placed,Mobile App,New Scotttown,CA
ORD-0004819,CUST-000300,2025-12-04,Processing,Web,Courtneyburgh,TX
ORD-0000440,CUST-000693,2026-04-02,Delivered,Web,Jennifershire,TX
ORD-0005046,CUST-001046,2025-12-14,Shipped,Web,South Donnachester,WA
ORD-0006567,CUST-002569,2025-04-14,Delivered,Mobile App,Lake John,NC
ORD-0007208,CUST-000612,2026-05-15,Returned,In-Store,Bryanview,WA
ORD-0003092,CUST-000566,2026-03-29,Delivered,Marketplace,Khantown,AZ
ORD-0003573,CUST-002463,2025-09-12,Shipped,Mobile App,Margaretbury,PA
ORD-0011362,CUST-002559,2026-03-10,Cancelled,Web,Lake Julieberg,NC
ORD-0006075,CUST-001009,2026-08-28,Shipped,Web,Wellsmouth,PA
ORD-0009136,CUST-000870,2026-02-11,sHIPPED,Web,East Jonathan,NY
ORD-0008801,CUST-002756,2026-07-08,Cancelled,Mobile App,Lake Suzannemouth,NC
ORD-0010602,CUST-002601,2024-06-21,Delivered,Web,Robertstad,NY
ORD-0001173,CUST-000352,2024-08-24,Delivered,Web,Ballfurt,PA
ORD-0007698,CUST-000360,2026-06-13,Delivered,Mobile App,Rhodesfurt,PA
ORD-0006183,CUST-002499,2026-02-15,Cancelled,Web,North Nathanmouth,MI
ORD-0006291,CUST-000834,2026-05-22,Delivered,Web,New Amandachester,MI
ORD-0005041,CUST-000056,2025-08-12,Processing,Marketplace,North Toddside,NC
ORD-0003070,CUST-000031,2026-05-25,Delivered,Mobile App,Kochport,WA
ORD-0002104,CUST-000854,2024-12-19,Shipped,Web,North Karenland,NC
ORD-0002406,CUST-002993,2026-03-24,Cancelled,Mobile App,Sabrinamouth,OH
ORD-0008313,CUST-000206,2026-02-26,Delivered,Mobile App,Kimberlyfurt,OH
ORD-0002403,CUST-002360,2025-12-21,Delivered,Web,East Jerry,FL
ORD-0005143,CUST-001351,2026-04-12,Shipped,Mobile App,North Marystad,IL
ORD-0004244,CUST-002863,2026-08-23,Returned,Mobile App,South Michaela,AZ
ORD-0008712,CUST-000479,2026-07-21,Cancelled,Web,Collinberg,GA
ORD-0001991,CUST-002365,2026-05-27,Processing,Marketplace,Deckerburgh,AZ
ORD-0006141,CUST-000398,2024-08-30,Delivered,Web,West Donnachester,CA
ORD-0004913,CUST-001728,2024-07-29,Processing,Web,Joelfort,CA
ORD-0003087,CUST-000630,2026-03-23,Shipped,Web,Kelseyshire,MI
ORD-0006979,CUST-000716,2026-06-12,Delivered,Web,Hallport,MI
ORD-0008598,CUST-000832,2026-01-23,Delivered,Marketplace,Jacobsville,NY
ORD-0010781,CUST-002056,2026-07-21,Placed,Marketplace,West Sarahland,NC
ORD-0003149,CUST-000303,2025-02-26,Shipped,Mobile App,,OH
ORD-0003772,CUST-001623,2026-03-01,Shipped,Marketplace,North Lisa,NY
ORD-0004255,CUST-000103,2025-01-18,Returned,Web,Rodriguezstad,AZ
ORD-0010807,CUST-000228,2026-03-14,Shipped,Mobile App,South Davidmouth,CA
ORD-0010231,CUST-000536,2026-07-28,Shipped,Web,New Josephmouth,TX
ORD-0009064,CUST-002708,2026-09-03,Delivered,Web,Lisaborough,PA
ORD-0002914,CUST-000816,2026-09-03,Shipped,Mobile App,Lake Darryl,TX
ORD-0008462,,2025-11-25,Processing,Web,Lake Jill,NC
ORD-0002330,CUST-000604,2026-08-09,Delivered,Marketplace,Port Dylanchester,IL
ORD-0008019,CUST-001881,2026-07-16,Processing,Mobile App,Kellyton,NC
ORD-0008979,CUST-002650,2026-05-13,Delivered,Mobile App,East Gregory,PA
ORD-0001187,CUST-002003,2026-04-12,Cancelled,Web,Millerville,AZ
ORD-0004195,CUST-000206,2025-11-12,Processing,Web,Nicholasview,FL
ORD-0008561,CUST-002317,2025-08-30,Shipped,Mobile App,North Joshuaborough,IL
ORD-0005109,CUST-002309,2026-02-28,Delivered,Mobile App,Lake Grantside,NC
ORD-0011932,CUST-000923,2024-12-27,Delivered,In-Store,Patrickville,NC
ORD-0002166,CUST-000393,2026-08-30,Processing,Web,East Geraldbury,FL
ORD-0006641,CUST-000962,2026-07-27,Delivered,Mobile App,South Brian,FL
ORD-0004280,CUST-002624,2026-02-09,Placed,Web,New Diamondview,WA
ORD-0007528,CUST-000981,2026-09-05,Cancelled,Web,Johnmouth,WA
ORD-0008999,CUST-002526,2026-09-05,Returned,Web,New Stephen,NY
ORD-0008647,CUST-000068,2024-11-30,Shipped,Mobile App,Port Darrylton,PA
ORD-0001647,CUST-000036,2025-12-10,Delivered,Web,Martinezview,NC
ORD-0012000,CUST-002030,2026-08-12,Processing,Marketplace,Jeffreyport,OH
ORD-0003545,CUST-000954,2026-07-30,Placed,Mobile App,East Danielchester,PA
ORD-0000710,CUST-002876,2025-10-08,Placed,Mobile App,Lake Lindatown,CA
ORD-0007902,CUST-002632,2026-08-12,Delivered,Web,Allenberg,NC
ORD-0010175,CUST-002076,2026-04-29,Shipped,Mobile App,North Jillianshire,IL
ORD-0002843,CUST-002295,2026-04-30,Delivered,In-Store,New Justinchester,FL
ORD-0010156,CUST-002474,2024-03-07,Placed,Mobile App,Ronaldfort,CA
ORD-0006398,CUST-001049,2026-04-30,Cancelled,Mobile App,Morganview,MI
ORD-0000117,CUST-000852,2025-10-12,Placed,Marketplace,Villanuevaborough,TX
ORD-0003283,CUST-002819,2024-06-14,Cancelled,Web,Gibsonland,TX
ORD-0009522,CUST-002683,2026-01-06,Processing,Web,Port Brettland,TX
ORD-0011843,CUST-002836,2026-08-10,Placed,Web,,AZ
ORD-0001573,CUST-001659,2026-06-13,Delivered,In-Store,North Amyland,NC
ORD-0007475,CUST-002761,2025-08-11,Delivered,Web,Gonzalezport,NC
ORD-0010401,CUST-002369,2024-12-10,Processing,Web,Lake Margaretville,IL
ORD-0005734,CUST-000159,2025-09-01,Returned,Web,Jasonville,GA
ORD-0007787,CUST-002156,2024-08-17,Processing,Web,Fishertown,NY
ORD-0003481,CUST-002033,2025-04-27,Cancelled,Mobile App,New Robert,GA
ORD-0005154,CUST-002777,2025-06-16,Delivered,Mobile App,,NC
ORD-0000130,CUST-972436,2025-03-29,Delivered,Mobile App,Alexanderburgh,AZ
ORD-0001910,CUST-001713,2025-11-22,Placed,Mobile App,Victorialand,CA
ORD-0008130,CUST-002640,2025-09-22,Shipped,Web,Port Brenda,FL
ORD-0004749,CUST-002175,2024-11-25,Cancelled,Web,Lake Tracyfort,GA
ORD-0000824,CUST-002420,2025-01-06,Processing,In-Store,Colemantown,MI
ORD-0009538,,2026-03-04,Delivered,Web,Meganmouth,NC
ORD-0007344,CUST-001592,2026-09-02,Delivered,Mobile App,North Allisonborough,GA
ORD-0002111,CUST-000303,2025-02-12,Placed,Web,Keithmouth,NC
ORD-0003913,CUST-002892,2025-06-09,Cancelled,Web,South Timothy,TX
ORD-0008464,CUST-002848,2026-06-11,Shipped,Mobile App,West Lucas,CA
ORD-0009985,CUST-002099,2025-12-29,Shipped,Mobile App,Thomasfurt,MI
ORD-0011929,CUST-001141,2026-08-19,Shipped,Mobile App,Ballardberg,IL
ORD-0003465,CUST-000226,02/14/2026,Delivered,In-Store,New Allen,TX
ORD-0008862,CUST-001621,2026-07-07,Shipped,Mobile App,Grossberg,NC
ORD-0002525,CUST-001357,02-Sep-2026,Processing,Marketplace,Emilyport,IL
ORD-0011900,CUST-000240,2026-05-26,Delivered,Web,New Stephaniehaven,NY
ORD-0011736,CUST-002657,2025-11-17,Returned,Mobile App,Schneiderview,AZ
ORD-0002316,CUST-002571,2024-11-30,Shipped,In-Store,South Thomasburgh,MI
ORD-0008882,CUST-001688,2026-08-23,Delivered,Mobile App,New Richard,PA
ORD-0005845,CUST-002855,2026-01-29,Delivered,Web,Jonathanberg,TX
ORD-0004652,CUST-000351,2025-11-16,Delivered,Web,Patrickside,NY
ORD-0001755,CUST-002588,2025-07-16,Placed,Marketplace,Trevorland,TX
ORD-0006145,CUST-001815,2026-04-15,Delivered,Mobile App,Calhounbury,WA
ORD-0001885,CUST-002972,2026-03-01,Processing,In-Store,Kempfort,TX
ORD-0008368,CUST-000260,2026-07-03,Placed,Marketplace,New Mark,CA
ORD-0006088,CUST-002672,2026-03-08,pROCESSING,In-Store,North Johnville,GA
ORD-0004283,CUST-002196,2026-02-10,Placed,Web,New Erinmouth,MI
ORD-0004719,CUST-000526,2025-11-16,Placed,Marketplace,Port Lauratown,CA
ORD-0000813,CUST-002999,2026-07-01,Delivered,Mobile App,Sandovaltown,PA
ORD-0011924,CUST-001476,2024-08-03,Placed,Mobile App,Sarahshire,TX
ORD-0002226,CUST-000320,2025-10-05,Processing,Web,South Traci,FL
ORD-0009791,CUST-000514,2025-05-01,Shipped,Marketplace,Odonnellstad,MI
ORD-0001337,CUST-002271,2024-11-28,Placed,Mobile App,Fuentesside,NC
ORD-0001530,CUST-001906,2026-05-29,Delivered,Web,West Brendaview,FL
ORD-0002564,CUST-001689,2025-04-18,Returned,Web,Michaelshire,IL
ORD-0008304,CUST-002510,2026-08-20,Placed,In-Store,East Heather,FL
ORD-0004808,CUST-000646,2025-09-16,Placed,In-Store,North Hailey,TX
ORD-0002292,CUST-000103,2026-08-13,Shipped,Web,Elizabethside,PA
ORD-0001182,CUST-001537,2025-05-13,Delivered,Mobile App,West Brandy,NC
ORD-0006273,CUST-002945,2025-06-27,Shipped,Mobile App,Walkerstad,WA
ORD-0009062,CUST-001985,2025-10-15,Delivered,Marketplace,North Jennifer,NY
ORD-0003169,CUST-002757,2026-03-18,Shipped,Web,Lake Karaview,WA
ORD-0003402,CUST-002852,2026-08-08,Processing,Mobile App,,NY
ORD-0009264,CUST-001311,2025-11-11,Delivered,Mobile App,Castrotown,AZ
ORD-0005072,CUST-000174,2024-10-24,Processing,Mobile App,Hodgesborough,MI
ORD-0005658,CUST-000655,2025-12-19,Delivered,Web,Simpsonburgh,WA
ORD-0000404,CUST-002052,2026-04-26,Delivered,Mobile App,Maryhaven,GA
ORD-0008335,CUST-001192,2025-09-23,Placed,Mobile App,Port Daniel,NY
ORD-0007844,CUST-002806,2026-06-23,SHIPPED,Mobile App,Mooreville,WA
ORD-0002535,CUST-001926,2025-04-09,Placed,Mobile App,Jonesville,FL
ORD-0007727,CUST-002563,2024-09-25,Cancelled,Web,Morganmouth,CA
ORD-0007436,CUST-000399,2026-05-25,Shipped,Web,West Ryanstad,OH
ORD-0000122,CUST-000160,2026-04-13,Processing,Marketplace,,IL
ORD-0009958,CUST-000998,2025-04-24,Shipped,Web,West Natalieborough,OH
ORD-0001215,CUST-000381,2026-08-23,Shipped,Web,North Zachary,NY
ORD-0002181,CUST-002968,2025-12-28,Delivered,Mobile App,Jerryview,PA
ORD-0004393,CUST-001965,2026-05-11,Delivered,Mobile App,East Heather,MI
ORD-0001041,CUST-961079,2025-07-12,Delivered,Web,East Darrell,NC
ORD-0004363,CUST-002541,2024-07-30,Delivered,Marketplace,Julialand,MI
ORD-0002178,CUST-000938,2025-11-18,Shipped,Marketplace,Andrewmouth,IL
ORD-0004797,CUST-911356,2026-05-23,Delivered,Mobile App,Davidside,MI
ORD-0010316,CUST-000025,2026-09-02,Delivered,Marketplace,Justinmouth,NC
ORD-0011269,CUST-000966,2025-04-17,Processing,Mobile App,New Brian,CA
ORD-0011057,CUST-000911,2024-03-01,Delivered,Marketplace,Hurstfort,OH
ORD-0004022,CUST-001716,2026-07-13,Placed,In-Store,North Sarah,FL
ORD-0002632,CUST-002000,2025-06-11,Delivered,In-Store,Burtonhaven,NC
ORD-0008496,CUST-002727,"June 12, 2026",Placed,Marketplace,West Lukeland,OH
ORD-0008586,CUST-002492,2025-09-06,Processing,Web,Trujilloport,TX
ORD-0005071,CUST-000962,2026-06-27,Delivered,Marketplace,Port Joy,IL
ORD-0009232,CUST-002274,2025-12-04,Placed,Mobile App,Robertshire,FL
ORD-0000091,CUST-994717,2026-04-14,Delivered,Web,Port Jennifer,NY
ORD-0011785,CUST-001628,2026-05-09,Delivered,In-Store,Georgemouth,AZ
ORD-0001208,CUST-002961,2026-03-05,Processing,Mobile App,New Christopher,TX
ORD-0010350,CUST-000566,2025-10-09,Processing,Web,West Chloehaven,MI
ORD-0003801,CUST-908307,2025-09-21,Processing,Web,North Cherylport,AZ
ORD-0004556,CUST-002094,2026-07-24,Processing,Web,Maryport,FL
ORD-0001602,CUST-000830,2026-06-18,Processing,Web,Alexanderside,AZ
ORD-0003485,CUST-001672,2025-11-09,Delivered,Web,Lake Christopher,TX
ORD-0001032,CUST-002590,2026-06-19,Placed,Mobile App,North Rachelfort,WA
ORD-0000711,CUST-000142,2026-04-06,Placed,Web,East Sarabury,OH
ORD-0009037,CUST-001422,2025-02-14,Processing,Mobile App,,MI
ORD-0007024,CUST-001271,2024-10-28,Delivered,Mobile App,Adkinshaven,AZ
ORD-0006185,CUST-002754,2026-08-29,Shipped,Mobile App,Rickyton,OH
ORD-0005451,CUST-001506,2026-07-15,Cancelled,Web,Randystad,NY
ORD-0010429,,2026-02-04,Placed,Mobile App,Smithview,TX
ORD-0007500,CUST-001239,2026-08-22,Delivered,Web,Andrewmouth,NC
ORD-0004310,CUST-000434,2026-06-19,Processing,Web,Sullivanchester,PA
ORD-0000118,CUST-001706,2026-02-04,Processing,Web,Port Allisonbury,GA
ORD-0001564,CUST-000371,2026-07-09,Shipped,Web,New Heather,CA
ORD-0006722,CUST-000319,2025-06-29,Shipped,Mobile App,Matthewsville,MI
ORD-0010031,CUST-002542,2026-08-24,Delivered,Mobile App,New Devinport,AZ
ORD-0002045,CUST-001256,2026-07-24,Shipped,Mobile App,Lake Jessica,IL
ORD-0004636,CUST-002317,2026-01-26,Returned,Mobile App,South Darrellton,CA
ORD-0000406,CUST-000880,2025-10-19,Cancelled,Marketplace,Lake Nathan,NC
ORD-0002491,CUST-000302,2025-12-15,Processing,Mobile App,East Crystalview,IL
ORD-0004580,CUST-002810,2025-03-03,Delivered,Web,West Alexisfurt,AZ
ORD-0007749,CUST-002868,2026-05-26,Returned,Web,Adkinstown,MI
ORD-0005224,CUST-000991,"April 06, 2026",Cancelled,Mobile App,New April,NC
ORD-0002613,CUST-002212,2025-02-19,Placed,Web,Pittmanbury,MI
ORD-0004805,CUST-000915,2026-04-14,Processing,Mobile App,Ellisonmouth,PA
ORD-0007387,CUST-001421,2025-04-08,Cancelled,Mobile App,South Kevin,GA
ORD-0000631,CUST-002776,2025-12-21,Delivered,Web,Howellmouth,OH
ORD-0004972,CUST-002884,2025-09-06,Delivered,Web,Lake Melissa,FL
ORD-0001522,CUST-002711,2026-05-10,Cancelled,Web,Jenniferville,TX
ORD-0006794,CUST-001780,2024-09-22,Returned,Mobile App,Blakemouth,GA
ORD-0008145,CUST-001963,2025-12-26,Shipped,Web,Cruzland,TX
ORD-0011517,CUST-002238,2026-09-01,Returned,Mobile App,New Petermouth,NC
ORD-0006790,CUST-001413,2026-08-17,Shipped,Web,West Lisa,CA
ORD-0009144,CUST-001423,2026-03-18,Delivered,Web,Brownmouth,NY
ORD-0001686,CUST-001253,2026-07-17,Delivered,Web,Gonzalezfort,MI
ORD-0009357,CUST-000773,2025-01-23,Processing,Web,,OH
ORD-0000425,CUST-002430,2026-04-23,Placed,Web,North Douglasfort,WA
ORD-0003508,CUST-000547,2025-11-01,Delivered,Web,South William,CA
ORD-0007594,CUST-002863,2026-08-29,Shipped,Web,Paulstad,CA
ORD-0008860,CUST-000954,2026-07-27,Delivered,Mobile App,Sarahburgh,GA
ORD-0007563,CUST-002575,"December 18, 2024",Shipped,Marketplace,Morenohaven,CA
ORD-0000099,CUST-000050,2026-04-18,Delivered,Web,Larsenview,MI
ORD-0001161,CUST-002021,2026-06-17,Delivered,Marketplace,Erinview,IL
ORD-0003826,CUST-002276,2026-05-31,Delivered,Web,Jasonstad,CA
ORD-0008941,CUST-000323,2026-07-22,Cancelled,Mobile App,New Warren,FL
ORD-0010651,CUST-002133,2026-04-09,Delivered,Mobile App,Moniquechester,OH
ORD-0003024,CUST-000205,2026-07-21,Returned,In-Store,Adamstown,MI
ORD-0006871,CUST-002034,2025-12-01,PROCESSING,Mobile App,Matthewburgh,OH
ORD-0010843,CUST-001969,2026-08-25,Delivered,In-Store,Jessicaberg,NC
ORD-0004293,CUST-000896,2025-05-18,Delivered,Web,Annestad,NY
ORD-0001292,CUST-001249,2026-08-06,Returned,Web,New Rachelmouth,FL
ORD-0009188,CUST-000606,2026-01-21,Placed,Mobile App,Annaland,OH
ORD-0011597,CUST-002378,2024-07-05,Shipped,Web,Liburgh,OH
ORD-0002065,CUST-001585,2026-05-29,Placed,Web,Singhmouth,NC
ORD-0001396,CUST-978285,2025-09-02,Placed,Mobile App,Katieborough,FL
ORD-0006744,CUST-001377,2026-04-30,Shipped,Mobile App,Rodriguezchester,GA
ORD-0009147,CUST-001132,2025-12-25,Delivered,Mobile App,Christinaton,AZ
ORD-0006479,CUST-002069,2025-10-06,Processing,Marketplace,New Benjamin,NY
ORD-0008791,CUST-001019,2026-07-15,Delivered,Marketplace,Port Joshua,MI
ORD-0009094,CUST-000512,2025-08-19,Shipped,Mobile App,North Kerri,NY
ORD-0001770,CUST-002879,2026-06-27,Cancelled,Mobile App,Fosterberg,PA
ORD-0010659,CUST-001118,2025-10-08,Delivered,Web,Port Melissaton,WA
ORD-0004005,CUST-000313,2026-07-26,Shipped,Mobile App,New Sharonchester,AZ
ORD-0000825,CUST-001508,2025-01-31,Delivered,Mobile App,Lake Jeremiah,AZ
ORD-0003219,CUST-002244,2024-07-03,Shipped,Web,Coopershire,NC
ORD-0008998,CUST-001832,2025-11-14,Shipped,Marketplace,,NC
ORD-0006617,CUST-000384,2026-09-03,Returned,Mobile App,Lake Samantha,AZ
ORD-0007153,CUST-001670,07/23/2026,Delivered,In-Store,West Lydiatown,MI
ORD-0007481,CUST-001069,2026-08-05,Shipped,Web,Kimberlyport,FL
ORD-0003852,CUST-000328,2025-12-11,Placed,Mobile App,North Josephport,CA
ORD-0010436,CUST-002207,2025-10-14,Cancelled,Web,Katherinebury,NC
ORD-0005898,CUST-000001,2026-06-30,Delivered,Marketplace,Kristinaville,GA
ORD-0002790,CUST-002417,2026-04-28,Shipped,Web,Lake Eric,PA
ORD-0001084,CUST-002754,2026-08-30,Shipped,Marketplace,Monroeborough,FL
ORD-0002083,CUST-979619,2026-05-07,Placed,Marketplace,Deborahside,AZ
ORD-0008283,CUST-000776,2026-04-21,Placed,Web,Anthonyborough,CA
ORD-0000622,CUST-000543,2024-08-23,Processing,Mobile App,East Samantha,NC
ORD-0007728,CUST-001163,30-Dec-2025,Cancelled,Marketplace,Jamesside,MI
ORD-0009083,CUST-001053,2026-08-01,Shipped,Mobile App,Barnesshire,MI
ORD-0010650,CUST-002695,2026-08-31,Processing,Web,New Chris,GA
ORD-0008038,CUST-000288,2026-01-26,Shipped,Mobile App,Elizabethburgh,NC
ORD-0002041,CUST-000229,2025-03-11,Placed,Marketplace,Dennistown,NY
ORD-0009946,CUST-001981,2026-05-15,Processing,Mobile App,Johnfurt,CA
ORD-0004180,CUST-002356,2026-01-29,Shipped,Web,Lake Elaine,AZ
ORD-0004369,CUST-001345,2025-10-14,Delivered,Web,Lucasburgh,GA
ORD-0004571,CUST-000575,2026-01-08,Delivered,Mobile App,Rothport,CA
ORD-0000629,CUST-002650,2026-05-09,Placed,Web,Sylvialand,CA
ORD-0011505,CUST-002686,2026-07-22,Delivered,Web,Rachaelstad,GA
ORD-0000105,CUST-000926,2025-11-02,Delivered,Mobile App,South Aaronberg,CA
ORD-0004687,CUST-002997,2025-06-04,SHIPPED,Mobile App,New Heather,NY
ORD-0002709,CUST-002925,2026-01-28,Shipped,Web,New Ericville,AZ
ORD-0000644,CUST-000630,2026-05-18,Placed,Mobile App,Barnesshire,OH
ORD-0008572,CUST-000577,2026-07-22,Delivered,Mobile App,Diazside,AZ
ORD-0006461,CUST-001847,2025-12-23,shipped,Web,Martinezton,AZ
ORD-0004950,CUST-001784,2025-09-13,Delivered,In-Store,New Richard,FL
ORD-0002485,CUST-002500,2026-07-16,Delivered,Web,Lake Dariusland,IL
ORD-0010029,CUST-000500,2026-09-01,Delivered,Web,Mooreshire,GA
ORD-0010638,CUST-000325,2026-02-26,Delivered,Web,Ramirezberg,MI
ORD-0006168,CUST-001676,2026-05-30,Delivered,Web,Johnsonborough,TX
ORD-0007154,CUST-001653,2026-07-25,Cancelled,Mobile App,Sherrymouth,NC
ORD-0010360,CUST-002429,2026-08-16,Delivered,Web,New Gregory,CA
ORD-0010543,CUST-001972,2025-12-16,Processing,In-Store,West Jasonmouth,PA
ORD-0001469,CUST-001911,2026-04-08,Placed,Mobile App,Port Ronaldburgh,NY
ORD-0006850,CUST-001717,2026-01-01,Processing,In-Store,New Meghan,FL
ORD-0004707,CUST-002339,"November 23, 2025",Cancelled,Marketplace,South Jason,OH
ORD-0011944,CUST-000952,2025-07-05,Placed,Web,Santoshaven,CA
ORD-0003816,CUST-001089,2026-03-13,Shipped,Marketplace,North Dylanville,WA
ORD-0004503,CUST-001089,2026-08-17,Placed,In-Store,Lake John,OH
ORD-0007965,CUST-002443,2025-03-26,Delivered,Marketplace,Lake Debrahaven,GA
ORD-0008067,CUST-000825,2026-07-11,Shipped,Marketplace,Annetteberg,GA
ORD-0005424,CUST-001528,2026-07-17,Processing,Web,Vancemouth,OH
ORD-0009011,CUST-001677,2026-09-04,Delivered,Marketplace,East Margaret,IL
ORD-0000732,CUST-000376,2025-12-07,Delivered,Mobile App,Jennyburgh,NY
ORD-0002133,CUST-002993,2025-03-10,delivered,Web,Youngbury,FL
ORD-0009690,CUST-001286,2024-12-11,Shipped,In-Store,East Kathleen,WA
ORD-0007726,CUST-002583,2026-01-05,Delivered,In-Store,Brittneyfort,FL
ORD-0008062,CUST-000114,2026-03-08,Processing,Mobile App,Deborahville,GA
ORD-0001314,CUST-000185,2024-11-11,Shipped,Web,Tranfurt,NY
ORD-0005031,CUST-000968,2024-10-22,Delivered,Web,Hudsonmouth,TX
ORD-0009881,CUST-001304,2026-08-30,Delivered,Web,Lake Todd,TX
ORD-0005740,CUST-001699,2026-08-16,Delivered,Marketplace,Clarkville,FL
ORD-0007786,CUST-001359,2025-05-15,Placed,Mobile App,Codyburgh,OH
ORD-0009641,CUST-000387,2026-06-30,Delivered,Marketplace,,IL
ORD-0009954,CUST-000012,2026-03-18,Cancelled,In-Store,Triciahaven,NC
ORD-0008595,CUST-001790,2026-07-30,Delivered,Web,Robertsonland,WA
ORD-0001064,CUST-002803,2024-11-23,Delivered,In-Store,Saunderschester,NY
ORD-0004217,CUST-000899,2025-06-30,Delivered,Mobile App,Sanchezhaven,GA
ORD-0006854,CUST-001575,2026-01-18,Shipped,Web,North Ryanberg,NC
ORD-0007052,CUST-000375,2024-06-06,Placed,Web,South Tannerfurt,NC
ORD-0005088,CUST-002026,2026-06-21,Delivered,Marketplace,Lake Bryanmouth,OH
ORD-0000867,CUST-002831,2025-08-05,Shipped,Web,Jennifermouth,CA
ORD-0006131,CUST-000829,2025-10-19,Delivered,Mobile App,Rosariomouth,MI
ORD-0002471,CUST-002366,2026-07-22,Shipped,Web,Anitaborough,CA
ORD-0004372,CUST-001708,2025-11-16,Cancelled,Mobile App,East Christopherbury,WA
ORD-0003700,CUST-001715,2026-07-05,Delivered,Web,East Rosemouth,WA
ORD-0007579,CUST-000773,2025-11-17,Delivered,Mobile App,,TX
ORD-0000315,CUST-001032,2026-08-22,Shipped,Mobile App,East Benjamintown,FL
ORD-0004295,CUST-000480,2025-01-19,Processing,In-Store,South Robert,GA
ORD-0010698,CUST-002701,2026-09-01,Delivered,Web,Carlsonhaven,CA
ORD-0007615,CUST-000942,2026-09-02,Processing,Web,West Alexandria,CA
ORD-0004888,CUST-000879,2026-08-22,Shipped,Web,New April,MI
ORD-0007202,CUST-001392,2026-08-30,Placed,In-Store,Martinezborough,MI
ORD-0004171,CUST-000473,2026-03-26,Placed,Mobile App,South Tyler,WA
ORD-0000353,CUST-001610,2026-08-28,Processing,Marketplace,Timothyborough,NC
ORD-0002961,CUST-002713,2024-12-14,Delivered,Mobile App,Jasonview,NY
ORD-0001698,CUST-000267,2026-01-05,Processing,Mobile App,Port Cody,GA
ORD-0008015,,2026-05-18,Shipped,Web,West Garrettfort,CA
ORD-0004385,CUST-000944,2024-12-20,Placed,Web,Port Nicholas,WA
ORD-0011769,CUST-002140,2025-03-15,Delivered,Marketplace,West Kathryn,WA
ORD-0007934,CUST-001130,2026-07-01,Cancelled,Mobile App,Andersontown,NC
ORD-0011053,CUST-001935,2025-06-01,Processing,In-Store,South Paulside,IL
ORD-0006644,CUST-000882,2026-08-20,Delivered,Web,New Joyburgh,FL
ORD-0001525,CUST-001330,02/23/2025,Delivered,Web,Littlefurt,WA
ORD-0002959,CUST-000393,2026-07-18,Shipped,Web,Seanstad,GA
ORD-0007356,CUST-000960,2026-02-13,Processing,In-Store,Jessicaside,NC
ORD-0000042,CUST-002904,2025-04-15,Delivered,Web,North Charlottemouth,AZ
ORD-0004852,CUST-001640,2026-08-16,Delivered,In-Store,,CA
ORD-0000916,CUST-000599,2025-11-25,Returned,Web,Port Courtney,CA
ORD-0002494,CUST-002582,2026-08-28,Cancelled,Marketplace,Whitestad,OH
ORD-0000804,CUST-000603,17-Jul-2025,Cancelled,Mobile App,Carolineview,WA
ORD-0007675,CUST-000474,2026-06-29,Delivered,Mobile App,Salinasburgh,AZ
ORD-0010178,CUST-002929,2026-07-13,Delivered,Web,Linbury,GA
ORD-0007214,CUST-002547,2026-07-02,Returned,Mobile App,Kleinfort,GA
ORD-0009406,CUST-000918,"May 14, 2026",Placed,Web,Richardsshire,WA
ORD-0011767,CUST-001448,2024-09-19,Placed,Web,Lake Danielle,NY
ORD-0000875,CUST-002102,2026-08-18,Shipped,Web,Michaelshire,PA
ORD-0004292,CUST-001425,2026-08-01,Processing,In-Store,Mccormickborough,FL
ORD-0001071,CUST-002264,2026-08-14,Placed,Web,Michaelborough,PA
ORD-0000682,,2026-04-08,Shipped,Mobile App,East Brian,FL
ORD-0003753,CUST-002899,2026-08-05,Shipped,Marketplace,East Barrytown,GA
ORD-0002218,CUST-001750,2026-08-03,Processing,Web,Pierceside,IL
ORD-0008774,CUST-001644,2025-07-01,Processing,Web,Brownstad,OH
ORD-0009839,CUST-001610,2026-05-16,Delivered,Mobile App,Yorkburgh,OH
ORD-0005914,CUST-002246,2025-12-27,Delivered,Mobile App,Robinbury,IL
ORD-0002707,CUST-002366,2025-05-23,Placed,Mobile App,West Nina,IL
ORD-0004926,CUST-000728,2025-05-26,Processing,Web,North Dianeton,GA
ORD-0010000,CUST-001230,2025-11-23,Cancelled,Marketplace,East Francestown,AZ
ORD-0009003,CUST-000506,2025-04-12,Shipped,Mobile App,Lake Mark,WA
ORD-0009279,CUST-001323,2026-01-24,Processing,Web,Martinezstad,MI
ORD-0008913,CUST-002104,2025-07-01,Delivered,Mobile App,Port Jamesmouth,GA
ORD-0004748,CUST-000284,2026-06-22,Placed,Marketplace,Schmidtborough,OH
ORD-0011440,CUST-000772,2026-08-27,Placed,Web,West Amy,WA
ORD-0009070,CUST-000884,2024-10-30,Cancelled,Web,Port Danielville,OH
ORD-0009180,CUST-002800,2024-09-28,Delivered,Web,Williehaven,OH
ORD-0010693,CUST-000882,2026-08-16,Delivered,Web,Hillhaven,PA
ORD-0002819,CUST-002811,2026-01-18,Delivered,Web,Charlestown,CA
ORD-0007518,CUST-002892,2025-04-05,Delivered,Marketplace,South Cheryl,CA
ORD-0010667,CUST-000463,2025-07-04,Shipped,Web,Port Andrewberg,AZ
ORD-0003029,CUST-002196,2026-02-07,Delivered,Mobile App,,GA
ORD-0002601,CUST-000696,2026-05-07,Placed,Web,East Timothy,WA
ORD-0011845,CUST-002245,2026-08-04,Delivered,Mobile App,Mcleanville,WA
ORD-0003371,CUST-000032,2023-12-16,Processing,Web,Davisville,GA
ORD-0009295,CUST-001981,2026-06-05,Shipped,Web,Port Kevin,OH
ORD-0005068,CUST-002159,2026-07-24,Delivered,Mobile App,North Williammouth,PA
ORD-0005476,CUST-001359,2024-06-13,Placed,Web,Lanebury,MI
ORD-0004906,CUST-002090,"February 13, 2026",Shipped,Mobile App,Ashleyfort,CA
ORD-0011697,CUST-001503,2025-11-17,Shipped,In-Store,Patrickville,MI
ORD-0010627,CUST-000866,2026-05-26,Processing,Web,Geraldshire,MI
ORD-0005517,CUST-001329,"August 10, 2024",Delivered,In-Store,Lewisburgh,FL
ORD-0000973,,2026-02-20,Delivered,Mobile App,North Michaelview,AZ
ORD-0003094,CUST-001019,2026-08-07,Delivered,Marketplace,,WA
ORD-0005414,CUST-002235,2026-06-17,Shipped,Web,West Kimberlyburgh,PA
ORD-0001603,CUST-001576,2026-02-04,Cancelled,Marketplace,Hurleyfurt,NY
ORD-0005245,CUST-002481,2026-08-31,Delivered,Mobile App,Kentstad,GA
ORD-0008069,CUST-001400,2026-07-13,Placed,Mobile App,West Jessicaview,MI
ORD-0006175,CUST-002744,2024-01-05,Delivered,Marketplace,West Frank,GA
ORD-0000345,CUST-001839,2026-06-28,Delivered,Marketplace,East Williamshire,AZ
ORD-0003863,CUST-001221,2023-12-31,Placed,In-Store,North Evelynton,GA
ORD-0005574,CUST-001555,2026-01-17,Placed,Marketplace,Travischester,IL
ORD-0001472,CUST-002505,2025-10-18,Cancelled,Web,Tannerside,NC
ORD-0006897,CUST-000064,2024-08-30,Shipped,Mobile App,South Jamesburgh,TX
ORD-0007022,CUST-001030,2026-04-20,Placed,Mobile App,Lake Diana,GA
ORD-0008625,CUST-000696,2026-01-28,Returned,In-Store,Michellefurt,OH
ORD-0007395,CUST-000291,2025-09-22,Shipped,Mobile App,West Melissahaven,GA
ORD-0009187,CUST-000884,2026-01-25,Shipped,Marketplace,Villaberg,CA
ORD-0003338,CUST-002131,2026-06-19,Delivered,In-Store,Stephaniemouth,NC
ORD-0002099,CUST-000762,2024-04-17,Shipped,Web,East Justinburgh,OH
ORD-0007679,CUST-001700,2025-06-19,Placed,In-Store,North Stephanie,AZ
ORD-0006929,CUST-001922,"August 12, 2025",Returned,Mobile App,East Williamtown,IL
ORD-0002583,CUST-000751,2026-08-29,Shipped,Marketplace,New Dylanburgh,CA
ORD-0006643,CUST-000711,2024-04-07,Processing,Marketplace,Cummingsfort,GA
ORD-0010407,CUST-000855,2025-11-02,Placed,Mobile App,Jessicaborough,PA
ORD-0001433,CUST-002942,2024-12-13,Returned,Mobile App,Tonybury,CA
ORD-0006026,CUST-000113,2026-07-27,Delivered,Marketplace,Port Andrewmouth,GA
ORD-0006126,CUST-000573,2026-03-21,Delivered,Mobile App,South Wendymouth,NY
ORD-0002866,CUST-002447,2025-08-13,Placed,Mobile App,Port Carriemouth,GA
ORD-0009135,CUST-002918,2026-08-24,Placed,Web,East Heather,TX
ORD-0002579,CUST-001831,2025-08-19,Placed,Mobile App,Lake Allenburgh,MI
ORD-0005356,,2026-02-01,Delivered,Mobile App,Hullchester,CA
ORD-0002290,CUST-001390,2026-01-18,Cancelled,Mobile App,Amandaside,NC
ORD-0007440,CUST-002082,2026-08-15,Placed,In-Store,Lake Deborah,CA
ORD-0008832,CUST-002709,2026-02-27,Processing,Mobile App,Peterschester,OH
ORD-0009476,CUST-002720,2026-07-08,Delivered,Web,Pamelaport,GA
ORD-0001794,CUST-000208,2026-07-15,Processing,Web,Kaylaland,IL
ORD-0009105,CUST-002647,2025-01-02,Cancelled,Web,New Danielland,FL
ORD-0004747,CUST-000616,2025-02-24,Shipped,Web,Paulfort,FL
ORD-0006514,CUST-001934,2026-05-14,Shipped,Marketplace,New Stephenville,CA
ORD-0002955,CUST-002188,2024-09-09,Shipped,Web,Port Katherineside,OH
ORD-0004222,CUST-001782,2026-04-20,Cancelled,Mobile App,New Willie,AZ
ORD-0002377,CUST-002338,2024-09-03,Processing,Web,Jeffreyville,AZ
ORD-0007662,CUST-002169,2026-08-18,Processing,Web,Johnfurt,AZ
ORD-0004750,CUST-000347,2026-03-02,DELIVERED,Mobile App,New Susan,OH
ORD-0003241,CUST-000341,2026-08-22,Delivered,Marketplace,Julieland,TX
ORD-0006616,CUST-002271,2026-01-30,Shipped,Mobile App,Evanstad,WA
ORD-0011320,CUST-001137,2026-01-24,Delivered,Web,Lake Sabrinaton,FL
ORD-0008560,CUST-002352,2025-10-30,Delivered,Marketplace,Kevinport,NC
ORD-0003377,CUST-002438,2026-03-12,Placed,Web,Lake Amber,CA
ORD-0006653,CUST-002461,31-May-2026,pROCESSING,Marketplace,Lake Carlosview,GA
ORD-0011603,CUST-000292,2026-07-23,Cancelled,Web,Gibsonshire,AZ
ORD-0010709,CUST-002717,2026-03-01,Placed,Marketplace,Lynchburgh,PA
ORD-0009598,CUST-002735,2026-01-28,Shipped,Web,Laurachester,FL
ORD-0001206,CUST-001880,2026-01-18,Delivered,Mobile App,South Cody,CA
ORD-0011026,CUST-001021,2026-05-13,Returned,Mobile App,New Brianna,MI
ORD-0008709,CUST-001322,2026-05-07,Placed,Web,,WA
ORD-0011076,CUST-001191,2026-08-29,Returned,Marketplace,Port Leahview,GA
ORD-0006446,CUST-000946,2026-07-29,cancelled,Mobile App,Gabrielleville,CA
ORD-0007175,CUST-002880,2026-01-02,Returned,Web,North Anthony,IL
ORD-0002824,CUST-002708,2026-09-04,Delivered,Web,Lake David,FL
ORD-0008032,CUST-002250,2026-01-01,Delivered,Web,Danielhaven,WA
ORD-0008886,CUST-002219,2026-06-28,Shipped,Web,Port Matthew,TX
ORD-0011837,CUST-000409,2026-02-20,Delivered,Mobile App,Maryshire,GA
ORD-0007468,CUST-000490,2026-07-01,Processing,Mobile App,West Robert,FL
ORD-0001247,CUST-002809,2025-10-05,Cancelled,Mobile App,Foxhaven,WA
ORD-0004579,CUST-001599,2026-06-20,Delivered,Web,New Jacqueline,IL
ORD-0003351,CUST-002146,2025-08-06,Cancelled,In-Store,West Luis,OH
ORD-0003132,CUST-002604,2026-04-22,Delivered,Web,Millerfort,NY
ORD-0006498,CUST-002791,2026-07-21,Delivered,Marketplace,West Rubenfort,FL
ORD-0011723,CUST-000617,2024-08-04,Processing,Marketplace,South Lauraton,NC
ORD-0003354,CUST-000731,2025-07-24,Delivered,Web,East Joycetown,GA
ORD-0009191,CUST-002981,2026-06-10,Delivered,Mobile App,Mcdonaldmouth,PA
ORD-0005290,CUST-000261,"May 05, 2026",Placed,Mobile App,West Lisafort,FL
ORD-0011799,CUST-001105,2025-08-29,Placed,Web,New Tylerstad,OH
ORD-0010662,CUST-001437,2026-02-23,Processing,Mobile App,,WA
ORD-0010523,CUST-002107,2026-06-06,Delivered,Marketplace,Grayton,FL
ORD-0001793,CUST-002129,2025-09-11,Returned,Web,New Alexaberg,IL
ORD-0006028,CUST-000872,2026-02-01,Processing,Web,South Catherine,AZ
ORD-0007723,CUST-001136,2026-05-18,Delivered,Marketplace,Johnshire,PA
ORD-0002805,CUST-000454,2026-08-17,Placed,Mobile App,West Suestad,PA
ORD-0008672,CUST-000001,2026-05-27,Shipped,Mobile App,South Sonia,WA
ORD-0010636,CUST-000250,2026-01-01,Processing,Mobile App,Lake Joseph,TX
ORD-0009884,CUST-001650,2026-08-28,dELIVERED,Mobile App,Bryanburgh,NY
ORD-0001838,CUST-001444,2024-05-02,Delivered,Mobile App,Peterfurt,NY
ORD-0008525,CUST-002380,2024-12-21,Shipped,Mobile App,New Amanda,GA
ORD-0010347,CUST-002875,2025-10-12,Shipped,Marketplace,Andresfort,PA
ORD-0003131,CUST-002411,2026-08-16,Delivered,Web,Mcguiremouth,MI
ORD-0002019,CUST-002807,2026-07-01,Placed,Mobile App,New Ashleytown,GA
ORD-0007642,CUST-001655,2026-09-03,Cancelled,Web,Martinmouth,NC
ORD-0003049,CUST-001172,2025-06-01,PLACED,Mobile App,East Christopherbury,OH
ORD-0004294,CUST-002134,2025-01-12,Delivered,Mobile App,Lake Bradyfort,CA
ORD-0009557,CUST-002339,2025-07-27,Shipped,In-Store,Port Trevor,IL
ORD-0004587,CUST-000068,2024-10-21,CANCELLED,Mobile App,Dunnport,WA
ORD-0008138,CUST-000228,2026-03-18,Shipped,Mobile App,Mariaport,GA
ORD-0008396,CUST-000323,2025-10-27,SHIPPED,Mobile App,Sanchezhaven,FL
ORD-0002177,CUST-002321,2026-06-21,Cancelled,Mobile App,Espinozahaven,CA
ORD-0005762,CUST-000037,2025-02-18,Shipped,Web,New Christiefurt,FL
ORD-0001298,CUST-002639,08/22/2026,Delivered,Web,Lake Nicolemouth,NY
ORD-0006877,CUST-000471,2026-03-08,Delivered,Marketplace,North Kathy,CA
ORD-0000855,CUST-000063,2025-02-23,Processing,Mobile App,West Austin,GA
ORD-0003396,CUST-000096,2026-08-18,Delivered,Mobile App,Jeremyville,CA
ORD-0003484,CUST-002780,2025-03-30,Placed,Mobile App,Mooreshire,NC
ORD-0002735,CUST-000188,2025-08-20,Shipped,Mobile App,Meyershire,TX
ORD-0009831,CUST-002383,2025-05-24,Returned,Mobile App,Spencerview,FL
ORD-0011138,CUST-002471,2026-08-06,Delivered,Web,Lake Edgar,MI
ORD-0011235,CUST-002191,2026-08-20,Shipped,In-Store,Lake Troy,PA
ORD-0007216,CUST-000279,2026-08-11,Shipped,In-Store,West Elizabeth,AZ
ORD-0004596,CUST-000741,2026-06-01,Delivered,Web,New Matthewberg,OH
ORD-0010298,CUST-001746,2026-01-30,Shipped,Web,Sharonland,IL
ORD-0010653,CUST-000975,2026-02-26,Delivered,Mobile App,East Lisa,OH
ORD-0009477,CUST-000118,2026-02-11,Cancelled,In-Store,South Victoriastad,NC
ORD-0001621,CUST-000169,2026-08-08,Placed,Mobile App,Lake Brandonborough,TX
ORD-0009606,CUST-000737,12/30/2025,Placed,Mobile App,Rodriguezborough,PA
ORD-0009186,CUST-001181,2025-10-15,Shipped,Web,North Paul,FL
ORD-0000921,CUST-000726,2025-04-30,Shipped,Web,Timothybury,IL
ORD-0007710,CUST-002603,2026-08-29,Shipped,Marketplace,Sonyastad,PA
ORD-0004701,CUST-002094,2026-08-13,Shipped,Mobile App,Matthewside,CA
ORD-0002250,CUST-002128,2026-06-01,Cancelled,Mobile App,North Jenny,CA
ORD-0001310,CUST-000015,2026-05-06,Placed,Marketplace,,NY
ORD-0008118,CUST-001475,2026-06-26,Cancelled,In-Store,East Larry,TX
ORD-0006081,CUST-002332,2024-09-29,Processing,Mobile App,Janetbury,CA
ORD-0006677,CUST-001067,2025-09-13,Processing,Web,Whiteview,NY
ORD-0001922,CUST-000525,2026-03-19,Shipped,Mobile App,New Jennifermouth,NC
ORD-0007637,CUST-000665,2026-05-25,Returned,Mobile App,Davidstad,GA
ORD-0011864,CUST-000766,2026-02-12,Shipped,Marketplace,East Cherylchester,PA
ORD-0007851,CUST-001376,2026-04-30,Shipped,Mobile App,South Jenniferside,NY
ORD-0004211,CUST-002210,2024-11-12,Cancelled,Mobile App,Tammystad,OH
ORD-0002784,,2026-03-20,Delivered,Web,Sarahchester,GA
ORD-0006860,CUST-002374,2026-06-10,Processing,Marketplace,Port Morganmouth,TX
ORD-0010448,CUST-000307,2026-09-03,Delivered,Mobile App,Hardinshire,NC
ORD-0000355,CUST-002251,2026-04-02,Cancelled,Mobile App,Harrisland,NC
ORD-0006299,CUST-001037,2026-01-04,Delivered,Marketplace,Lake Monique,NC
ORD-0011551,CUST-002882,2026-05-17,Placed,Web,Tannertown,FL
ORD-0007780,CUST-002615,2026-07-17,Delivered,In-Store,New Saraberg,TX
ORD-0005856,CUST-001471,2025-10-02,Shipped,In-Store,Mullenmouth,TX
ORD-0006083,CUST-002267,2026-06-08,Shipped,Web,New Rebekah,MI
ORD-0009431,CUST-001195,2026-02-04,Processing,Mobile App,Lake Alexis,OH
ORD-0011221,CUST-002373,2026-08-17,Delivered,Marketplace,Rodriguezhaven,MI
ORD-0006690,CUST-002181,2026-08-22,Cancelled,Web,Browntown,CA
ORD-0011938,CUST-000006,2026-01-22,Delivered,Marketplace,Alejandraview,OH
ORD-0008249,CUST-001378,2025-06-25,Shipped,Mobile App,Wallaceview,IL
ORD-0004497,CUST-000427,2025-08-23,Delivered,In-Store,Moranfurt,OH
ORD-0004912,CUST-001202,2026-01-12,Processing,Marketplace,New Todd,NY
ORD-0005220,CUST-002004,2025-02-16,Delivered,Web,East Robert,NC
ORD-0004313,CUST-000682,2025-12-22,Placed,Mobile App,New Cynthia,CA
ORD-0010130,CUST-001190,2026-06-14,Cancelled,Web,Lake Gabrielview,AZ
ORD-0003716,CUST-002040,2026-06-30,Delivered,Mobile App,Warrenville,FL
ORD-0000616,CUST-000013,2025-07-24,Placed,Mobile App,New Sarah,CA
ORD-0000861,CUST-001219,2026-08-20,Delivered,Mobile App,Melissafort,NY
ORD-0011446,CUST-001487,2025-08-25,Placed,Mobile App,Jessicaton,CA
ORD-0003330,CUST-002178,2026-08-30,Placed,Web,Olsenport,AZ
ORD-0000487,CUST-000113,12-Jan-2026,Shipped,Web,Wrightview,PA
ORD-0011429,CUST-002271,2025-05-16,Delivered,Web,North Codyton,PA
ORD-0001224,CUST-002323,2026-07-03,shipped,Web,New Tracy,AZ
ORD-0010131,CUST-000339,2025-10-06,Placed,Mobile App,Oscarside,OH
ORD-0007422,CUST-000895,2025-06-19,delivered,Mobile App,Port Alexaview,TX
ORD-0010796,CUST-001076,2026-01-02,Delivered,Mobile App,Lauriemouth,NC
ORD-0001335,CUST-002551,2025-06-01,Processing,Web,Morrisonbury,GA
ORD-0005196,CUST-002146,2026-08-23,Shipped,Web,Fishertown,OH
ORD-0010987,CUST-001797,2024-09-18,Delivered,In-Store,Lake Miranda,PA
ORD-0008425,CUST-002447,2026-05-10,Delivered,Marketplace,,AZ
ORD-0004110,CUST-001813,2026-05-08,Delivered,Mobile App,Port Chad,GA
ORD-0008757,CUST-001913,2025-12-04,Delivered,Mobile App,West Kathleen,MI
ORD-0007492,CUST-002909,2026-03-17,Delivered,Mobile App,Osbornshire,NC
ORD-0003417,CUST-000933,2024-06-24,Shipped,Web,South William,PA
ORD-0007402,CUST-002234,2026-06-17,Returned,Marketplace,,AZ
ORD-0009784,CUST-002725,2026-08-19,Shipped,In-Store,East Justin,OH
ORD-0005544,CUST-002803,2025-01-21,Processing,Mobile App,North Joseberg,CA
ORD-0000579,CUST-001882,2026-04-26,Returned,Web,Lake Bailey,NC
ORD-0001124,CUST-000800,2026-06-30,Delivered,Mobile App,Barnettborough,AZ
ORD-0001841,CUST-002461,2026-06-02,Placed,Web,South Dean,FL
ORD-0005130,CUST-002947,2026-07-09,Shipped,Mobile App,Port Robertoborough,PA
ORD-0007522,CUST-000432,2026-08-21,Delivered,Mobile App,North Brianborough,TX
ORD-0009273,CUST-001821,2026-06-28,Delivered,Marketplace,Marcport,PA
ORD-0007417,CUST-000196,2026-07-03,Delivered,In-Store,North Karenton,PA
ORD-0002692,CUST-000548,2026-08-12,Delivered,Marketplace,Coleshire,GA
ORD-0008370,CUST-000684,2026-04-10,cancelled,Mobile App,Wendybury,NY
ORD-0006820,CUST-000877,2025-09-17,Cancelled,Mobile App,New Craig,NY
ORD-0000505,CUST-001163,2026-07-02,Delivered,Web,North Daleborough,NC
ORD-0006863,CUST-002109,2025-09-07,Processing,Mobile App,Leslieview,PA
ORD-0001232,CUST-000244,2025-05-14,Delivered,In-Store,Duranton,IL
ORD-0005210,CUST-000217,2025-11-23,Shipped,Web,Hoodborough,CA
ORD-0006393,CUST-000865,2026-06-05,Delivered,Mobile App,Walterland,IL
ORD-0010291,CUST-002444,2025-12-11,Delivered,Web,Lake Thomas,PA
ORD-0008907,CUST-000222,2024-04-14,Delivered,Web,Simshaven,NC
ORD-0008617,CUST-000350,2026-01-09,Delivered,Web,Caitlinshire,WA
ORD-0007313,CUST-001584,2026-05-18,Cancelled,Web,Lake Tylershire,WA
ORD-0010508,CUST-001641,2025-07-15,Placed,Marketplace,Stephenland,NY
ORD-0009396,CUST-001489,2026-01-17,Shipped,Web,Moraleston,WA
ORD-0004378,CUST-001348,2026-06-14,Shipped,Web,Ryanport,NY
ORD-0004691,CUST-001010,2025-05-26,Cancelled,Marketplace,South Jamesport,FL
ORD-0008596,CUST-002881,2026-06-14,Cancelled,Mobile App,Michaelhaven,WA
ORD-0003238,CUST-001651,2026-04-16,Shipped,Marketplace,Lake Jessica,WA
ORD-0004060,CUST-002890,2026-02-12,Delivered,Marketplace,East Zacharybury,AZ
ORD-0001243,CUST-001145,2026-01-09,Cancelled,Marketplace,North Elizabeth,PA
ORD-0011477,CUST-000380,2025-09-14,PROCESSING,Mobile App,Marymouth,AZ
ORD-0007636,CUST-000889,2026-06-19,Processing,In-Store,Barronberg,FL
ORD-0003421,CUST-002990,2026-02-08,Processing,In-Store,,NC
ORD-0005430,CUST-000179,2026-02-11,Delivered,Web,Marytown,GA
ORD-0003859,CUST-947422,2024-09-08,sHIPPED,Web,Michaelport,OH
ORD-0004387,CUST-000348,2026-08-16,Delivered,Web,Whitneyland,FL
ORD-0002735,CUST-000188,2025-08-20,Delivered,Mobile App,Meyershire,TX
ORD-0010304,CUST-002498,2025-11-30,Processing,Mobile App,Jonesfurt,FL
ORD-0003558,CUST-002159,2026-06-04,Shipped,Mobile App,Lisafurt,MI
ORD-0001337,CUST-002271,2024-11-28,Placed,Mobile App,Fuentesside,NC
ORD-0008280,CUST-001521,2026-06-23,Delivered,Marketplace,Tamaraville,NY
ORD-0003759,CUST-000751,2026-09-04,Processing,In-Store,Watkinsside,OH
ORD-0002021,CUST-000504,2026-04-11,Processing,Web,Port Christopherfort,WA
ORD-0001679,CUST-000939,06/05/2026,Cancelled,Mobile App,Bryantside,AZ
ORD-0010063,CUST-000819,2026-08-14,Shipped,Web,Lake Reginaldmouth,MI
ORD-0002536,CUST-001000,2024-05-01,Delivered,Web,Trujillostad,GA
ORD-0003653,CUST-000225,2026-08-22,Delivered,In-Store,Henryburgh,GA
ORD-0009963,CUST-000235,2026-06-26,Processing,Web,Ashleymouth,GA
ORD-0006192,CUST-000613,2025-12-30,Delivered,Mobile App,Perryside,CA
ORD-0010749,CUST-000649,2025-02-24,Placed,Web,Campbellborough,FL
ORD-0005327,CUST-001057,2026-01-04,Delivered,Mobile App,Christieland,AZ
ORD-0005649,,2026-02-13,Delivered,Web,Lake Heather,WA
ORD-0009338,CUST-001019,2026-08-22,Delivered,Web,Donovanside,OH
ORD-0006675,CUST-001216,2026-05-25,Delivered,Web,Port Jennifer,OH
ORD-0006893,CUST-002488,2025-11-15,Cancelled,Mobile App,South Josephside,FL
ORD-0009825,CUST-001396,2025-12-14,Cancelled,Mobile App,Silvaland,FL
ORD-0000197,CUST-002044,2025-02-06,Processing,Mobile App,South Allenville,PA
ORD-0011112,CUST-002750,2026-03-07,Delivered,Mobile App,Millerberg,NC
ORD-0009214,CUST-999329,2025-07-19,Placed,Marketplace,East Brian,AZ
ORD-0006318,CUST-001985,2025-02-28,Processing,Marketplace,Matthewland,NY
ORD-0001334,CUST-000734,2026-06-20,Delivered,Web,New Carrie,TX
ORD-0006204,CUST-002495,2026-05-22,Placed,Web,Tranfurt,PA
ORD-0001727,CUST-000905,2026-06-09,Processing,Marketplace,Murphyport,NC
ORD-0001578,CUST-000857,2026-08-28,Placed,Mobile App,Rhondaville,OH
ORD-0008197,CUST-002761,2026-05-04,Placed,Mobile App,North Brandihaven,PA
ORD-0008696,CUST-001913,2025-10-27,Processing,Marketplace,New Cynthia,IL
ORD-0003928,CUST-001431,2024-03-11,Placed,Web,Davidburgh,PA
ORD-0004702,CUST-001859,2026-09-03,Delivered,Web,West Michelemouth,AZ
ORD-0007812,CUST-000056,2025-05-13,Shipped,Mobile App,Frankville,WA
ORD-0011601,CUST-000119,"July 23, 2024",Shipped,Web,Maryville,TX
ORD-0007817,CUST-000371,2026-03-23,Shipped,Mobile App,Victoriaside,NC
ORD-0000585,CUST-001430,2024-09-10,Returned,Mobile App,Carpenterhaven,FL
ORD-0006418,CUST-002737,2026-08-01,Processing,Web,Porterfort,MI
ORD-0000836,CUST-000962,2026-08-11,Placed,In-Store,Natalieburgh,TX
ORD-0005466,CUST-002392,2026-03-05,Delivered,Mobile App,Lake Beverly,NY
ORD-0002858,CUST-001516,2026-04-12,Delivered,Web,Jasonburgh,CA
ORD-0010479,CUST-000397,2024-05-02,Cancelled,Mobile App,Myersland,PA
ORD-0005546,CUST-000136,2025-06-19,Shipped,Marketplace,West Benjamin,IL
ORD-0000465,CUST-001156,2024-11-30,Shipped,Web,South George,MI
ORD-0011146,CUST-002523,2026-09-05,Delivered,Web,Nielsenmouth,GA
ORD-0008814,CUST-002019,2026-05-18,Shipped,Mobile App,North Christine,FL
ORD-0008185,CUST-002119,2024-10-25,Cancelled,Web,West Josephbury,NY
ORD-0005177,CUST-001849,2026-04-28,Delivered,Web,South Emily,NY
ORD-0001436,CUST-000680,2025-07-06,Shipped,Web,Mortontown,FL
ORD-0005494,CUST-000636,2025-03-13,Cancelled,Web,Lake Jenny,NY
ORD-0002883,CUST-002009,2026-08-14,Processing,In-Store,,FL
ORD-0011167,CUST-000848,2025-10-18,dELIVERED,Web,Kimberlychester,MI
ORD-0003713,CUST-000562,2026-07-21,Delivered,Marketplace,New Katherine,FL
ORD-0007242,CUST-002602,2026-06-15,SHIPPED,Web,Davistown,NY
ORD-0003468,CUST-988737,2025-04-23,Processing,Web,,NY
ORD-0003403,CUST-000576,2026-07-23,Shipped,In-Store,Brianshire,NY
ORD-0005033,CUST-002260,2024-12-19,Cancelled,Web,Port Brian,NC
ORD-0011301,CUST-000136,2026-03-27,Delivered,Mobile App,Nathanbury,CA
ORD-0006989,CUST-000087,2026-08-05,Placed,Mobile App,Amyside,PA
ORD-0005375,CUST-000123,2026-02-03,Delivered,Mobile App,West Alexahaven,CA
ORD-0011491,CUST-002579,2026-04-24,Shipped,Mobile App,West Lesliefort,PA
ORD-0003504,CUST-001315,2026-07-17,Returned,Mobile App,Shermanborough,GA
ORD-0008388,CUST-000061,2024-11-16,Delivered,In-Store,Cliffordside,NC
ORD-0000666,CUST-000657,2026-08-24,Delivered,Web,West Pennyville,TX
ORD-0006736,CUST-000439,2025-10-08,Shipped,Web,South Jeremy,PA
ORD-0006370,CUST-002778,2026-08-16,Shipped,Mobile App,South Tinaview,GA
ORD-0011775,CUST-002320,2026-04-11,Cancelled,Mobile App,North Nancy,AZ
ORD-0004245,CUST-000224,2025-05-25,Placed,Mobile App,Mortontown,TX
ORD-0002259,CUST-002658,2026-01-03,Delivered,Web,Port Michael,NY
ORD-0006554,CUST-001914,2026-08-11,Cancelled,Marketplace,Elizabethborough,GA
ORD-0002842,CUST-002830,2026-03-15,Cancelled,Web,Gomezland,NC
ORD-0010820,CUST-000021,2025-12-02,Cancelled,Web,North Cherylmouth,NC
ORD-0011944,CUST-000952,2025-07-05,Placed,Web,Santoshaven,CA
ORD-0000858,CUST-001698,2024-07-21,Delivered,Mobile App,Walkerbury,GA
ORD-0008923,CUST-000309,2026-08-15,Shipped,Mobile App,Erikberg,CA
ORD-0000232,CUST-923628,2026-08-15,Shipped,Mobile App,New Deborah,TX
ORD-0003867,CUST-000666,2026-08-14,Shipped,Web,Starkchester,AZ
ORD-0009007,CUST-002548,2026-07-19,Processing,In-Store,South Geoffreyside,AZ
ORD-0009574,CUST-002241,2026-06-18,Cancelled,Web,New Evan,WA
ORD-0011563,CUST-001244,2026-08-14,Delivered,Web,Morrisonberg,WA
ORD-0006944,CUST-001286,2026-07-21,Shipped,Web,Rodriguezport,MI
ORD-0003787,CUST-000707,2025-05-08,Delivered,Mobile App,Lake Debbie,FL
ORD-0003098,CUST-002291,2026-08-05,Delivered,Mobile App,Port Ryan,CA
ORD-0011553,CUST-002428,2026-02-13,Delivered,Mobile App,,NY
ORD-0001338,CUST-002464,2026-06-07,Shipped,Web,New Jennifer,NC
ORD-0002194,CUST-000947,2026-07-25,Shipped,In-Store,North Austinshire,OH
ORD-0009429,CUST-001321,2026-01-19,Processing,Web,Jonesland,OH
ORD-0011255,CUST-001424,2024-11-15,Delivered,Mobile App,Brownchester,OH
ORD-0000127,CUST-002144,2026-02-25,Shipped,Web,Larryland,CA
ORD-0001256,CUST-002091,2026-08-29,Delivered,In-Store,Dustintown,TX
ORD-0001313,CUST-002082,2024-12-19,Cancelled,Mobile App,,MI
ORD-0002215,CUST-000141,2026-04-21,Delivered,Mobile App,Ballport,GA
ORD-0002777,CUST-001061,2026-08-05,Processing,In-Store,South Shawn,PA
ORD-0008890,CUST-000335,2025-08-14,Delivered,Web,Nicoleton,GA
ORD-0008654,CUST-002335,2026-01-06,Delivered,Mobile App,Scottshire,TX
ORD-0008205,CUST-001736,2026-04-12,Delivered,Mobile App,Gordonchester,NC
ORD-0006841,CUST-000559,2026-02-21,Delivered,Web,Bowmanton,NC
ORD-0006538,CUST-000384,2026-09-02,pLACED,Web,Cherrybury,PA
ORD-0001282,CUST-965307,2026-07-07,Delivered,Marketplace,Martinezhaven,FL
ORD-0010511,CUST-000876,2025-08-22,Placed,Mobile App,Sarahborough,WA
ORD-0003813,CUST-002071,2025-10-11,Delivered,Mobile App,Dennistown,NC
ORD-0003974,CUST-002754,2026-08-29,Shipped,Web,Gregoryfort,FL
ORD-0010109,CUST-001435,2026-02-01,Shipped,Mobile App,Wrightville,FL
ORD-0001477,CUST-000468,2024-10-26,Delivered,Mobile App,Mosleyburgh,FL
ORD-0004711,CUST-002542,2025-11-22,Placed,In-Store,East Karen,GA
ORD-0002291,CUST-001386,2026-08-26,Delivered,Mobile App,Fisherville,GA
ORD-0005970,CUST-001447,2025-05-14,Shipped,Mobile App,West Kimberlyton,AZ
ORD-0010070,CUST-000260,2025-06-16,Processing,Marketplace,North Kathrynstad,NC
ORD-0008151,CUST-000847,2026-08-21,Delivered,Mobile App,Lake Loristad,NY
ORD-0006268,CUST-001933,2024-07-19,Placed,Marketplace,Lake Katherineborough,AZ
ORD-0000943,CUST-000510,2026-01-15,Processing,Marketplace,East Brittanyland,AZ
ORD-0003686,CUST-000244,2025-01-10,Shipped,Mobile App,North Kathryn,FL
ORD-0001657,CUST-001884,2025-10-18,Delivered,Mobile App,Port Micheal,FL
ORD-0010035,CUST-000105,2026-08-29,Processing,Mobile App,Chenstad,MI
ORD-0000801,CUST-000542,2026-02-22,Processing,Mobile App,Yoderview,PA
ORD-0000523,CUST-000327,2026-07-19,Returned,Mobile App,Elliston,NC
ORD-0006606,CUST-002974,2026-03-07,Cancelled,Marketplace,South Robert,FL
ORD-0011653,CUST-002068,2026-05-08,Delivered,In-Store,East Carolynburgh,TX
ORD-0005717,CUST-001253,2026-07-15,Shipped,Marketplace,,TX
ORD-0006502,CUST-000568,2025-11-20,Delivered,In-Store,East Nicholasport,WA
ORD-0003357,CUST-000221,2025-11-05,Delivered,Web,Cookstad,NC
ORD-0009389,CUST-001382,2026-04-06,Placed,Mobile App,Matthewshire,PA
ORD-0003173,CUST-002605,2026-03-20,Processing,Mobile App,Lake Alyssa,PA
ORD-0002333,CUST-001572,2026-08-19,Shipped,In-Store,,NY
ORD-0007866,CUST-001953,2025-04-21,Cancelled,In-Store,East Jennifer,PA
ORD-0010475,CUST-002328,2026-08-11,Delivered,Web,Bautistastad,TX
ORD-0002354,CUST-002164,2026-08-30,dELIVERED,Mobile App,,MI
ORD-0000892,CUST-000774,2025-12-27,Processing,Web,West Johnberg,NY
ORD-0004989,,2026-08-20,Shipped,Mobile App,South Andreastad,FL
ORD-0011856,CUST-001530,01/13/2026,Delivered,In-Store,Leeburgh,NC
ORD-0007761,CUST-000049,2026-01-18,pROCESSING,Web,Deleonberg,FL
ORD-0006891,CUST-000477,2025-04-14,Delivered,Mobile App,Lloydfurt,CA
ORD-0010403,CUST-001455,2024-02-04,Shipped,Marketplace,Timothyland,FL
ORD-0006939,CUST-001180,2025-09-13,Cancelled,Mobile App,East Sara,AZ
ORD-0004589,CUST-000228,2026-05-05,Delivered,Mobile App,Byrdfort,GA
ORD-0008873,CUST-000418,2025-10-11,Delivered,Mobile App,East Trevorshire,MI
ORD-0005611,CUST-000010,2026-05-10,Shipped,Marketplace,Moniqueview,PA
ORD-0011506,CUST-001852,2026-08-18,Shipped,Web,West Denise,AZ
ORD-0004270,CUST-000192,2026-05-14,Delivered,Web,Markhaven,OH
ORD-0010963,CUST-000467,2026-03-10,Delivered,Web,Elizabethton,AZ
ORD-0011160,CUST-001033,2025-09-07,Shipped,Mobile App,South Gabrielborough,AZ
ORD-0001390,CUST-000570,2025-10-01,Delivered,Marketplace,South Cherylland,NC
ORD-0003837,CUST-001215,2026-09-04,Delivered,Mobile App,Berryton,MI
ORD-0004459,CUST-002391,2025-04-06,Placed,Web,South Patricia,WA
ORD-0000909,CUST-000299,2026-06-28,Cancelled,Mobile App,West Dennis,TX
ORD-0009031,CUST-002580,2026-03-15,Placed,Mobile App,Lyonsville,WA
ORD-0010944,CUST-002383,2025-06-12,Processing,Mobile App,West Deborah,GA
ORD-0011039,CUST-001369,2026-08-16,Delivered,Web,Annside,MI
ORD-0004398,CUST-000166,2024-10-05,Placed,Mobile App,New Brendashire,NC
ORD-0011363,CUST-002242,2026-06-02,Processing,Marketplace,Lake Kimberly,NC
ORD-0003896,CUST-002793,2025-10-11,Delivered,Web,Edwardmouth,GA
ORD-0001537,CUST-002133,2026-03-16,Delivered,In-Store,,NY
ORD-0003793,CUST-000900,2026-01-19,Placed,In-Store,Paulchester,OH
ORD-0008853,CUST-002944,2026-04-03,Delivered,Web,Smithport,NC
ORD-0009648,CUST-002879,2026-06-08,Delivered,Marketplace,North Stephaniemouth,MI
ORD-0010767,CUST-001100,23-Jan-2026,Shipped,Mobile App,Carpenterton,CA
ORD-0008011,CUST-001205,2026-04-26,Cancelled,Mobile App,New Elizabethborough,MI
ORD-0000874,CUST-000285,2024-06-12,Delivered,In-Store,Williamshire,MI
ORD-0010648,CUST-001688,2025-10-24,Delivered,In-Store,Brendastad,IL
ORD-0001957,CUST-000419,2023-10-24,Delivered,Mobile App,Tannerborough,CA
ORD-0004279,CUST-002051,2026-08-26,Shipped,Mobile App,North Danielport,GA
ORD-0008120,CUST-000630,2026-08-04,Delivered,Web,,WA
ORD-0000359,CUST-002687,2026-08-16,Shipped,Mobile App,Port Jacobtown,FL
ORD-0001801,CUST-000939,2026-03-19,Cancelled,In-Store,Lake Teresaland,GA
ORD-0003112,CUST-001466,2026-06-02,Processing,Web,North Timothybury,MI
ORD-0001471,CUST-001975,"May 02, 2025",delivered,Web,New Deborahville,CA
ORD-0002430,CUST-001186,2025-02-05,Shipped,Web,Greenland,NC
ORD-0001641,CUST-001845,2026-09-01,Delivered,Web,South Justinview,WA
ORD-0009030,CUST-002126,2026-01-09,Processing,Marketplace,New Cameronberg,WA
ORD-0010210,CUST-002349,2026-06-09,Delivered,Web,Wrightfort,NY
ORD-0009536,CUST-002157,2026-03-31,Processing,Web,South Justinchester,AZ
ORD-0001291,CUST-002269,2026-06-09,Placed,Marketplace,Lake Michelleview,AZ
ORD-0009254,CUST-001443,2025-12-30,Shipped,In-Store,Debraside,WA
ORD-0004477,CUST-002154,2025-06-25,Cancelled,Web,Walshborough,GA
ORD-0008215,CUST-001061,2026-08-07,Delivered,Web,Aliciabury,OH
ORD-0001408,CUST-002787,2024-04-03,Delivered,Web,Smallhaven,TX
ORD-0002438,CUST-000030,2026-03-24,Delivered,Mobile App,,AZ
ORD-0004800,CUST-001795,2025-09-17,Delivered,Marketplace,East Jeremiah,WA
ORD-0009597,CUST-000617,2026-01-15,Processing,Web,Hermanberg,WA
ORD-0008115,CUST-000490,2026-06-10,Returned,Web,Martintown,OH
ORD-0005712,CUST-001205,2026-06-08,Delivered,Marketplace,Lake Rodney,NY
ORD-0000683,CUST-001433,2025-01-07,Shipped,Mobile App,Christopherborough,IL
ORD-0009089,CUST-000612,2026-07-01,Processing,Web,New Joyfort,GA
ORD-0003630,CUST-000959,2026-05-08,Shipped,Web,Greershire,MI
ORD-0007789,CUST-002524,2026-07-14,Shipped,Marketplace,Robertsberg,IL
ORD-0003079,CUST-001262,2025-08-04,Delivered,Mobile App,Leeside,NY
ORD-0006224,CUST-001702,2024-10-15,Returned,Web,North Megan,OH
ORD-0008531,CUST-002956,2025-07-24,Placed,Web,Tiffanyburgh,TX
ORD-0007586,CUST-001783,2026-06-14,Shipped,Mobile App,Rossbury,PA
ORD-0001974,CUST-002694,10/13/2025,Processing,Mobile App,Johnsonbury,OH
ORD-0008778,CUST-001621,2025-04-09,Placed,Marketplace,West Kayla,PA
ORD-0004827,CUST-001664,2026-08-17,Shipped,Web,Hopkinston,TX
ORD-0011229,CUST-001000,2026-07-20,Delivered,In-Store,Mariamouth,OH
ORD-0010319,CUST-000214,2026-06-28,processing,Mobile App,Allenview,NC
ORD-0009509,CUST-002001,2026-08-17,Shipped,Mobile App,Jonesberg,NY
ORD-0009699,CUST-001298,2026-07-02,Returned,Mobile App,Justinbury,NY
ORD-0000834,CUST-000944,2025-09-11,Placed,Web,North Annland,NY
ORD-0000164,CUST-001220,2026-01-24,Placed,Mobile App,Melissachester,WA
ORD-0000669,CUST-000081,2025-02-15,Delivered,Mobile App,Reneeside,CA
ORD-0008898,CUST-002992,"September 04, 2026",Delivered,In-Store,Elizabethfurt,FL
ORD-0009733,CUST-002248,2024-01-08,Placed,Web,West Kimberly,TX
ORD-0011203,CUST-001626,2025-04-27,Delivered,Marketplace,Walkerton,IL
ORD-0002201,CUST-000373,2026-09-05,Delivered,Web,Martinezshire,FL
ORD-0000739,CUST-001488,2025-11-10,Delivered,Mobile App,Murphyton,MI
ORD-0009534,CUST-001083,2025-12-12,Processing,Mobile App,Robinbury,NC
ORD-0004297,CUST-001182,2026-03-18,Shipped,Marketplace,North Connor,WA
ORD-0007572,CUST-002984,2026-01-07,Delivered,Web,Ginaberg,TX
ORD-0006984,CUST-000846,2025-08-07,Delivered,Mobile App,New Leslie,PA
ORD-0008268,CUST-000934,2026-04-10,Shipped,In-Store,Carlsonburgh,IL
ORD-0007818,CUST-002817,2026-07-22,Delivered,Web,Lorimouth,GA
ORD-0005271,CUST-002111,2026-06-13,Placed,Marketplace,Peterhaven,NY
ORD-0000339,CUST-000697,07/25/2024,Placed,Marketplace,Robertside,NY
ORD-0000816,CUST-002303,2025-03-06,Shipped,Mobile App,Port Amber,IL
ORD-0008765,CUST-000875,2026-02-20,Delivered,Mobile App,Jonathanmouth,FL
ORD-0006997,CUST-000860,2026-07-29,Delivered,Marketplace,Lake Stevenside,NC
ORD-0000221,CUST-002258,2026-08-11,Placed,Web,Juliefort,OH
ORD-0003324,CUST-001765,2026-01-07,Delivered,Mobile App,East Pamelaside,TX
ORD-0006902,CUST-001284,2026-08-23,Shipped,Web,Henrystad,MI
ORD-0008604,CUST-000434,2026-03-03,Cancelled,Mobile App,Ashleybury,PA
ORD-0006961,CUST-000521,2026-08-17,delivered,Marketplace,New Timothy,NY
ORD-0009755,,2024-10-16,Delivered,Web,Lake Katherine,TX
ORD-0004170,CUST-000738,2025-05-11,Shipped,Marketplace,Tashaport,NC
ORD-0011224,CUST-002542,2025-08-28,Shipped,Marketplace,Colemanside,GA
ORD-0007159,CUST-001840,2026-08-21,Cancelled,In-Store,Port Eric,PA
ORD-0001462,CUST-002611,2025-11-24,Cancelled,In-Store,South Peter,WA
ORD-0000937,CUST-000840,2026-01-20,Shipped,Mobile App,North Tonyatown,NY
ORD-0002924,CUST-000218,2026-07-23,Processing,Mobile App,Cindyberg,OH
ORD-0001207,CUST-000362,2025-12-22,Shipped,In-Store,Amandaborough,FL
ORD-0003212,CUST-001199,2026-02-10,Cancelled,Mobile App,Lake Paul,NC
ORD-0003436,CUST-002481,2025-02-11,Delivered,Web,Erinberg,OH
ORD-0006647,CUST-001497,2024-04-18,Delivered,Marketplace,North Royport,CA
ORD-0001569,CUST-002969,2026-06-14,Delivered,Mobile App,Fishertown,FL
ORD-0009770,CUST-001049,2026-08-18,Shipped,Marketplace,North Mariafurt,FL
ORD-0005685,CUST-002715,2026-03-11,Shipped,Mobile App,North Katie,PA
ORD-0007338,CUST-002039,2026-08-09,Shipped,Web,Lake Robertafort,GA
ORD-0009430,CUST-001587,2026-08-05,Placed,Mobile App,New Nathan,AZ
ORD-0000477,CUST-000767,2025-09-12,Cancelled,Mobile App,Port Nancyville,WA
ORD-0011469,CUST-002677,2025-11-11,Delivered,Web,Freemantown,AZ
ORD-0006787,CUST-002839,2025-08-28,Shipped,Web,West Joycetown,GA
ORD-0003305,CUST-001900,2026-05-04,DELIVERED,Web,Lindatown,CA
ORD-0008973,CUST-000647,2026-08-05,Placed,Web,Port Kellyhaven,NY
ORD-0005325,CUST-001019,2026-03-31,Delivered,Mobile App,Matthewbury,NC
ORD-0001675,CUST-000436,2025-07-15,Delivered,Web,East Nicole,GA
ORD-0000990,CUST-001391,"July 28, 2026",Cancelled,Web,Robertland,NC
ORD-0011374,CUST-000065,"August 08, 2026",Processing,Mobile App,East Melinda,CA
ORD-0011049,CUST-002913,2025-12-24,Placed,Mobile App,South Elizabethberg,NY
ORD-0003677,CUST-002892,2026-08-25,Delivered,Web,New Aaron,CA
ORD-0007765,CUST-002669,2026-01-14,Returned,Mobile App,Chelsealand,MI
ORD-0008842,CUST-001237,2026-03-02,Delivered,Web,Port Sarahberg,TX
ORD-0004548,CUST-002110,2025-03-28,Processing,Mobile App,Tinafort,TX
ORD-0004942,CUST-000305,2026-08-28,Delivered,Web,Poolechester,AZ
ORD-0004521,CUST-001591,2026-06-26,Cancelled,Web,Stewartbury,TX
ORD-0004521,CUST-001591,2026-06-26,Cancelled,Web,Stewartbury,TX
ORD-0000651,CUST-000378,2025-02-23,Shipped,Mobile App,Amandastad,WA
ORD-0007238,CUST-002476,2026-08-29,Processing,Web,North William,CA
ORD-0004087,CUST-002603,2025-11-21,Shipped,Web,South Michael,GA
ORD-0002679,CUST-002716,2024-09-03,Cancelled,Mobile App,Atkinsonfort,CA
ORD-0004627,CUST-000801,2025-07-21,Delivered,Mobile App,Daughertymouth,NC
ORD-0007667,CUST-002689,2026-04-15,Processing,Marketplace,Charlesfort,IL
ORD-0007981,CUST-002951,2025-02-07,Placed,Web,South Aaron,CA
ORD-0004939,CUST-002905,2026-09-02,Delivered,Web,New Emilyside,NY
ORD-0004223,CUST-002618,2026-04-12,Processing,In-Store,Grossmouth,MI
ORD-0007034,CUST-001110,2025-04-29,Delivered,Web,New Jillview,IL
ORD-0001377,CUST-001202,2026-04-17,Returned,Mobile App,Garciaton,NC
ORD-0006735,CUST-001286,2025-03-25,Delivered,Web,Port Donna,GA
ORD-0011539,CUST-001645,2025-08-12,Delivered,Web,West Nicolemouth,NY
ORD-0010736,CUST-001170,2026-02-21,Processing,Web,North Eric,TX
ORD-0009737,CUST-000181,2026-07-30,Delivered,Web,Bryantmouth,AZ
ORD-0011427,CUST-001532,2026-02-05,Processing,Web,Wongland,MI
ORD-0006253,CUST-002733,2025-11-21,Delivered,Web,Wardtown,OH
ORD-0003372,CUST-002715,"January 24, 2026",Delivered,Marketplace,Kingside,MI
ORD-0006090,CUST-002891,2026-05-31,Processing,Marketplace,New Nicholas,GA
ORD-0011891,CUST-001849,2026-06-13,Delivered,Mobile App,,PA
ORD-0004077,CUST-001806,2025-09-20,Returned,Web,Tamaraland,WA
ORD-0008413,CUST-001071,2025-10-15,Returned,Web,Jasmineville,CA
ORD-0002373,CUST-000861,2026-08-08,Delivered,Mobile App,Lake Courtney,OH
ORD-0010628,CUST-000739,2026-03-02,Processing,Web,Port Jermaine,TX
ORD-0005587,CUST-001735,"November 01, 2025",Processing,Web,Garciachester,OH
ORD-0004343,CUST-001209,2026-01-04,Delivered,Web,Beltranland,NC
ORD-0001583,CUST-001133,2025-10-21,Shipped,Mobile App,Port Christinefort,TX
ORD-0004475,CUST-000008,2025-01-17,Delivered,Mobile App,Jasonview,OH
ORD-0010982,CUST-001311,2025-02-09,Placed,Web,Rachelport,IL
ORD-0002750,CUST-002201,2026-09-01,Cancelled,Web,North Elizabethport,IL
ORD-0004646,CUST-002454,2026-07-29,Placed,In-Store,North Brianfort,PA
ORD-0005767,CUST-000107,2026-03-02,Processing,Mobile App,East Dustin,IL
ORD-0006286,CUST-000875,13-Jul-2025,Delivered,Web,Simonbury,CA
ORD-0001586,CUST-002270,2026-09-01,Delivered,Web,Lake Michaelville,OH
ORD-0004334,CUST-002991,2024-10-04,Processing,Web,Lake Renee,GA
ORD-0000151,CUST-002077,2025-06-10,Processing,Mobile App,East Cynthiatown,NC
ORD-0010263,CUST-001754,2026-05-03,Shipped,Marketplace,West Toni,GA
ORD-0000770,CUST-002076,2025-02-08,Delivered,Web,Brendatown,NY
ORD-0007137,CUST-000893,2026-05-02,Delivered,Web,Lake Stephanie,IL
ORD-0000690,CUST-002203,2025-11-19,Cancelled,Marketplace,Parkport,MI
ORD-0005656,CUST-002419,2024-01-31,Returned,Mobile App,New Donnaland,TX
ORD-0003866,CUST-002172,2026-08-13,Processing,Web,Port Ashleyfurt,AZ
ORD-0002431,CUST-002953,2026-09-01,Delivered,Marketplace,South Austinhaven,NC
ORD-0002608,CUST-000314,2026-03-15,Returned,Mobile App,,MI
ORD-0002711,CUST-001298,2026-08-10,Delivered,Web,Buckmouth,MI
ORD-0003012,CUST-001760,2026-08-02,Returned,Web,Port Justinbury,IL
ORD-0009647,CUST-000086,2026-07-29,Placed,Mobile App,Nathanstad,MI
ORD-0004421,CUST-000203,2025-12-15,Placed,Mobile App,Port Richard,NC
ORD-0000641,CUST-001802,2025-09-13,returned,Marketplace,South Danielbury,OH
ORD-0000653,CUST-002234,2025-09-25,Placed,Web,New Michael,IL
ORD-0006839,CUST-000504,2026-03-25,Delivered,In-Store,New Lisamouth,FL
ORD-0005047,CUST-002138,2026-07-18,Shipped,Web,Jenniferfort,NY
ORD-0005350,CUST-000208,2026-01-14,Shipped,Marketplace,Johnsonhaven,MI
ORD-0007628,CUST-000003,2026-01-05,DELIVERED,Mobile App,Millerhaven,NY
ORD-0004111,CUST-001288,2026-07-13,Delivered,Mobile App,Charlesside,FL
ORD-0003455,CUST-000276,2026-04-28,Delivered,Mobile App,Gregoryfort,MI
ORD-0008204,CUST-002290,2026-06-14,Processing,Mobile App,South Danastad,AZ
ORD-0009319,CUST-001676,"February 16, 2026",Delivered,Mobile App,East Melanie,FL
ORD-0008246,CUST-001410,2025-12-15,Delivered,Marketplace,Longbury,PA
ORD-0011175,CUST-002251,2026-07-07,Shipped,Mobile App,New Michael,IL
ORD-0011419,CUST-001723,2026-08-05,Shipped,In-Store,Traceytown,MI
ORD-0007225,CUST-002020,16-Feb-2024,Shipped,Web,Millerhaven,MI
ORD-0000586,CUST-002169,2026-03-01,Delivered,Mobile App,South Stephenchester,WA
ORD-0002719,CUST-000271,2026-01-23,Shipped,Web,North William,TX
ORD-0004499,CUST-909673,2026-08-26,Delivered,Web,South Sandra,OH
ORD-0010335,CUST-002422,2026-05-13,Shipped,Mobile App,Lake Brett,CA
ORD-0002268,CUST-002891,2026-05-17,Delivered,Web,,GA
ORD-0011953,CUST-000689,2026-06-01,Processing,Mobile App,West Nicholeland,WA
ORD-0011694,CUST-993794,2026-07-11,Delivered,Mobile App,Jonathanview,TX
ORD-0003162,CUST-001952,2026-03-07,Shipped,Marketplace,Shaunport,OH
ORD-0006403,CUST-002511,2026-08-18,Delivered,Mobile App,East Sharon,IL
ORD-0008094,CUST-002012,2026-03-26,Delivered,Web,Smithville,OH
ORD-0005230,CUST-002089,2025-05-09,Delivered,Web,North David,CA
ORD-0011349,CUST-002434,2026-08-19,Delivered,Mobile App,Zunigaton,CA
ORD-0005873,CUST-001435,08/14/2026,Shipped,Web,Martineztown,IL
ORD-0005138,CUST-000546,2026-07-14,Shipped,Marketplace,Reedburgh,TX
ORD-0003189,CUST-978119,2026-08-23,Returned,Web,Jamesfort,AZ
ORD-0011543,CUST-000619,2024-05-11,Shipped,Web,Lauraborough,OH
ORD-0010458,CUST-001514,2026-04-10,Delivered,Mobile App,South Carol,GA
ORD-0008695,CUST-002226,2026-08-03,Processing,Marketplace,Wattshaven,IL
ORD-0004535,CUST-002856,2023-11-28,Delivered,Web,Lake Jasminehaven,AZ
ORD-0005472,CUST-002671,2024-08-05,Cancelled,Mobile App,New James,MI
ORD-0007905,CUST-001096,2025-12-09,Placed,In-Store,Lawrencefort,GA
ORD-0010357,CUST-000954,2026-06-13,Delivered,Mobile App,West Samuelview,IL
ORD-0010036,CUST-000759,2025-05-02,Delivered,Marketplace,South Stephaniefort,TX
ORD-0006395,CUST-002018,2026-09-04,Cancelled,Mobile App,Amyshire,WA
ORD-0005302,CUST-001035,2025-05-28,Placed,Mobile App,Joshuaside,NC
ORD-0001510,CUST-002997,2025-04-09,Delivered,Web,Coreyshire,GA
ORD-0000188,CUST-002206,2026-03-28,Processing,Web,New Lisa,AZ
ORD-0007142,CUST-001754,2026-06-08,Delivered,Web,Maryville,CA
ORD-0008028,CUST-000364,2026-06-26,Delivered,Web,Port Christopherton,GA
ORD-0005687,CUST-001205,2026-07-12,Placed,Mobile App,South Adrian,NY
ORD-0010197,CUST-935865,2026-07-19,Placed,Mobile App,West Courtney,MI
ORD-0000501,CUST-001274,2026-04-15,Delivered,Web,Lake Ricardo,FL
ORD-0002516,CUST-002487,2026-03-09,Shipped,Mobile App,Georgeport,NC
ORD-0008522,CUST-002503,2026-08-22,Shipped,Marketplace,Port Barbaramouth,CA
ORD-0007016,CUST-002710,2025-01-13,Delivered,Web,North Angel,GA
ORD-0008619,CUST-002005,2024-08-22,Placed,In-Store,New Jonathanstad,GA
ORD-0008644,CUST-002967,2026-08-10,Shipped,Marketplace,Annemouth,PA
ORD-0010505,CUST-002499,2026-04-02,Cancelled,In-Store,Frystad,PA
ORD-0007868,CUST-002788,2026-07-05,Placed,Mobile App,Port Jonathanburgh,NC
ORD-0009307,CUST-002689,2026-04-30,Placed,Mobile App,West Christopherstad,NC
ORD-0000948,CUST-000616,2024-11-06,Delivered,Mobile App,South Eric,IL
ORD-0011106,CUST-000878,2026-05-09,Delivered,Mobile App,North Margaretchester,PA
ORD-0005987,CUST-000748,2026-06-29,Delivered,In-Store,Lake Benjaminstad,CA
ORD-0004237,CUST-002709,2026-08-30,Shipped,Web,North Daniel,AZ
ORD-0010014,CUST-002044,2026-04-19,Placed,Web,Jasonland,PA
ORD-0011464,CUST-002332,2024-10-10,Cancelled,Web,Robertchester,FL
ORD-0005431,CUST-001635,2026-08-07,Shipped,Web,West Cheyenne,MI
ORD-0008800,CUST-001275,2026-02-17,Delivered,Mobile App,South Teresaview,NY
ORD-0011470,CUST-001235,2024-07-08,Placed,Marketplace,East Tammyside,NC
ORD-0009682,CUST-002626,2025-01-27,Shipped,Mobile App,Lake Emilyberg,MI
ORD-0007557,CUST-001447,2024-11-13,Delivered,Mobile App,Lopezton,MI
ORD-0001021,CUST-001719,2026-05-20,Returned,Web,Port Tiffany,MI
ORD-0007442,CUST-001037,2026-02-28,Delivered,Mobile App,Lake Jacksonfort,FL
ORD-0002560,,2026-07-09,Placed,Marketplace,New Stephen,IL
ORD-0004411,CUST-002179,2026-07-09,Cancelled,Mobile App,Hopkinsshire,FL
ORD-0003552,,2025-02-17,Delivered,Web,Prattland,NY
ORD-0009710,CUST-002600,2024-07-19,Delivered,Web,Powellburgh,CA
ORD-0003014,CUST-002934,2026-03-06,Delivered,Marketplace,New Brandon,AZ
ORD-0001866,CUST-000806,2026-01-07,Cancelled,Web,East Kevinport,OH
ORD-0000914,CUST-001139,2026-07-04,Cancelled,Web,West Brentshire,GA
ORD-0007567,CUST-001968,2026-07-08,Delivered,Mobile App,Port Jared,OH
ORD-0005195,CUST-000691,2025-08-19,Placed,Web,Port Randyfurt,AZ
ORD-0011996,CUST-000653,2025-11-17,Placed,Marketplace,West Charlesshire,OH
ORD-0007260,CUST-000537,2025-10-12,Shipped,Web,Port Randallhaven,CA
ORD-0000994,CUST-001777,01-Aug-2026,Cancelled,Mobile App,Mirandafurt,OH
ORD-0004715,CUST-002867,2025-07-12,Delivered,Marketplace,North Wanda,MI
ORD-0008768,CUST-002450,2026-01-31,Shipped,Mobile App,South David,NY
ORD-0001325,CUST-002765,2026-05-29,Returned,Mobile App,Marymouth,NC
ORD-0002916,CUST-000748,2026-04-11,Placed,Web,South Brandonland,NY
ORD-0002457,CUST-000238,2025-06-04,Returned,In-Store,West Benjaminhaven,FL
ORD-0005443,CUST-001428,2026-06-17,Shipped,Mobile App,,MI
ORD-0009995,CUST-000558,"September 03, 2026",Processing,Web,East Chase,FL
ORD-0003063,CUST-000039,2025-04-24,Shipped,Mobile App,Gibsonmouth,NY
ORD-0005162,CUST-001735,2026-03-29,Delivered,Marketplace,North Cindy,TX
ORD-0003006,CUST-002358,2025-08-05,Delivered,Mobile App,Ortizstad,OH
ORD-0005958,CUST-001905,2025-03-26,Placed,Mobile App,Ashleyhaven,FL
ORD-0000965,CUST-000521,2026-08-19,Delivered,Marketplace,West Keith,TX
ORD-0002136,CUST-002341,2025-12-21,Placed,In-Store,Cabreramouth,OH
ORD-0011033,CUST-000151,2026-08-23,Placed,Web,Aaronfurt,IL
ORD-0011177,CUST-000526,"December 10, 2024",Delivered,Web,Fischerfort,NY
ORD-0004407,CUST-001181,2026-06-12,Cancelled,Mobile App,New Davidbury,FL
ORD-0006902,CUST-001284,2026-08-23,Shipped,Web,Henrystad,MI
ORD-0003111,CUST-002415,2025-06-22,Processing,Marketplace,Port Benjaminside,PA
ORD-0010463,CUST-002380,2026-07-14,Cancelled,Mobile App,Port Aaronhaven,IL
ORD-0004177,CUST-002948,2026-03-07,Delivered,Mobile App,Port Jonathantown,CA
ORD-0006053,CUST-002336,2026-06-26,Shipped,Mobile App,North Lisa,FL
ORD-0002903,CUST-002656,2026-01-13,Processing,Web,New Alexandria,PA
ORD-0011171,CUST-000364,2026-08-14,Processing,Web,Lake Christopher,IL
ORD-0004609,CUST-001512,2026-01-09,sHIPPED,Mobile App,East Claire,PA
ORD-0009535,CUST-001146,2026-01-07,Placed,Web,East Madisonland,AZ
ORD-0003011,CUST-960549,2026-06-28,Cancelled,Web,West Emily,TX
ORD-0009988,CUST-000327,2024-09-09,Processing,Mobile App,South Megan,TX
ORD-0008869,CUST-000902,2025-06-07,Processing,Web,,NY
ORD-0002137,CUST-002770,2025-09-11,Processing,In-Store,Sanchezside,WA
ORD-0005037,CUST-002816,2026-03-30,Delivered,Mobile App,East Christopher,AZ
ORD-0001555,CUST-000050,2026-03-15,Delivered,Web,South Tracy,MI
ORD-0009955,CUST-000354,2025-11-20,Processing,Mobile App,Ronnieborough,MI
ORD-0009972,CUST-000838,2024-08-09,Delivered,Mobile App,East Linda,TX
ORD-0001024,CUST-001761,2026-08-21,Delivered,Marketplace,Lake Nicholasborough,NY
ORD-0005277,CUST-002961,2025-12-27,Processing,In-Store,Grayport,OH
ORD-0005229,CUST-000634,2025-08-21,Delivered,Web,Hernandezside,CA
ORD-0011414,CUST-001047,2024-03-31,Processing,Marketplace,Goldenberg,MI
ORD-0000402,CUST-001561,2026-04-18,Cancelled,Marketplace,Kimberlybury,MI
ORD-0007876,CUST-000606,2023-10-12,Cancelled,Marketplace,Aliciaton,NC
ORD-0000605,CUST-000224,2024-02-21,Processing,In-Store,West Debra,MI
ORD-0011716,CUST-000317,2026-03-25,Shipped,Web,Lake Karatown,GA
ORD-0001836,CUST-000643,2024-12-03,Processing,Web,New Markton,NC
ORD-0005349,CUST-000271,2024-12-12,Cancelled,Marketplace,West Scott,FL
ORD-0001559,CUST-001854,2026-07-18,Shipped,Marketplace,Kristiview,PA
ORD-0011174,CUST-001528,2025-05-07,Delivered,Mobile App,New Jamesside,GA
ORD-0011677,CUST-001903,2025-07-29,cancelled,Web,Michaelfurt,IL
ORD-0003566,CUST-001491,2025-07-21,Cancelled,Web,,AZ
ORD-0011375,CUST-000600,2026-01-20,Cancelled,Mobile App,Jasonport,NY
ORD-0004026,CUST-001775,2024-05-01,Placed,Mobile App,Ramirezside,CA
ORD-0006494,CUST-001245,2026-08-31,Cancelled,Web,West Jesseside,MI
ORD-0003900,CUST-001817,2026-02-21,Returned,Mobile App,East Tyler,MI
ORD-0007010,CUST-001857,2026-08-12,Shipped,Web,Wilsonburgh,NY
ORD-0003529,CUST-002043,2025-07-02,Processing,Web,Martineztown,IL
ORD-0008613,CUST-002597,2024-10-24,Processing,Web,Woodfort,MI
ORD-0005456,CUST-001161,2025-01-09,Placed,Mobile App,East Yvettestad,CA
ORD-0011433,CUST-000069,2025-10-23,Processing,Mobile App,Katieton,AZ
ORD-0006251,CUST-000667,2026-07-05,Cancelled,Marketplace,Lake Christopherbury,IL
ORD-0006337,CUST-002257,2025-07-28,Delivered,Mobile App,West Michael,IL
ORD-0001688,CUST-001835,2026-04-21,Shipped,Web,Curtistown,IL
ORD-0005212,CUST-002635,2026-08-26,Returned,Web,Port Connorside,IL
ORD-0005777,CUST-000005,2024-12-24,Cancelled,Mobile App,Gabriellestad,WA
ORD-0005937,CUST-000105,2026-07-28,Delivered,Web,Johnberg,GA
ORD-0003013,CUST-001026,2026-01-29,Shipped,Web,Port Matthew,MI
ORD-0001211,CUST-000135,2025-05-08,Placed,Web,Smithfort,NC
ORD-0002629,CUST-001903,2026-08-03,Delivered,Web,West Daniel,FL
ORD-0002663,CUST-001249,2026-06-22,Delivered,Web,Lake Mauriceburgh,CA
ORD-0005570,CUST-000710,2026-02-24,Shipped,Marketplace,West Aliciafort,MI
ORD-0010387,CUST-001388,2025-12-22,Placed,Mobile App,Victorshire,CA
ORD-0007189,,2025-12-22,Placed,Web,South Kyleburgh,NY
ORD-0006100,CUST-000885,2024-08-15,Delivered,Marketplace,Katherineview,AZ
ORD-0006449,CUST-001306,2026-06-21,Shipped,Web,Juliechester,WA
ORD-0001844,CUST-002794,2026-01-04,cANCELLED,Web,Starkmouth,OH
ORD-0005523,CUST-000350,2025-07-24,Processing,Mobile App,,WA
ORD-0009747,CUST-002288,2026-06-18,Processing,Mobile App,West Aprilstad,NY
ORD-0005129,CUST-002319,2025-12-23,Delivered,Marketplace,Williamstown,CA
ORD-0004090,CUST-001499,2026-06-26,Delivered,Web,Jamesmouth,AZ
ORD-0003610,CUST-000041,2026-04-12,Delivered,Mobile App,Fergusonmouth,NY
ORD-0005228,CUST-002874,2025-03-22,Shipped,Web,Johnsonland,AZ
ORD-0006142,CUST-001167,2026-08-05,Delivered,Web,New Michelle,NY
ORD-0001532,CUST-002544,2025-03-14,Delivered,Mobile App,South Katherine,NY
ORD-0004685,CUST-001676,2026-01-13,Shipped,Mobile App,North Megantown,MI
ORD-0010541,CUST-001792,2024-09-28,Processing,Marketplace,Wilsonside,OH
ORD-0005155,CUST-001302,2026-07-31,Shipped,Web,Mitchellfort,NC
ORD-0011412,CUST-968469,2026-09-05,Cancelled,Mobile App,South Michael,WA
ORD-0003294,CUST-000152,2024-10-20,Delivered,Web,Johnchester,NY
ORD-0008483,CUST-002502,14-Mar-2025,Returned,Mobile App,North Robertstad,CA
ORD-0003993,,2026-04-23,Placed,Marketplace,Port Adamshire,GA
ORD-0002023,CUST-002596,2026-04-30,Shipped,Mobile App,Port Davidfort,OH
ORD-0004371,CUST-997844,2026-02-13,Processing,Mobile App,East Larrymouth,CA
ORD-0007555,CUST-000719,2025-11-13,Shipped,Marketplace,Cordovamouth,OH
ORD-0006887,CUST-000674,2026-07-03,Processing,Marketplace,Dannyshire,CA
ORD-0011852,CUST-001177,2025-11-15,Shipped,Mobile App,West Christophermouth,MI
ORD-0008036,CUST-002360,2026-02-16,Delivered,Web,Sabrinahaven,OH
ORD-0003072,CUST-001135,2025-03-29,Delivered,Mobile App,Doyletown,AZ
ORD-0007729,CUST-000136,2025-01-19,Returned,In-Store,East Deborah,AZ
ORD-0005604,CUST-002916,2024-09-07,Returned,Web,Port Roger,NC
ORD-0003492,CUST-002892,2026-06-30,Delivered,Web,East Joshuabury,FL
ORD-0002185,CUST-001665,2024-07-15,Placed,Web,Lauraberg,MI
ORD-0002123,CUST-001077,2025-09-21,Placed,Web,Powellshire,IL
ORD-0002251,CUST-000645,2026-02-22,Delivered,In-Store,New Walterburgh,MI
ORD-0011589,CUST-001952,2026-02-04,Delivered,In-Store,,GA
ORD-0010091,CUST-002272,2026-01-11,Processing,Marketplace,Lake Ronald,NY
ORD-0007488,CUST-002982,2026-06-27,Placed,Web,New Curtis,PA
ORD-0007977,CUST-000026,2026-04-06,Delivered,Web,West Kelly,NY
ORD-0006819,CUST-001716,2026-07-10,Shipped,Mobile App,Fergusontown,GA
ORD-0004838,CUST-002715,2026-03-25,Delivered,Web,West Ronald,NC
ORD-0005531,CUST-001060,2026-01-08,Placed,Mobile App,Port Sonya,NC
ORD-0000510,CUST-002027,2025-05-27,Placed,Web,Delgadoburgh,WA
ORD-0005564,CUST-001863,2026-08-09,Delivered,Web,South Rachelhaven,TX
ORD-0010729,CUST-002773,2024-07-15,Cancelled,Web,Gregton,WA
ORD-0006112,CUST-000730,2024-11-03,Processing,Web,Sarahborough,GA
ORD-0008818,CUST-994073,2026-05-27,Placed,Web,Lake Angela,AZ
ORD-0009399,CUST-001180,2025-10-28,Shipped,Marketplace,South Christopher,AZ
ORD-0011913,CUST-001871,2025-06-27,Placed,Web,Christopherstad,NY
ORD-0001072,CUST-002045,2026-03-22,Shipped,In-Store,East Derek,PA
ORD-0005397,CUST-002037,2026-05-22,Delivered,Mobile App,North Marissa,IL
ORD-0002588,CUST-001254,2024-04-30,Placed,In-Store,West Jonathon,TX
ORD-0002826,CUST-000398,2025-05-14,Delivered,Web,Lewisstad,TX
ORD-0004290,CUST-001511,2026-01-18,Shipped,Web,Johnmouth,GA
ORD-0001662,CUST-000020,2026-05-20,Delivered,Web,,OH
ORD-0009811,CUST-001818,2026-01-09,dELIVERED,In-Store,Michaelhaven,AZ
ORD-0002169,CUST-002375,2025-11-24,Delivered,Web,West Christopher,TX
ORD-0006613,CUST-955710,2025-10-20,Shipped,Web,Kimberlyport,GA
ORD-0000837,CUST-002100,2026-05-08,Delivered,Marketplace,North Joseph,NC
ORD-0008452,CUST-002908,2025-06-22,Processing,Marketplace,Toddberg,NY
ORD-0001188,CUST-002901,2026-07-06,processing,Marketplace,New Mary,GA
ORD-0008173,CUST-001255,2026-01-12,Shipped,Mobile App,East Tina,OH
ORD-0004337,CUST-001922,2025-09-27,Delivered,In-Store,Lake Tylerhaven,NY
ORD-0004301,CUST-000795,2026-09-05,Returned,Web,Dannystad,CA
ORD-0011706,CUST-002564,2025-09-14,Placed,Web,Peterchester,CA
ORD-0001598,CUST-002046,2026-07-08,Cancelled,Web,Smithburgh,FL
ORD-0007617,CUST-001513,2026-05-29,Cancelled,Mobile App,Davidton,TX
ORD-0008060,CUST-000534,2026-07-12,Delivered,Mobile App,Lake Michaelmouth,OH
ORD-0010143,CUST-000715,2025-11-26,Returned,In-Store,New Raymond,PA
ORD-0009256,CUST-000347,2026-05-15,Cancelled,Mobile App,Greenfort,IL
ORD-0007234,CUST-002244,2024-12-12,Cancelled,Mobile App,Garzafort,GA
ORD-0007906,CUST-000753,"September 28, 2025",Shipped,Web,North Micheleshire,MI
ORD-0008372,CUST-001547,2024-02-29,Shipped,Mobile App,Port Elizabethton,PA
ORD-0011145,CUST-002381,2025-01-23,Returned,In-Store,East Danielletown,IL
ORD-0009395,CUST-002683,2026-07-31,Returned,In-Store,North Melindaton,MI
ORD-0000106,CUST-002338,2025-05-06,Cancelled,Mobile App,New Chelseabury,PA
ORD-0003739,CUST-001725,2026-04-11,Delivered,Web,Olsonburgh,CA
ORD-0005457,CUST-002193,2026-07-21,Processing,In-Store,Lake Richardborough,CA
ORD-0003994,CUST-001416,2026-07-26,Delivered,Mobile App,Jamesmouth,NY
ORD-0005579,CUST-000133,2025-10-08,Shipped,Mobile App,Kellymouth,WA
ORD-0010438,CUST-000923,2026-05-21,Shipped,Web,Smithberg,NC
ORD-0004804,CUST-002740,2026-05-23,Placed,Web,North Ronaldstad,IL
ORD-0004285,CUST-000688,2026-05-20,Placed,Marketplace,South Michael,NC
ORD-0011610,CUST-000028,2026-08-03,Shipped,Marketplace,New Andrew,CA
ORD-0007385,CUST-002758,2025-11-10,Cancelled,Web,Reginabury,OH
ORD-0011257,,2025-10-06,Shipped,Mobile App,Kleinhaven,AZ
ORD-0002379,CUST-002530,2025-08-17,placed,Mobile App,Melissaburgh,CA
ORD-0005122,CUST-001628,2026-05-25,Delivered,Web,Jamesshire,TX
ORD-0000763,CUST-002928,2025-12-01,Delivered,In-Store,Amyport,OH
ORD-0009644,CUST-002539,2025-10-13,Processing,Mobile App,Lake Kimberlymouth,IL
ORD-0010385,CUST-002150,2026-04-10,Cancelled,Marketplace,Victorfort,MI
ORD-0006603,CUST-945738,2026-07-05,Shipped,Mobile App,West Johnfort,FL
ORD-0011488,CUST-000849,2026-08-23,Delivered,Mobile App,Hernandezchester,FL
ORD-0008892,CUST-001412,2026-05-14,Shipped,Marketplace,Johnsonport,TX
ORD-0010309,CUST-000853,2025-06-18,Cancelled,In-Store,Hooverchester,WA
ORD-0001231,CUST-002169,2026-06-18,Processing,Marketplace,Fisherfurt,FL
ORD-0009480,CUST-002232,2025-01-24,Placed,Web,Howardmouth,WA
ORD-0010470,CUST-000705,2026-07-11,Shipped,Mobile App,,CA
ORD-0006139,CUST-000400,2024-07-31,rETURNED,Web,Christinetown,AZ
ORD-0005971,,2024-11-07,Shipped,Mobile App,Port Alan,NC
ORD-0003741,CUST-000500,2026-09-04,Placed,Mobile App,New Williamview,AZ
ORD-0008782,CUST-002677,2025-11-09,Delivered,Marketplace,Davidmouth,GA
ORD-0006002,CUST-001733,2024-12-01,Delivered,Web,Hartborough,OH
ORD-0001150,CUST-001534,2025-12-29,Placed,Web,North Katie,NC
ORD-0007654,CUST-002405,2024-07-09,Shipped,In-Store,Riosberg,MI
ORD-0008779,CUST-001775,2025-02-01,Processing,Mobile App,West Tammieberg,WA
ORD-0008165,CUST-000595,2026-08-11,Processing,In-Store,Shawberg,PA
ORD-0011980,CUST-002456,2026-06-09,Delivered,Mobile App,Parkschester,IL
ORD-0011015,CUST-001554,2026-07-22,Processing,Web,New Toddborough,CA
ORD-0002581,CUST-000012,2026-07-12,Cancelled,Mobile App,Crossside,PA
ORD-0002324,CUST-002319,2026-04-10,Delivered,Web,Murphyfort,NC
ORD-0002742,CUST-000669,2025-06-30,Delivered,Web,South Casey,CA
ORD-0010012,CUST-001967,2025-04-09,Returned,Web,Perryside,GA
ORD-0007341,CUST-000692,2026-05-11,Returned,Web,Robertsonburgh,TX
ORD-0009515,CUST-002298,2026-05-12,Delivered,Web,Gonzalezstad,OH
ORD-0011740,CUST-000437,2026-04-23,Delivered,Web,New Katieland,MI
ORD-0004658,CUST-000537,2026-05-01,Processing,Marketplace,Whitefort,NC
ORD-0002785,CUST-001284,2026-06-27,Delivered,Mobile App,Cantrellfurt,OH
ORD-0009127,CUST-000024,2026-06-30,Delivered,Web,Hernandezmouth,FL
ORD-0005381,CUST-002141,2024-07-04,Placed,Mobile App,New Eileenside,GA
ORD-0009178,CUST-002144,2025-08-15,Shipped,Mobile App,Melaniechester,PA
ORD-0000713,CUST-001261,2026-07-30,Delivered,Mobile App,Port Emmastad,IL
ORD-0001753,CUST-000476,2025-10-09,Shipped,Marketplace,Sarahside,NY
ORD-0010862,CUST-000935,2026-04-25,Cancelled,Mobile App,Samuelhaven,TX
ORD-0005001,CUST-001862,2026-07-27,Cancelled,Web,North Jenniferside,NC
ORD-0003705,CUST-000521,2026-08-09,Processing,Web,West Jennifer,OH
ORD-0006386,CUST-000159,2026-01-26,Delivered,Web,South Michelleberg,WA
ORD-0000754,CUST-001146,2026-08-24,Cancelled,Web,East Kevin,AZ
ORD-0011363,CUST-002242,2026-06-02,Processing,Marketplace,Lake Kimberly,NC
ORD-0001446,CUST-000795,2025-07-20,Shipped,Web,West Paul,NY
ORD-0005254,CUST-001071,2025-12-13,Delivered,Web,South Jason,MI
ORD-0006864,CUST-002683,2026-01-30,Returned,Mobile App,,PA
ORD-0002077,CUST-000649,2025-04-16,Returned,In-Store,South Lawrencechester,NY
ORD-0001821,CUST-000613,2025-09-26,Shipped,Mobile App,Anthonybury,AZ
ORD-0002052,CUST-002355,2026-05-01,Delivered,Mobile App,New Jason,GA
ORD-0005191,CUST-002661,2026-03-13,Placed,Web,South James,FL
ORD-0010065,CUST-002933,2026-08-27,Delivered,Web,North Zacharyfort,WA
ORD-0004165,CUST-000263,2026-08-21,Delivered,Marketplace,Morantown,GA
ORD-0009320,CUST-001610,2026-07-28,Delivered,In-Store,New Kimberly,CA
ORD-0010864,CUST-000447,2025-08-06,Processing,Marketplace,West Juliamouth,IL
ORD-0011004,CUST-002266,2024-09-24,Shipped,Mobile App,Hornshire,FL
ORD-0001636,CUST-002950,2024-10-30,Delivered,Web,East Georgechester,OH
ORD-0003032,CUST-002960,2025-11-10,shipped,Mobile App,Lake Steve,OH
ORD-0011317,CUST-001577,2026-05-03,Processing,Marketplace,West Ronaldburgh,NC
ORD-0001689,CUST-001163,2026-05-29,Placed,Mobile App,Davidfurt,GA
ORD-0003658,CUST-001045,2026-06-24,Cancelled,In-Store,East Joseph,NC
ORD-0008520,CUST-000842,2024-10-02,Delivered,Marketplace,Randyborough,IL
ORD-0007229,CUST-000158,2026-09-02,Delivered,Mobile App,Angelafort,FL
ORD-0000749,CUST-001460,2026-08-04,Processing,Mobile App,,GA
ORD-0008731,CUST-000387,08/26/2026,Delivered,Mobile App,Bobbyfort,FL
ORD-0010852,CUST-001670,2025-05-26,Delivered,In-Store,Johnbury,CA
ORD-0000137,CUST-001192,2026-01-28,Cancelled,Marketplace,Andrewton,FL
ORD-0008583,CUST-000015,2024-12-29,Delivered,Marketplace,Christopherbury,AZ
ORD-0003290,CUST-000848,2025-12-26,Placed,Web,Mendozaburgh,FL
ORD-0009071,CUST-001301,2026-05-26,Delivered,Marketplace,Lake Krystal,FL
ORD-0009099,CUST-001010,2026-08-05,Delivered,Web,Lake Nathanburgh,MI
ORD-0005416,CUST-002316,2026-05-05,Shipped,Mobile App,North Sarah,WA
ORD-0002357,CUST-001009,2026-08-10,Delivered,In-Store,Morsestad,OH
ORD-0010281,CUST-001542,2025-06-22,Placed,Web,Barberland,MI
ORD-0002902,CUST-000092,2026-03-16,Delivered,Web,West Elizabethport,AZ
ORD-0005319,CUST-001725,2025-12-02,Cancelled,Web,East Danaton,NC
ORD-0005295,CUST-002318,2026-08-11,Placed,Web,Cunninghamtown,WA
ORD-0006951,CUST-000685,2024-12-09,Placed,Web,Shannonshire,WA
ORD-0008353,CUST-001178,"April 13, 2026",Delivered,Mobile App,Martinezmouth,FL
ORD-0000718,CUST-001285,2026-08-14,Shipped,Mobile App,Martintown,PA
ORD-0002815,CUST-001252,2025-10-19,Placed,Marketplace,Albertside,WA
ORD-0000537,CUST-000789,2026-06-13,Cancelled,Marketplace,Riverafort,MI
ORD-0008480,CUST-000417,2026-06-03,processing,Marketplace,Lake Stephaniechester,PA
ORD-0001578,CUST-000857,2026-08-28,Placed,Mobile App,Rhondaville,OH
ORD-0011225,CUST-002740,2026-03-13,Delivered,Mobile App,Kevinbury,OH
ORD-0000623,CUST-000811,09/27/2025,Delivered,Mobile App,Port Jeffreymouth,WA
ORD-0007210,CUST-002735,2026-08-08,Shipped,Web,Williamton,AZ
ORD-0010942,CUST-000221,2026-02-07,Shipped,Web,Port Brandon,CA
ORD-0010311,CUST-001515,2026-06-06,Placed,Mobile App,Lake Marissa,PA
ORD-0008340,CUST-000569,2025-11-25,Delivered,Web,East Nathanielmouth,IL
ORD-0010948,CUST-001491,2026-04-06,Shipped,Web,South Eric,FL
ORD-0008876,CUST-000536,2026-07-13,Delivered,Mobile App,,IL
ORD-0003331,CUST-001059,2026-01-06,Delivered,Web,East Karen,OH
ORD-0003620,,2026-08-05,Cancelled,Marketplace,Port Tracyfurt,IL
ORD-0011552,CUST-000749,2026-06-01,Cancelled,Mobile App,North Jackson,MI
ORD-0010064,CUST-001506,2026-07-17,Delivered,Mobile App,Mcdowellview,OH
ORD-0007919,,2026-04-02,Shipped,Mobile App,Lake Scottfurt,NY
ORD-0002436,CUST-002508,2026-08-16,Delivered,Web,Aliciafurt,GA
ORD-0009959,CUST-000482,2026-07-15,Returned,In-Store,West Jenniferfurt,OH
ORD-0005803,CUST-001624,2026-07-30,Processing,Mobile App,East Philip,NC
ORD-0003323,CUST-001788,2025-08-12,Processing,Mobile App,Greenburgh,TX
ORD-0004028,CUST-001085,2026-02-08,Delivered,Web,East James,IL
ORD-0008509,CUST-002141,2025-06-03,Shipped,Web,Lake Dominic,FL
ORD-0002544,CUST-000190,2025-04-10,SHIPPED,Mobile App,West Chaseland,MI
ORD-0001198,CUST-000837,2026-07-24,Delivered,In-Store,Harrisborough,NC
ORD-0001985,CUST-001331,2025-10-29,Delivered,In-Store,Lake Elizabeth,WA
ORD-0006815,CUST-002571,2026-03-31,Cancelled,Marketplace,South James,IL
ORD-0002210,CUST-002000,2026-08-25,Shipped,Web,Smithland,OH
ORD-0002110,,2025-10-09,Delivered,Mobile App,South Katrina,TX
ORD-0002396,CUST-001071,2026-03-22,Delivered,Mobile App,Hernandezborough,OH
ORD-0009247,CUST-002860,2026-06-21,Delivered,Mobile App,South Robert,IL
ORD-0009657,CUST-000788,2026-03-25,Placed,Web,,CA
ORD-0000679,CUST-002298,2026-09-04,Shipped,Web,West Stephanie,TX
ORD-0001223,CUST-000650,2025-09-22,Placed,Mobile App,Harveychester,CA
ORD-0001705,CUST-000940,2026-02-21,Shipped,Mobile App,South Anthony,NY
ORD-0006987,CUST-000678,2026-02-05,Processing,Web,Meltonview,IL
ORD-0009266,CUST-001417,2025-12-25,Cancelled,Mobile App,Josephland,OH
ORD-0011126,CUST-002289,2026-05-11,Shipped,Web,South Lauraport,AZ
ORD-0009267,CUST-002725,2026-08-02,Processing,Web,Saundersmouth,FL
ORD-0010123,CUST-002350,2026-02-18,Cancelled,Web,Gibbsberg,NC
ORD-0009824,CUST-000456,2026-01-22,Delivered,Marketplace,North Shawnmouth,PA
ORD-0003943,CUST-002663,15-Jun-2026,Processing,Web,North Carlos,TX
ORD-0000144,CUST-001143,2026-09-02,Delivered,Mobile App,Ramosstad,MI
ORD-0000675,CUST-000225,2026-03-16,Delivered,Web,Clarkemouth,WA
ORD-0010132,CUST-002825,2025-12-31,Placed,In-Store,South Christinafort,MI
ORD-0011724,CUST-002839,2025-04-09,Delivered,Mobile App,Taylorbury,WA
ORD-0004523,CUST-001517,2025-06-10,Placed,Web,East Savannahtown,MI
ORD-0003894,CUST-943916,2025-11-15,Shipped,Mobile App,,IL
ORD-0006421,CUST-002605,2026-09-04,Delivered,Web,Williamsberg,PA
ORD-0008875,CUST-001947,2026-01-26,Delivered,Mobile App,Katiehaven,MI
ORD-0011369,CUST-002190,2025-02-21,Shipped,Mobile App,Port Brianmouth,WA
ORD-0005066,,2025-10-20,delivered,Marketplace,West Bryan,TX
ORD-0004212,CUST-002350,2026-07-06,Delivered,Marketplace,Lopezstad,FL
ORD-0008041,CUST-000561,2026-05-01,Delivered,Mobile App,South Bryan,OH
ORD-0007884,CUST-000409,2026-04-26,Delivered,Web,Byrdburgh,OH
ORD-0005098,CUST-002384,2025-07-29,Delivered,Mobile App,Hamiltonburgh,CA
ORD-0008171,CUST-000307,2026-08-23,Shipped,Marketplace,Fitzgeraldfort,FL
ORD-0006085,CUST-001203,2026-04-21,Processing,Web,New Brianside,IL
ORD-0003747,CUST-000112,2026-07-19,Processing,In-Store,Heatherport,NY
ORD-0002296,CUST-001212,08/03/2026,Placed,Web,Cherylville,FL
ORD-0006665,CUST-002366,2025-05-31,Processing,Web,Port Aimeefort,GA
ORD-0006445,CUST-001988,2025-12-28,Shipped,Mobile App,Port Manueltown,WA
ORD-0002354,CUST-002164,2026-08-30,Shipped,Mobile App,,MI
ORD-0010889,CUST-002485,2026-08-18,Cancelled,Marketplace,Ryanburgh,FL
ORD-0011650,CUST-000257,2025-08-26,Delivered,Web,Annafort,NY
ORD-0000470,CUST-000104,2025-10-10,Processing,Web,Floresfurt,GA
ORD-0001452,CUST-002715,2026-06-02,Delivered,Mobile App,Samanthaborough,TX
ORD-0010174,CUST-000083,2026-08-10,Placed,Marketplace,West Kathrynmouth,NC
ORD-0009663,CUST-000795,2026-01-19,Shipped,Marketplace,New Amanda,MI
ORD-0002368,CUST-002257,2025-04-17,Delivered,Web,East Laura,OH
ORD-0009226,CUST-001286,2026-03-27,Shipped,Mobile App,East Lauraport,NY
ORD-0001069,CUST-000048,09-May-2026,Processing,Marketplace,Lake Anthonyville,NY
ORD-0008667,CUST-000383,2026-07-22,Processing,Mobile App,Port James,OH
ORD-0002891,CUST-001071,2025-12-01,Returned,Web,Dawsonborough,NY
ORD-0009930,CUST-002140,2026-04-19,Cancelled,Marketplace,South Brittany,MI
ORD-0006238,CUST-000548,2026-07-26,Delivered,Mobile App,Smithborough,PA
ORD-0008497,CUST-000139,2026-07-30,Delivered,Web,East Marioton,GA
ORD-0003450,CUST-000577,2026-06-06,Delivered,Web,Lake Marymouth,NC
ORD-0007019,CUST-002035,2025-10-19,Cancelled,Marketplace,East Michelleborough,AZ
ORD-0009270,CUST-002943,2026-03-10,Delivered,Web,New Rebeccachester,CA
ORD-0005372,CUST-002872,2026-05-18,Cancelled,Mobile App,Blevinsberg,PA
ORD-0002072,CUST-002755,2024-08-26,Processing,Web,Mcdonaldchester,FL
ORD-0010322,CUST-001670,2024-04-25,dELIVERED,Mobile App,Ariaschester,MI
ORD-0000087,CUST-002552,2024-09-13,Delivered,Mobile App,Lake Alexisshire,TX
ORD-0010051,CUST-001968,2025-09-20,Cancelled,Mobile App,Melissaside,WA
ORD-0001867,CUST-001435,2026-05-30,Delivered,In-Store,Riosport,PA
ORD-0005284,CUST-001608,2025-11-24,Shipped,In-Store,North Brandon,WA
ORD-0010047,CUST-000657,2026-08-19,Shipped,Mobile App,East Melaniehaven,PA
ORD-0002174,CUST-000429,2025-06-26,Delivered,Web,Julieland,TX
ORD-0005966,CUST-001482,2026-08-15,Delivered,Mobile App,West Saraside,NC
ORD-0004729,CUST-001439,2025-05-18,Processing,Marketplace,New Audreymouth,WA
ORD-0001812,CUST-002564,2025-07-11,Placed,Mobile App,Craigchester,IL
ORD-0010584,CUST-000203,2025-03-21,Delivered,Web,Taylorfurt,FL
ORD-0001412,CUST-000451,2025-08-22,Delivered,Mobile App,West Patrickton,MI
ORD-0003682,CUST-002447,2026-07-22,Processing,Marketplace,Whitefort,IL
ORD-0004772,CUST-002108,2026-08-10,Delivered,Mobile App,West Crystalport,FL
ORD-0002508,CUST-002610,2026-08-25,Delivered,Mobile App,South Mariabury,NY
ORD-0002788,CUST-001095,2026-06-26,DELIVERED,In-Store,New Abigail,MI
ORD-0011668,CUST-002634,2026-03-26,Processing,Marketplace,Thomaston,IL
ORD-0002470,CUST-000792,2025-10-05,Delivered,In-Store,New Terrihaven,PA
ORD-0007113,CUST-002490,2025-11-26,Returned,Web,South Theresa,NY
ORD-0004585,CUST-002135,2026-06-28,Placed,Web,New Katherinechester,AZ
ORD-0008982,CUST-001386,2026-06-06,Delivered,Mobile App,West Mariefurt,OH
ORD-0005563,CUST-000157,2026-02-24,Shipped,Mobile App,Rachaelburgh,OH
ORD-0006341,CUST-001985,2025-10-27,Placed,Mobile App,,GA
ORD-0009531,CUST-001553,2026-04-27,Delivered,Mobile App,Taylorchester,OH
ORD-0003430,CUST-001073,2025-01-21,Delivered,Mobile App,Josehaven,FL
ORD-0000980,CUST-001314,2026-06-15,Shipped,Web,Lake Beverly,GA
ORD-0006874,CUST-000066,2026-08-16,delivered,In-Store,Michellebury,WA
ORD-0004682,CUST-001228,2026-08-25,Delivered,Marketplace,New Erica,WA
ORD-0010380,CUST-001133,2025-10-01,Delivered,Web,Lucasville,OH
ORD-0011377,CUST-001300,2026-08-21,Placed,Marketplace,North Cherylbury,GA
ORD-0007769,CUST-002692,2026-05-28,Placed,Web,West Mary,WA
ORD-0011109,CUST-002887,2024-11-02,Shipped,Mobile App,Mistystad,AZ
ORD-0010096,CUST-001222,2026-07-08,Delivered,Marketplace,West Mitchellshire,WA
ORD-0011636,CUST-002153,2025-07-03,Cancelled,Marketplace,Leslietown,WA
ORD-0011266,CUST-002809,2024-09-27,sHIPPED,Web,Port Amanda,MI
ORD-0005875,CUST-000558,2025-09-07,Placed,In-Store,West Kaylaland,NC
ORD-0002725,CUST-002476,2026-09-04,Shipped,Mobile App,Zimmermanfort,AZ
ORD-0002621,CUST-000987,2026-08-12,Returned,Mobile App,East Juliaton,FL
ORD-0011423,CUST-001682,2025-06-08,delivered,Web,Mejiastad,PA
ORD-0009116,,"May 06, 2026",Delivered,In-Store,Deborahshire,NC
ORD-0000807,CUST-000424,2025-02-28,Delivered,Web,Floresshire,OH
ORD-0009502,CUST-001478,2026-02-27,Cancelled,Web,West Zachary,CA
ORD-0001800,CUST-002573,2026-04-19,Delivered,Web,Castanedafurt,IL
ORD-0004016,CUST-000853,2026-01-29,Placed,Mobile App,,TX
ORD-0000591,CUST-001427,2026-07-27,Shipped,Marketplace,Ginaport,MI
ORD-0000519,CUST-000980,2024-12-27,Processing,Web,New Meredith,TX
ORD-0009774,CUST-002161,2025-09-01,Returned,Mobile App,Port Vanessaberg,OH
ORD-0009573,CUST-001723,2026-05-26,Delivered,Web,Amandaside,NY
ORD-0002361,CUST-002857,2026-07-31,Processing,Mobile App,Mosston,IL
ORD-0002769,CUST-002540,2025-10-31,Delivered,In-Store,Louisport,NY
ORD-0005828,CUST-000882,2026-09-02,Shipped,Mobile App,New Evelyn,NC
ORD-0008587,CUST-001460,2026-07-07,Returned,Web,Charlesside,WA
ORD-0004251,CUST-002940,2026-05-18,Delivered,Mobile App,Jessicaton,NC
ORD-0004724,CUST-001724,2026-08-11,Delivered,Mobile App,East Tonyastad,AZ
ORD-0002026,CUST-002599,2026-03-26,Delivered,In-Store,Loveton,AZ
ORD-0007914,CUST-002969,2025-02-14,Delivered,Web,Lamchester,TX
ORD-0007470,CUST-000604,2026-07-18,Delivered,Web,Cervantesfurt,CA
ORD-0001707,CUST-000118,2025-11-14,Cancelled,Mobile App,Knightfurt,IL
ORD-0010082,CUST-001109,2026-06-03,Delivered,Marketplace,Lake Christopherfort,CA
ORD-0002348,CUST-000612,2025-11-28,Delivered,Web,West Kevinport,CA
ORD-0003449,CUST-000653,2025-01-07,Placed,Web,North David,OH
ORD-0006382,CUST-002631,2025-06-25,Delivered,Marketplace,North Andrew,OH
ORD-0001217,CUST-002298,2026-07-01,Delivered,Mobile App,North Katherine,NC
ORD-0010112,CUST-001127,2026-08-06,Delivered,In-Store,Sherylborough,PA
ORD-0006533,CUST-001680,2026-02-08,Placed,Web,Rosstown,NY
ORD-0007674,CUST-000738,2025-04-24,Delivered,Marketplace,Portermouth,WA
ORD-0001284,CUST-002116,2025-11-29,Placed,Web,Port Timothyfort,FL
ORD-0002247,CUST-001791,2026-07-08,Cancelled,Marketplace,South Dave,GA
ORD-0002409,CUST-002969,2024-10-15,Shipped,Web,Lake Brian,NY
ORD-0002037,,2026-07-01,Shipped,Mobile App,Lake William,TX
ORD-0011625,CUST-002088,2025-03-02,Processing,Mobile App,Shannonbury,AZ
ORD-0005019,CUST-002277,2025-01-14,Cancelled,Mobile App,North Audrey,OH
ORD-0011012,CUST-002122,2026-05-10,Delivered,In-Store,East Vincent,WA
ORD-0006492,CUST-002684,2026-01-24,Delivered,Web,Haneybury,OH
ORD-0009166,CUST-002111,2026-05-17,Delivered,Marketplace,South Jamesshire,OH
ORD-0002641,CUST-000969,2025-04-12,Delivered,Web,East Sarahshire,FL
ORD-0011681,CUST-002359,2026-04-01,Cancelled,Mobile App,Cummingsburgh,NC
ORD-0008622,CUST-000037,2025-04-10,Delivered,Web,Alexandrastad,PA
ORD-0000595,CUST-961582,2026-04-08,Delivered,Mobile App,Mcdonaldview,OH
ORD-0006124,CUST-001198,2026-05-04,Delivered,Web,West Matthew,NY
ORD-0011605,CUST-000655,2025-07-20,Delivered,In-Store,Lake Tommyton,PA
ORD-0005048,CUST-000622,2026-04-09,Placed,Marketplace,Garciahaven,MI
ORD-0009010,CUST-000817,2025-12-26,Delivered,Mobile App,Michaelview,CA
ORD-0003397,CUST-000270,2026-08-12,rETURNED,Mobile App,Armstrongberg,OH
ORD-0008688,CUST-002597,2024-11-18,Processing,Web,,NC
ORD-0005283,CUST-000904,2025-11-24,Shipped,Marketplace,Sanchezport,NY
ORD-0011823,CUST-000752,2025-04-10,SHIPPED,In-Store,South Katie,IL
ORD-0001060,CUST-001114,2026-06-11,Delivered,Web,East Haileymouth,FL
ORD-0006189,CUST-001517,2025-03-21,Processing,Marketplace,Campbelltown,NC
ORD-0009493,CUST-001038,2026-07-03,Delivered,Mobile App,Simsside,IL
ORD-0008029,CUST-002573,2026-04-10,Delivered,Web,North Ashleyburgh,MI
ORD-0006808,CUST-934750,2024-02-04,Delivered,Web,Michaelberg,PA
ORD-0009439,CUST-002393,2026-06-14,Shipped,Web,South John,MI
ORD-0010936,CUST-935653,2026-07-19,Shipped,Mobile App,Garzamouth,OH
ORD-0002541,CUST-002498,2026-06-29,Delivered,Web,East Mark,CA
ORD-0011526,CUST-000356,2026-01-11,Delivered,Mobile App,Lake Andrewland,NC
ORD-0011251,CUST-001076,2025-09-01,Cancelled,Web,Baileyhaven,FL
ORD-0006886,CUST-001684,2026-03-20,Delivered,Mobile App,New Nicolefort,IL
ORD-0000142,CUST-002033,2025-04-14,Shipped,Web,Johnsonborough,TX
ORD-0005892,CUST-001522,2026-03-11,Returned,Marketplace,Harrisborough,IL
ORD-0011810,CUST-001171,2025-03-27,Delivered,Mobile App,Gonzalezport,CA
ORD-0007451,CUST-000143,2026-08-05,Placed,Web,South Jennifershire,MI
ORD-0010696,CUST-002639,2026-08-16,PLACED,Mobile App,North Stephanie,NC
ORD-0000814,CUST-002376,2026-05-22,Delivered,Web,Lake Rodneyview,FL
ORD-0005462,CUST-930815,2026-07-05,Placed,Mobile App,West Jonathan,IL
ORD-0003022,,2026-05-07,Returned,Web,New Jennifermouth,CA
ORD-0006879,CUST-002804,2025-03-04,Placed,In-Store,East Brandonshire,IL
ORD-0006195,CUST-002232,2025-04-07,Returned,Mobile App,Christopherside,TX
ORD-0007305,CUST-000004,2026-07-16,Placed,Marketplace,East Paul,MI
ORD-0001859,CUST-000801,2025-09-12,Placed,Web,North Craig,IL
ORD-0007178,CUST-002280,2026-05-29,Placed,Web,Port Kyle,IL
ORD-0003507,CUST-002576,2026-08-08,Shipped,Mobile App,Kelseyburgh,NY
ORD-0001505,CUST-002960,2026-07-24,Shipped,Marketplace,Adrianland,TX
ORD-0010611,CUST-001262,2025-10-10,Processing,Web,Stephenmouth,FL
ORD-0010956,CUST-001435,2026-06-19,Shipped,Web,South Kristinaland,WA
ORD-0010952,CUST-001812,2026-05-04,Shipped,Mobile App,North Tarachester,NC
ORD-0001509,CUST-001251,2026-05-01,Placed,Mobile App,Rebeccaville,CA
ORD-0010614,CUST-001948,2024-03-31,Shipped,Web,Jameston,OH
ORD-0009248,CUST-002332,2025-11-11,Delivered,Mobile App,South Gloriaville,TX
ORD-0004342,CUST-000514,2026-02-25,Cancelled,Marketplace,Perezmouth,MI
ORD-0003021,CUST-000859,2026-05-23,Cancelled,In-Store,South Karen,CA
ORD-0002419,CUST-001207,2026-07-21,Processing,Web,South Gina,GA
ORD-0000954,CUST-001419,2026-06-03,Cancelled,Mobile App,Walkerland,AZ
ORD-0005533,CUST-002444,2026-05-01,Delivered,Web,East Jennifer,PA
ORD-0007276,CUST-001919,2026-06-08,Cancelled,Web,North Jessicachester,IL
ORD-0009339,CUST-002234,2024-05-10,Placed,In-Store,West Austin,FL
ORD-0010092,CUST-002113,2026-07-19,Shipped,Web,Vargastown,FL
ORD-0006216,CUST-000502,2026-08-15,Shipped,Marketplace,Port Richard,FL
ORD-0004211,CUST-002210,2024-11-12,Delivered,Mobile App,Tammystad,OH
ORD-0003015,CUST-001679,2026-01-17,Placed,Web,Port Jessicafurt,MI
ORD-0001644,CUST-001923,2026-04-16,Delivered,Web,Gordonburgh,MI
ORD-0005402,CUST-002047,2026-01-08,Shipped,Web,Port Robertton,AZ
ORD-0005435,CUST-000073,2026-07-11,Shipped,In-Store,East Gabrielleville,CA
ORD-0005496,CUST-002123,2024-11-07,Returned,Web,Paulmouth,NY
ORD-0000898,CUST-002260,2024-04-21,Placed,Marketplace,Reedfort,PA
ORD-0011311,CUST-002559,2025-10-13,Delivered,Marketplace,Port Markhaven,IL
ORD-0003367,CUST-000775,2026-08-31,Placed,Web,Williamsshire,FL
ORD-0009519,CUST-000921,2025-01-31,Cancelled,In-Store,South Patriciamouth,MI
ORD-0005911,CUST-002989,2025-04-18,Shipped,Web,Gibsonburgh,AZ
ORD-0009898,CUST-001969,2026-08-29,Shipped,Web,Ericville,TX
ORD-0007973,CUST-000084,2026-09-01,Placed,Mobile App,Norristown,PA
ORD-0005059,CUST-002518,2026-07-18,Delivered,Mobile App,Levinechester,FL
ORD-0006633,CUST-002388,2026-05-29,Delivered,In-Store,Townsendchester,OH
ORD-0009453,CUST-001945,22-Dec-2025,Cancelled,Mobile App,Charlesbury,AZ
ORD-0009374,CUST-002278,2025-08-20,sHIPPED,In-Store,Shawnstad,NY
ORD-0004814,CUST-001096,2023-12-15,Delivered,Web,South Danielle,PA
ORD-0009251,CUST-000486,2025-01-06,dELIVERED,Mobile App,Aguirrefort,OH
ORD-0004112,,2025-10-25,Cancelled,Marketplace,North Michelleport,GA
ORD-0009192,CUST-000993,2026-07-25,Cancelled,In-Store,Lake Amyfort,NC
ORD-0011450,CUST-002160,2026-01-30,Placed,Web,North Michelle,OH
ORD-0006036,CUST-001825,2026-04-14,Delivered,Mobile App,East Ashley,NC
ORD-0005418,,2024-12-23,Placed,Marketplace,,TX
ORD-0005132,CUST-000842,2024-11-09,Shipped,Web,Port Hannahbury,OH
ORD-0010219,CUST-000886,2025-10-31,Cancelled,In-Store,Mcphersonborough,FL
ORD-0004869,CUST-001416,2026-07-14,Delivered,Web,East Daniel,NY
ORD-0004912,CUST-001202,2026-01-12,Processing,Marketplace,New Todd,NY
ORD-0005480,CUST-001407,2026-07-18,Delivered,Marketplace,,GA
ORD-0003470,CUST-001503,2026-06-22,DELIVERED,Mobile App,North Ashley,TX
ORD-0000978,CUST-002312,2025-01-19,Shipped,Marketplace,Watsonmouth,TX
ORD-0007724,CUST-002683,2025-02-06,Delivered,Web,East Lauriebury,OH
ORD-0006295,CUST-000631,2026-08-08,Processing,In-Store,Danielfort,IL
ORD-0000727,CUST-000439,2025-04-09,Processing,Mobile App,East Samantha,WA
ORD-0000932,CUST-987589,2025-12-22,Shipped,Mobile App,Sullivanton,TX
ORD-0010128,CUST-002789,2025-10-21,Cancelled,Web,Hudsonmouth,IL
ORD-0011314,CUST-964098,2026-06-05,Shipped,Mobile App,New Danielle,MI
ORD-0008717,CUST-000460,2026-06-25,Placed,Web,Steinburgh,IL
ORD-0004088,CUST-002496,2025-09-06,Shipped,Web,Perkinsmouth,NC
ORD-0001268,CUST-001723,2025-12-04,Cancelled,In-Store,Lake Karen,CA
ORD-0008902,CUST-002642,2026-05-02,Placed,Mobile App,South Victoriashire,TX
ORD-0005022,CUST-001380,2026-05-31,Delivered,In-Store,Port Robertburgh,NC
ORD-0011233,CUST-000612,2026-02-09,Placed,Web,East Robinhaven,OH
ORD-0011498,CUST-001585,2026-08-21,Processing,Mobile App,North Karinaburgh,GA
ORD-0001830,CUST-000048,2026-07-23,Placed,Mobile App,North Annette,FL
ORD-0010774,CUST-002889,2026-06-21,Shipped,Mobile App,Juanmouth,NC
ORD-0003505,CUST-000677,2025-09-02,Delivered,Mobile App,Timfurt,AZ
ORD-0009683,CUST-000626,2026-04-18,Processing,Marketplace,Port Victorville,AZ
ORD-0000452,CUST-001715,2025-09-29,Delivered,Web,New Garyfort,GA
ORD-0001936,CUST-002518,2026-08-17,Delivered,Mobile App,East Adam,PA
ORD-0000200,CUST-002666,2025-05-14,sHIPPED,Web,Bryanbury,MI
ORD-0009298,CUST-000152,2026-07-21,Shipped,Mobile App,Port James,OH
ORD-0010545,CUST-001076,2026-03-16,Shipped,In-Store,West Calvintown,OH
ORD-0001868,CUST-000533,2026-08-31,Placed,Web,Port Gregory,OH
ORD-0008889,CUST-001534,2025-10-22,Placed,Web,Dennisberg,OH
ORD-0007715,CUST-000634,2026-03-06,Processing,Marketplace,New Victoriashire,WA
ORD-0004250,,2026-05-30,Shipped,In-Store,Port Heidiville,CA
ORD-0002264,CUST-001931,2026-04-06,Delivered,Web,North Jesseside,NY
ORD-0003644,CUST-000246,2024-07-24,dELIVERED,Web,New Jeffreyhaven,PA
ORD-0001790,CUST-002347,2025-11-25,returned,Mobile App,South Adamville,WA
ORD-0002704,CUST-000312,2025-05-02,Delivered,Marketplace,West Robert,FL
ORD-0008110,CUST-001440,2026-06-22,Processing,In-Store,West Gregoryview,GA
ORD-0002309,CUST-000970,2024-11-25,Cancelled,Web,South Beth,OH
ORD-0007082,CUST-000959,2026-09-05,Processing,Mobile App,East Christyfurt,MI
ORD-0004203,CUST-001882,2026-04-23,Delivered,Web,,TX
ORD-0001258,CUST-000758,2025-10-13,Cancelled,Mobile App,Lake Jeremyton,MI
ORD-0011846,CUST-000202,2026-07-09,Placed,Web,New Maryfurt,MI
ORD-0004086,CUST-001328,2025-07-04,Shipped,In-Store,Port Brianhaven,MI
ORD-0011428,CUST-000047,2026-07-19,Delivered,Web,Robinsonville,CA
ORD-0007309,CUST-001521,2026-08-31,Shipped,Mobile App,East Cameron,WA
ORD-0003220,CUST-002362,2026-02-13,Placed,Marketplace,Jacksonchester,NC
ORD-0005783,CUST-002006,2026-05-10,Processing,Marketplace,South Larry,TX
ORD-0011158,CUST-002632,2026-09-03,Delivered,Web,New Carolinemouth,GA
ORD-0001619,CUST-002813,2026-08-15,Delivered,Web,Grossport,AZ
ORD-0002459,CUST-000438,2026-04-23,Processing,Mobile App,Andersonhaven,IL
ORD-0003521,CUST-001337,2025-11-19,Delivered,In-Store,West Steve,OH
ORD-0002257,CUST-000212,2025-08-26,Delivered,Marketplace,East Leslietown,NY
ORD-0010200,CUST-002887,11-Sep-2024,Delivered,Mobile App,Barbaraville,FL
ORD-0007095,CUST-001700,2025-03-17,Processing,Web,South Coreyfort,PA
ORD-0002260,CUST-001375,2026-07-25,Returned,In-Store,West Kristina,AZ
ORD-0004233,CUST-000409,2026-07-03,Delivered,Web,Tammyville,GA
ORD-0005250,CUST-000964,2024-09-09,Delivered,Marketplace,Espinozafort,PA
ORD-0003766,CUST-000236,2026-01-18,Placed,Mobile App,Michaelbury,GA
ORD-0002680,CUST-000750,2026-03-25,Delivered,Web,North Victoria,OH
ORD-0006757,CUST-002370,2026-05-15,Delivered,Web,East John,IL
ORD-0007703,CUST-001256,2025-02-05,Delivered,Web,Goodbury,MI
ORD-0009875,CUST-001337,2025-10-11,Processing,Web,Lake Elijah,PA
ORD-0002921,CUST-000374,2026-01-16,Placed,Mobile App,Lake Davidbury,NC
ORD-0008559,CUST-002210,2025-09-26,Processing,Marketplace,,TX
ORD-0010253,CUST-002326,2025-05-12,cancelled,Mobile App,New Andrea,MI
ORD-0008093,CUST-001097,06/02/2026,Delivered,Marketplace,Tashaville,FL
ORD-0009385,CUST-000429,2026-06-23,Returned,Mobile App,South Adam,PA
ORD-0010751,CUST-001035,2024-01-21,processing,In-Store,Kimberlybury,MI
ORD-0004881,CUST-002895,2025-11-21,Returned,Mobile App,West Brittany,GA
ORD-0011617,CUST-000356,2025-10-16,Shipped,In-Store,,IL
ORD-0007613,CUST-001954,2026-01-19,Shipped,Web,North Jillbury,CA
ORD-0010110,CUST-002089,2026-01-25,Delivered,In-Store,New Williamport,CA
ORD-0007047,CUST-001888,2025-08-03,Delivered,Mobile App,North Jessica,CA
ORD-0001815,CUST-001657,2024-10-16,Processing,Mobile App,East Benjaminfort,FL
ORD-0000053,CUST-002479,2025-01-04,Placed,Web,Alexandratown,GA
ORD-0006598,CUST-002840,2024-04-17,Delivered,Marketplace,Monicafort,IL
ORD-0010836,CUST-002965,2026-06-12,Processing,Web,Jonesland,IL
ORD-0002298,CUST-000893,2025-11-20,Cancelled,Mobile App,Davidborough,PA
ORD-0002962,CUST-000120,12/06/2025,Delivered,Mobile App,Martinezport,MI
ORD-0009291,,2025-07-29,Returned,Mobile App,North Madisonchester,NC
ORD-0002141,CUST-000993,2025-12-30,Delivered,Marketplace,Williemouth,OH
ORD-0007075,,2026-05-10,Delivered,Mobile App,Andersonfort,NY
ORD-0001553,CUST-002400,2026-07-01,Delivered,Mobile App,East Zacharyhaven,NY
ORD-0010182,CUST-000385,2025-03-24,Delivered,Mobile App,Debraland,PA
ORD-0001103,CUST-001040,2025-08-15,Placed,Web,,OH
ORD-0006831,CUST-913315,2024-10-20,Cancelled,Web,Donovanbury,FL
ORD-0003073,CUST-001477,2026-01-24,Delivered,Mobile App,Millerland,IL
ORD-0007003,CUST-002921,2026-09-04,Returned,In-Store,Wagnerside,MI
ORD-0007998,CUST-002214,2026-05-05,Shipped,In-Store,Jeremiahview,WA
ORD-0007708,CUST-001884,2025-09-28,Placed,Web,North Robertville,MI
ORD-0007319,CUST-002193,2026-08-24,Shipped,Web,Vincentborough,PA
ORD-0010799,CUST-002052,2025-10-05,Placed,In-Store,North Matthew,PA
ORD-0003163,CUST-002565,2026-08-21,Processing,Mobile App,Jenniferborough,AZ
ORD-0011125,CUST-002066,2025-02-05,Cancelled,Mobile App,Anatown,AZ
ORD-0010107,CUST-001371,2026-08-24,Placed,Web,Brownborough,GA
ORD-0008849,CUST-001462,2024-04-07,Delivered,In-Store,Jessicashire,WA
ORD-0001192,CUST-002607,2025-07-04,PLACED,Web,North Williamhaven,OH
ORD-0011981,CUST-000244,2026-04-22,Cancelled,Mobile App,Brownton,NC
ORD-0000883,CUST-002952,2026-07-19,Shipped,Web,Zacharyport,MI
ORD-0006537,CUST-002108,2026-07-24,Delivered,Mobile App,New Austin,WA
ORD-0008333,CUST-002463,2024-03-18,Delivered,Mobile App,Port Michelleton,OH
ORD-0004856,CUST-000970,2025-12-08,Shipped,Web,Taylorborough,WA
ORD-0009028,CUST-002214,2026-06-08,Placed,Mobile App,South Anthony,FL
ORD-0011032,CUST-001998,2026-03-28,Shipped,In-Store,Port Jose,OH
ORD-0007526,CUST-000203,2025-11-14,Delivered,Web,North Michaelfort,IL
ORD-0010284,CUST-002316,2026-02-27,Delivered,Web,Lake Nicoleville,TX
ORD-0008602,CUST-000226,2026-01-30,Returned,Web,Port Jenniferfurt,IL
ORD-0006851,CUST-001272,2026-07-01,Shipped,Web,North Jessica,NC
ORD-0004744,CUST-002643,2026-03-11,Delivered,Marketplace,New Ernest,TX
ORD-0001316,CUST-001259,2026-05-08,Placed,Web,Nathanfort,GA
ORD-0000974,CUST-001328,2025-04-16,Placed,Web,Carrton,FL
ORD-0011067,CUST-002813,2026-04-20,Delivered,Web,Solomonport,AZ
ORD-0000264,CUST-001432,2025-02-20,Delivered,In-Store,North Ashley,MI
ORD-0010251,CUST-001018,2024-11-20,Delivered,In-Store,East Briannahaven,NC
ORD-0008176,CUST-000695,2026-09-04,Processing,Marketplace,Lisaport,PA
ORD-0001581,CUST-000637,2026-06-16,Shipped,Web,West Josephborough,PA
ORD-0003337,CUST-000968,2024-09-16,Delivered,Marketplace,Clarkmouth,MI
ORD-0005994,CUST-001154,2026-06-24,Shipped,Web,South Shawn,IL
ORD-0005436,CUST-000734,2023-12-21,Delivered,Web,West Rebekah,NC
ORD-0002528,CUST-002534,2025-06-29,Delivered,Marketplace,West Destinyshire,OH
ORD-0004758,CUST-000477,2025-04-05,Cancelled,Web,Kimberlymouth,OH
ORD-0008244,CUST-001716,2025-10-07,Placed,Mobile App,Julieborough,AZ
ORD-0010701,CUST-002894,2026-07-25,Cancelled,Mobile App,Williamton,MI
ORD-0002616,,2024-04-18,Placed,Web,East Amanda,MI
ORD-0004417,CUST-000469,2026-08-30,shipped,Marketplace,,MI
ORD-0004392,CUST-000259,2025-09-16,Delivered,Web,North Emilybury,IL
ORD-0003458,CUST-000370,2024-01-13,Delivered,Marketplace,Leefort,NY
ORD-0009862,CUST-000031,2025-12-28,Delivered,Web,Lake Rachelville,FL
ORD-0005773,CUST-001552,2026-05-29,Delivered,Marketplace,Odonnellborough,AZ
ORD-0000394,CUST-001166,2026-05-27,Shipped,Mobile App,West Matthewland,IL
ORD-0004017,CUST-002696,2026-08-22,Placed,Mobile App,Lake Matthew,GA
ORD-0009660,CUST-002342,2026-01-24,Placed,Web,New Michael,GA
ORD-0008182,CUST-001283,2025-04-15,Delivered,Marketplace,Kathleentown,GA
ORD-0006294,CUST-002138,2025-12-07,Processing,Mobile App,Emilyshire,CA
ORD-0006635,CUST-000256,2026-08-28,Cancelled,Web,Douglasberg,NC
ORD-0005136,CUST-002874,2025-08-11,Processing,In-Store,West Julianport,PA
ORD-0003784,CUST-000606,2023-11-17,Delivered,Web,Lake Adam,GA
ORD-0008201,CUST-000853,2026-02-26,Delivered,Marketplace,West Rachel,FL
ORD-0007259,CUST-002096,2025-09-09,Delivered,Marketplace,Bushville,FL
ORD-0007658,CUST-000019,2026-02-07,Delivered,Web,Loriton,MI
ORD-0001856,CUST-001676,2026-05-02,pLACED,Web,,TX
ORD-0010986,CUST-002526,2026-09-05,Shipped,Web,New Megan,NC
ORD-0003103,CUST-002887,2025-09-30,Processing,Mobile App,Nunezland,FL
ORD-0010721,CUST-000707,2026-02-19,Processing,Marketplace,South Angelastad,NY
ORD-0007671,CUST-001606,2026-07-07,Shipped,Mobile App,,PA
ORD-0007925,CUST-000091,2026-08-18,Delivered,Web,West Corey,MI
ORD-0005644,CUST-000738,2025-09-13,Cancelled,Web,Christinetown,NY
ORD-0011824,CUST-000461,2023-12-20,DELIVERED,Web,Jamesshire,AZ
ORD-0011599,CUST-000672,2026-09-03,Cancelled,Mobile App,Lake Jesse,OH
ORD-0004916,CUST-002188,2026-01-29,Returned,Mobile App,Hawkinsberg,NC
ORD-0011232,CUST-002707,2026-06-14,Shipped,Web,Lauriemouth,AZ
ORD-0010239,CUST-002788,2026-07-11,Delivered,In-Store,North Michaelbury,WA
ORD-0001127,CUST-000166,2024-07-28,Placed,Marketplace,East Yvonneville,FL
ORD-0004598,CUST-002557,2026-02-20,Placed,Marketplace,East Jonathanton,MI
ORD-0007938,CUST-964847,2025-10-25,Placed,Web,Lake Tara,WA
ORD-0003779,CUST-000215,2026-05-22,Placed,Web,Jessicaborough,FL
ORD-0004951,CUST-000893,2026-09-04,Shipped,Mobile App,East Ryanberg,NC
ORD-0001918,CUST-001186,2024-09-27,Processing,Mobile App,West Ginatown,TX
ORD-0005027,CUST-000235,2026-02-11,Returned,Marketplace,Gonzalezside,CA
ORD-0000413,CUST-000842,2026-04-10,Delivered,In-Store,,IL
ORD-0009104,CUST-000402,2026-04-20,Returned,Mobile App,Lisabury,NY
ORD-0010970,CUST-000288,2026-01-21,Delivered,Mobile App,Teresachester,MI
ORD-0008994,CUST-000438,2026-07-30,Delivered,Web,Terriside,MI
ORD-0006577,CUST-001081,2025-07-29,Returned,Mobile App,Pambury,AZ
ORD-0007971,CUST-000641,2026-08-17,Placed,In-Store,Port Nicholas,NC
ORD-0007966,CUST-001506,2026-08-25,Processing,Marketplace,Gregorymouth,GA
ORD-0004405,CUST-001924,2025-03-20,Cancelled,Web,,IL
ORD-0006448,CUST-002990,2026-05-12,Delivered,Web,East Beth,MI
ORD-0007936,CUST-001847,2025-12-05,Delivered,Marketplace,Lake Amanda,NC
ORD-0007544,CUST-002249,2026-07-15,Placed,In-Store,Jessicaton,NC
ORD-0005208,CUST-000565,2025-12-18,Shipped,In-Store,North Heather,OH
ORD-0000455,CUST-002864,2026-05-19,Processing,Mobile App,Nicholasberg,MI
ORD-0005160,CUST-002021,2026-06-12,Delivered,Mobile App,Allisonport,IL
ORD-0000573,CUST-942561,2026-08-31,Processing,Marketplace,Port Morgan,PA
ORD-0000853,CUST-002938,2026-03-26,Delivered,Web,Port Courtney,GA
ORD-0001459,CUST-001571,2025-08-04,Placed,Web,Ronaldland,NC
ORD-0007343,CUST-001822,2024-07-12,Shipped,Marketplace,Wangton,WA
ORD-0005188,CUST-000406,2026-02-15,Delivered,Mobile App,Andreborough,MI
ORD-0005988,CUST-002066,2025-06-12,Cancelled,Web,Albertbury,NC
ORD-0007172,CUST-000365,2025-01-18,Delivered,Web,East Belinda,PA
ORD-0004920,CUST-001590,2023-11-20,Processing,Mobile App,Elizabethfort,OH
ORD-0008159,CUST-001998,2026-06-19,Delivered,Web,Thomasfurt,WA
ORD-0007426,CUST-000498,2025-07-12,Cancelled,Web,Port Karen,IL
ORD-0004129,CUST-001496,2025-02-01,Delivered,Web,Watsonborough,FL
ORD-0009391,CUST-002512,2025-02-02,Shipped,Mobile App,South Carolchester,NY
ORD-0005956,CUST-001119,2025-12-12,Shipped,Web,West Julie,PA
ORD-0005317,CUST-001872,2026-07-08,Shipped,Web,South Brandon,OH
ORD-0000646,CUST-001234,2026-08-17,Shipped,Mobile App,New Michaelborough,GA
ORD-0005078,CUST-001138,2025-07-03,Cancelled,Mobile App,Russellbury,MI
ORD-0002493,CUST-002606,2026-06-22,Delivered,Web,Reneemouth,PA
ORD-0000426,CUST-001164,2026-09-05,DELIVERED,Mobile App,Douglasstad,NY
ORD-0005301,CUST-002980,25-Dec-2024,Delivered,Marketplace,,TX
ORD-0011602,CUST-001451,2026-07-17,Delivered,Web,East Kaitlin,GA
ORD-0007700,CUST-000090,2026-08-03,Delivered,Web,Elizabethstad,FL
ORD-0001070,CUST-001483,2026-03-20,Delivered,Web,South Robert,GA
ORD-0005076,CUST-002797,"January 04, 2025",Delivered,Marketplace,Burnettshire,MI
ORD-0000443,CUST-000112,2026-08-09,Delivered,Mobile App,West Debbiemouth,NC
ORD-0010703,CUST-002844,2025-08-21,Processing,Web,Eileenshire,CA
ORD-0006342,CUST-001014,2026-09-04,DELIVERED,Web,West Deborah,NY
ORD-0011017,CUST-001579,2025-10-07,Placed,Web,Gregoryton,CA
ORD-0006285,CUST-000846,2026-06-25,Placed,Mobile App,Maryland,GA
ORD-0010306,CUST-001035,2024-12-04,Cancelled,Marketplace,Lake Davidbury,CA
ORD-0005774,CUST-001271,2026-07-27,Placed,Web,South Ariel,MI
ORD-0007181,CUST-002192,2026-06-02,Placed,Web,South Ronaldmouth,PA
ORD-0004329,CUST-000780,2026-03-10,Delivered,Web,Huynhland,TX
ORD-0006119,CUST-002269,2026-06-04,Delivered,Mobile App,North Melanieport,WA
ORD-0002928,CUST-002976,2025-04-07,Delivered,Web,South Devinland,NY
ORD-0006623,CUST-000373,2026-02-18,Delivered,Mobile App,South Josephside,NC
ORD-0011074,CUST-001236,2025-12-15,processing,Mobile App,Port Raymond,TX
ORD-0010981,CUST-001655,2025-10-19,Shipped,Mobile App,Mcguirestad,MI
ORD-0008074,CUST-001641,2025-06-21,Processing,Marketplace,Barneston,FL
ORD-0002811,CUST-001747,2026-03-11,Delivered,Web,Port Karenton,OH
ORD-0007218,CUST-002345,2025-09-11,Placed,Marketplace,East Gregory,AZ
ORD-0003919,CUST-002560,2026-05-27,Delivered,Mobile App,New Sandrafort,GA
ORD-0000494,CUST-002010,2025-07-23,Placed,Mobile App,Johnsonhaven,GA
ORD-0008961,CUST-000405,2026-03-08,Delivered,Web,North Becky,TX
ORD-0006486,CUST-001800,2026-04-28,Cancelled,In-Store,Lake Dorismouth,PA
ORD-0004916,CUST-002188,2026-01-29,Cancelled,Mobile App,Hawkinsberg,NC
ORD-0009546,CUST-000424,10-Apr-2026,Delivered,Web,New Jennifer,WA
ORD-0011073,CUST-001271,2026-03-13,Shipped,Marketplace,Tuckershire,FL
ORD-0009848,CUST-001431,2024-01-29,Delivered,Mobile App,Lauraville,CA
ORD-0006041,CUST-002440,2026-05-21,Cancelled,Mobile App,West Stephenchester,NC
ORD-0000270,CUST-000656,2026-03-03,Delivered,Mobile App,Gonzalesmouth,NC
ORD-0001252,CUST-001562,2025-06-29,Cancelled,In-Store,Port Jeremiah,NC
ORD-0011655,CUST-001216,2025-02-20,Shipped,Web,South Adriana,TX
ORD-0001397,CUST-002035,2026-07-09,Processing,Web,Dianamouth,NY
ORD-0006082,CUST-000606,2025-05-21,Delivered,Mobile App,South Tammyport,WA
ORD-0010999,CUST-001696,2025-12-15,Processing,Web,West Jasonmouth,CA
ORD-0005980,CUST-001790,2026-03-10,Delivered,Marketplace,East Makaylahaven,GA
ORD-0011231,CUST-001964,2024-04-22,Delivered,Web,Kennethfurt,WA
ORD-0001347,CUST-002191,2026-08-08,Placed,Marketplace,Brianfurt,GA
ORD-0010932,CUST-002783,2026-01-27,placed,Marketplace,Christopherstad,AZ
ORD-0009841,CUST-000855,2025-05-02,Returned,Mobile App,Davidmouth,OH
ORD-0009897,CUST-002307,2026-07-12,Delivered,Marketplace,,OH
ORD-0008422,CUST-000393,2026-08-23,Delivered,Mobile App,Bishoptown,WA
ORD-0004590,CUST-002729,2024-09-07,Processing,Web,East Ricardohaven,IL
ORD-0004261,CUST-002924,2025-01-24,Delivered,Mobile App,Allenborough,NY
ORD-0010891,CUST-000228,2026-08-12,Processing,Mobile App,Port Heatherfort,TX
ORD-0000153,CUST-000606,2024-02-11,Delivered,Web,Smithtown,NC
ORD-0001976,CUST-002996,2024-09-26,Delivered,Mobile App,South Taylor,NY
ORD-0001831,CUST-000630,2026-04-22,Delivered,In-Store,North Johnchester,FL
ORD-0000082,,2026-08-31,Placed,Mobile App,New Deborahport,TX
ORD-0007392,CUST-922969,2026-08-28,Processing,Web,Mitchelltown,OH
ORD-0003691,CUST-000650,2025-07-12,Returned,Web,East Briannaberg,CA
ORD-0011927,CUST-002912,2026-07-29,DELIVERED,Mobile App,Port Jenniferchester,FL
ORD-0002397,CUST-002928,"March 04, 2026",Placed,Mobile App,Whitakerville,WA
ORD-0005555,CUST-000288,2026-01-12,Delivered,In-Store,Lake Jorgehaven,MI
ORD-0004418,CUST-001993,2026-08-02,pLACED,Web,Jonathanberg,IL
ORD-0001154,CUST-000483,2026-03-04,Placed,Mobile App,Lake Johnchester,IL
ORD-0004436,CUST-001699,2025-06-07,Processing,Mobile App,East Donna,GA
ORD-0005355,CUST-000369,2024-11-17,Shipped,Web,Lake Ashleymouth,IL
ORD-0002889,CUST-002750,2026-02-09,Placed,Mobile App,Deanville,OH
ORD-0006249,CUST-000936,2026-07-04,Processing,Web,East Danielport,GA
ORD-0002612,CUST-002993,2025-11-24,Delivered,Web,Conwayland,NY
ORD-0010328,CUST-001782,2026-08-10,Delivered,Web,New Rachel,AZ
ORD-0011756,CUST-001507,2026-01-27,Delivered,Marketplace,New Kaylee,MI
ORD-0009053,CUST-002650,2026-06-29,Returned,Marketplace,Bowersport,TX
ORD-0007273,CUST-000401,2025-03-14,Cancelled,Web,Lake Nathan,OH
ORD-0006387,CUST-001805,2024-06-16,Delivered,Web,Jasonhaven,GA
ORD-0006740,CUST-000970,2025-12-17,Placed,Web,,WA
ORD-0009075,CUST-002352,2026-06-02,Delivered,Web,Lake Brian,IL
ORD-0008529,CUST-001905,2025-06-15,Delivered,Web,Ericton,PA
ORD-0008928,CUST-000188,2025-03-22,Cancelled,Marketplace,South Dustinfurt,WA
ORD-0000298,CUST-002219,2025-07-22,Processing,In-Store,Rachaelhaven,CA
ORD-0001203,CUST-000071,2026-01-30,Processing,Web,North Michelleberg,FL
ORD-0002651,CUST-001690,2025-10-31,Returned,Marketplace,New Karenside,CA
ORD-0003501,CUST-000071,2026-03-24,Returned,Web,West Steven,NC
ORD-0009347,CUST-001712,2026-04-22,Delivered,In-Store,Amberland,AZ
ORD-0011777,CUST-000576,2026-08-16,Delivered,Mobile App,Rogersland,GA
ORD-0001425,CUST-002424,2026-03-29,Placed,Web,Josephfurt,CA
ORD-0002859,CUST-001372,2026-02-21,Delivered,Web,Jasonbury,IL
ORD-0010564,CUST-000298,2026-08-08,Processing,Web,Port Carl,NC
ORD-0009787,CUST-001149,2026-08-12,cancelled,Web,Ryanborough,TX
ORD-0002310,CUST-000127,2025-06-18,Cancelled,Web,West Michael,OH
ORD-0003618,CUST-002569,2024-09-22,Returned,Web,Marychester,FL
ORD-0010833,CUST-001498,2025-11-28,Cancelled,In-Store,North Matthewborough,PA
ORD-0009771,CUST-002096,2025-02-14,Processing,Mobile App,Lake Michael,IL
ORD-0010343,CUST-002996,2024-08-21,Shipped,Marketplace,Pierceport,PA
ORD-0003546,CUST-002937,2026-05-15,Placed,Mobile App,Powellton,NC
ORD-0004645,CUST-001594,2025-11-17,Delivered,Marketplace,East Holly,FL
ORD-0009580,CUST-000814,2026-04-29,Placed,Marketplace,West Cathytown,OH
ORD-0006481,CUST-001425,2026-08-09,Delivered,Web,New Ronaldfort,GA
ORD-0011460,CUST-001830,2026-09-05,Placed,Web,North Kyleburgh,FL
ORD-0004985,CUST-001098,2026-05-22,Cancelled,Web,,FL
ORD-0010021,CUST-000741,2026-06-13,Shipped,Web,Stevenfort,TX
ORD-0003646,CUST-001972,2025-08-16,shipped,In-Store,Matthewhaven,NY
ORD-0008925,CUST-001635,2026-08-09,Delivered,In-Store,Jamesstad,CA
ORD-0010230,CUST-002651,2025-06-28,Returned,Mobile App,Dianeshire,CA
ORD-0004437,CUST-001114,2026-09-04,Shipped,Web,Patriciashire,MI
ORD-0004063,CUST-002216,2025-05-15,Shipped,Web,Contrerasport,OH
ORD-0007808,CUST-002395,2026-07-08,Shipped,Web,Lake Jeremyberg,NY
ORD-0011987,CUST-000371,2026-06-18,Placed,Marketplace,Sarastad,WA
ORD-0003175,CUST-002275,2026-05-18,Processing,Marketplace,Port Ericberg,WA
ORD-0002400,CUST-002086,2026-02-13,Processing,Mobile App,Lake Tiffanymouth,TX
ORD-0010680,CUST-001203,2025-05-16,Placed,In-Store,Stewartstad,IL
ORD-0007622,CUST-001925,2026-07-25,Delivered,Web,Lake Cathyberg,FL
ORD-0009044,CUST-001073,24-Apr-2026,Cancelled,In-Store,Grimesside,NC
ORD-0007505,CUST-000732,2024-12-14,Delivered,Mobile App,Lake Tara,NC
ORD-0006760,CUST-000819,2026-03-30,Placed,Web,,IL
ORD-0003595,CUST-002782,2026-07-01,Placed,Mobile App,East Gregory,AZ
ORD-0000089,CUST-001722,2026-07-07,Placed,Web,Port Janetview,AZ
ORD-0003104,CUST-001794,2026-07-28,Processing,Web,Nicolechester,TX
ORD-0004445,CUST-000634,2026-04-07,Shipped,Mobile App,Powellberg,WA
ORD-0011395,CUST-000413,2024-12-05,Delivered,Marketplace,North Davidmouth,MI
ORD-0011038,CUST-002070,2026-02-13,Delivered,Mobile App,Lake Christopher,TX
ORD-0003681,CUST-001459,2026-03-25,Placed,Mobile App,South Tracyfurt,IL
ORD-0010707,CUST-001628,2025-06-29,Shipped,Web,Port Davidshire,GA
ORD-0000313,CUST-000909,2026-08-02,Placed,Marketplace,Shelbyfort,PA
ORD-0002460,CUST-002575,2025-07-11,Placed,Web,Hammondchester,CA
ORD-0003292,CUST-001239,2026-07-03,Shipped,Mobile App,Chapmanmouth,FL
ORD-0011584,CUST-000919,2025-08-12,Cancelled,In-Store,Autumnshire,CA
ORD-0011609,CUST-001123,2026-03-30,Delivered,Web,Huffmanville,NY
ORD-0004885,CUST-001090,2026-06-27,Shipped,Web,West Mark,TX
ORD-0000469,CUST-001386,2026-04-24,Shipped,Web,South Taylorside,OH
ORD-0007226,CUST-000026,2026-04-14,Delivered,Mobile App,Richardfort,PA
ORD-0008436,CUST-001359,2024-06-09,Returned,Mobile App,North Mikefort,NC
ORD-0001829,CUST-000342,2024-11-13,Shipped,Mobile App,New Amy,TX
ORD-0006870,CUST-001862,2026-06-23,Delivered,Mobile App,North Manuel,IL
ORD-0004624,CUST-002478,2024-08-29,Cancelled,Web,West Randyport,OH
ORD-0005595,CUST-001791,2026-07-06,Cancelled,Marketplace,West Benjaminton,IL
ORD-0000336,CUST-002984,2026-07-29,Shipped,Web,West Jeffreystad,WA
ORD-0007009,CUST-002639,2026-07-04,Shipped,In-Store,Whiteburgh,TX
ORD-0009760,CUST-949873,2025-11-26,Placed,Web,Port Ericafurt,CA
ORD-0007933,CUST-000261,2026-01-18,Shipped,Mobile App,South Maryside,NY
ORD-0005877,CUST-001161,2024-06-01,Cancelled,Web,Martinezshire,TX
ORD-0009155,CUST-001720,2026-06-24,Cancelled,Mobile App,North Jeffreyside,IL
ORD-0003482,,2025-10-18,Processing,Web,Yorkport,MI
ORD-0004320,CUST-000264,2026-07-25,Shipped,Marketplace,Joannaport,NC
ORD-0010355,CUST-002076,2026-06-27,Placed,Marketplace,Freemanside,OH
ORD-0003351,CUST-002146,2025-08-06,Cancelled,In-Store,West Luis,OH
ORD-0001710,CUST-002409,2026-03-25,pROCESSING,Mobile App,East Jessica,TX
ORD-0007867,CUST-002766,2026-06-16,Cancelled,Marketplace,West Cynthia,PA
ORD-0004892,CUST-000217,04/11/2026,Processing,In-Store,Justinport,NC
ORD-0011974,CUST-001339,"September 05, 2026",delivered,Mobile App,Richardbury,CA
ORD-0009195,CUST-001576,2025-04-25,Cancelled,Mobile App,Paigeborough,MI
ORD-0002271,CUST-000502,2023-12-07,Shipped,Marketplace,Levyport,MI
ORD-0006472,CUST-001657,2025-09-07,Shipped,Web,Davidchester,TX
ORD-0008628,CUST-000421,2026-05-17,Delivered,Mobile App,Christinaberg,TX
ORD-0006202,CUST-000346,2026-09-02,Delivered,Web,Kimberg,MI
ORD-0011281,CUST-002980,2025-09-15,Shipped,Marketplace,Port Suzanneburgh,TX
ORD-0007086,CUST-001634,2026-09-04,Delivered,Web,Port Davidberg,FL
ORD-0001052,CUST-002584,2026-02-13,Shipped,Mobile App,Myersmouth,GA
ORD-0000775,CUST-002567,2026-06-10,Delivered,Web,Port Kimberlyfurt,CA
ORD-0008855,CUST-001532,2025-02-02,Delivered,Marketplace,South Thomas,WA
ORD-0002411,CUST-002865,2025-09-06,Delivered,Marketplace,Lake Stephanieville,WA
ORD-0009129,CUST-000298,2024-02-28,DELIVERED,Mobile App,West Leonardfurt,FL
ORD-0008414,CUST-001119,2026-08-19,Cancelled,Marketplace,South Linda,GA
ORD-0001439,CUST-002893,2024-11-12,Shipped,In-Store,Emmabury,FL
ORD-0002407,CUST-001943,2025-11-17,Returned,In-Store,North Caseyberg,WA
ORD-0004207,CUST-001344,2026-06-16,Cancelled,In-Store,Westbury,NC
ORD-0010727,CUST-002060,2026-06-27,Processing,Marketplace,Snyderton,OH
ORD-0003660,CUST-002302,2026-06-04,Delivered,Marketplace,Reynoldsland,IL
ORD-0008059,CUST-002955,2026-09-04,Cancelled,In-Store,West Jeffreyshire,NY
ORD-0005468,CUST-000909,2026-05-30,Delivered,Web,North Edgarbury,OH
ORD-0011123,CUST-002243,2026-05-05,Returned,Web,Amandaview,NC
ORD-0007495,CUST-000280,2026-02-07,Processing,Mobile App,South Joshua,IL
ORD-0002416,CUST-002591,2025-04-02,Delivered,Mobile App,Mariachester,WA
ORD-0009376,CUST-000048,2026-08-17,Delivered,Web,North Andrea,WA
ORD-0009790,CUST-002037,2026-07-04,Shipped,Mobile App,Robinview,IL
ORD-0003389,CUST-001604,2025-02-04,Placed,In-Store,West Anna,NC
ORD-0011642,CUST-000069,2026-07-07,Shipped,Mobile App,Desireeshire,AZ
ORD-0001902,CUST-001696,2026-08-15,Processing,Marketplace,Prestonport,AZ
ORD-0006912,CUST-002546,2025-03-08,Delivered,Web,Joneshaven,NY
ORD-0007050,CUST-001811,2026-02-07,Shipped,Web,New Daniel,WA
ORD-0011958,CUST-002170,2026-05-22,Processing,Web,,FL
ORD-0001281,CUST-001432,2026-06-12,Shipped,Mobile App,West Bryan,AZ
ORD-0005461,CUST-000168,2026-05-15,Processing,Web,Saraburgh,CA
ORD-0003538,CUST-001521,2026-07-15,Shipped,Mobile App,North Joshuamouth,MI
ORD-0011934,CUST-002974,11-Mar-2026,Placed,In-Store,South Lisahaven,PA
ORD-0011916,CUST-002723,2026-07-20,Delivered,Mobile App,Port Kathryn,CA
ORD-0004622,CUST-002715,2026-01-24,Shipped,Mobile App,North Sarahport,PA
ORD-0003776,CUST-000018,2025-07-23,Placed,Web,Lake Marvinberg,WA
ORD-0009987,CUST-000927,2024-10-30,Cancelled,Mobile App,South Zacharytown,NY
ORD-0010569,CUST-000507,2025-09-19,Placed,Mobile App,Samanthafurt,OH
ORD-0010243,CUST-002194,2025-04-04,Shipped,Web,Kirkchester,FL
ORD-0011658,CUST-000023,2026-01-02,Delivered,Web,Sextonfort,PA
ORD-0007542,CUST-000911,2025-01-11,Delivered,Web,East Brian,NC
ORD-0011616,CUST-000063,2025-06-30,Processing,Mobile App,Williamsmouth,PA
ORD-0009675,CUST-002810,2026-07-17,Cancelled,Mobile App,West Denniston,NY
ORD-0001943,CUST-961073,2025-02-11,Shipped,Web,Gloriaborough,WA
ORD-0003720,CUST-002952,2026-02-15,Placed,Web,Ericaland,NY
ORD-0003429,CUST-001914,2026-08-08,Placed,Mobile App,Bradleyhaven,AZ
ORD-0004929,CUST-001155,2026-09-04,pROCESSING,Web,Cowanview,CA
ORD-0002760,CUST-002824,2025-07-09,Placed,Web,Port Haydenmouth,NC
ORD-0004815,CUST-001010,2025-01-25,Shipped,Web,West Dorothy,OH
ORD-0011117,CUST-001864,2025-10-25,Delivered,Mobile App,Jacobhaven,GA
ORD-0005406,CUST-000482,2026-08-20,Placed,Mobile App,,NY
ORD-0005269,CUST-001725,2026-05-05,Cancelled,Marketplace,Lake Susan,TX
ORD-0000819,CUST-000062,2026-09-05,Delivered,Mobile App,South Steven,MI
ORD-0005336,CUST-000176,2026-08-22,Shipped,Marketplace,Lake Katelynland,OH
ORD-0002792,CUST-001956,2026-02-27,Delivered,Web,Lake Alan,NC
ORD-0004221,CUST-000914,2026-01-06,Delivered,Marketplace,Riveramouth,CA
ORD-0000193,CUST-001347,2026-01-31,Cancelled,Web,New Davidview,NY
ORD-0010907,CUST-001061,2026-08-08,Returned,Marketplace,North Sean,GA
ORD-0003589,CUST-002798,2025-10-04,Delivered,In-Store,Port Toddchester,IL
ORD-0011128,CUST-000259,2026-07-29,Delivered,Web,Jacksonport,OH
ORD-0000074,CUST-000628,2025-12-13,Placed,Web,Lake Ryanfort,TX
ORD-0002108,CUST-002583,2025-10-19,delivered,Web,Port Kristin,MI
ORD-0007037,CUST-002681,2024-10-07,Delivered,Web,,CA
ORD-0010027,CUST-002728,2026-05-04,Processing,Mobile App,Atkinsonfort,GA
ORD-0000909,CUST-000299,2026-06-28,Returned,Mobile App,West Dennis,TX
ORD-0009948,CUST-002351,2024-09-13,Delivered,Web,Johnview,FL
ORD-0002762,CUST-909082,2026-04-03,Placed,Marketplace,Jamesfort,TX
ORD-0003823,CUST-002607,2023-11-20,Cancelled,Mobile App,Perezfort,FL
ORD-0002392,CUST-001906,2025-12-28,Processing,Mobile App,West Alexis,TX
ORD-0004242,CUST-001460,2026-08-26,Placed,Mobile App,West Mark,OH
ORD-0007738,CUST-002373,2026-08-06,Placed,Web,Lake Vincent,FL
ORD-0009804,CUST-000338,2026-03-12,Shipped,Mobile App,Courtneyville,AZ
ORD-0003662,CUST-000041,2024-05-02,Delivered,Web,Wilcoxview,NC
ORD-0004360,CUST-000592,2026-04-13,Placed,Marketplace,Schwartzburgh,NY
ORD-0010841,CUST-000627,2026-06-09,Delivered,Web,Thomasborough,OH
ORD-0000606,CUST-000460,2025-11-10,Delivered,Web,,MI
ORD-0001611,CUST-001778,2024-11-25,Delivered,Marketplace,Jamesburgh,NY
ORD-0010945,CUST-002601,2024-04-24,cANCELLED,Mobile App,West Jasonberg,OH
ORD-0009951,CUST-001136,2026-04-26,Processing,Mobile App,South Christopher,PA
ORD-0006857,CUST-002705,2025-12-31,Processing,Mobile App,South Alexis,CA
ORD-0003882,CUST-000233,2024-01-02,Shipped,Mobile App,East Ianbury,TX
ORD-0010261,CUST-001664,2026-03-08,Shipped,Mobile App,Wangchester,PA
ORD-0009582,CUST-002299,2026-06-03,Returned,Web,Lake Markville,PA
ORD-0010800,CUST-002019,2026-05-05,Delivered,Mobile App,Nathanport,AZ
ORD-0000107,CUST-002733,2026-05-15,Placed,Web,Lake Heatherbury,WA
ORD-0004889,CUST-001704,2026-04-26,Placed,Marketplace,New Isaac,GA
ORD-0010823,CUST-002456,2026-08-14,Placed,Mobile App,Port Logan,OH
ORD-0005676,CUST-000172,2026-06-11,Shipped,Mobile App,Woodview,PA
ORD-0007114,CUST-001090,2024-09-20,Placed,Web,East Jeffrey,NY
ORD-0003462,CUST-000013,2026-03-14,Processing,In-Store,Mccartyborough,WA
ORD-0002100,CUST-001565,2025-02-13,Placed,Mobile App,Wigginschester,IL
ORD-0005282,CUST-002068,2026-01-24,Delivered,In-Store,Jennifermouth,NC
ORD-0002847,CUST-001541,2025-12-29,Shipped,Mobile App,South Christopherstad,TX
ORD-0008445,CUST-001541,2025-12-10,Processing,Web,Port Ann,FL
ORD-0005758,CUST-001338,2024-12-15,Shipped,Mobile App,Stevenland,MI
ORD-0009030,CUST-002126,2026-01-09,Delivered,Marketplace,New Cameronberg,WA
ORD-0004025,CUST-000950,2026-08-12,Processing,Web,Stoneside,GA
ORD-0006745,CUST-002905,2026-06-29,Cancelled,Web,South Sheilabury,IL
ORD-0009141,CUST-001634,2025-11-20,Delivered,Web,Port Dylan,PA
ORD-0003881,CUST-000031,2025-12-20,Shipped,Mobile App,Ashleyberg,GA
ORD-0003947,CUST-001017,2026-04-03,Delivered,Mobile App,Port Samuelside,OH
ORD-0010391,CUST-000766,2025-11-24,Returned,Mobile App,Jameston,TX
ORD-0009537,CUST-002858,2026-07-31,Placed,Web,Ellisshire,IL
ORD-0003121,CUST-000554,2026-04-16,Shipped,Web,Goodmanton,NC
ORD-0010946,CUST-001590,2025-08-17,Shipped,Web,New Kristin,CA
ORD-0000263,CUST-002447,2025-08-02,Cancelled,Mobile App,Gonzalezport,AZ
ORD-0004149,CUST-001061,2026-08-04,Delivered,Marketplace,New Jeremy,CA
ORD-0010424,CUST-002942,2026-03-28,Shipped,Mobile App,Angelafort,OH
ORD-0001978,CUST-001393,2026-01-22,Shipped,Mobile App,Port Lindaborough,NC
ORD-0003944,CUST-001715,2025-06-15,Delivered,Marketplace,Marymouth,NC
ORD-0006937,CUST-002577,2025-10-17,Shipped,Web,Mitchellfort,GA
ORD-0004032,CUST-000747,2025-05-29,Processing,Web,South Michael,CA
ORD-0010777,CUST-001428,2026-07-15,Processing,Mobile App,Port Williamshire,FL
ORD-0007623,CUST-000843,2026-05-07,Delivered,Web,East Diana,FL
ORD-0010784,CUST-000552,2026-02-21,Delivered,Marketplace,Craigland,PA
ORD-0008943,CUST-000967,2026-02-27,Shipped,In-Store,North Williamland,FL
ORD-0011208,CUST-000892,2025-12-11,Processing,Web,Bradside,PA
ORD-0006816,CUST-001538,2025-09-26,Delivered,Mobile App,North Michaelburgh,GA
ORD-0005788,CUST-000789,2026-07-29,Delivered,Marketplace,,NY
ORD-0008905,CUST-002711,2026-03-31,Cancelled,Mobile App,,OH
ORD-0001418,CUST-001895,2026-08-26,Shipped,Web,New Sherry,AZ
ORD-0004300,CUST-002564,"May 12, 2026",Placed,Web,East Mark,FL
ORD-0003301,CUST-000720,2026-09-02,Delivered,Marketplace,Lake Patrickfurt,FL
ORD-0009685,CUST-002524,2025-06-21,Placed,Marketplace,Kimberlybury,TX
ORD-0010095,CUST-000772,2026-06-07,Delivered,Web,Bryanport,IL
ORD-0009866,CUST-002894,2026-05-22,Delivered,In-Store,Denisefort,AZ
ORD-0004506,CUST-001378,2025-01-31,Shipped,Marketplace,New Matthewberg,CA
ORD-0000869,CUST-000778,2026-07-15,Cancelled,Mobile App,North Katherine,NY
ORD-0005003,CUST-001648,2026-08-19,Delivered,Web,Johnmouth,WA
ORD-0003683,CUST-000129,2024-09-21,Delivered,In-Store,East Jessica,GA
ORD-0004876,CUST-001719,2024-11-02,Placed,Web,Jenniferfort,NY
ORD-0007872,CUST-000177,2025-01-01,Returned,Marketplace,Acevedomouth,IL
ORD-0009052,CUST-001087,2025-11-02,Returned,Web,Sanchezbury,IL
ORD-0009286,CUST-002966,2026-09-03,Delivered,Web,,WA
ORD-0009219,CUST-002082,2024-11-07,Returned,Web,Port Cathy,MI
ORD-0006212,CUST-001311,2025-05-11,delivered,Mobile App,Sanchezside,FL
ORD-0009752,CUST-002307,2026-08-29,Shipped,Mobile App,Lake Donald,WA
ORD-0010663,CUST-002908,2026-08-05,SHIPPED,Mobile App,Wilsonside,WA
ORD-0003703,CUST-000318,2024-06-14,Processing,Mobile App,Johnnyburgh,OH
ORD-0000984,CUST-997203,2026-06-01,Shipped,Marketplace,Port Heathermouth,GA
ORD-0004460,CUST-001403,2026-08-16,Placed,Web,North Martinhaven,GA
ORD-0006648,CUST-000651,2026-07-08,Delivered,Mobile App,,CA
ORD-0000981,CUST-002691,2025-09-25,Delivered,Web,,CA
ORD-0008865,CUST-002893,2026-06-28,Placed,Web,Port Julie,AZ
ORD-0007558,CUST-000233,2026-06-12,Delivered,Web,Marshville,NC
ORD-0000668,CUST-913928,2026-03-22,Shipped,Web,New Richardfurt,AZ
ORD-0000793,CUST-001810,2026-09-01,Delivered,Web,Pearsonmouth,TX
ORD-0011078,CUST-002924,11/11/2024,Processing,Web,Franklinhaven,IL
ORD-0009923,CUST-001702,2024-12-21,Shipped,Mobile App,North Hunterhaven,GA
ORD-0002958,CUST-002507,2025-05-27,Shipped,Web,Lake Ellenview,IL
ORD-0002034,CUST-001350,2026-04-12,Delivered,Marketplace,Merrittfurt,OH
ORD-0010279,CUST-000245,2026-01-26,Delivered,Mobile App,Normaburgh,NC
ORD-0011757,CUST-000405,2025-09-10,Cancelled,Web,Goodmanside,NY
ORD-0006023,CUST-988817,2026-03-19,Delivered,Mobile App,Brandonland,AZ
ORD-0005121,CUST-985315,2026-06-23,Shipped,Mobile App,Littlefurt,NC
ORD-0010378,CUST-001916,2025-09-14,Delivered,Mobile App,North Nicoletown,GA
ORD-0000556,CUST-001519,2025-11-24,Processing,Mobile App,,IL
ORD-0001145,CUST-002360,2025-08-22,Delivered,Mobile App,Lake Brittanystad,AZ
ORD-0011531,CUST-001645,2025-06-06,Delivered,Mobile App,North Pamela,NC
ORD-0011166,CUST-001704,2025-11-26,Shipped,Mobile App,Lake Charlesstad,GA
ORD-0005007,,2026-02-15,Shipped,Web,Thompsonborough,NY
ORD-0006685,CUST-002182,2026-07-17,Returned,Web,Arroyoshire,PA
ORD-0009837,CUST-001931,2025-12-18,Returned,Web,Jordanchester,AZ
ORD-0007790,CUST-001535,2026-08-17,Delivered,Web,South Benjaminfort,AZ
ORD-0006312,CUST-002056,2025-06-03,Shipped,Web,Kevinport,GA
ORD-0005342,CUST-001286,2026-07-06,Placed,Web,South Kevinview,NC
ORD-0010002,CUST-002348,2026-08-07,Processing,Web,Marymouth,WA
ORD-0003091,CUST-002416,2026-01-10,Delivered,Web,Smithport,WA
ORD-0009817,CUST-002528,2026-04-05,delivered,Mobile App,Josephfort,MI
ORD-0006526,CUST-001062,2025-10-06,Delivered,Web,,NY
ORD-0001759,CUST-001771,2025-05-12,Delivered,Mobile App,Port Rachelton,OH
ORD-0001143,CUST-002079,2026-08-23,Placed,Marketplace,Olsonville,NY
ORD-0010565,CUST-001230,2024-10-07,Delivered,Mobile App,Lake Todd,MI
ORD-0002413,CUST-002449,2024-06-18,Delivered,Web,North Billyville,TX
ORD-0006321,CUST-001553,2026-08-17,Shipped,Web,Lake Nicholasfort,WA
ORD-0002556,CUST-002122,2025-11-27,Shipped,Web,Erikaton,TX
ORD-0000677,CUST-002363,2025-12-09,Shipped,Web,,NC
ORD-0002144,CUST-001598,2026-09-01,Processing,Marketplace,Matthewfort,IL
ORD-0005549,CUST-001075,2026-06-30,Delivered,Web,Aimeetown,TX
ORD-0004960,CUST-001989,2026-08-01,Returned,Marketplace,New Danielleburgh,OH
ORD-0001255,CUST-002714,2026-07-22,Delivered,Mobile App,Longchester,AZ
ORD-0007415,CUST-000949,2026-07-08,Processing,Web,East Amandabury,OH
ORD-0003565,CUST-002417,2024-10-25,Processing,Web,South Kellyside,AZ
ORD-0002443,CUST-001852,2026-03-12,Cancelled,Web,Powellport,AZ
ORD-0010940,CUST-000237,2026-05-04,Delivered,Web,Paigechester,TX
ORD-0011700,CUST-001891,2024-06-14,Delivered,Mobile App,North James,MI
ORD-0008411,CUST-001918,2024-12-30,Placed,Mobile App,Portermouth,GA
ORD-0001271,CUST-001841,2025-08-23,Cancelled,Mobile App,Christensenview,PA
ORD-0005791,CUST-001911,2025-10-23,Placed,In-Store,Marybury,OH
ORD-0006688,CUST-002317,2026-06-01,Delivered,Web,West Bethany,FL
ORD-0007483,CUST-001455,2024-05-25,Delivered,Web,Lake Victoriamouth,OH
ORD-0006999,CUST-001463,2026-01-13,Placed,Web,New Robertstad,MI
ORD-0005809,CUST-002428,2025-06-11,Placed,Mobile App,New Richard,TX
ORD-0000174,CUST-001372,2026-06-22,Processing,Marketplace,New Tanyaton,IL
ORD-0010314,CUST-002062,2024-09-25,Shipped,Mobile App,,TX
ORD-0009185,CUST-001421,2026-05-30,Shipped,In-Store,Chaneystad,TX
ORD-0004009,CUST-000827,2025-03-03,Delivered,Web,New Scott,FL
ORD-0009795,CUST-000107,2026-08-17,Processing,Mobile App,South Jeffrey,IL
ORD-0001590,CUST-002704,2025-03-03,Delivered,Web,Bishopton,FL
ORD-0008251,CUST-002796,"July 07, 2026",Shipped,Web,Lake Lisa,NY
ORD-0009947,CUST-002266,2025-08-27,Cancelled,Web,East Katherinefort,NC
ORD-0007290,CUST-001164,2026-09-05,Returned,Web,Port Scott,NC
ORD-0001785,CUST-002917,2026-08-08,Delivered,In-Store,Port Andrewland,OH
ORD-0011020,CUST-001663,02-Apr-2026,Delivered,Mobile App,Lake Jamiemouth,AZ
ORD-0000319,CUST-000677,2025-06-22,Returned,Marketplace,West Tristanborough,OH
ORD-0006196,CUST-002605,2025-10-06,Cancelled,Web,North Amy,OH
ORD-0001288,CUST-000795,"September 10, 2025",Processing,Web,Patriciafort,PA
ORD-0010066,CUST-000500,2026-07-26,Processing,Mobile App,New Scott,IL
ORD-0009253,,2026-03-14,Processing,Web,North Hollyland,FL
ORD-0001994,CUST-002945,2025-08-02,Shipped,In-Store,East Marystad,AZ
ORD-0010785,CUST-002011,2026-01-19,Delivered,Mobile App,New Victoriaview,GA
ORD-0006326,CUST-000467,2024-12-17,Delivered,Web,Wileyport,NY
ORD-0004958,CUST-001049,2026-08-17,Delivered,Mobile App,East Meagan,TX
ORD-0010285,,2026-08-10,Returned,Marketplace,New Kevin,NC
ORD-0010153,CUST-002776,2026-03-02,Placed,Marketplace,Norrishaven,IL
ORD-0011654,CUST-002684,2026-05-02,Placed,In-Store,Port Erikabury,OH
ORD-0010756,CUST-000686,2025-10-20,Delivered,Web,Lake Tiffanychester,AZ
ORD-0005882,CUST-001568,2026-03-31,Delivered,Mobile App,Lindseyborough,PA
ORD-0000798,CUST-001370,2024-12-17,Cancelled,Mobile App,South Melissa,TX
ORD-0011329,CUST-001850,2025-01-16,Processing,Web,Cynthiaton,IL
ORD-0008415,CUST-002259,2025-11-20,Processing,Web,Sanchezburgh,TX
ORD-0003304,CUST-001377,2025-01-28,Delivered,Mobile App,Kevinchester,OH
ORD-0003842,CUST-002260,2026-07-30,Placed,Mobile App,Cooperfort,MI
ORD-0008848,CUST-000087,2026-05-23,Processing,In-Store,Port Jennifer,CA
ORD-0011878,CUST-000898,2026-01-29,Cancelled,Marketplace,Kathleenbury,IL
ORD-0001842,CUST-002417,2026-05-06,Placed,Web,Millerborough,AZ
ORD-0008018,CUST-973676,2026-09-01,Processing,Mobile App,Milesbury,WA
ORD-0001941,CUST-000474,2025-03-01,Shipped,Mobile App,Beltranmouth,MI
ORD-0003385,CUST-001155,2026-09-03,Placed,Mobile App,Cynthiaville,PA
ORD-0002905,CUST-002593,2026-07-24,Delivered,In-Store,New Andrewmouth,FL
ORD-0007365,CUST-001994,2026-01-01,Placed,In-Store,Andersonton,MI
ORD-0001976,CUST-002996,2024-09-26,Delivered,Mobile App,South Taylor,NY
ORD-0002503,CUST-002404,2026-06-27,Shipped,Mobile App,Walterhaven,FL
ORD-0005000,CUST-000984,2026-08-11,Placed,Marketplace,Cindymouth,TX
ORD-0002233,CUST-001405,2026-08-19,Shipped,Web,North Maxshire,WA
ORD-0005334,CUST-002865,2026-07-10,Shipped,Mobile App,South Patrickbury,NY
ORD-0010748,CUST-002334,2025-08-15,Delivered,Mobile App,Lake Ronald,OH
ORD-0002743,CUST-000292,2025-11-24,Delivered,Web,Johnburgh,MI
ORD-0004514,CUST-001397,2025-06-16,Shipped,In-Store,East Amandashire,FL
ORD-0006144,CUST-001859,2026-08-17,Processing,Marketplace,Port Jasminechester,OH
ORD-0003684,CUST-000212,2025-07-17,Processing,Web,Port Gabrielburgh,FL
ORD-0010001,CUST-001377,2025-06-24,Delivered,Mobile App,Robertshire,NY
ORD-0011682,CUST-000384,2026-09-02,Shipped,In-Store,Jacksonshire,NY
ORD-0004586,CUST-001790,2026-02-15,Placed,Mobile App,Martinside,MI
ORD-0006197,CUST-002323,2026-04-11,Delivered,Marketplace,South April,NC
ORD-0007269,CUST-001611,2026-01-24,Cancelled,Marketplace,South Katherinestad,MI
ORD-0007158,CUST-002584,2026-05-01,Shipped,Marketplace,New Dennis,WA
ORD-0009844,CUST-001263,2026-07-01,Processing,Marketplace,Lake Donna,OH
ORD-0002577,CUST-001599,2026-08-09,Shipped,Web,Smithside,IL
ORD-0007803,CUST-000532,2024-07-18,Delivered,Web,Kirkshire,PA
ORD-0002797,CUST-001545,2025-11-07,Delivered,Mobile App,Ortizland,TX
ORD-0009157,CUST-002373,2026-08-14,Delivered,Mobile App,East Lorraineburgh,TX
ORD-0000185,CUST-000585,2026-02-18,Delivered,Mobile App,Russohaven,MI
ORD-0006504,CUST-001780,2025-12-21,Processing,Marketplace,Grahambury,GA
ORD-0002420,CUST-000357,09/30/2025,Delivered,Web,South Kendra,FL
ORD-0002336,CUST-000587,2024-11-03,Delivered,In-Store,West Matthew,TX
ORD-0004877,CUST-001946,2026-07-11,Shipped,Web,North Dylan,GA
ORD-0006493,,2026-08-17,Delivered,Web,South Kevin,TX
ORD-0006833,CUST-000597,2026-02-15,Shipped,Marketplace,Williammouth,NY
ORD-0008223,CUST-002229,2026-05-27,Delivered,Mobile App,East Bethland,FL
ORD-0010408,CUST-002951,2026-02-02,Delivered,In-Store,Shermanfurt,NY
ORD-0000886,CUST-001595,2023-11-15,Delivered,Mobile App,North John,TX
ORD-0004880,CUST-001611,2026-04-23,Delivered,In-Store,Wattsside,MI
ORD-0002608,CUST-000314,2026-03-15,Delivered,Mobile App,,MI
ORD-0001921,CUST-000376,2026-01-09,Delivered,Marketplace,West Kelsey,TX
ORD-0008198,CUST-000851,2025-08-02,Processing,Web,Youngburgh,WA
ORD-0008123,CUST-001130,2025-02-07,Shipped,Web,Cameronberg,CA
ORD-0011640,CUST-000771,2026-08-15,Placed,Marketplace,North Raymondview,GA
ORD-0005324,CUST-002271,2025-03-21,Shipped,Mobile App,Schneidertown,GA
ORD-0010150,CUST-001420,"August 30, 2025",Delivered,Mobile App,South Ronaldtown,MI
ORD-0007797,CUST-000734,2026-07-03,Cancelled,In-Store,Randallfort,NY
ORD-0002147,CUST-000906,2024-12-26,Placed,Web,Georgeshire,MI
ORD-0009847,CUST-001617,2025-08-22,Returned,Mobile App,North Debbie,MI
ORD-0004076,CUST-001190,2026-07-13,Delivered,Mobile App,Crawfordfurt,TX
ORD-0009302,CUST-001077,2025-10-19,Placed,Web,South Aaron,MI
ORD-0007509,CUST-001040,2026-01-07,Processing,Web,Ashleytown,WA
ORD-0009707,CUST-000913,2026-03-27,Processing,Web,East Denise,IL
ORD-0007043,CUST-000448,2026-08-05,Cancelled,In-Store,Carterburgh,AZ
ORD-0000364,CUST-002204,2025-11-11,Delivered,In-Store,Lake Melissaberg,NY
ORD-0002331,CUST-000934,2026-08-15,Delivered,Mobile App,North Taylorside,CA
ORD-0011342,CUST-001322,2024-08-12,Placed,Mobile App,,TX
ORD-0006681,CUST-000456,2026-07-20,Processing,Mobile App,West Melissa,PA
ORD-0006852,CUST-001066,2024-09-23,Delivered,Web,Brittanyburgh,TX
ORD-0011874,CUST-001218,06/17/2026,Processing,Web,,PA
ORD-0001489,CUST-000506,2026-05-16,Delivered,Mobile App,Garciafort,GA
ORD-0010081,,2024-04-08,Delivered,Web,East Emilyshire,PA
ORD-0007414,CUST-001255,2026-03-02,Processing,Web,Katherineberg,WA
ORD-0005622,CUST-000743,2024-11-09,Delivered,Mobile App,Joseside,NY
ORD-0000328,CUST-002885,2026-08-17,Delivered,Web,North Roberthaven,NC
ORD-0006193,CUST-002200,2025-10-23,Processing,Marketplace,New Catherine,NC
ORD-0004156,CUST-001884,2024-09-17,Cancelled,Web,West Victor,FL
ORD-0006460,CUST-001687,2026-08-19,Delivered,Marketplace,Patrickburgh,GA
ORD-0001946,CUST-002459,2026-08-27,Placed,Mobile App,New Laurabury,GA
ORD-0003722,CUST-001273,2026-04-04,Placed,Web,,OH
ORD-0007107,CUST-001923,2025-05-28,Processing,In-Store,Dunnport,AZ
ORD-0010797,CUST-000808,2026-08-10,Delivered,Mobile App,Lake Amanda,OH
ORD-0004507,CUST-002684,2026-01-16,Placed,Web,Kimberlyfort,AZ
ORD-0006005,CUST-000780,2026-06-20,Shipped,Web,West Dawn,WA
ORD-0006767,CUST-000170,2025-10-12,Shipped,Mobile App,Lewismouth,GA
ORD-0009401,CUST-000874,2025-12-09,Shipped,Marketplace,Meganstad,PA
ORD-0004351,CUST-002509,2026-08-04,Cancelled,Web,North Kelseyview,IL
ORD-0003923,CUST-002814,2024-01-28,Delivered,Mobile App,Christinabury,NC
ORD-0005505,CUST-001599,2025-07-01,Cancelled,Web,North Kevin,OH
ORD-0007853,CUST-000028,2024-11-03,Shipped,Mobile App,Angelaville,TX
ORD-0004153,CUST-002564,2025-06-16,Processing,Web,Smithton,GA
ORD-0002753,CUST-002078,2024-01-09,Shipped,Web,Smithview,NC
ORD-0010267,CUST-002196,2026-03-23,Returned,Mobile App,New Blaketon,NC
ORD-0000619,CUST-000827,2024-10-24,Cancelled,Mobile App,Manningstad,MI
ORD-0010661,CUST-000024,2026-07-28,Delivered,Marketplace,South Melindaland,FL
ORD-0002727,CUST-000689,2026-04-03,Cancelled,Web,Floydmouth,WA
ORD-0009625,CUST-982929,2026-02-20,Delivered,Web,Webbberg,MI
ORD-0001744,CUST-001799,2026-02-25,Processing,Marketplace,Port Kristenland,IL
ORD-0000862,CUST-002175,2026-02-04,Delivered,Mobile App,Tranport,NY
ORD-0005728,CUST-001803,2026-08-19,Delivered,Mobile App,Davidstad,CA
ORD-0008349,CUST-002880,2026-03-10,Returned,Web,North Jerrychester,GA
ORD-0008235,CUST-002863,2026-08-23,Shipped,Mobile App,Mooreshire,NC
ORD-0001524,CUST-001856,2026-04-05,Shipped,Mobile App,East Brian,NY
ORD-0000871,CUST-002366,2025-05-27,Shipped,Mobile App,West Jonathan,FL
ORD-0004187,CUST-000161,2026-01-06,Delivered,Marketplace,Davidhaven,GA
ORD-0009079,CUST-002720,2026-06-08,Delivered,Web,East Michael,NC
ORD-0000001,CUST-000272,2025-06-10,Shipped,Web,New Jennifer,WA
ORD-0005409,CUST-001872,2025-03-06,Processing,Web,Port Edwardfort,AZ
ORD-0004844,CUST-002943,2025-10-22,Delivered,Marketplace,,WA
ORD-0007809,CUST-001593,2026-08-28,dELIVERED,Web,East Ashleyport,MI
ORD-0003496,CUST-000227,2025-08-01,Processing,Web,West Jessicaton,IL
ORD-0011102,CUST-001300,2026-05-26,Shipped,Marketplace,Tracyburgh,PA
ORD-0011296,CUST-000741,2026-05-15,Placed,In-Store,New Rickyburgh,OH
ORD-0001661,CUST-000685,2026-08-21,Returned,In-Store,Johnstonchester,FL
ORD-0007334,CUST-000225,2026-04-08,Shipped,In-Store,Erinbury,NC
ORD-0006346,CUST-002244,2025-04-04,Processing,Mobile App,West Juliechester,WA
ORD-0009908,CUST-000070,2025-10-08,Shipped,In-Store,Donnamouth,MI
ORD-0008956,CUST-002369,2026-02-12,Shipped,Mobile App,Leeberg,CA
ORD-0000225,CUST-002998,22-Nov-2025,Placed,Mobile App,,FL
ORD-0000324,CUST-000481,2026-05-04,Returned,Mobile App,,WA
ORD-0002796,CUST-000089,2026-01-14,Placed,Web,North Andrewburgh,OH
ORD-0006650,CUST-001084,2026-07-20,Returned,Mobile App,North Kiaraside,PA
ORD-0005349,CUST-000271,2024-12-12,Cancelled,Marketplace,West Scott,FL
ORD-0005591,CUST-001428,2026-07-18,Shipped,Mobile App,East Rebeccahaven,AZ
ORD-0003627,CUST-002677,2025-12-28,Returned,Marketplace,Port Mary,NY
ORD-0001306,CUST-000405,2025-10-02,Processing,Web,North Holly,IL
ORD-0009561,CUST-000614,2026-03-15,Processing,Web,Sheppardmouth,PA
ORD-0004414,CUST-001342,2026-04-29,Cancelled,Marketplace,Ericborough,CA
ORD-0010687,CUST-000387,2026-08-11,Returned,Mobile App,South Joseph,PA
ORD-0006325,CUST-002237,2026-08-19,Delivered,Mobile App,Huntstad,AZ
ORD-0011323,CUST-001507,2026-03-23,Delivered,Mobile App,West Jennifer,GA
ORD-0007587,CUST-001819,2026-04-30,Cancelled,Web,South Anthonymouth,CA
ORD-0010221,CUST-000804,2025-09-14,Delivered,Web,Port David,GA
ORD-0005294,CUST-001184,2026-07-07,Delivered,Web,West Jameston,NY
ORD-0005331,CUST-002663,2024-04-26,Shipped,Web,Matthewmouth,WA
ORD-0010598,CUST-001670,2025-07-21,Shipped,Mobile App,Robertstad,FL
ORD-0002197,CUST-000748,2026-07-31,Delivered,Mobile App,Lake Chelseaville,TX
ORD-0005279,CUST-000483,2024-09-02,Placed,In-Store,New Stephanie,PA
ORD-0005602,CUST-001282,2026-09-01,Shipped,Web,Jermainemouth,NY
ORD-0000059,CUST-000895,2024-10-18,Placed,Web,Samanthaburgh,PA
ORD-0004198,CUST-001141,2026-08-01,Cancelled,Web,Port Sandrahaven,OH
ORD-0010664,CUST-001250,2026-08-13,Delivered,In-Store,West Rebeccabury,IL
ORD-0003174,CUST-000438,05/28/2026,Processing,Mobile App,Richardside,WA
ORD-0000205,CUST-002064,2024-12-25,Processing,Mobile App,Debraport,GA
ORD-0007620,CUST-002529,2026-09-02,Processing,Web,South Maria,OH
ORD-0003125,CUST-001672,2026-02-16,Processing,In-Store,Lake Brittany,GA
ORD-0006928,CUST-002675,2026-07-04,Delivered,In-Store,East Jacob,IL
ORD-0001498,CUST-000132,2026-06-28,Processing,Web,Williamsfurt,GA
ORD-0006227,CUST-001965,2024-09-01,Delivered,Marketplace,New Ashley,OH
ORD-0006945,CUST-001566,2026-07-05,Cancelled,Web,East Danielview,PA
ORD-0006530,CUST-000795,2026-05-15,Placed,Mobile App,Codystad,IL
ORD-0008766,CUST-001400,2025-12-30,Placed,Mobile App,Lake Alexis,TX
ORD-0011129,CUST-001668,2025-03-16,Delivered,Mobile App,Lake Christopherbury,FL
ORD-0006300,CUST-001163,2025-09-23,Delivered,Web,,FL
ORD-0000317,CUST-000415,2026-08-07,Placed,Mobile App,North Lindaborough,NC
ORD-0008723,CUST-001313,2025-01-09,Cancelled,Web,South Robert,PA
ORD-0004663,CUST-001309,2026-08-11,Cancelled,Mobile App,Toddborough,NC
ORD-0007503,CUST-002542,2025-03-11,Shipped,Mobile App,Hintonfort,AZ
ORD-0007707,CUST-002672,2026-03-18,Placed,Mobile App,New Matthew,AZ
ORD-0004373,CUST-939717,2026-05-10,Delivered,Mobile App,New Shawn,MI
ORD-0002184,CUST-002096,2026-02-04,Delivered,Mobile App,Port Meghanview,PA
ORD-0005011,CUST-002429,2026-05-20,Shipped,Marketplace,Stacymouth,NC
ORD-0003869,CUST-001141,2026-08-30,Delivered,Marketplace,Sarahborough,IL
ORD-0002382,CUST-000436,10/02/2025,Shipped,Web,Robertsberg,WA
ORD-0004252,CUST-000297,2026-05-07,Delivered,In-Store,West Jameshaven,AZ
ORD-0007067,CUST-000506,2026-01-29,Shipped,Mobile App,Katherineview,OH
ORD-0008631,CUST-000413,2025-10-10,Returned,Mobile App,North Johnport,GA
ORD-0004024,CUST-002567,01-Dec-2024,Placed,Web,Walshside,CA
ORD-0006250,CUST-002661,2026-08-25,Processing,Web,Collinsbury,PA
ORD-0003885,CUST-000496,2024-01-20,Delivered,Marketplace,South Jermainestad,OH
ORD-0008152,CUST-001823,2026-07-07,Cancelled,Web,West Ashleyville,CA
ORD-0002566,CUST-001171,2026-03-03,Placed,Web,New Patricia,MI
ORD-0008306,CUST-000203,2025-07-22,Delivered,In-Store,Kellyville,MI
ORD-0003491,CUST-001317,2024-10-10,Shipped,Web,Millerchester,OH
ORD-0001150,CUST-001534,2025-12-29,Processing,Web,North Katie,NC
ORD-0005455,CUST-002508,2026-08-13,Placed,Marketplace,Seanland,WA
ORD-0010836,CUST-002965,2026-06-12,Placed,Web,Jonesland,IL
ORD-0001717,CUST-001965,2024-09-04,Processing,Marketplace,New Connie,AZ
ORD-0010988,CUST-000504,2026-03-28,Cancelled,Mobile App,Lake Tristan,AZ
ORD-0003645,CUST-000611,2026-09-03,Shipped,In-Store,Lake Bryan,NY
ORD-0004215,CUST-000310,2026-01-13,Delivered,In-Store,Harrisport,AZ
ORD-0001416,CUST-001483,2026-07-02,Delivered,Web,Nguyenside,CA
ORD-0001171,CUST-000587,2025-10-01,Shipped,Mobile App,Powellton,NC
ORD-0007297,CUST-000187,2026-07-31,Returned,In-Store,West Tina,PA
ORD-0005110,CUST-002303,2025-02-28,Placed,Web,Porterfort,OH
ORD-0004100,CUST-000158,2024-12-19,Processing,Marketplace,East Lauraville,MI
ORD-0000508,CUST-000873,2025-03-06,Delivered,Marketplace,East Steven,IL
ORD-0000533,CUST-001426,2024-12-11,Delivered,Web,Whiteshire,IL
ORD-0011998,CUST-002464,2026-07-21,Delivered,Mobile App,Stacymouth,FL
ORD-0008576,CUST-000894,2025-04-02,Processing,Web,West Katrina,GA
ORD-0001379,CUST-000500,2026-08-14,Placed,Web,Thomasburgh,TX
ORD-0007394,CUST-001821,2026-08-11,Delivered,In-Store,Smithstad,WA
ORD-0004982,CUST-000110,2025-02-24,Cancelled,Web,New Michaelbury,NY
ORD-0011578,,2026-03-18,Processing,Mobile App,North Lisastad,WA
ORD-0001028,CUST-000699,2024-07-26,Shipped,In-Store,Perezburgh,MI
ORD-0008824,CUST-000472,2026-06-24,DELIVERED,Marketplace,West Jorge,GA
ORD-0002216,CUST-001129,"October 06, 2025",Delivered,Web,Port Josephtown,TX
ORD-0006229,CUST-000604,2026-06-22,Processing,Web,Amberbury,NC
ORD-0000104,CUST-000093,2025-10-15,Delivered,Mobile App,Gibsonhaven,OH
ORD-0000929,CUST-002965,2026-02-06,Returned,Marketplace,Douglasside,OH
ORD-0006773,CUST-001131,2026-05-21,Delivered,In-Store,Deborahview,WA
ORD-0000912,CUST-000223,2025-07-13,Cancelled,Web,,NY
ORD-0000820,CUST-001375,2026-06-15,Cancelled,Web,Aguilarberg,CA
ORD-0011399,CUST-001394,2026-01-09,Cancelled,Web,,FL
ORD-0008775,CUST-001165,2026-04-03,Delivered,Web,,NY
ORD-0008017,CUST-997542,2026-01-15,Shipped,Web,North Cynthia,OH
ORD-0007751,CUST-000927,2025-01-14,Processing,Mobile App,Donnafort,NY
ORD-0007346,CUST-002193,2026-08-26,Processing,Marketplace,Port Hollymouth,NY
ORD-0000230,CUST-001089,2026-05-01,Delivered,Mobile App,Gillport,NY
ORD-0009421,CUST-001311,2025-12-16,Processing,Web,West Sarahbury,OH
ORD-0010776,CUST-002280,2026-05-09,Delivered,Marketplace,West Anthony,OH
ORD-0000050,CUST-002206,2025-12-19,Processing,Web,North Steven,IL
ORD-0003154,CUST-000826,2025-09-25,Placed,In-Store,East Mark,IL
ORD-0002029,CUST-000794,2024-05-08,Delivered,In-Store,Lake Kevin,AZ
ORD-0010024,CUST-002917,2026-04-19,Processing,Mobile App,Michaelfurt,FL
ORD-0000924,CUST-000576,2026-08-24,Delivered,Web,Michaelland,PA
ORD-0000493,CUST-000107,2025-04-19,DELIVERED,Marketplace,New Nicholasshire,NC
ORD-0002466,CUST-000238,02-Jul-2026,Processing,Web,Cooperton,OH
ORD-0002476,CUST-000350,2025-05-06,Delivered,Mobile App,East Jenniferport,NY
ORD-0005398,CUST-002033,2024-12-21,Delivered,Web,Brownchester,TX
ORD-0011365,CUST-937914,2026-02-10,Delivered,Web,Millerbury,CA
ORD-0007893,CUST-001995,2024-04-04,Delivered,Web,Scottfort,NC
ORD-0003841,CUST-000673,2023-10-16,Delivered,Marketplace,Pennyburgh,AZ
ORD-0002107,CUST-000137,2026-08-21,Delivered,Mobile App,West Ruthland,WA
ORD-0011898,CUST-000536,2026-07-28,Processing,Marketplace,West Zacharychester,AZ
ORD-0010829,CUST-001335,2026-05-27,delivered,Marketplace,Scottshire,AZ
ORD-0008953,,2025-05-10,Delivered,Mobile App,Lynnfort,WA
ORD-0005306,CUST-001447,2025-08-06,Cancelled,Web,East Wendymouth,AZ
ORD-0007416,CUST-002735,2026-01-27,Delivered,Marketplace,New Susanbury,FL
ORD-0003988,CUST-000934,2026-03-12,Processing,Web,Jessicafurt,NC
ORD-0006561,CUST-000489,2026-01-26,Processing,Marketplace,West Lynnfort,TX
ORD-0001698,CUST-000267,2026-01-05,Processing,Mobile App,Port Cody,GA
ORD-0009921,CUST-002807,2026-08-03,Delivered,Mobile App,Port Christopher,WA
ORD-0008620,CUST-922621,2025-04-27,Placed,In-Store,Robertstad,PA
ORD-0005959,CUST-001655,2025-02-18,Delivered,Web,Stephanieside,WA
ORD-0002841,CUST-000199,2026-06-26,Placed,Marketplace,West Richardfort,MI
ORD-0003390,CUST-000049,2026-02-02,Delivered,Web,New Jeremyburgh,CA
ORD-0004161,CUST-001485,2026-05-02,Cancelled,Mobile App,Johnsonberg,TX
ORD-0003167,CUST-002386,"November 19, 2025",Cancelled,Web,Aaronchester,NC
ORD-0010959,CUST-958625,2026-09-03,Delivered,Web,Port Willie,NY
ORD-0002738,CUST-002033,2025-08-31,Delivered,Mobile App,South Kari,GA
ORD-0010887,CUST-002448,2026-08-17,returned,Web,,IL
ORD-0008112,CUST-001804,2026-08-03,placed,Web,North Nicholasville,GA
ORD-0004117,CUST-002137,2026-08-24,Placed,Mobile App,Mcintoshbury,PA
ORD-0007568,CUST-000548,2026-08-26,Processing,Web,Crystaltown,GA
ORD-0007805,CUST-002312,2023-12-21,Shipped,Web,Rodneystad,AZ
ORD-0005942,CUST-001888,2025-04-08,Delivered,Mobile App,New Gina,FL
ORD-0004845,CUST-002852,2026-09-01,Placed,Marketplace,Brownborough,MI
ORD-0002802,CUST-003000,2025-04-09,Delivered,Mobile App,Port Jessica,CA
ORD-0003855,CUST-001379,2026-07-27,Shipped,Mobile App,North Christine,GA
ORD-0003874,CUST-002139,2024-01-22,Processing,Mobile App,Kevinbury,NC
ORD-0004121,CUST-000855,2025-04-13,Delivered,Web,West Jeanette,CA
ORD-0009964,,2025-05-15,Placed,Mobile App,Lake Renee,MI
ORD-0001538,CUST-002574,2026-05-12,Cancelled,In-Store,Hollowaytown,IL
ORD-0008737,CUST-978961,2025-07-15,Cancelled,Mobile App,East Reginaldshire,MI
ORD-0000724,CUST-000117,2026-04-28,Cancelled,Web,New Patty,NC
ORD-0008867,CUST-000254,2025-05-30,Cancelled,Mobile App,West Heathermouth,CA
ORD-0001194,CUST-000617,2024-09-22,Shipped,Mobile App,South David,IL
ORD-0004673,CUST-000697,2025-02-28,Delivered,Marketplace,Davishaven,NY
ORD-0004360,CUST-000592,2026-04-13,Placed,Marketplace,Schwartzburgh,NY
ORD-0002935,CUST-002263,2026-07-01,Placed,Web,East Michaelmouth,NY
ORD-0005049,CUST-000412,2025-09-01,Cancelled,Mobile App,Taylortown,NY
ORD-0005440,CUST-001445,2026-05-02,Shipped,Mobile App,Franklinfurt,CA
ORD-0007323,CUST-001933,2026-04-17,Cancelled,Mobile App,Kristyland,NY
ORD-0003978,CUST-001848,2024-08-26,Delivered,Mobile App,Duncanport,MI
ORD-0010068,CUST-000521,2026-08-26,Shipped,Web,South Laurentown,NC
ORD-0007391,CUST-002805,2026-08-04,Shipped,Mobile App,Steventown,OH
ORD-0007629,CUST-000223,2025-05-20,Placed,Web,Thomastown,FL
ORD-0010577,CUST-000376,2026-03-29,Delivered,Mobile App,East Samantha,TX
ORD-0004202,CUST-002777,2025-10-17,Placed,Mobile App,Michaelmouth,GA
ORD-0004964,CUST-000659,2026-03-05,Delivered,In-Store,Bellberg,NC
ORD-0000165,CUST-001532,2025-08-05,Processing,Web,Brendaland,WA
ORD-0000720,CUST-000194,2026-05-28,Delivered,Web,North Jeremiah,OH
ORD-0000409,CUST-000442,2024-05-02,Delivered,Marketplace,North Juan,WA
ORD-0004266,CUST-950906,2024-02-01,Delivered,Marketplace,Travisshire,NC
ORD-0010366,CUST-000140,2026-02-09,Delivered,Marketplace,Ramseyview,AZ
ORD-0000421,CUST-000103,2025-07-11,Delivered,Mobile App,East Annette,AZ
ORD-0002948,CUST-001515,2026-05-07,Processing,Web,East Scott,IL
ORD-0000167,CUST-000638,2026-07-29,Delivered,Web,Leachshire,TX
ORD-0006789,CUST-002859,2026-09-01,Delivered,Mobile App,Lake Julieport,WA
ORD-0010610,CUST-002897,2025-12-19,Returned,In-Store,Mistyland,CA
ORD-0002693,CUST-000830,2025-09-28,Delivered,Marketplace,Port Adam,NY
ORD-0010676,CUST-002355,2026-05-23,Shipped,Web,Richardberg,GA
ORD-0001315,CUST-001059,2026-04-26,Placed,Web,,GA
ORD-0010222,CUST-000996,2024-05-06,Delivered,Mobile App,South Jeremy,TX
ORD-0010135,CUST-001549,2024-06-18,Placed,Mobile App,West Andre,CA
ORD-0009034,CUST-002827,2024-10-28,Placed,In-Store,Port Samanthaburgh,CA
ORD-0001954,CUST-000209,2026-08-18,Shipped,In-Store,Robinfurt,PA
ORD-0003876,CUST-002062,2025-08-30,Delivered,Mobile App,Douglashaven,PA
ORD-0003257,CUST-001719,2026-08-06,Delivered,Marketplace,New Maureen,CA
ORD-0004984,CUST-000706,2026-07-07,Delivered,Marketplace,South Matthew,GA
ORD-0011831,CUST-001002,2026-02-23,Shipped,Mobile App,Lake Marcville,GA
ORD-0007926,CUST-002057,2026-07-31,Processing,Web,Lake Madeline,PA
ORD-0007220,CUST-002773,2025-09-23,Delivered,Mobile App,North Shawnstad,WA
ORD-0006608,CUST-001919,2026-02-11,Cancelled,Marketplace,Port Cynthia,AZ
ORD-0009633,CUST-002649,2024-05-23,Delivered,Mobile App,Lake Christine,FL
ORD-0002297,CUST-001038,2026-07-20,Processing,Mobile App,Lake Jennifer,IL
ORD-0008180,CUST-002369,2026-07-16,Returned,Mobile App,West Luisfurt,IL
ORD-0002374,CUST-001875,2024-10-05,Delivered,Mobile App,East Markbury,PA
ORD-0006830,CUST-001455,2024-12-20,Cancelled,Mobile App,Danielsstad,WA
ORD-0011755,CUST-000875,2025-02-18,Cancelled,In-Store,Meganside,CA
ORD-0007530,CUST-902775,2026-08-23,Processing,Mobile App,West Alexa,GA
ORD-0003247,CUST-002408,12/25/2025,Placed,Marketplace,North Jennifer,MI
ORD-0004143,CUST-000233,2025-07-28,Cancelled,Web,Powellborough,GA
ORD-0003120,CUST-000416,2025-09-04,Processing,Web,Masonside,PA
ORD-0006959,CUST-001327,2025-12-24,Shipped,Mobile App,North Ann,PA
ORD-0006872,,2026-03-18,Shipped,Web,West Ashley,IL
ORD-0005545,CUST-002742,2026-08-05,Placed,Mobile App,Donnafort,NY
ORD-0006146,CUST-000809,2025-12-14,Delivered,Mobile App,New Matthew,MI
ORD-0008002,CUST-000391,2026-06-22,Shipped,Web,Suebury,NC
ORD-0004723,CUST-002506,2026-08-26,Shipped,Mobile App,Mirandahaven,WA
ORD-0001244,CUST-002450,2026-05-19,Processing,Marketplace,Fosterchester,WA
ORD-0005101,CUST-002439,2026-07-12,Processing,Web,East Richard,PA
ORD-0003413,CUST-971909,2024-08-12,Shipped,Web,Matthewberg,IL
ORD-0010808,CUST-001328,2025-11-23,Shipped,In-Store,Kevinstad,AZ
ORD-0001692,CUST-000465,2026-08-20,Returned,Mobile App,Gabrielleport,TX
ORD-0008777,CUST-002683,2026-06-12,Cancelled,Web,Chavezshire,AZ
ORD-0002435,CUST-000007,2025-07-02,Cancelled,Mobile App,Shawnport,IL
ORD-0009333,CUST-000885,2026-05-17,Delivered,In-Store,Russoview,TX
ORD-0008164,CUST-000041,2025-04-24,Processing,In-Store,North Catherine,GA
ORD-0011432,CUST-000151,2026-08-09,Shipped,Marketplace,South Christineville,CA
ORD-0002360,CUST-001804,2026-06-27,Delivered,Mobile App,Walkerton,NY
ORD-0011715,CUST-001178,2024-05-11,Placed,Web,Ortizville,NY
ORD-0008512,CUST-002684,2025-04-24,Shipped,Mobile App,Port Georgeton,CA
ORD-0000019,CUST-002008,2025-02-25,Placed,Mobile App,Andersonburgh,PA
ORD-0001546,CUST-001813,2025-02-17,Delivered,In-Store,,MI
ORD-0007128,CUST-000792,2025-09-04,Processing,Mobile App,Huntchester,WA
ORD-0006664,CUST-002415,2026-07-06,Processing,Mobile App,Matthewmouth,IL
ORD-0011704,CUST-000297,2025-08-17,Processing,Mobile App,Ashleyview,NY
ORD-0009243,,14-May-2026,Delivered,Web,,MI
ORD-0004788,CUST-002902,2026-02-26,Placed,Web,Rogersbury,NC
ORD-0001349,CUST-002743,2026-05-25,Shipped,Web,Lopezland,NC
ORD-0009603,CUST-000870,2026-03-26,Delivered,Web,New Neilbury,MI
ORD-0011612,CUST-002876,2026-03-15,Shipped,Mobile App,Jonathanview,WA
ORD-0008562,CUST-001282,2025-07-27,Delivered,Web,Joshuaburgh,WA
ORD-0001482,CUST-000580,2024-07-18,Delivered,Web,Gallagherland,OH
ORD-0004893,,2025-01-28,Processing,Mobile App,Hannahfort,GA
ORD-0010914,CUST-002814,2024-05-29,Processing,Marketplace,East Derek,TX
ORD-0000536,CUST-000605,2026-08-15,Placed,Marketplace,Johnview,PA
ORD-0007132,CUST-002583,2025-09-24,Shipped,Mobile App,North Jamie,GA
ORD-0001825,CUST-001038,2026-09-03,Delivered,Web,Port Alejandro,TX
ORD-0001401,CUST-002874,2026-03-25,Delivered,Web,Jeanettetown,NC
ORD-0010207,CUST-000781,2024-04-21,Shipped,In-Store,East Bryanville,PA
ORD-0005321,CUST-001577,2026-06-19,Shipped,Mobile App,Wilcoxton,FL
ORD-0009697,CUST-001526,29-Aug-2025,Delivered,Web,East Jonathanstad,PA
ORD-0008567,CUST-001840,2026-07-04,Placed,Web,Michelleside,NC
ORD-0010331,CUST-002587,2025-08-21,Placed,Web,West Johnborough,FL
ORD-0006890,CUST-002568,2026-09-03,Cancelled,Web,New Dylan,MI
ORD-0002851,CUST-001182,2026-05-21,dELIVERED,Mobile App,Lake John,CA
ORD-0005606,CUST-000168,2026-07-09,Delivered,Web,Philipton,AZ
ORD-0001393,CUST-000361,2025-07-03,Shipped,Mobile App,Luischester,MI
ORD-0009072,CUST-000642,2025-12-25,Returned,Marketplace,Bryanhaven,MI
ORD-0003971,CUST-001400,2025-10-30,Shipped,Mobile App,Stacyport,TX
ORD-0011009,CUST-002113,2025-11-26,Cancelled,Web,New Kevin,OH
ORD-0008837,CUST-000571,2025-10-22,Shipped,Web,Lovemouth,TX
ORD-0010356,CUST-000595,2026-06-01,Delivered,Web,New Juliaville,CA
ORD-0000823,CUST-000801,2025-07-01,Returned,In-Store,South Oliviahaven,AZ
ORD-0000335,CUST-002544,2025-09-09,Delivered,Web,West James,FL
ORD-0009505,CUST-002623,2025-05-17,Processing,Web,West Maryton,FL
ORD-0001775,CUST-001519,2026-01-19,Processing,Mobile App,West Theresatown,AZ
ORD-0001239,CUST-002763,2024-06-30,Returned,Mobile App,Lake Sally,AZ
ORD-0008323,CUST-002489,2026-09-05,Shipped,Mobile App,West Valerie,WA
ORD-0008300,CUST-002770,2026-04-02,Placed,Mobile App,Bruceside,TX
ORD-0007330,CUST-002686,2026-06-13,Processing,Mobile App,Stevensbury,CA
ORD-0006443,CUST-002590,2026-07-08,Delivered,Mobile App,Juliastad,NY
ORD-0000636,CUST-002821,2026-07-23,Processing,Mobile App,Edwardsside,GA
ORD-0001015,CUST-000743,2026-01-12,Shipped,Web,Jamesland,NY
ORD-0000952,CUST-002438,2026-06-13,Delivered,Web,West Juan,WA
ORD-0000632,CUST-002852,2026-08-01,Processing,Mobile App,Griffinberg,NY
ORD-0004825,CUST-000618,2025-09-17,Placed,Web,Lake Pam,NY
ORD-0007278,CUST-002362,2026-02-05,Delivered,Mobile App,Bauershire,WA
ORD-0008262,CUST-000275,2026-05-29,Shipped,Web,Smithbury,GA
ORD-0004162,CUST-000875,2026-08-08,Shipped,Web,Gonzalezberg,NY
ORD-0005607,CUST-913327,08/27/2026,Processing,In-Store,Lake Edwinside,FL
ORD-0010400,CUST-001215,2026-09-03,Cancelled,Web,South Kylemouth,OH
ORD-0005097,CUST-001746,2026-05-25,Delivered,Mobile App,East Kristinhaven,GA
ORD-0003550,CUST-001661,2026-07-11,Placed,Mobile App,Port Jenniferside,CA
ORD-0008697,CUST-002841,2026-08-26,Processing,Mobile App,East Nathanielborough,OH
ORD-0001788,CUST-001493,2025-03-27,Delivered,In-Store,New Michaelland,WA
ORD-0011287,CUST-001239,2026-07-09,Delivered,Mobile App,Thompsonshire,WA
ORD-0011139,CUST-001361,2026-03-13,Delivered,Marketplace,Michelleshire,AZ
ORD-0002387,CUST-000354,2025-03-21,Shipped,Web,Changside,TX
ORD-0007328,CUST-002183,2025-11-14,Placed,Mobile App,South Thomasville,GA
ORD-0006725,CUST-002620,2026-08-27,Delivered,In-Store,Scotttown,PA
ORD-0007295,CUST-000159,2025-09-06,Cancelled,Web,North Jenniferview,CA
ORD-0005328,CUST-000393,2026-09-03,Shipped,Marketplace,,NY
ORD-0003137,CUST-000831,2024-11-29,Cancelled,Web,Lake Anthonyberg,CA
ORD-0011568,CUST-002525,2026-08-24,Returned,Mobile App,Lake Craig,IL
ORD-0007431,CUST-000739,2026-03-11,Placed,Mobile App,New Matthewport,OH
ORD-0001999,CUST-001996,2025-12-19,Delivered,Marketplace,Nathanborough,WA
ORD-0011679,CUST-002547,2026-02-09,Placed,Mobile App,Port Alyssastad,TX
ORD-0005341,CUST-001783,2026-03-31,Returned,Web,Joshuastad,TX
ORD-0001057,CUST-000077,2025-07-07,Returned,Web,Evansmouth,IL
ORD-0001079,CUST-002274,2024-05-25,Returned,Web,East Jessemouth,FL
ORD-0007464,CUST-000001,2026-06-26,Processing,Mobile App,,FL
ORD-0008091,CUST-001339,2026-08-11,Cancelled,Web,Kevinmouth,TX
ORD-0002038,CUST-001495,2025-08-01,Placed,Marketplace,North Sarahtown,GA
ORD-0000556,CUST-001519,2025-11-24,Placed,Mobile App,,IL
ORD-0009173,CUST-000861,2026-03-17,Delivered,Mobile App,New Allisonchester,MI
ORD-0011797,CUST-000206,2026-01-15,Processing,Web,Carterbury,IL
ORD-0006477,CUST-001624,2026-07-05,Cancelled,Web,Lake Jennyview,CA
ORD-0008013,CUST-002630,2025-09-28,Processing,Mobile App,Duanetown,IL
ORD-0006219,CUST-002176,2026-09-05,Placed,Mobile App,Wongbury,PA
ORD-0002949,CUST-000626,2026-08-03,Delivered,Mobile App,Parksberg,NC
ORD-0003721,CUST-001107,2025-06-17,Delivered,Web,Christinatown,OH
ORD-0000006,CUST-002607,2026-08-22,Delivered,Mobile App,West Kevinburgh,CA
ORD-0008565,CUST-002137,2026-08-01,Cancelled,Mobile App,Thompsonbury,CA
ORD-0008872,CUST-002663,2023-10-19,Returned,Mobile App,Patriciaport,CA
ORD-0005881,CUST-002605,2025-04-27,Processing,Mobile App,Ashleyborough,IL
ORD-0002728,CUST-000327,2024-02-14,Cancelled,Marketplace,East Matthew,FL
ORD-0001222,CUST-000990,2026-02-18,Delivered,Web,Brianchester,NY
ORD-0005706,CUST-001208,2026-08-18,Delivered,Web,Christianville,AZ
ORD-0002552,CUST-002426,2026-08-27,Cancelled,Mobile App,New Tanyafort,FL
ORD-0005179,CUST-001445,2026-06-22,Delivered,Web,Christopherborough,AZ
ORD-0008564,CUST-000184,2026-05-01,Placed,In-Store,New Charles,AZ
ORD-0010041,CUST-000245,2026-04-30,Placed,Mobile App,Brittanychester,MI
ORD-0007464,CUST-000001,2026-06-26,Delivered,Mobile App,,FL
ORD-0010644,CUST-001956,2024-04-02,Cancelled,Web,Michaelville,CA
ORD-0009758,CUST-001673,2026-05-29,Processing,In-Store,Johnsonstad,TX
ORD-0005539,CUST-001186,2026-01-13,Placed,Mobile App,Stewartstad,PA
ORD-0008237,CUST-000634,2025-09-17,Shipped,Web,Lake Zacharyhaven,FL
ORD-0000290,CUST-001336,2025-03-28,Placed,In-Store,Melindamouth,WA
ORD-0010083,CUST-000019,2026-02-18,Delivered,In-Store,Jasonland,IL
ORD-0006637,CUST-001575,2024-06-30,Shipped,Marketplace,Andersonview,MI
ORD-0010102,CUST-001990,2025-06-10,Delivered,In-Store,East Nataliebury,OH
ORD-0011252,CUST-001094,2026-07-13,DELIVERED,Web,South Kathleenborough,MI
ORD-0000991,CUST-001208,2026-09-04,Shipped,Marketplace,South Matthew,PA
ORD-0001608,CUST-001048,2026-06-02,Shipped,Web,,IL
ORD-0001352,CUST-002347,2026-07-24,Shipped,Web,Jonesland,NY
ORD-0002944,CUST-000200,2026-04-15,Cancelled,Marketplace,Port Taylorberg,IL
ORD-0008068,CUST-002287,2026-05-23,Shipped,Web,Natalieview,TX
ORD-0001703,CUST-002977,2025-08-01,dELIVERED,Mobile App,Gomezville,FL
ORD-0005659,CUST-001245,2026-04-23,Placed,Web,Michaelmouth,NY
ORD-0003527,CUST-000568,2024-08-08,Shipped,Web,South Sonyafurt,CA
ORD-0009415,CUST-002074,2026-06-29,Delivered,Mobile App,Port Jamesshire,AZ
ORD-0004623,CUST-002304,2026-08-09,Processing,Web,,CA
ORD-0008858,CUST-001615,2026-08-24,Returned,Mobile App,,AZ
ORD-0007553,CUST-001950,2025-10-17,Shipped,Mobile App,Michaelchester,MI
ORD-0003471,CUST-001216,2026-05-01,Delivered,Web,South Williamstad,CA
ORD-0007371,CUST-002491,2025-11-03,Placed,Web,Michaelstad,NC
ORD-0007103,CUST-002410,2026-07-14,Shipped,In-Store,Katherineport,NY
ORD-0008219,CUST-002419,2025-01-29,Placed,Web,Jesseport,CA
ORD-0007111,CUST-002971,2026-06-13,Delivered,Web,North Brandon,MI
ORD-0004035,CUST-001319,2025-03-30,Cancelled,In-Store,South Elizabethville,MI
ORD-0004262,CUST-001536,2026-09-02,delivered,Mobile App,,PA
ORD-0003925,CUST-001344,2024-12-14,Placed,Mobile App,Patrickfort,TX
ORD-0004185,CUST-000067,2026-04-05,Cancelled,Mobile App,Orrport,NY
ORD-0008589,CUST-002615,2026-07-21,Placed,Mobile App,Jeffreyton,TX
ORD-0000788,CUST-000640,2026-05-17,Placed,Mobile App,Lake Traci,TX
ORD-0001448,CUST-001955,2026-08-31,Shipped,Marketplace,Port Michael,CA
ORD-0009289,CUST-000687,2024-11-05,Delivered,Mobile App,New Brandon,NC
ORD-0000815,CUST-002640,2025-08-22,Placed,Marketplace,Port Michael,MI
ORD-0002350,CUST-000300,"August 06, 2025",Placed,Mobile App,South Michaelside,WA
ORD-0006958,CUST-000884,2024-11-11,Shipped,Web,Steeleburgh,OH
ORD-0004227,CUST-000805,2026-05-22,Delivered,Web,Johnsonbury,TX
ORD-0000737,CUST-001159,2024-11-22,Delivered,Web,Smithborough,GA
ORD-0000370,CUST-001257,2026-08-25,Shipped,In-Store,Brownton,GA
ORD-0004837,CUST-000065,2026-08-11,Delivered,Marketplace,North Davidton,NY
ORD-0000904,CUST-002512,2026-06-21,Placed,Mobile App,South Sherry,MI
ORD-0007030,CUST-002969,2025-06-14,Delivered,In-Store,Philliphaven,PA
ORD-0010873,CUST-000055,2026-08-15,Placed,Mobile App,Lake Melissa,TX
ORD-0003687,CUST-002889,2026-09-03,Delivered,Mobile App,West Jennaville,FL
ORD-0000786,CUST-000207,2025-12-02,Shipped,Mobile App,West Ellenberg,CA
ORD-0011424,CUST-002454,2026-06-27,Processing,Mobile App,New Johnhaven,NC
ORD-0011396,CUST-000440,2025-07-10,Returned,Web,Abbottmouth,NC
ORD-0009027,CUST-000041,2024-08-30,Delivered,In-Store,Pamelafurt,WA
ORD-0010924,CUST-002882,08/22/2026,Cancelled,In-Store,Kathrynstad,IL
ORD-0007058,CUST-002215,2026-04-23,Shipped,Mobile App,Marquezshire,GA
ORD-0003045,CUST-000752,2025-02-08,Delivered,Mobile App,Port Michael,AZ
ORD-0010104,CUST-002111,2026-06-22,Delivered,Web,Lisaborough,IL
ORD-0007842,CUST-002469,2026-07-13,Delivered,Mobile App,South Jeremiahstad,GA
ORD-0001180,CUST-002605,2025-01-16,Delivered,Web,Lake Joseph,WA
ORD-0010813,CUST-002321,2025-02-25,Placed,Mobile App,North Jerryland,TX
ORD-0000947,CUST-002114,2024-07-08,Delivered,Web,Port Jennifer,PA
ORD-0011569,CUST-002875,2026-08-08,Processing,In-Store,Davidville,OH
ORD-0007785,CUST-001330,2026-01-07,Shipped,Marketplace,Guerraview,MI
ORD-0001233,CUST-001065,2026-07-04,Delivered,Web,Welchbury,FL
ORD-0000247,CUST-000131,2026-08-12,Delivered,Web,Port Monica,NY
ORD-0010158,CUST-002465,2026-04-07,Shipped,Marketplace,Saundersland,OH
ORD-0001481,CUST-001132,2025-10-25,Placed,Mobile App,Port Christine,GA
ORD-0000692,CUST-000307,2026-08-29,Delivered,Web,Port Patrick,OH
ORD-0009179,CUST-001779,2026-08-19,Shipped,Mobile App,,MI
ORD-0010920,CUST-002480,2026-03-02,Placed,Mobile App,West Kathleenside,GA
ORD-0001547,CUST-000265,2026-06-24,Placed,In-Store,Melissaborough,OH
ORD-0004809,CUST-001638,2026-08-03,Shipped,Mobile App,New Brent,AZ
ORD-0009487,CUST-002318,2025-06-10,Delivered,Mobile App,South Joshuahaven,MI
ORD-0004871,CUST-000887,2025-03-01,Placed,Marketplace,Jenningsstad,NC
ORD-0005124,CUST-000285,2026-02-20,Shipped,Web,Catherineton,WA
ORD-0001986,CUST-001225,2025-02-04,Shipped,Mobile App,West Stephanie,NC
ORD-0000147,CUST-001659,2026-05-19,Shipped,Web,New Sarah,PA
ORD-0011892,CUST-000404,2024-10-30,Shipped,In-Store,Hamiltonshire,NC
ORD-0009217,,2026-01-05,Delivered,Web,Brandonborough,NY
ORD-0005810,CUST-000478,2025-05-27,Delivered,Web,South Johnnyside,IL
ORD-0001803,CUST-001726,2026-08-27,Cancelled,Web,Stephaniefort,OH
ORD-0004176,CUST-002745,2026-07-08,Delivered,Web,,PA
ORD-0005062,CUST-001407,27-Oct-2025,Returned,Web,New Darryl,GA
ORD-0004870,CUST-001046,2026-01-22,Delivered,Web,Smithland,IL
ORD-0005249,CUST-001112,2026-02-05,SHIPPED,Mobile App,Port Veronicafurt,GA
ORD-0008831,CUST-001104,2026-02-28,Shipped,Marketplace,South Emily,IL
ORD-0002780,CUST-002207,2026-06-25,Delivered,In-Store,New Brianstad,CA
ORD-0004633,CUST-000335,2025-07-25,Shipped,Marketplace,Pottermouth,AZ
ORD-0002477,CUST-000476,2026-07-27,Shipped,Web,Port Vincentchester,GA
ORD-0003640,CUST-000292,2026-06-10,Delivered,Mobile App,Millerborough,TX
ORD-0004756,CUST-000395,2025-10-23,Delivered,Marketplace,Fullerburgh,NY
ORD-0005888,CUST-001892,2025-12-20,Delivered,Mobile App,Joeberg,FL
ORD-0008917,CUST-002094,2026-04-28,Cancelled,Web,Mckinneyfort,NY
ORD-0011482,CUST-002199,2026-08-06,Delivered,Marketplace,West Karen,WA
ORD-0011154,CUST-000734,2025-04-10,Delivered,Web,Stevenborough,CA
ORD-0004094,CUST-002401,2026-08-13,Delivered,Web,Lake Sarahborough,IL
ORD-0000015,CUST-001389,2026-07-23,Delivered,Mobile App,Kristinland,GA
ORD-0006006,CUST-000400,2025-09-14,Delivered,Mobile App,East Leeside,CA
ORD-0004751,CUST-002087,2026-05-16,Placed,Mobile App,Melanieview,TX
ORD-0002505,CUST-000929,2026-06-13,Processing,Mobile App,Justinport,AZ
ORD-0001388,CUST-002931,2026-06-20,Cancelled,Web,Blackland,IL
ORD-0011875,CUST-001344,2024-06-13,Placed,Web,Ryanside,FL
ORD-0011634,CUST-001560,2026-07-09,Delivered,In-Store,New Michelleside,CA
ORD-0008343,CUST-000180,2025-09-05,Delivered,Web,New Cassandraberg,NC
ORD-0000960,CUST-001691,2026-04-21,Delivered,Mobile App,Buckfort,NY
ORD-0001059,CUST-000884,2025-10-15,Delivered,Mobile App,Coopermouth,GA
ORD-0001673,CUST-002298,2026-02-22,Shipped,In-Store,,IL
ORD-0007487,CUST-002102,2026-09-01,Delivered,Web,Gravesshire,WA
ORD-0010486,CUST-002336,2026-05-01,Returned,Web,North Jonathanfort,FL
ORD-0005413,CUST-000189,2024-04-27,Shipped,Mobile App,Davisland,TX
ORD-0004399,CUST-000311,2026-09-03,Returned,Web,Lake Jessica,AZ
ORD-0006333,CUST-002817,2026-09-03,Processing,Marketplace,Port Eric,AZ
ORD-0007407,CUST-000672,2026-08-21,Delivered,Web,New Alexanderport,FL
ORD-0009652,CUST-000263,2026-07-29,Shipped,Web,Carolynside,NY
ORD-0005244,CUST-002522,2025-04-28,Placed,Marketplace,Port David,PA
ORD-0004726,CUST-001439,2026-06-07,Processing,Web,North Emma,OH
ORD-0005729,CUST-000739,2025-09-29,Processing,Web,Taylorton,GA
ORD-0008020,CUST-001027,2024-09-13,Shipped,Mobile App,Port Devin,GA
ORD-0006034,CUST-002473,2024-12-30,Delivered,Mobile App,New Joyburgh,IL
ORD-0001971,CUST-002252,2025-06-17,Placed,Web,Smithside,WA
ORD-0009776,CUST-001539,2025-07-21,Returned,Web,Rayfort,FL
ORD-0000555,CUST-002903,2024-12-15,Delivered,Web,Lake Douglas,MI
ORD-0002748,CUST-002909,2025-12-14,Delivered,Web,Jenniferton,AZ
ORD-0005663,CUST-000053,2025-05-24,Delivered,In-Store,East Denisemouth,AZ
ORD-0011839,CUST-000723,2025-08-24,Placed,Mobile App,Rodneytown,NC
ORD-0002003,CUST-002834,2026-08-21,Cancelled,Mobile App,Austinburgh,WA
ORD-0009464,CUST-000624,2026-06-11,Delivered,Web,West Jessicashire,NC
ORD-0007342,CUST-002231,2025-11-26,DELIVERED,In-Store,Jenniferville,MI
ORD-0011894,CUST-001799,2026-02-28,Processing,Mobile App,Gabrielberg,PA
ORD-0010210,CUST-002349,2026-06-09,Returned,Web,Wrightfort,NY
ORD-0008920,CUST-000506,2026-01-29,Delivered,Mobile App,Timothyton,MI
ORD-0003608,CUST-001797,2026-08-27,Processing,Mobile App,Rebeccaton,NC
ORD-0010713,CUST-000287,2026-09-03,Delivered,Web,Port Scott,OH
ORD-0005439,CUST-002703,2026-08-05,Placed,Web,Maureenshire,TX
ORD-0009671,CUST-000287,2026-07-19,Cancelled,Web,Lake Sarah,CA
ORD-0007625,CUST-002855,2026-08-03,Placed,Mobile App,Lawrencefort,TX
ORD-0011439,CUST-000024,2026-07-29,Returned,Web,Joseside,IL
ORD-0011315,CUST-002042,2026-03-05,Delivered,Web,North Virginiamouth,FL
ORD-0003717,CUST-001922,2025-06-25,Shipped,Mobile App,Port Ronaldville,TX
ORD-0003107,CUST-000256,2026-08-28,Delivered,Marketplace,Port Stephanie,IL
ORD-0009460,CUST-001827,2025-02-02,Placed,In-Store,New Laurenfurt,NY
ORD-0004277,CUST-002979,2026-08-23,Processing,Web,,GA
ORD-0009674,CUST-000036,2025-06-01,Shipped,Web,South Marystad,OH
ORD-0008291,CUST-001225,2026-03-23,Delivered,In-Store,,IL
ORD-0007702,CUST-001820,2026-08-17,Shipped,Web,North Juliantown,PA
ORD-0011849,CUST-000655,2026-03-20,Shipped,Web,North Danielle,AZ
ORD-0005844,CUST-000622,2026-07-25,Delivered,Marketplace,East David,WA
ORD-0009490,CUST-001564,2026-04-18,Delivered,Web,Port Elizabethmouth,OH
ORD-0003445,CUST-000577,2026-06-28,Processing,Web,West Jeffrey,NY
ORD-0001889,CUST-000382,2025-12-28,Cancelled,Web,West Jamestown,OH
ORD-0003774,CUST-001936,2026-03-10,shipped,Web,West Rachelhaven,FL
ORD-0008472,CUST-000304,2025-11-29,Shipped,Web,Dustinmouth,FL
ORD-0002061,,2026-09-04,Shipped,Web,Joshuafurt,FL
ORD-0009484,CUST-002560,2026-09-03,Delivered,Web,North Carolland,NC
ORD-0005869,CUST-000515,2026-06-26,Cancelled,Mobile App,Vincentland,CA
ORD-0010925,CUST-000703,2026-04-05,Shipped,Marketplace,Debraside,IL
ORD-0009971,CUST-001842,2026-07-29,Placed,Web,Daniellefurt,AZ
ORD-0011870,CUST-001179,05/18/2026,Delivered,In-Store,Port Brentville,MI
ORD-0007746,CUST-002071,2025-09-21,Returned,Web,Brandonmouth,IL
ORD-0009713,CUST-000004,2025-12-14,Cancelled,Web,Phillipschester,TX
ORD-0000192,CUST-002033,2026-05-06,Delivered,Mobile App,Nicholasfurt,AZ
ORD-0005524,CUST-001491,2025-10-19,Processing,Web,Freemanchester,AZ
ORD-0009672,CUST-002749,2026-05-13,Delivered,Web,West Timothy,PA
ORD-0010472,,2025-10-30,Cancelled,Marketplace,Kaylaburgh,WA
ORD-0009762,CUST-000606,2025-07-09,Cancelled,In-Store,Maldonadoshire,CA
ORD-0003296,CUST-001598,2026-09-01,Shipped,Web,Lawrenceburgh,WA
ORD-0006184,CUST-000597,2025-02-03,Placed,Web,Villegastown,PA
ORD-0010683,CUST-000895,2025-03-08,Shipped,In-Store,Aliceland,TX
ORD-0011279,CUST-001693,2026-03-28,Delivered,Web,West Davidborough,FL
ORD-0006110,CUST-002003,2026-04-03,Processing,Web,Laurenmouth,PA
ORD-0000415,CUST-000028,2025-04-07,Shipped,Marketplace,Rossfort,FL
ORD-0008384,CUST-002776,2026-08-17,Delivered,Mobile App,Kevinland,WA
ORD-0007699,CUST-002309,2025-12-20,Processing,Mobile App,Nicholsland,AZ
ORD-0003995,CUST-000147,24-Jan-2026,Shipped,Marketplace,Phamton,NY
ORD-0000473,CUST-002280,2026-08-09,Delivered,Web,Port Eric,PA
ORD-0001940,CUST-001564,2026-07-20,Shipped,Web,North Jenniferside,IL
ORD-0005313,CUST-000371,2026-01-09,Placed,Web,Walshborough,GA
ORD-0004463,CUST-000888,2026-07-23,delivered,Web,,TX
ORD-0006884,CUST-000883,2024-10-09,Processing,Marketplace,Michaelberg,NC
ORD-0001558,CUST-000671,2026-03-25,Delivered,Web,East Jeffreyhaven,OH
ORD-0008193,CUST-000481,2024-02-28,Delivered,Marketplace,,NY
ORD-0000103,CUST-001087,2026-08-22,Delivered,Mobile App,Jimenezhaven,AZ
ORD-0006123,CUST-000272,2026-05-04,Processing,Web,,CA
ORD-0006992,CUST-002558,2025-06-03,Placed,Web,Carterstad,WA
ORD-0007553,CUST-001950,2025-10-17,Shipped,Mobile App,Michaelchester,MI
ORD-0001929,CUST-002988,2026-04-18,Delivered,In-Store,New Robert,WA
ORD-0001875,CUST-001959,2024-02-01,Delivered,Mobile App,Smithshire,CA
ORD-0010058,,2026-05-22,Processing,Marketplace,Davidside,PA
ORD-0010569,CUST-000507,2025-09-19,pROCESSING,Mobile App,Samanthafurt,OH
ORD-0003253,CUST-000173,2026-05-30,Shipped,Marketplace,Port Nataliestad,TX
ORD-0010491,CUST-000537,2025-07-30,Returned,Marketplace,New Carl,TX
ORD-0004925,CUST-002585,2026-08-12,Processing,Marketplace,South Tiffany,WA
ORD-0002078,CUST-002482,2026-02-08,Shipped,Mobile App,West Anna,IL
ORD-0011151,CUST-000882,2026-08-28,Shipped,Mobile App,South Paigebury,FL
ORD-0004709,CUST-000183,2026-03-12,Delivered,Mobile App,Port Samuel,IL
ORD-0003513,CUST-000485,2026-05-17,Delivered,Mobile App,Westshire,TX
ORD-0010672,CUST-001924,2026-08-29,Delivered,Mobile App,New Adam,AZ
ORD-0002445,CUST-002187,2026-01-19,Processing,In-Store,Marcusstad,PA
ORD-0006587,CUST-001398,2026-09-02,delivered,Mobile App,Bellmouth,MI
ORD-0001614,CUST-002907,2026-08-03,Placed,Marketplace,Lambside,PA
ORD-0001816,CUST-002143,2026-06-05,Placed,Web,New Haleytown,MI
ORD-0002356,CUST-002764,2025-08-14,Delivered,Marketplace,Lawrencefort,OH
ORD-0004824,CUST-001127,2026-08-18,Shipped,Mobile App,,IL
ORD-0008668,CUST-000105,2025-12-13,Shipped,Marketplace,North Elizabeth,IL
ORD-0004863,CUST-002554,2026-07-22,Shipped,Marketplace,East Racheltown,NY
ORD-0011403,CUST-002054,2025-10-16,Processing,Mobile App,Dixonborough,NY
ORD-0009041,CUST-000062,2026-09-04,Delivered,Web,Williamsburgh,FL
ORD-0002918,CUST-000172,"April 13, 2026",DELIVERED,Web,West Josephmouth,NY
ORD-0001058,CUST-002412,2025-08-14,Placed,Web,Danaview,CA
ORD-0000910,CUST-002097,2025-06-27,Delivered,Mobile App,Scottborough,CA
ORD-0006661,CUST-002112,2026-08-16,Delivered,Mobile App,,CA
ORD-0001518,CUST-000088,2025-02-15,Delivered,Mobile App,Lake Nicole,TX
ORD-0000126,CUST-002777,2024-05-24,Cancelled,Web,Tonyastad,AZ
ORD-0007915,CUST-001558,2026-07-18,Processing,Mobile App,Port Jamesmouth,WA
ORD-0006601,CUST-001634,2025-12-05,Shipped,Web,Michaelborough,PA
ORD-0001899,CUST-000597,2026-04-15,Delivered,Web,South Scottfort,OH
ORD-0006410,CUST-000156,2026-08-15,Shipped,Mobile App,Schultzhaven,WA
ORD-0001607,CUST-001553,2026-04-02,Processing,Web,Lake Christopher,OH
ORD-0008406,CUST-001971,2026-04-28,Processing,Marketplace,Justinmouth,PA
ORD-0009425,CUST-907517,2026-08-25,Shipped,Web,Lake James,CA
ORD-0010717,CUST-002981,2026-05-31,Delivered,Web,,NC
ORD-0007083,CUST-001086,2026-03-29,Processing,Mobile App,East David,CA
ORD-0010411,CUST-001595,2025-04-23,returned,Mobile App,Nicoleburgh,CA
ORD-0001276,CUST-001961,"July 21, 2026",Placed,Marketplace,West Brandontown,GA
ORD-0001721,CUST-000635,2025-12-06,Delivered,Web,,CA
ORD-0007434,CUST-000156,2026-08-07,Delivered,Mobile App,South Chadland,PA
ORD-0000229,CUST-000261,2026-01-05,Shipped,Web,Aaronbury,CA
ORD-0001579,CUST-002509,2026-08-10,Delivered,Marketplace,East Robert,MI
ORD-0000094,CUST-001099,07/09/2026,Delivered,In-Store,Jessicamouth,MI
ORD-0002600,CUST-002975,2025-11-28,Shipped,Marketplace,,TX
ORD-0004721,CUST-000453,2026-02-17,Delivered,Mobile App,Lake Amanda,TX
ORD-0009618,CUST-000993,2026-08-14,Shipped,Mobile App,Conwaymouth,WA
ORD-0001637,CUST-000854,2025-07-29,Placed,Mobile App,Taylorview,FL
ORD-0003668,CUST-001727,2026-01-12,Shipped,Web,New Danielleside,FL
ORD-0007855,CUST-000178,2026-05-24,Placed,Mobile App,Jenniferstad,NY
ORD-0008226,CUST-001121,2024-12-22,Returned,In-Store,North Jeffreyside,NY
ORD-0002093,CUST-000159,2026-02-10,Delivered,Marketplace,North Patricia,IL
ORD-0000664,CUST-001429,2026-05-24,Shipped,Web,Heatherview,OH
ORD-0008229,CUST-002717,2026-04-19,Delivered,Web,New Allisonborough,AZ
ORD-0002484,CUST-002965,2026-05-02,Delivered,Web,Lopezstad,OH
ORD-0004256,CUST-001535,2025-05-04,Delivered,Web,West Debra,OH
ORD-0001490,CUST-001905,2025-08-17,Shipped,Mobile App,,MI
ORD-0001630,CUST-002108,2026-08-27,Placed,Mobile App,New Bradleyview,TX
ORD-0009899,CUST-002505,2025-07-19,Shipped,Mobile App,East Aaron,OH
ORD-0008786,CUST-000713,2025-03-22,Delivered,Mobile App,East Crystalview,PA
ORD-0006478,CUST-000872,2025-11-06,Cancelled,In-Store,Melissafurt,NY
ORD-0005853,CUST-001437,2024-11-24,Processing,Web,Brianberg,MI
ORD-0006843,CUST-000987,2026-05-11,Shipped,Marketplace,South Lisamouth,AZ
ORD-0011628,CUST-000824,2024-12-05,Cancelled,Web,Zunigaview,PA
ORD-0000847,CUST-001010,2026-01-24,Delivered,Mobile App,South Nicoleshire,OH
ORD-0001229,CUST-001121,2024-11-24,Processing,Mobile App,South Miguelmouth,MI
ORD-0001972,CUST-002990,2026-05-24,Placed,Marketplace,Alvarezland,CA
ORD-0004940,,2026-08-13,Delivered,Mobile App,Morrowborough,NY
ORD-0009792,CUST-000042,2026-06-28,Shipped,Web,Port Amandastad,CA
ORD-0010333,CUST-000973,"August 31, 2026",Delivered,Marketplace,Cooktown,OH
ORD-0001099,CUST-002437,2025-04-18,Cancelled,Web,Johnton,MI
ORD-0008446,CUST-002505,2025-09-01,Cancelled,Mobile App,,GA
ORD-0011401,CUST-000005,2026-08-13,Placed,In-Store,Lake Toniport,OH
ORD-0001260,CUST-002826,"March 07, 2025",delivered,Mobile App,North Jessica,NY
ORD-0001302,CUST-002684,2025-03-29,Cancelled,Web,Walshtown,OH
ORD-0004415,CUST-001715,2025-06-23,Delivered,Web,Nelsonview,IL
ORD-0005547,CUST-000173,2026-07-06,Placed,Marketplace,Lake Judyfurt,OH
ORD-0007042,CUST-002387,2024-07-12,Delivered,Web,Normaburgh,NC
ORD-0011149,CUST-002177,2026-08-28,Delivered,Web,Davidton,MI
ORD-0002909,CUST-001981,2026-08-01,cANCELLED,Marketplace,New Adrianafurt,OH
ORD-0006198,CUST-002613,2026-03-16,Shipped,Web,Robertfort,NC
ORD-0006304,CUST-000165,2026-02-21,Processing,Mobile App,West Nicholas,NY
ORD-0011101,CUST-002771,2026-06-18,Delivered,Mobile App,Brooksmouth,NY
ORD-0001117,CUST-000453,2026-04-13,Delivered,In-Store,Lake Michaelside,PA
ORD-0011218,CUST-001805,2026-06-20,Delivered,Marketplace,Josephbury,AZ
ORD-0009233,CUST-001010,2026-06-28,Shipped,Web,East Rachelfurt,PA
ORD-0000903,CUST-000070,2026-01-23,Delivered,Web,Michaelside,PA
ORD-0011335,CUST-002951,2026-01-10,Placed,Web,Port Christopherbury,FL
ORD-0007497,CUST-002713,2024-03-22,Delivered,Web,Smithtown,PA
ORD-0003237,CUST-002740,2026-05-02,Delivered,Mobile App,Anitaton,IL
ORD-0001605,CUST-002253,2024-11-02,Placed,Web,Lake Ashleyside,MI
ORD-0001075,CUST-000151,2026-08-17,Processing,Mobile App,East Kim,IL
ORD-0007584,CUST-002539,2025-09-21,Delivered,Web,West Catherine,AZ
ORD-0004931,,2026-01-10,Placed,Mobile App,,CA
ORD-0009768,CUST-001614,2026-07-29,Placed,Mobile App,Taylorburgh,PA
ORD-0001457,CUST-000481,2026-05-30,Delivered,Marketplace,Port Julianhaven,IL
ORD-0004839,CUST-002657,2026-05-15,Shipped,Web,North Courtney,NC
ORD-0003067,CUST-002562,2026-07-22,Delivered,Marketplace,,PA
ORD-0000782,CUST-001473,2025-09-11,Delivered,Web,East Beverlyport,PA
ORD-0007753,CUST-000439,2025-12-23,Shipped,Web,East Joshua,MI
ORD-0003812,CUST-000404,2024-11-30,Cancelled,Marketplace,West Andre,CA
ORD-0011006,CUST-002570,2025-12-24,Returned,Web,Leachberg,WA
ORD-0003651,CUST-002975,08-Jul-2025,PLACED,Web,Perezland,GA
ORD-0010818,CUST-000687,2026-06-18,Delivered,Web,Andrewtown,FL
ORD-0004543,CUST-002373,2026-07-26,Delivered,Web,Lake Jennifer,NC
ORD-0005647,CUST-002480,2026-04-26,cancelled,Marketplace,Smithborough,FL
ORD-0008586,CUST-002492,2025-09-06,Delivered,Web,Trujilloport,TX
ORD-0008950,CUST-001673,2026-03-10,Processing,Web,East Caleb,OH
ORD-0010649,CUST-002190,2025-09-14,Shipped,Web,New Pamelaville,WA
ORD-0003830,CUST-000285,02/24/2025,Delivered,Web,Nobleport,GA
ORD-0011181,CUST-000396,2025-07-03,Delivered,Mobile App,West Nicole,CA
ORD-0010414,CUST-000215,2026-08-29,Placed,Mobile App,Danieltown,NY
ORD-0007610,CUST-000565,2025-08-08,Shipped,Marketplace,Lake Benjamin,OH
ORD-0002562,CUST-000345,2026-07-29,Delivered,Mobile App,Brayhaven,TX
ORD-0002354,CUST-002164,2026-08-30,dELIVERED,Mobile App,,MI
ORD-0007448,CUST-002479,2024-07-12,Delivered,Marketplace,New Christopherville,FL
ORD-0007631,CUST-000191,2026-04-05,Delivered,Web,Ruizhaven,OH
ORD-0011657,CUST-002208,05/02/2025,processing,Marketplace,Freemanborough,WA
ORD-0009563,CUST-002525,2026-08-24,placed,Web,Maldonadohaven,GA
ORD-0003676,CUST-000554,2026-07-14,Placed,Web,Port Nicole,NC
ORD-0008843,CUST-001813,2025-08-18,Shipped,Marketplace,Rodrigueztown,MI
ORD-0003511,,2026-08-31,Placed,Marketplace,,WA
ORD-0003353,CUST-000181,2026-05-13,Shipped,Web,Diamondfurt,IL
ORD-0009564,CUST-001584,2026-02-01,Cancelled,Mobile App,Kelleymouth,NY
ORD-0004226,CUST-000808,2025-08-28,rETURNED,Mobile App,Michelleside,GA
ORD-0001289,CUST-001095,2025-08-17,Shipped,Marketplace,Lake Sarahshire,NY
ORD-0001671,CUST-002144,2026-02-26,Placed,Mobile App,Millerfurt,NC
ORD-0008345,CUST-002666,2025-12-08,Placed,Mobile App,South David,IL
ORD-0001769,CUST-000359,2026-08-25,Placed,Mobile App,Port Christopher,PA
ORD-0007152,CUST-001183,2025-07-26,Delivered,Web,Deleonport,CA
ORD-0002833,CUST-002719,2026-05-23,Placed,Mobile App,West Latashaport,AZ
ORD-0001960,,2026-04-24,Delivered,In-Store,Thompsonview,NC
ORD-0011905,CUST-000056,2025-08-25,Delivered,Web,Lake Derekmouth,CA
ORD-0011710,CUST-000872,2025-12-06,Delivered,Mobile App,Lake Michelle,TX
ORD-0008073,CUST-002487,2026-04-27,Shipped,Mobile App,Port Bradport,AZ
ORD-0003284,CUST-002846,2025-12-19,Delivered,Web,South Jessica,CA
ORD-0008540,CUST-002819,2024-11-15,Processing,Web,North Donna,CA
ORD-0010590,CUST-002147,2026-06-30,Shipped,Mobile App,West Peggytown,GA
ORD-0011248,CUST-000758,2024-12-28,Processing,In-Store,Stevensmouth,WA
ORD-0009819,CUST-000750,2026-01-31,Shipped,Mobile App,Lake Dennisberg,NC
ORD-0008005,CUST-002719,2025-12-22,Delivered,Mobile App,,NC
ORD-0010629,CUST-001974,2025-08-08,Delivered,Marketplace,Curtisland,CA
ORD-0000348,CUST-000098,2024-12-10,Returned,Web,New Robinmouth,AZ
ORD-0006518,CUST-002828,2024-12-03,Delivered,Mobile App,South Bettyview,NC
ORD-0004862,CUST-002191,2026-08-21,Delivered,Marketplace,Lindaton,NC
ORD-0003076,CUST-001571,2024-10-30,Shipped,Web,North John,TX
ORD-0006428,CUST-001193,2026-08-02,Cancelled,Web,Rhodesborough,PA
ORD-0001028,CUST-000699,2024-07-26,Shipped,In-Store,Perezburgh,MI
ORD-0003224,CUST-001831,2025-05-14,Cancelled,Mobile App,East Angela,OH
ORD-0003037,CUST-002770,2025-11-27,Returned,Mobile App,Jordanshire,AZ
ORD-0006855,CUST-000914,2026-05-04,Delivered,Mobile App,Gabrielleview,MI
ORD-0002234,CUST-001417,2025-11-03,Shipped,Mobile App,South Heatherburgh,PA
ORD-0000008,CUST-001325,2026-06-28,Delivered,Web,West Lisa,NY
ORD-0001266,CUST-000119,2024-12-20,Shipped,Marketplace,Brownmouth,NC
ORD-0004909,CUST-000530,2026-05-24,Placed,Web,South Carla,PA
ORD-0003176,CUST-001645,2025-03-02,Cancelled,Web,West Jamesport,IL
ORD-0006712,CUST-913191,2026-07-25,Delivered,Web,Cassandraside,AZ
ORD-0004159,CUST-002579,2026-01-24,Processing,Mobile App,Payneport,GA
ORD-0003164,CUST-002359,2025-01-15,Processing,Marketplace,West Lisaborough,GA
ORD-0000552,CUST-002199,2025-06-04,Delivered,Web,Solisview,OH
ORD-0002272,CUST-002196,2026-08-19,Delivered,Mobile App,Samanthaville,AZ
ORD-0005957,CUST-002280,14-May-2026,Processing,Web,Marissaside,AZ
ORD-0002091,CUST-002029,2024-12-10,Delivered,Web,Christinaton,OH
ORD-0006960,CUST-000939,2026-08-04,Delivered,In-Store,North Sonya,TX
ORD-0003889,CUST-000814,2024-08-20,Placed,Web,Kevinchester,NC
ORD-0008799,CUST-000467,2025-04-05,Placed,Marketplace,East Tommyborough,PA
ORD-0006840,CUST-002349,2026-01-12,Placed,Mobile App,Elliotttown,GA
ORD-0011943,CUST-002793,2026-03-05,Delivered,Web,Butlerberg,PA
ORD-0009721,CUST-000589,2025-07-23,Returned,In-Store,South Dawnmouth,GA
ORD-0009878,CUST-000103,2025-12-17,Cancelled,Web,Wandaburgh,NY
ORD-0010289,CUST-000436,2025-08-14,Cancelled,Web,Mitchellville,GA
ORD-0007713,CUST-000314,12/07/2024,Delivered,Marketplace,Port Jeanstad,MI
ORD-0010515,CUST-000229,2025-12-12,Placed,Marketplace,Lindamouth,AZ
ORD-0008645,CUST-001736,2025-12-31,Cancelled,Mobile App,Beasleytown,NY
ORD-0004314,CUST-002286,2024-12-08,Processing,Web,Combsborough,IL
ORD-0010613,CUST-000817,2025-01-30,Delivered,Web,Juanland,OH
ORD-0010913,CUST-002412,2025-03-12,Returned,Web,Campbellfurt,OH
ORD-0005575,CUST-001085,2026-02-08,Shipped,Web,Beckybury,PA
ORD-0011008,CUST-000710,2025-12-15,Delivered,Web,Robertmouth,CA
ORD-0007952,CUST-000651,2026-08-21,Delivered,Mobile App,Mcculloughberg,FL
ORD-0000572,CUST-002244,2025-01-26,Shipped,Web,Brentville,WA
ORD-0004265,CUST-002867,2026-04-16,Processing,Marketplace,Scottborough,GA
ORD-0008169,CUST-002257,2025-07-05,Processing,Mobile App,Kevintown,WA
ORD-0011773,CUST-001187,2025-11-30,pLACED,Web,North Markborough,FL
ORD-0010116,CUST-001672,2025-08-27,Returned,Marketplace,Brianfurt,MI
ORD-0009304,CUST-002928,2026-07-29,Delivered,Mobile App,Parkville,OH
ORD-0010767,CUST-001100,23-Jan-2026,Shipped,Mobile App,Carpenterton,CA
ORD-0010026,CUST-000230,2026-05-25,Delivered,Marketplace,Eugenemouth,TX
ORD-0000715,CUST-001751,2026-07-12,Processing,Mobile App,Josephland,MI
ORD-0003461,CUST-000293,2025-06-13,Returned,Mobile App,East Charlesside,NY
ORD-0008265,CUST-002412,2026-07-31,Delivered,Web,Lake Tammymouth,GA
ORD-0004055,CUST-000348,2026-05-20,Processing,Web,Port Courtney,OH
ORD-0004152,CUST-000599,2026-05-26,Delivered,Mobile App,Port Michaelchester,MI
ORD-0006618,CUST-001760,2024-05-29,Processing,Marketplace,Pamburgh,NC
ORD-0004990,CUST-000202,2026-03-05,Returned,Web,Lake Nicholas,AZ
ORD-0007690,CUST-000264,2026-07-20,Delivered,Mobile App,East Michael,MI
ORD-0008861,CUST-000444,2026-02-03,Shipped,Web,Johnfort,TX
ORD-0011447,CUST-000722,2025-07-14,Returned,Web,Rachelshire,AZ
ORD-0000199,CUST-002582,2026-08-22,Delivered,Web,Blacktown,OH
ORD-0005590,CUST-000699,2026-07-06,Delivered,Web,Christensenfort,PA
ORD-0001953,CUST-002401,2026-08-28,Delivered,Mobile App,South Brian,CA
ORD-0010625,CUST-002330,2024-10-20,Processing,Mobile App,Allisonstad,OH
ORD-0003707,CUST-002317,2026-03-19,Placed,Marketplace,,WA
ORD-0010254,CUST-000833,2026-07-24,Processing,Web,Mayoville,NY
ORD-0007121,CUST-000154,2026-03-12,Delivered,Mobile App,West Nicole,IL
ORD-0009610,CUST-000535,2025-10-07,Shipped,Web,North Lisa,PA
ORD-0011002,CUST-001143,2026-01-09,Delivered,Web,West Amanda,IL
ORD-0007174,CUST-002844,2026-02-21,Shipped,Web,,WA
ORD-0001757,CUST-000832,2026-08-24,Processing,Mobile App,Jenkinshaven,NY
ORD-0007719,,2026-07-01,Delivered,Web,North William,IL
ORD-0002126,CUST-002608,2025-12-02,Shipped,In-Store,Craighaven,NC
ORD-0000031,CUST-000561,2026-04-18,Processing,Marketplace,South Donna,WA
ORD-0000778,CUST-000003,2025-01-15,Returned,Mobile App,South Douglasmouth,OH
ORD-0008248,CUST-002169,2026-06-04,Placed,Web,Nicholasbury,GA
ORD-0001078,CUST-002470,2025-04-22,PROCESSING,Mobile App,Port Holly,OH
ORD-0000172,CUST-000789,2026-07-06,Processing,Web,Jeffreybury,NY
ORD-0000009,CUST-001534,2026-04-26,Placed,Web,Leonardhaven,OH
ORD-0006355,CUST-001425,2026-09-04,Shipped,Web,Lake Jeffrey,IL
ORD-0001434,CUST-001334,2026-02-17,Delivered,Mobile App,New Megan,WA
ORD-0002427,CUST-002537,2026-08-15,Shipped,Marketplace,New Ashley,CA
ORD-0000842,CUST-000145,2026-08-13,Delivered,Marketplace,Port Williamland,WA
ORD-0009786,CUST-000129,2025-10-08,Placed,Mobile App,West Riley,TX
ORD-0004123,CUST-000266,2026-09-01,Processing,In-Store,East Sandrafurt,AZ
ORD-0010685,CUST-001538,2025-07-31,cancelled,Web,Port Valerie,NC
ORD-0011064,CUST-001175,2025-11-16,Shipped,Web,East Tiffany,GA
ORD-0001119,CUST-000482,2026-08-23,Cancelled,Web,Port Kristen,NC
ORD-0007072,CUST-000671,2026-07-08,Delivered,Web,Hendersonfurt,PA
ORD-0002973,CUST-000103,2024-01-03,Returned,In-Store,Lake Kevinberg,NY
ORD-0009688,CUST-000018,2026-09-04,Delivered,Web,New Madeline,FL
ORD-0002952,CUST-001675,2025-09-14,Shipped,In-Store,Jonathanview,GA
ORD-0010802,CUST-001280,2026-07-21,Shipped,Marketplace,Velasquezmouth,FL
ORD-0005629,CUST-002210,2026-03-04,Delivered,Web,Justinborough,WA
ORD-0005100,CUST-002454,2026-05-24,Delivered,Web,West Anthony,GA
ORD-0007201,CUST-000158,2025-07-06,Shipped,Web,Ponceborough,WA
ORD-0008545,CUST-002115,2026-09-04,Delivered,Mobile App,Mccoyfort,IL
ORD-0001272,CUST-002347,2026-08-09,Returned,Mobile App,Port David,FL
ORD-0001427,CUST-002084,"October 30, 2025",Delivered,Mobile App,West Brian,NC
ORD-0004184,CUST-002642,2026-01-21,Placed,Mobile App,Darrellville,NC
ORD-0007195,CUST-001910,2026-07-13,Shipped,Web,Guerrafurt,OH
ORD-0008538,CUST-002007,2026-08-28,Processing,Web,South Joshuahaven,IL
ORD-0000356,CUST-001743,2025-01-31,Cancelled,Web,West Tammyside,AZ
ORD-0002301,CUST-002902,2025-10-05,Processing,In-Store,Andrewtown,TX
ORD-0002628,,2026-03-18,Shipped,Marketplace,Gibsonport,PA
ORD-0010980,CUST-000820,2026-08-27,Placed,Mobile App,Michealland,PA
ORD-0001756,CUST-001858,2026-09-05,Processing,Web,South Justinview,NC
ORD-0007496,CUST-002771,2025-06-18,Placed,Marketplace,Wilsonton,TX
ORD-0009421,CUST-001311,2025-12-16,Placed,Web,West Sarahbury,OH
ORD-0010423,CUST-000366,2025-10-01,Cancelled,Mobile App,Andrewville,CA
ORD-0011896,CUST-000830,2026-06-18,Cancelled,Web,Elizabethstad,FL
ORD-0005343,CUST-002264,2026-06-18,Processing,In-Store,Port Markburgh,FL
ORD-0002070,CUST-000971,2026-06-13,Placed,Web,East Thomasbury,OH
ORD-0005347,CUST-002403,2025-04-03,Delivered,In-Store,South Desireetown,MI
ORD-0001068,CUST-002819,05-May-2025,Delivered,Mobile App,Deborahborough,TX
ORD-0010927,CUST-001736,2026-01-16,Delivered,Mobile App,New Christophermouth,NC
ORD-0010772,CUST-001038,2026-05-27,Placed,Mobile App,Burketon,WA
ORD-0007081,CUST-000312,2025-12-31,Shipped,Marketplace,New Calvin,GA
ORD-0008301,CUST-002838,2026-07-17,Placed,Mobile App,Erikaland,TX
ORD-0003797,CUST-001863,2026-08-17,Placed,Web,West Joelbury,TX
ORD-0007093,CUST-002861,2026-07-22,Placed,Marketplace,Brownfort,AZ
ORD-0009666,CUST-000529,2026-06-08,Cancelled,In-Store,,FL
ORD-0004396,CUST-002227,2025-11-16,Returned,Web,Jessicaburgh,AZ
ORD-0008084,CUST-000471,2025-10-06,Delivered,Mobile App,Lake Jamesborough,GA
ORD-0007196,CUST-001812,2026-06-08,Placed,Mobile App,Dennisberg,NY
ORD-0006780,CUST-000298,2025-10-21,Shipped,Web,Jefferymouth,OH
ORD-0011990,CUST-001348,2026-07-20,Shipped,Mobile App,Jacobburgh,NY
ORD-0011948,CUST-000393,2026-07-31,Delivered,Marketplace,Johnville,NY
ORD-0001300,CUST-002091,2026-08-29,Processing,Mobile App,Port Heather,GA
ORD-0004210,CUST-000984,2026-08-18,Shipped,Marketplace,North Conniemouth,NY
ORD-0005385,CUST-000162,2025-10-10,Placed,Marketplace,Moniqueport,NY
ORD-0000287,CUST-002673,2025-10-01,Cancelled,Mobile App,East Heather,GA
ORD-0011780,CUST-001978,2025-12-04,Delivered,Web,North Richard,TX
ORD-0008302,CUST-001092,"July 22, 2025",Delivered,Mobile App,Blackfort,GA
ORD-0008047,CUST-000176,2026-07-29,Delivered,Mobile App,North Danielport,OH
ORD-0005512,CUST-000209,2026-09-03,Cancelled,Mobile App,New Scottchester,IL
ORD-0010318,CUST-001842,2025-07-09,Delivered,Marketplace,Karenbury,WA
ORD-0003440,CUST-001505,2026-09-05,Shipped,Marketplace,East James,CA
ORD-0000681,CUST-000020,2026-04-20,Shipped,Web,South Brendanberg,FL
ORD-0006749,CUST-001158,2026-08-02,Cancelled,Mobile App,North Gina,TX
ORD-0004304,CUST-002661,2026-08-14,Cancelled,Web,Taylorshire,CA
ORD-0011032,CUST-001998,2026-03-28,Cancelled,In-Store,Port Jose,OH
ORD-0008707,CUST-001067,2025-11-07,Shipped,In-Store,West David,PA
ORD-0002951,CUST-000845,2026-03-05,Shipped,In-Store,Gregoryshire,GA
ORD-0008646,CUST-001392,2026-08-28,Shipped,Mobile App,East Shannonside,NY
ORD-0001494,CUST-002485,2026-08-20,Shipped,Mobile App,New Rachaelberg,WA
ORD-0005581,CUST-000817,2024-10-27,Delivered,Web,Lake Gregoryberg,OH
ORD-0007369,CUST-001575,2025-12-24,Returned,Mobile App,New Gregoryberg,CA
ORD-0001290,CUST-002679,2025-11-24,Shipped,Web,North Jeffrey,IL
ORD-0004322,CUST-000051,2026-07-01,Delivered,Marketplace,Sharonbury,NC
ORD-0001184,CUST-001165,2026-06-22,Shipped,Web,North Rachel,TX
ORD-0001724,CUST-001509,2026-06-21,Cancelled,Web,Pricemouth,NY
ORD-0007215,CUST-000511,2026-05-30,Processing,Web,Port Edward,CA
ORD-0004441,CUST-002175,2025-05-26,pROCESSING,Mobile App,South Andrew,AZ
ORD-0007078,CUST-000406,2025-10-07,Delivered,In-Store,Lake Misty,PA
ORD-0009038,CUST-001163,2025-10-14,Delivered,Web,Dorseyborough,NY
ORD-0000081,CUST-001165,2025-09-12,Delivered,Mobile App,North Samuel,MI
ORD-0011760,CUST-001531,2026-07-26,Returned,Web,Hendersonville,NC
ORD-0011159,CUST-002760,2025-09-11,Cancelled,Web,South Marissa,CA
ORD-0003488,CUST-001529,2026-06-19,Placed,Mobile App,West Randyberg,NY
ORD-0000489,CUST-002561,2026-08-06,Delivered,Mobile App,North Amanda,CA
ORD-0010315,CUST-000201,2026-05-24,Delivered,Web,,FL
ORD-0010735,CUST-001955,2026-01-21,Delivered,Web,Reneeport,IL
ORD-0008960,CUST-000617,2024-05-28,Processing,Mobile App,Brownmouth,WA
ORD-0010514,CUST-001690,2025-11-10,Placed,Mobile App,Lake Lauren,MI
ORD-0006298,CUST-000789,2026-08-12,Cancelled,Web,Port Jason,MI
ORD-0005050,,2026-09-05,Cancelled,Mobile App,South Melissamouth,AZ
ORD-0011835,CUST-000437,2026-03-25,Shipped,In-Store,East Luisview,GA
ORD-0003148,CUST-002786,2025-04-30,Shipped,Mobile App,South Jeffrey,WA
ORD-0009828,CUST-000286,2026-04-22,Delivered,Web,Ericborough,OH
ORD-0009547,CUST-000283,2025-09-05,Placed,Mobile App,New James,AZ
ORD-0008661,CUST-001559,2025-10-21,Processing,Web,Aprilport,TX
ORD-0010968,CUST-000232,2026-07-06,Placed,Web,Port Leslieview,PA
ORD-0003685,CUST-000491,2025-12-12,Processing,Marketplace,New Jamieside,PA
ORD-0010195,CUST-000250,2024-12-26,Placed,Mobile App,Aprilmouth,MI
ORD-0010876,CUST-002482,2026-07-05,Delivered,Web,New Wendyport,IL
ORD-0008746,CUST-002638,2026-04-24,returned,Web,Josephfurt,PA
ORD-0002025,CUST-001963,2025-03-24,Processing,Mobile App,Robertsonhaven,MI
ORD-0003408,CUST-000747,2025-01-09,SHIPPED,Web,New Edwardland,OH
ORD-0000067,CUST-001812,2026-04-12,Delivered,Mobile App,Wallacestad,AZ
ORD-0005387,CUST-001432,2025-08-24,Shipped,Web,North Krystal,PA
ORD-0009756,CUST-001366,2026-07-06,Delivered,Mobile App,,NY
ORD-0003905,CUST-001945,2025-06-02,Delivered,Marketplace,South Suzanneberg,AZ
ORD-0011997,CUST-000268,2026-01-13,Delivered,Web,,OH
ORD-0002770,CUST-001678,2026-07-24,Placed,Web,Mcleanmouth,GA
ORD-0011195,CUST-001328,2025-09-16,Cancelled,Mobile App,North Marialand,CA
ORD-0011205,CUST-001572,"July 27, 2026",Delivered,Mobile App,Darrenstad,FL
ORD-0002533,CUST-002371,2026-07-07,Placed,Marketplace,Margaretborough,IL
ORD-0006809,CUST-001450,2026-05-24,Delivered,Web,Port Marilyn,NY
ORD-0005986,CUST-000459,2025-11-18,Processing,Web,Michaelborough,TX
ORD-0002500,CUST-001992,2026-08-22,Shipped,Mobile App,East Tricia,NC
ORD-0006303,CUST-000570,2026-04-20,Processing,Mobile App,New Timothyburgh,WA
ORD-0007265,CUST-000371,2026-01-07,Delivered,Web,Wolfemouth,IL
ORD-0009664,CUST-002461,2026-06-29,Processing,Mobile App,Emilyfort,OH
ORD-0001132,CUST-002962,"June 18, 2026",Delivered,Mobile App,Rileyport,IL
ORD-0007990,CUST-002158,2026-02-09,Cancelled,Mobile App,Lake Michelleburgh,NY
ORD-0003972,CUST-936960,2025-09-06,Placed,Web,,IL
ORD-0008828,CUST-001838,2024-06-26,Delivered,Web,Jonesport,CA
ORD-0001212,CUST-000573,2025-05-12,Shipped,Web,Singletonhaven,GA
ORD-0008457,CUST-002790,2025-11-23,Delivered,Web,South Danielle,TX
ORD-0009101,CUST-000762,2025-08-18,Cancelled,Web,New Fernando,OH
ORD-0002010,CUST-002606,20-Apr-2026,Processing,Mobile App,Lake Jessicaville,PA
ORD-0006157,CUST-000166,10/03/2025,Delivered,Web,Perryville,MI
ORD-0010250,,2025-07-22,Processing,In-Store,Amberville,FL
ORD-0009567,CUST-000851,"January 02, 2026",Processing,Web,Theresaland,MI
ORD-0006107,CUST-001894,2026-09-02,Processing,Web,Kathleenfurt,FL
ORD-0011183,CUST-002244,14-Jun-2024,Delivered,Mobile App,Mercadoland,CA
ORD-0005425,CUST-002008,2025-02-03,Cancelled,Web,Martinton,AZ
ORD-0007156,CUST-001228,2025-12-25,Shipped,Mobile App,West Jeffreyburgh,OH
ORD-0003276,CUST-002151,2026-09-04,Cancelled,Web,Ballardtown,CA
ORD-0011240,CUST-001208,2026-08-11,Processing,Mobile App,New James,AZ
ORD-0006179,CUST-001198,2026-06-17,Cancelled,Mobile App,Williamsville,NY
ORD-0010214,CUST-001566,2026-04-28,Delivered,Web,Welchshire,FL
ORD-0006099,CUST-000703,2026-07-05,placed,Web,Susanview,CA
ORD-0003142,CUST-001447,2024-11-28,Placed,Mobile App,Joshuashire,OH
ORD-0011397,CUST-001375,2026-06-30,Shipped,Web,Jenniferton,IL
ORD-0003604,CUST-001848,2025-02-15,Delivered,Marketplace,Ginaport,TX
ORD-0006027,CUST-002057,2026-08-04,Delivered,Mobile App,Morrisland,AZ
ORD-0001652,,2026-07-19,Delivered,Web,Debrabury,PA
ORD-0000939,CUST-001049,2025-11-24,Placed,Mobile App,Callahanbury,AZ
ORD-0004192,CUST-928551,2024-12-13,Placed,Web,,OH
ORD-0002295,CUST-002072,2025-01-01,Shipped,Mobile App,Port Rachelhaven,WA
ORD-0003069,CUST-000457,2026-08-29,Processing,Web,Joycestad,IL
ORD-0009885,CUST-001481,2024-07-01,Cancelled,Web,Skinnerton,NC
ORD-0009775,CUST-002798,2026-03-31,Delivered,Mobile App,Michaelmouth,NC
ORD-0011170,CUST-001963,2026-03-15,Delivered,Mobile App,Lake Maryport,GA
ORD-0011611,CUST-001508,2026-03-28,Shipped,Mobile App,Melissaton,CA
ORD-0001263,CUST-000997,2025-05-29,Returned,Web,Thomaston,TX
ORD-0003654,CUST-001058,2026-08-22,Delivered,Mobile App,Danielhaven,WA
ORD-0003958,CUST-002129,2026-05-26,Cancelled,In-Store,Steeleshire,AZ
ORD-0009543,CUST-001847,2025-07-23,Delivered,Web,Cortezfort,AZ
ORD-0001085,CUST-000972,2025-09-27,Processing,Web,Johnview,NC
ORD-0005085,CUST-001107,2026-02-08,Shipped,Web,South Alyssachester,CA
ORD-0002014,CUST-001152,2025-10-08,Placed,Web,Port Davidhaven,TX
ORD-0001158,CUST-002030,2026-06-07,Processing,Marketplace,Lake Patty,NC
ORD-0007248,CUST-000061,2026-04-03,placed,Web,North Cynthiaport,CA
ORD-0000530,CUST-000248,2026-04-30,Shipped,Marketplace,Washingtonland,OH
ORD-0011162,CUST-000831,2025-06-15,Delivered,Web,Briggsview,NY
ORD-0010453,CUST-002078,2024-06-06,Delivered,Web,Charlesfurt,AZ
ORD-0000445,CUST-002738,2026-05-09,Cancelled,Mobile App,Joshuaton,NY
ORD-0002920,CUST-000471,2025-06-13,Processing,Web,Jenniferland,OH
ORD-0001063,CUST-000324,2026-05-16,Delivered,Web,Carrilloberg,OH
ORD-0002947,CUST-002209,2025-06-12,Placed,In-Store,Amandaton,PA
ORD-0005028,CUST-002517,2025-06-04,delivered,Mobile App,South Donnaview,MI
ORD-0004039,CUST-000155,2026-01-20,Processing,Mobile App,Bishopburgh,IL
ORD-0006368,CUST-001403,2025-10-13,Placed,Mobile App,Matthewbury,CA
ORD-0008963,CUST-001400,2025-11-30,Cancelled,Mobile App,Lake Susantown,NC
ORD-0010716,CUST-001524,2025-11-22,Delivered,Mobile App,New Angela,CA
ORD-0000493,CUST-000107,2025-04-19,DELIVERED,Marketplace,New Nicholasshire,NC
ORD-0010410,CUST-001904,2026-07-19,Delivered,Web,Mcclainside,MI
ORD-0003770,CUST-000834,2026-08-19,Shipped,In-Store,South Crystalberg,FL
ORD-0008906,CUST-001153,2026-07-16,Delivered,Mobile App,Ashleyfurt,GA
ORD-0004653,CUST-000793,2026-08-08,cancelled,In-Store,Bennetthaven,FL
ORD-0001107,CUST-000762,2025-04-19,Returned,In-Store,Dianeview,OH
ORD-0009624,CUST-000099,2026-08-25,Shipped,Mobile App,North Jeffrey,FL
ORD-0001478,CUST-000094,2025-11-09,Processing,Web,Thomasport,PA
ORD-0006004,CUST-001251,20-Jun-2026,Placed,In-Store,Huntertown,PA
ORD-0002117,CUST-000337,2024-08-18,Processing,Web,Zacharyville,FL
ORD-0002551,CUST-002539,2025-09-06,Delivered,Mobile App,Melissafort,OH
ORD-0000386,CUST-001925,2026-06-01,Delivered,Web,New Emily,NC
ORD-0010111,CUST-001812,2026-09-02,Processing,Web,Lake Loristad,TX
ORD-0003840,CUST-001595,2025-03-30,Processing,Web,Martinstad,TX
ORD-0009593,CUST-001275,2025-12-26,Processing,Web,East Jasmineshire,AZ
ORD-0011370,CUST-000665,2026-03-16,Delivered,Web,South Melissa,CA
ORD-0003008,CUST-000951,2026-09-01,Delivered,Marketplace,East Kim,PA
ORD-0008573,CUST-002719,2026-05-29,Processing,Marketplace,Ayalashire,MI
ORD-0008186,CUST-000252,2025-08-05,Shipped,Mobile App,Evanston,NC
ORD-0000705,CUST-000316,2026-04-05,Delivered,Web,Port Theresa,FL
ORD-0009622,CUST-002855,2026-06-25,Processing,Mobile App,Edwardburgh,PA
ORD-0003791,CUST-002868,2025-05-22,Delivered,Mobile App,Beckhaven,NC
ORD-0000393,CUST-000665,2025-09-28,Delivered,Mobile App,Joyceshire,GA
ORD-0001104,CUST-001603,2026-01-26,Delivered,Marketplace,,NC
ORD-0005303,CUST-001702,2024-08-20,Placed,Web,Pricefurt,CA
ORD-0004335,CUST-000216,2026-06-12,Cancelled,Mobile App,Smithhaven,MI
ORD-0004367,CUST-001180,2026-03-17,Placed,In-Store,New Timothystad,AZ
ORD-0008650,CUST-000647,2026-07-06,Placed,Web,Lake Jillianstad,NY
ORD-0001480,CUST-001146,2026-07-30,Cancelled,In-Store,South George,GA
ORD-0009658,CUST-000061,2024-07-06,Cancelled,Web,Codyborough,NC
ORD-0011270,CUST-001320,2025-07-19,Placed,Marketplace,Erinburgh,OH
ORD-0005236,CUST-001416,2026-08-23,Delivered,Web,Lambertbury,PA
ORD-0011840,CUST-001614,2024-09-12,Delivered,Web,North Danielmouth,CA
ORD-0010283,CUST-002612,2025-05-15,Delivered,Web,East Alexaside,IL
ORD-0008048,CUST-001263,2026-04-18,Shipped,Web,North Sylviachester,PA
ORD-0003312,CUST-002454,2026-08-13,Processing,In-Store,Careybury,TX
ORD-0010016,CUST-001859,2026-08-15,Placed,Web,Jenniferview,OH
ORD-0006469,CUST-002858,2026-07-10,Delivered,Web,Wallaceport,CA
ORD-0006983,CUST-000534,2026-07-03,Delivered,Web,South Erikaville,PA
ORD-0000478,CUST-001000,2025-02-11,Placed,Mobile App,Barneschester,PA
ORD-0003043,CUST-000304,2026-04-19,Delivered,Web,Emilyfurt,OH
ORD-0000812,CUST-002181,2026-08-29,Delivered,Web,Jarvismouth,FL
ORD-0011493,CUST-002116,2026-01-27,Delivered,Marketplace,East Kevintown,AZ
ORD-0001808,CUST-002339,2026-06-13,Delivered,Mobile App,Port Michael,NC
ORD-0008162,CUST-001611,2024-04-07,Shipped,Mobile App,East Melissaport,NY
ORD-0009301,CUST-002970,2026-02-09,Placed,Mobile App,Matthewview,MI
ORD-0008273,CUST-002075,2025-12-31,Shipped,In-Store,Bryanborough,FL
ORD-0010972,CUST-002277,2026-05-23,Shipped,In-Store,North Crystal,NC
ORD-0005593,CUST-001398,2026-07-14,Placed,Web,Saraland,MI
ORD-0009691,CUST-000557,2026-03-23,Delivered,In-Store,Lake Joy,NC
ORD-0003804,CUST-001922,2025-12-09,Delivered,Mobile App,Angelastad,AZ
ORD-0009208,CUST-002056,2025-03-02,Delivered,Mobile App,New Juan,NC
ORD-0000893,CUST-000451,2024-10-22,Cancelled,Web,Darrellmouth,NC
ORD-0005207,CUST-002113,2026-04-25,Shipped,Web,Melaniefurt,GA
ORD-0011951,CUST-000802,2025-12-07,Shipped,Web,South Jamesmouth,FL
ORD-0008878,CUST-002338,2025-03-20,Processing,Web,Port Wandamouth,WA
ORD-0010995,CUST-001894,2026-08-25,Shipped,Web,Lake Michellestad,AZ
ORD-0003903,CUST-002174,2024-11-04,Processing,Web,West Gregory,CA
ORD-0011142,CUST-000025,2026-08-30,Delivered,Web,Edwardsfurt,NY
ORD-0010725,CUST-002631,2024-10-12,Delivered,Web,North Morgan,NY
ORD-0008241,CUST-000807,2025-10-08,Processing,In-Store,Port Joyce,OH
ORD-0002726,CUST-000855,2024-12-20,Returned,Web,Port Tammy,FL
ORD-0011373,CUST-001256,2025-03-04,Processing,Marketplace,,WA
ORD-0010313,CUST-001342,2026-08-10,Returned,Mobile App,South Ronaldchester,MI
ORD-0005184,CUST-002743,2025-01-23,Delivered,Mobile App,Timfort,NY
ORD-0001640,CUST-000984,2026-08-08,Placed,Web,Davidtown,GA
ORD-0008780,CUST-002443,2026-06-26,Cancelled,Web,East Jon,IL
ORD-0004954,CUST-001871,2025-12-14,Shipped,Web,Lake Kristenmouth,NC
ORD-0011692,CUST-000539,2026-03-19,Delivered,Web,West Kimberly,CA
ORD-0002870,CUST-000220,2026-05-04,Placed,Web,Javierton,CA
ORD-0007573,CUST-002209,2024-11-10,Processing,Mobile App,Port Garrettland,PA
ORD-0005837,CUST-002957,2025-03-04,Placed,Marketplace,New Jenniferburgh,PA
ORD-0007303,CUST-968050,2026-07-14,sHIPPED,Web,Lopezshire,TX
ORD-0004734,CUST-001963,2025-07-17,Delivered,Mobile App,South Andrew,CA
ORD-0002838,CUST-000109,2026-03-03,sHIPPED,Mobile App,Port Julie,WA
ORD-0004858,CUST-001388,2025-06-22,Shipped,Web,Thomasstad,WA
ORD-0008042,CUST-001095,"October 15, 2025",Processing,Marketplace,Murphyview,AZ
ORD-0006639,CUST-002044,2026-03-26,Shipped,Web,West Bethview,GA
ORD-0007339,CUST-002793,2026-08-21,Delivered,Marketplace,Port Kristenfurt,TX
ORD-0007903,CUST-000505,2025-07-16,Processing,Mobile App,Lake Robert,TX
ORD-0007049,CUST-000973,2026-08-28,Processing,Web,Kristinbury,TX
ORD-0007087,CUST-990040,2025-11-13,Processing,Mobile App,Davidmouth,MI
ORD-0004616,CUST-000770,2026-08-21,Shipped,Mobile App,New Ellen,NC
ORD-0001593,CUST-000539,2026-02-12,Shipped,Web,Millermouth,CA
ORD-0005510,CUST-002938,2025-11-19,Processing,Web,South Jeremychester,CA
ORD-0008276,CUST-000745,2025-09-25,pROCESSING,Mobile App,Stevenview,CA
ORD-0007232,CUST-001029,2026-08-05,Delivered,Mobile App,North Alexaburgh,NY
ORD-0001197,CUST-000209,2026-08-31,Processing,In-Store,Rogersland,CA
ORD-0008424,CUST-002175,2024-12-15,Delivered,Web,Wadefurt,PA
ORD-0004398,CUST-000166,2024-10-05,Processing,Mobile App,New Brendashire,NC
ORD-0011663,CUST-000306,2025-11-25,Delivered,Mobile App,Mayoborough,WA
ORD-0005346,CUST-000942,2026-07-24,Delivered,Mobile App,Lake Tommyshire,CA
ORD-0004274,CUST-000039,2024-11-01,Cancelled,Marketplace,Dianamouth,OH
ORD-0000242,CUST-002827,2025-01-04,Delivered,Web,Troyfurt,PA
ORD-0005854,CUST-001118,2025-07-31,Placed,In-Store,Jacobtown,GA
ORD-0001340,CUST-002868,2026-03-25,Delivered,Marketplace,New Monica,WA
ORD-0008303,CUST-000095,2026-07-03,Delivered,Mobile App,South Johnmouth,NY
ORD-0000408,CUST-000047,2026-05-24,Delivered,In-Store,East Alexisville,MI
ORD-0003689,CUST-997110,2026-07-07,Delivered,Web,Lake Caseyhaven,IL
ORD-0004241,CUST-002091,08/31/2026,Cancelled,Marketplace,West Lindaberg,CA
ORD-0003839,CUST-001598,2026-09-04,Cancelled,Mobile App,Port Ronnieshire,OH
ORD-0008549,CUST-002678,2026-09-05,Cancelled,Web,West Alex,TX
ORD-0007689,CUST-002601,2025-11-03,Placed,Web,Valenzuelabury,PA
ORD-0010049,CUST-000201,2026-06-17,Delivered,Web,,WA
ORD-0011268,CUST-000231,2025-08-08,Delivered,Web,North Brandonfurt,WA
ORD-0011339,CUST-000144,2026-08-26,Delivered,Marketplace,,OH
ORD-0001292,CUST-001249,2026-08-06,Returned,Web,New Rachelmouth,FL
ORD-0010572,CUST-001566,2025-04-19,Delivered,Mobile App,East Jessica,NC
ORD-0001033,CUST-001399,2024-03-07,Shipped,Mobile App,Port Mark,GA
ORD-0007190,CUST-911638,2026-08-31,Delivered,Mobile App,Port Amy,TX
ORD-0005127,CUST-000871,2026-09-03,Delivered,Web,Feliciaville,CA
ORD-0003924,CUST-000499,2025-08-14,Shipped,Web,Reneefurt,NY
ORD-0004540,CUST-001604,2025-02-01,Delivered,Marketplace,Scottfurt,AZ
ORD-0009454,CUST-001796,2026-02-25,Delivered,Web,Lake Noahberg,AZ
ORD-0002202,CUST-000079,2025-01-13,Delivered,Web,Port Andrea,PA
ORD-0011257,,2025-10-06,Shipped,Mobile App,Kleinhaven,AZ
ORD-0004169,CUST-002440,2026-08-12,Delivered,Mobile App,New Danielle,WA
ORD-0010654,CUST-000863,2026-05-22,Delivered,Marketplace,Myersbury,OH
ORD-0005493,CUST-001898,2024-03-11,Processing,Web,South Vincent,GA
ORD-0000756,CUST-000602,2025-07-25,Processing,Mobile App,Raymondland,NY
ORD-0002088,CUST-000428,2026-04-27,Delivered,Web,North Jamesstad,IL
ORD-0005091,CUST-002041,2024-10-18,Processing,Mobile App,Lake Evanside,TX
ORD-0000761,CUST-002837,2025-12-14,Shipped,In-Store,Port Shannon,AZ
ORD-0007132,CUST-002583,2025-09-24,Shipped,Mobile App,North Jamie,GA
ORD-0006707,CUST-001412,2024-06-26,Processing,Marketplace,Rickchester,GA
ORD-0007302,CUST-000950,2026-03-16,Cancelled,Mobile App,Solisport,PA
ORD-0006894,CUST-000809,2025-07-22,Cancelled,Web,South Christopherton,WA
ORD-0001722,CUST-002373,2026-08-08,Returned,Marketplace,Hinesfort,OH
ORD-0008877,CUST-002595,2024-09-03,Placed,In-Store,New Joseph,OH
ORD-0002142,CUST-000778,2026-08-05,Placed,Mobile App,Port Courtney,AZ
ORD-0006079,CUST-001554,2026-03-22,Returned,Web,South Amyfort,GA
ORD-0004656,CUST-000101,2024-10-12,Processing,Marketplace,Walterborough,IL
ORD-0010787,CUST-001099,2025-08-06,Placed,Mobile App,Andrewland,IL
ORD-0004733,CUST-002538,2025-07-13,Shipped,Marketplace,Natashachester,CA
ORD-0009489,CUST-002884,2025-09-23,Delivered,Mobile App,Lauratown,NY
ORD-0003670,CUST-002903,2023-12-31,Placed,Web,Sellersborough,AZ
ORD-0008008,CUST-000448,2026-08-06,Delivered,Web,South Patrick,MI
ORD-0006826,CUST-002271,2024-03-17,Delivered,In-Store,South Kathleen,WA
ORD-0010571,CUST-000612,2026-06-16,Placed,Marketplace,Whitneyshire,FL
ORD-0004897,CUST-001639,2026-03-12,Cancelled,Web,West Emilytown,IL
ORD-0009570,CUST-002781,2026-04-14,Cancelled,Mobile App,Danielville,NC
ORD-0000907,CUST-001058,2026-08-31,Cancelled,Web,New Davidville,TX
ORD-0000887,CUST-001050,2025-08-03,Delivered,Web,Hebertport,PA
ORD-0001648,CUST-001716,2025-09-12,Cancelled,Web,New Lindatown,OH
ORD-0006543,CUST-932531,2026-07-04,Cancelled,Web,Lake Donnaville,NC
ORD-0001055,CUST-002557,2026-08-21,Delivered,Web,Doughertyport,NY
ORD-0011179,CUST-002845,2025-04-20,Delivered,Mobile App,East Cody,OH
ORD-0006957,CUST-001067,2025-07-22,Returned,In-Store,West Helen,OH
ORD-0008428,CUST-000124,2026-07-08,Delivered,Web,Hudsonmouth,NC
ORD-0004003,CUST-000522,09-Aug-2026,Delivered,Web,Freemanshire,CA
ORD-0008964,CUST-001158,2025-08-07,Delivered,Mobile App,Port Vanessaberg,NY
ORD-0008767,CUST-000735,2026-07-25,Shipped,Mobile App,East Stephanieberg,GA
ORD-0004146,CUST-000960,2025-02-05,Delivered,Marketplace,New Barbara,NC
ORD-0003319,CUST-001408,2025-11-03,Delivered,Mobile App,Port Valeriefort,AZ
ORD-0009462,CUST-000369,2026-06-16,Shipped,In-Store,Raymondstad,GA
ORD-0006490,CUST-000229,"February 28, 2026",pLACED,Web,Hughesstad,NC
ORD-0003418,CUST-000320,2024-10-02,Cancelled,Web,Amandamouth,CA
ORD-0001020,CUST-000744,09/17/2024,Shipped,In-Store,Lake Randy,WA
ORD-0004519,CUST-002572,2025-10-25,Shipped,Marketplace,Cathyside,OH
ORD-0006607,CUST-919464,2025-08-26,Delivered,Mobile App,Lake Brendafort,MI
ORD-0003765,CUST-000868,2026-06-06,Cancelled,Web,East Frederick,CA
ORD-0002678,CUST-002206,2026-07-29,Processing,Mobile App,North Kimberlytown,MI
ORD-0006381,CUST-001535,2026-08-05,Cancelled,Web,Port Maria,NC
ORD-0008582,CUST-000943,2026-05-28,Delivered,Web,South Ronaldberg,IL
ORD-0010216,CUST-000340,2026-08-09,Cancelled,Mobile App,Trevinoburgh,FL
ORD-0003467,CUST-000300,06/06/2026,Shipped,Mobile App,Pattersonmouth,TX
ORD-0011714,CUST-000689,2026-07-21,Shipped,Web,Anthonyside,NC
ORD-0007982,,2026-05-10,Delivered,Web,South John,TX
ORD-0003907,,2026-04-23,Shipped,In-Store,Phillipsville,CA
ORD-0007412,CUST-000954,2026-06-09,dELIVERED,In-Store,North Dianamouth,FL
ORD-0004331,CUST-000267,2024-05-04,Delivered,Mobile App,Brownton,WA
ORD-0002349,CUST-002099,2026-03-03,Delivered,Mobile App,Jacksonstad,FL
ORD-0005855,CUST-002962,2026-07-03,DELIVERED,Web,North Melissaland,CA
ORD-0008421,CUST-001210,2025-07-12,dELIVERED,Web,Grayfort,NC
ORD-0005225,CUST-000541,2026-04-23,Delivered,Web,North Kathryn,MI
ORD-0001241,CUST-000740,2025-12-09,Delivered,Mobile App,South Jill,PA
ORD-0004713,CUST-002923,2026-03-16,Shipped,Marketplace,Sethton,PA
ORD-0011435,CUST-002206,2024-10-29,Cancelled,Mobile App,Baldwinborough,PA
ORD-0005045,CUST-001417,2025-11-18,Delivered,Mobile App,South Sharon,PA
ORD-0006759,CUST-000241,2025-02-24,Delivered,Web,Holtmouth,IL
ORD-0006272,CUST-001662,2024-09-02,Shipped,Mobile App,Roberthaven,AZ
ORD-0009659,CUST-000494,2026-02-25,Delivered,Web,North Gregory,MI
ORD-0002768,CUST-000917,2025-09-23,Shipped,In-Store,Bowmanhaven,AZ
ORD-0006174,CUST-988967,2026-07-02,Processing,Marketplace,East Stephenberg,NC
ORD-0009861,CUST-002237,2026-07-31,Delivered,Web,Jacksonborough,TX
ORD-0010778,CUST-000952,2026-02-14,Cancelled,In-Store,Wagnershire,PA
ORD-0003221,CUST-000681,2025-11-30,Cancelled,Web,Williamport,NC
ORD-0000435,CUST-002382,2025-07-04,Delivered,Mobile App,New Brian,TX
ORD-0009287,CUST-001360,2026-08-11,Placed,Mobile App,Thompsontown,IL
ORD-0005851,CUST-000448,2026-08-21,Placed,Mobile App,South Rogerland,NY
ORD-0008836,CUST-000946,2025-12-29,Shipped,Web,Hobbsport,CA
ORD-0002005,CUST-002239,2025-07-15,Shipped,Marketplace,Lake Adambury,IL
ORD-0003601,CUST-001517,2024-10-09,Delivered,In-Store,Ellisstad,TX
ORD-0005509,CUST-002017,2025-12-25,Processing,Mobile App,Port Danland,AZ
ORD-0005453,CUST-002986,2024-04-11,Shipped,Web,,GA
ORD-0003340,CUST-000137,2026-05-16,Placed,Mobile App,South Joseph,NC
ORD-0005237,CUST-001873,2025-11-08,Shipped,Mobile App,North Carrieport,FL
ORD-0006620,CUST-002172,2026-08-20,Delivered,Mobile App,Robertbury,CA
ORD-0001228,CUST-000714,2026-08-13,Delivered,Marketplace,West Michelle,MI
ORD-0011937,CUST-002906,2026-08-01,Delivered,Web,Hollyhaven,WA
ORD-0002463,CUST-000981,"September 03, 2026",Processing,Mobile App,Port William,GA
ORD-0003077,CUST-000652,2025-10-12,Placed,Marketplace,Kevinfurt,TX
ORD-0007590,CUST-000305,2025-08-19,Processing,Web,New Michael,GA
ORD-0000398,CUST-000343,2026-05-19,Shipped,Mobile App,Donaldhaven,IL
ORD-0007294,CUST-001555,2025-05-10,Delivered,Mobile App,Perezchester,NC
ORD-0004231,CUST-000689,2026-01-30,Delivered,Marketplace,Port Tammyfort,PA
ORD-0000198,CUST-000063,2026-08-08,Processing,Mobile App,Port Kellyhaven,PA
ORD-0011809,CUST-002347,2025-08-07,Shipped,Marketplace,West Melissaville,IL
ORD-0009807,CUST-002225,2026-05-20,Returned,In-Store,Port Michelle,NC
ORD-0002207,CUST-002619,06-Jul-2026,Delivered,In-Store,New Jasonburgh,FL
ORD-0000759,CUST-002747,2024-12-25,Returned,Mobile App,Charlesport,WA
ORD-0000996,CUST-002240,2026-04-16,Delivered,Web,Shaunstad,TX
ORD-0002469,CUST-002902,2025-04-07,delivered,Web,North Davidberg,MI
ORD-0011404,CUST-001337,2025-09-30,Delivered,Web,Jamesland,NC
ORD-0002382,CUST-000436,10/02/2025,Shipped,Web,Robertsberg,WA
ORD-0003437,,2025-12-28,Placed,Marketplace,East Robinfort,NC
ORD-0000999,CUST-002363,2024-11-02,Cancelled,Web,Larrychester,CA
ORD-0004641,CUST-000731,2026-01-24,Processing,Mobile App,New Rebekah,CA
ORD-0002499,CUST-002592,2025-07-22,Delivered,Web,Lake Philip,NC
ORD-0007449,CUST-001660,2024-02-25,Delivered,Mobile App,South John,AZ
ORD-0010534,CUST-000877,2026-02-08,Delivered,Mobile App,Martinhaven,NY
ORD-0001246,CUST-002697,2026-09-02,Delivered,Mobile App,,TX
ORD-0002624,CUST-002896,2024-06-18,Placed,Marketplace,Murphyville,IL
ORD-0009914,CUST-001592,2026-06-30,Shipped,Web,Johnsonhaven,IL
ORD-0003570,CUST-002226,2026-01-10,delivered,In-Store,Carterstad,OH
ORD-0003466,CUST-000570,2025-12-11,Placed,In-Store,East Allisonchester,WA
ORD-0006751,CUST-002885,2026-07-01,Delivered,Mobile App,Stevenborough,NC
ORD-0001925,CUST-000263,2026-07-30,Delivered,Web,Hansonside,NC
ORD-0005823,CUST-002674,2025-06-09,Shipped,Mobile App,Lake Cherylstad,WA
ORD-0000236,CUST-001063,2026-07-02,Delivered,Marketplace,Kathleenmouth,NY
ORD-0003935,CUST-001919,2025-11-12,Processing,Mobile App,Michaeltown,AZ
ORD-0006400,CUST-000963,2024-10-15,Delivered,Mobile App,Michaelside,NC
ORD-0010577,CUST-000376,2026-03-29,Delivered,Mobile App,East Samantha,TX
ORD-0011633,CUST-001327,2026-07-30,Delivered,Web,Port Diane,AZ
ORD-0010487,CUST-000208,2026-08-19,Delivered,Web,Camachochester,MI
ORD-0008071,CUST-002287,2024-03-28,Processing,Web,South Andrew,OH
ORD-0002479,CUST-002739,2026-03-07,Delivered,Mobile App,,TX
ORD-0011635,CUST-002803,2024-03-13,Placed,Mobile App,New Melissa,GA
ORD-0008951,CUST-000742,2025-05-31,Delivered,Web,Michaelchester,AZ
ORD-0010172,CUST-000751,2026-09-04,Processing,Web,New Coryview,PA
ORD-0003476,CUST-000249,2026-03-13,Shipped,Marketplace,New David,GA
ORD-0010990,CUST-001169,2026-01-23,Returned,Web,West Levi,GA
ORD-0006834,CUST-002416,2025-11-17,Cancelled,Web,East Jenniferland,MI
ORD-0002456,CUST-000256,2026-08-24,Delivered,Web,Amandamouth,PA
ORD-0011227,CUST-001947,2026-03-07,Placed,Marketplace,Hartland,GA
ORD-0002473,CUST-000997,2026-09-02,Delivered,Mobile App,North Angela,WA
ORD-0007693,CUST-002768,2025-12-02,Shipped,Mobile App,Christopherchester,PA
ORD-0002925,CUST-000257,2025-10-07,Shipped,Mobile App,East Lisa,GA
ORD-0006990,CUST-002291,2026-08-18,Processing,Web,Kristieport,IL
ORD-0000773,CUST-002475,2026-06-11,Shipped,Web,South Jose,MI
ORD-0006793,CUST-001260,2025-05-01,Processing,Mobile App,Crystalburgh,WA
ORD-0003195,CUST-001897,2025-09-18,Processing,Mobile App,,CA
ORD-0010884,CUST-001179,2026-08-28,Shipped,Web,Alexanderland,FL
ORD-0007168,CUST-000151,2026-08-29,Shipped,Mobile App,Madelineport,NC
ORD-0010597,CUST-001033,2025-11-07,Processing,Mobile App,Burtonburgh,WA
ORD-0009507,,2026-08-18,Processing,Web,Harrisonfort,FL
ORD-0004791,CUST-002538,2025-05-08,Shipped,Marketplace,East Michelle,PA
ORD-0010582,CUST-000346,2026-06-30,Placed,Mobile App,Stephaniemouth,OH
ORD-0008574,CUST-000374,03-May-2025,Delivered,Marketplace,East Sharontown,GA
ORD-0001311,CUST-002822,2026-04-09,Processing,Web,Carolynhaven,NY
ORD-0007596,CUST-002911,2025-08-12,Processing,Web,Lake Kevin,TX
ORD-0003655,CUST-001475,2026-05-30,delivered,Web,Jessicabury,AZ
ORD-0010149,CUST-000698,2025-09-09,Shipped,Mobile App,West Carolyn,MI
ORD-0007889,CUST-002300,2026-08-18,Processing,Web,East Philiphaven,FL
ORD-0007783,CUST-000476,2025-09-24,Delivered,Marketplace,New Beth,PA
ORD-0003153,CUST-000122,2025-12-26,Processing,Mobile App,East Johnborough,WA
ORD-0003031,CUST-001562,2024-08-08,Processing,Web,Melissahaven,WA
ORD-0011340,CUST-001895,2026-07-01,Placed,Web,Lake Ashleyview,FL
ORD-0011389,CUST-001804,2026-07-24,Shipped,Mobile App,Joshuabury,IL
ORD-0008156,CUST-001372,2026-07-13,Processing,Marketplace,East Katie,WA
ORD-0000272,CUST-000304,2026-03-07,Placed,Web,Steveberg,WA
ORD-0008221,CUST-001462,2024-02-09,Delivered,Web,Adkinsstad,TX
ORD-0007230,CUST-000278,2026-05-04,Delivered,Web,West Phillipbury,TX
ORD-0011217,CUST-001656,2025-09-19,Delivered,Mobile App,Jenniferfurt,NY
ORD-0005238,CUST-000755,2026-06-07,Placed,In-Store,North Candice,WA
ORD-0008884,CUST-001160,2025-12-07,Returned,Mobile App,New Sandrahaven,NY
ORD-0009591,CUST-001430,2024-01-18,cancelled,Mobile App,Mayerville,MI
ORD-0001430,CUST-002976,2024-06-26,Processing,Mobile App,Dawnmouth,MI
ORD-0002960,CUST-002497,2026-07-26,placed,Web,Port Jeremy,WA
ORD-0001351,CUST-001725,2026-01-20,Delivered,Web,,IL
ORD-0005134,CUST-001193,2026-08-04,Delivered,Mobile App,Benjaminberg,OH
ORD-0003615,CUST-001986,2024-11-12,Processing,Marketplace,East Samanthaberg,PA
ORD-0006032,CUST-002263,2026-08-27,Delivered,Mobile App,Lake Michael,OH
ORD-0003758,CUST-001196,2026-08-11,Delivered,Mobile App,Byrdton,NC
ORD-0009720,CUST-002477,2025-01-14,Delivered,Web,Jacquelineview,WA
ORD-0003671,CUST-000133,2025-07-06,Delivered,Web,New Jennifer,TX
ORD-0002699,CUST-000167,2026-01-09,Processing,Web,East Staceyburgh,MI
ORD-0009161,CUST-001005,2025-09-19,Shipped,Web,North Michael,TX
ORD-0009131,,2025-10-22,Cancelled,Mobile App,South Staceyside,PA
ORD-0010353,CUST-001361,2026-07-20,Delivered,Web,Armstrongton,TX
ORD-0011402,CUST-001233,2026-07-07,CANCELLED,Web,Kimhaven,FL
ORD-0005813,CUST-000526,2025-11-29,Shipped,Marketplace,East Shannonview,WA
ORD-0009402,CUST-000878,2026-04-13,Cancelled,Web,Donovanburgh,WA
ORD-0001718,CUST-002502,"July 25, 2024",Shipped,Mobile App,Hernandezborough,PA
ORD-0003401,,2026-07-22,Delivered,Mobile App,Reneehaven,MI
ORD-0010976,CUST-002465,2026-03-27,Delivered,Marketplace,Amandashire,MI
ORD-0011922,CUST-000071,2026-08-06,Cancelled,Web,Port Michael,NC
ORD-0002695,CUST-002235,2025-12-11,Delivered,Web,South Nicholas,AZ
ORD-0005157,CUST-002912,2025-08-12,Delivered,Web,East Cynthia,WA
ORD-0001186,CUST-001545,2026-06-02,Delivered,Mobile App,New Jasonshire,IL
ORD-0000637,CUST-000940,2026-04-08,Shipped,In-Store,Travisview,NC
ORD-0011297,CUST-001675,2026-02-27,Shipped,Marketplace,Chelseaport,OH
ORD-0000529,CUST-001436,2025-11-29,Processing,Mobile App,Dennisburgh,GA
ORD-0009172,CUST-001966,2024-05-21,Placed,Mobile App,Howardburgh,NC
ORD-0005889,CUST-001596,2025-07-23,Delivered,Web,Matthewsbury,WA
ORD-0007126,CUST-001179,2026-09-02,Delivered,Mobile App,Barronmouth,GA
ORD-0000279,CUST-001369,2026-07-28,Cancelled,Mobile App,Port Henry,CA
ORD-0005688,CUST-001233,2026-08-12,Delivered,Mobile App,South Jamesstad,MI
ORD-0000961,CUST-001133,2025-12-13,Processing,Web,South Kevinmouth,PA
ORD-0005010,CUST-002648,2025-06-16,Placed,In-Store,West Robin,GA
ORD-0004778,CUST-002527,2025-10-19,Delivered,Web,Adrianafort,NY
ORD-0003419,CUST-001691,2026-07-28,Cancelled,Mobile App,Jenniferville,FL
ORD-0001437,,2025-11-14,Shipped,Web,North Devinchester,MI
ORD-0003456,CUST-001364,2026-06-08,Processing,Mobile App,New Cynthiamouth,WA
ORD-0002657,CUST-001413,2026-08-14,Delivered,Mobile App,Matthewmouth,TX
ORD-0010169,,2025-08-18,Returned,Web,East Robert,AZ
ORD-0001814,CUST-000046,2025-05-05,Delivered,Mobile App,Stephenville,IL
ORD-0006470,CUST-000722,2026-05-10,Delivered,Web,New Belindaborough,GA
ORD-0004783,CUST-000297,06-May-2026,Delivered,Web,Tammieville,AZ
ORD-0005948,CUST-001931,2026-06-18,Delivered,Web,Port Daniel,FL
ORD-0002763,CUST-000929,2026-09-01,Delivered,Web,Gamblehaven,TX
ORD-0005569,CUST-002808,2025-01-16,Processing,Marketplace,Lake Andrewmouth,AZ
ORD-0008231,CUST-001358,2025-04-26,Shipped,Web,Port Cynthiaberg,WA
ORD-0011001,CUST-002218,2026-03-11,Shipped,Web,Lake Kevinport,NY
ORD-0005993,CUST-002256,2024-10-15,Placed,Web,New Elizabeth,PA
ORD-0010437,CUST-000497,2024-11-23,Returned,In-Store,Wesleyside,TX
ORD-0004999,CUST-000596,2026-05-17,Cancelled,Mobile App,Ricehaven,CA
ORD-0004219,CUST-001888,2026-03-03,Processing,Mobile App,Lake Stephenhaven,NY
ORD-0000342,CUST-000323,2025-09-27,Processing,Web,Patriciamouth,AZ
ORD-0009348,CUST-002909,2025-10-20,Shipped,Web,Nathanfurt,WA
ORD-0006239,CUST-002106,2024-04-27,Placed,Mobile App,Carlbury,FL
ORD-0008383,CUST-001351,2025-11-21,Delivered,Marketplace,Jonathanfurt,TX
ORD-0010142,CUST-000242,2026-08-16,Placed,Mobile App,Millershire,IL
ORD-0010939,CUST-002332,2024-11-25,Delivered,Mobile App,West Kristine,MI
ORD-0008610,CUST-001394,2025-12-16,Cancelled,In-Store,Taylormouth,NC
ORD-0002874,CUST-002399,2025-09-22,Delivered,Web,Elizabethfurt,GA
ORD-0008854,CUST-001434,2026-05-31,Placed,Marketplace,West Rickey,MI
ORD-0010824,CUST-000327,2026-08-15,Shipped,Marketplace,Derrickland,GA
ORD-0008035,CUST-000253,2025-03-27,Shipped,In-Store,Michellestad,FL
ORD-0008550,CUST-001503,2026-07-03,Placed,Mobile App,Williamborough,TX
ORD-0005572,CUST-001576,2025-03-19,Processing,In-Store,Milesville,WA
ORD-0009628,CUST-002501,2025-06-09,Delivered,Mobile App,Port Jennifer,NY
ORD-0009402,CUST-000878,2026-04-13,Cancelled,Web,Donovanburgh,WA
ORD-0002380,CUST-001620,"June 07, 2026",Shipped,Mobile App,Morganville,NC
ORD-0011456,CUST-002645,2025-08-06,Processing,Web,Owenport,AZ
ORD-0005833,CUST-002663,2025-06-09,Returned,Web,East Crystalstad,AZ
ORD-0008839,CUST-001236,2026-05-25,Cancelled,In-Store,North Jill,OH
ORD-0005645,CUST-000752,2026-01-01,Placed,Marketplace,Davidside,MI
ORD-0006586,CUST-000514,2025-06-30,Delivered,Mobile App,Tonyashire,OH
ORD-0008537,CUST-001740,2026-07-01,Delivered,Web,Lake Brittany,NY
ORD-0006745,CUST-002905,2026-06-29,Cancelled,Web,South Sheilabury,IL
ORD-0006777,CUST-000120,2025-07-08,Returned,Mobile App,West Grace,CA
ORD-0008260,CUST-000217,2026-09-04,Shipped,Web,Sototown,AZ
ORD-0002626,CUST-001430,2024-02-08,Delivered,Mobile App,Rosalestown,OH
ORD-0008220,CUST-000153,2026-08-06,Delivered,In-Store,West Jenniferbury,WA
ORD-0003369,CUST-000266,2024-07-30,Cancelled,Web,,MI
ORD-0000672,CUST-001295,2026-08-07,Placed,Mobile App,Brauntown,TX
ORD-0002183,CUST-000636,2026-01-13,Shipped,Web,Richardfort,MI
ORD-0000696,CUST-000570,2026-06-13,Cancelled,Mobile App,Annaton,TX
ORD-0009025,CUST-002062,2026-08-05,Cancelled,Web,Maynardview,AZ
ORD-0007874,CUST-002626,2026-03-23,Cancelled,In-Store,New Heather,MI
ORD-0010117,CUST-001965,2025-12-26,shipped,Web,Wrightshire,WA
ORD-0001171,CUST-000587,2025-10-01,Shipped,Mobile App,Powellton,NC
ORD-0009650,CUST-002648,2025-05-14,dELIVERED,Web,Greenmouth,MI
ORD-0002766,CUST-002848,2026-08-28,Delivered,Web,Mitchellport,GA
ORD-0005926,CUST-002421,2025-08-03,Delivered,Web,West Dean,MI
ORD-0009533,CUST-000339,2025-12-01,Cancelled,Web,Taylorshire,NC
ORD-0008294,CUST-001400,2026-05-06,Shipped,Marketplace,South Lindsey,MI
ORD-0011201,CUST-001488,2024-11-16,Processing,In-Store,North Danieltown,PA
ORD-0006042,CUST-001001,2026-03-16,Delivered,Mobile App,Jessicachester,CA
ORD-0008126,CUST-000901,2026-07-10,Delivered,Web,Davidchester,MI
ORD-0000238,CUST-000462,2026-08-11,Shipped,Marketplace,New Shane,TX
ORD-0007359,CUST-000910,2025-10-20,Shipped,Web,Gravesmouth,NY
ORD-0004138,CUST-001497,"August 14, 2025",Shipped,Web,East Jamesmouth,NC
ORD-0006065,CUST-002805,2026-06-29,Shipped,Mobile App,Bowmanview,TX
ORD-0004021,CUST-001573,2025-12-06,DELIVERED,Mobile App,South Danielside,PA
ORD-0001440,CUST-001779,2026-06-19,Processing,Mobile App,North Charlesshire,IL
ORD-0005992,CUST-002946,2024-11-10,Placed,Mobile App,Michaelstad,AZ
ORD-0005069,CUST-000405,2025-05-14,Delivered,Marketplace,Edwardschester,WA
ORD-0003084,CUST-001238,2026-05-07,Delivered,Mobile App,North Kevin,FL
ORD-0005932,CUST-002647,2024-04-16,Processing,Web,Andrewview,CA
ORD-0001758,CUST-001614,2025-03-06,Processing,Web,Rodriguezborough,NY
ORD-0007331,CUST-000666,2025-11-28,Placed,Mobile App,Brookeview,FL
ORD-0011654,CUST-002684,2026-05-02,Placed,In-Store,Port Erikabury,OH
ORD-0001421,CUST-000302,2025-06-12,Shipped,Mobile App,Jonmouth,IL
ORD-0002011,CUST-002270,2026-07-18,Delivered,Mobile App,Alvaradoview,IL
ORD-0009043,CUST-001008,2026-02-06,Processing,Marketplace,Veronicamouth,NC
ORD-0000541,CUST-000173,2026-07-15,Shipped,Mobile App,East Wendy,WA
ORD-0004468,CUST-001292,2026-07-31,Placed,In-Store,Brandonhaven,AZ
ORD-0000159,CUST-914207,2026-07-24,Delivered,Web,Robbinschester,IL
ORD-0006667,CUST-001410,2026-08-04,Processing,Mobile App,,AZ
ORD-0004538,CUST-002897,2026-08-13,Processing,Web,North Williammouth,MI
ORD-0007988,,2026-05-12,Returned,Web,Williamsfurt,WA
ORD-0010317,CUST-001154,2024-10-10,Delivered,Web,Kiddport,FL
ORD-0011237,CUST-000961,2026-02-25,Delivered,Web,Port Thomas,IL
ORD-0006182,CUST-002223,2025-11-19,Processing,Marketplace,North Christopherhaven,IL
ORD-0007261,CUST-002943,2025-08-09,Delivered,Mobile App,Leonfurt,IL
ORD-0009371,CUST-001893,2026-06-28,Delivered,Web,Rosestad,WA
ORD-0007947,CUST-002902,2024-12-23,Placed,Mobile App,Wagnerton,NY
ORD-0011502,CUST-002681,2025-12-21,Processing,Mobile App,East Jeremystad,FL
ORD-0009829,CUST-001395,2026-07-27,Cancelled,Web,Castilloville,MI
ORD-0003143,CUST-001995,2024-01-18,Delivered,Web,Meganhaven,FL
ORD-0009781,CUST-002677,2026-03-26,Delivered,In-Store,Lake Donaldchester,WA
ORD-0001386,CUST-002205,2025-11-19,DELIVERED,In-Store,Danielstad,TX
ORD-0011295,CUST-002855,2026-05-03,Placed,Marketplace,Hannahchester,CA
ORD-0003277,CUST-000396,2026-02-11,Delivered,Mobile App,Port Mary,PA
ORD-0002217,CUST-001055,2025-06-10,Processing,Mobile App,West Laurafort,MI
ORD-0002198,CUST-001807,2025-12-15,Processing,Mobile App,Lake Andre,MI
ORD-0006519,CUST-002618,2026-02-16,DELIVERED,Web,Port Jacqueline,TX
ORD-0003763,CUST-000030,2026-04-23,Processing,Mobile App,New Kristenport,MI
ORD-0008487,CUST-001971,2026-01-29,Delivered,Mobile App,Gregoryville,GA
ORD-0006104,CUST-001283,2025-10-15,Cancelled,Mobile App,East Douglas,WA
ORD-0005500,CUST-001052,2026-03-11,Delivered,Web,Angelamouth,GA
ORD-0010042,CUST-000531,2026-08-03,Cancelled,Web,Jameschester,OH
ORD-0008441,CUST-002790,2026-08-17,Cancelled,Marketplace,East Angel,MI
ORD-0006244,CUST-977653,13-Nov-2025,Placed,Web,East Kendra,OH
ORD-0001987,CUST-001437,2025-07-11,Placed,Web,Lake Christina,MI
ORD-0005775,CUST-000255,2025-10-23,Cancelled,Marketplace,Shortside,MI
ORD-0000101,CUST-000226,2026-08-20,Delivered,Web,Lake Natalie,PA
ORD-0001517,CUST-001796,2026-05-16,Delivered,Marketplace,Port Taylor,FL
ORD-0001476,CUST-000579,2025-04-07,Processing,In-Store,West Ryan,FL
ORD-0010623,CUST-000628,2026-01-30,Delivered,Mobile App,West Tony,NY
ORD-0004787,CUST-002883,2025-01-05,Delivered,Web,Rebeccafort,GA
ORD-0001839,CUST-001969,2026-09-05,Processing,Mobile App,Port Brookeshire,TX
ORD-0006775,CUST-002061,2025-01-27,Shipped,In-Store,Tamaratown,CA
ORD-0003725,CUST-001168,2026-08-20,Shipped,Web,Browntown,AZ
ORD-0005296,CUST-002535,2026-02-22,Cancelled,Mobile App,East Rhondastad,WA
ORD-0004676,CUST-001629,2026-08-09,Delivered,Web,East April,CA
ORD-0003216,CUST-000859,2025-04-13,Processing,Web,East Tinaton,TX
ORD-0007953,CUST-002787,2024-06-06,Cancelled,Web,New Jordanmouth,NY
ORD-0000525,,2025-03-14,Delivered,Mobile App,Rothview,GA
ORD-0007399,CUST-001126,2026-07-27,Delivered,In-Store,Wallhaven,MI
ORD-0009605,CUST-001130,2025-11-28,shipped,Web,Townsendville,IL
ORD-0004671,CUST-002505,2026-09-05,Processing,Web,Thompsonview,GA
ORD-0006320,CUST-000830,2025-09-04,Placed,Web,North Mary,AZ
ORD-0004602,CUST-001430,2025-01-11,Delivered,Web,Michelleshire,NC
ORD-0007705,CUST-000430,2024-08-04,Delivered,Web,,PA
ORD-0002180,CUST-001126,2025-11-02,Cancelled,Mobile App,North Toniland,WA
ORD-0000398,CUST-000343,2026-05-19,Shipped,Mobile App,Donaldhaven,IL
ORD-0003887,CUST-002436,2026-05-22,Delivered,Mobile App,Lake Amymouth,NY
ORD-0009427,CUST-000814,2024-11-26,Placed,In-Store,Garciaborough,OH
ORD-0002097,CUST-000309,2026-07-13,Returned,Web,New Christopherfort,PA
ORD-0007285,CUST-002200,2025-07-15,Returned,Marketplace,Lake Keith,CA
ORD-0011621,CUST-000364,2025-07-17,Shipped,Marketplace,North Rachelhaven,MI
ORD-0003360,CUST-001428,2026-07-07,Shipped,Web,Turnermouth,WA
ORD-0003694,CUST-001488,2025-03-23,pLACED,Web,Port Jesse,FL
ORD-0010711,CUST-002286,2024-09-13,Processing,Marketplace,Anitaton,PA
ORD-0009928,CUST-002468,2026-05-23,Shipped,Web,Ericview,GA
ORD-0011979,CUST-000703,2026-04-15,Cancelled,Marketplace,West James,OH
ORD-0000743,CUST-001643,2026-02-06,Shipped,Mobile App,Andersonland,TX
ORD-0010454,CUST-001685,2025-06-08,Cancelled,Marketplace,Meadowsborough,FL
ORD-0005263,CUST-939029,2025-11-20,Processing,Web,North Michael,CA
ORD-0011899,CUST-002826,2026-07-02,Shipped,Mobile App,Lake Crystal,PA
ORD-0008611,CUST-001341,2025-08-28,Shipped,Marketplace,West Jamieville,CA
ORD-0001122,CUST-002148,2025-04-23,Delivered,Mobile App,New Matthew,NY
ORD-0009883,CUST-002361,2026-09-02,Placed,In-Store,New Lindsey,WA
ORD-0011187,CUST-001592,2026-07-13,Delivered,In-Store,Lake Michael,FL
ORD-0011062,CUST-000729,2026-06-21,Processing,Web,North Joshua,MI
ORD-0004775,CUST-002298,2026-05-31,Returned,Marketplace,West Amyside,IL
ORD-0011675,CUST-000910,2026-05-12,Processing,Mobile App,West Melissahaven,OH
ORD-0007575,CUST-000861,2026-06-12,Cancelled,Marketplace,Lake Cassandrashire,PA
ORD-0001513,CUST-000021,2026-02-15,Delivered,Web,Port Stuartfurt,NC
ORD-0009209,CUST-000726,2026-03-16,Delivered,Web,New Glenshire,NY
ORD-0006222,CUST-000455,2026-07-13,Shipped,In-Store,Gloriaton,IL
ORD-0001746,CUST-000222,2024-09-16,Placed,Web,Mariahhaven,PA
ORD-0002112,CUST-002960,2026-03-03,Delivered,Mobile App,Sampsonmouth,MI
ORD-0010529,CUST-001909,2026-04-04,Placed,Web,Maldonadostad,NC
ORD-0002835,CUST-002409,2026-08-27,Delivered,Mobile App,West Lawrenceland,FL
ORD-0007503,CUST-002542,2025-03-11,Shipped,Mobile App,Hintonfort,AZ
ORD-0006350,CUST-002191,2026-09-03,Processing,Web,Savannahmouth,PA
ORD-0006252,CUST-001965,2025-03-16,Shipped,In-Store,Annborough,FL
ORD-0002487,CUST-000793,2025-10-26,Processing,Mobile App,East Matthewview,WA
ORD-0008167,CUST-001758,2024-12-11,Cancelled,Web,Keithshire,NY
ORD-0007520,CUST-002277,2024-06-28,Cancelled,In-Store,Richardland,TX
ORD-0002049,CUST-002278,2026-03-13,Delivered,Marketplace,Millerton,TX
ORD-0004866,CUST-001797,2024-09-01,Delivered,Mobile App,East Kristymouth,TX
ORD-0010338,CUST-001078,2025-11-11,Placed,Mobile App,New Amanda,OH
ORD-0006754,CUST-000253,2026-04-12,delivered,Web,North Christieton,PA
ORD-0011861,CUST-001286,2026-09-01,Cancelled,Mobile App,Millerland,MI
ORD-0005962,CUST-000718,2025-02-27,Delivered,Marketplace,Turnerburgh,NC
ORD-0006373,CUST-001585,2026-05-17,Processing,Web,West Leeview,NC
ORD-0004428,CUST-002095,2025-09-12,Placed,Web,East Jorge,FL
ORD-0004784,CUST-001730,"March 27, 2025",Placed,Mobile App,Richardborough,PA
ORD-0005921,,2026-03-23,Shipped,Mobile App,North Teresa,NY
ORD-0000309,CUST-002815,2026-08-24,Shipped,Mobile App,Taylorville,AZ
ORD-0008386,CUST-000642,2026-01-01,Processing,Mobile App,West Jasonton,MI
ORD-0007513,CUST-000058,2026-05-16,Placed,Web,South Chrisport,AZ
ORD-0010264,CUST-000711,2025-10-09,Cancelled,Web,,MI
ORD-0009162,CUST-001257,2026-08-28,Cancelled,Web,Maybury,IL
ORD-0003040,CUST-001876,2024-07-25,Shipped,Web,New Ryanmouth,OH
ORD-0009941,CUST-000578,2026-08-25,Processing,Web,North Brandon,CA
ORD-0000607,CUST-001870,2026-04-25,Delivered,Web,New Emilyland,GA
ORD-0002660,CUST-001504,2026-06-29,Delivered,Web,Port Jeffrey,CA
ORD-0007843,CUST-002206,2026-01-17,Shipped,Web,Martinezfort,FL
ORD-0010689,CUST-002735,2026-01-16,Delivered,Web,South Laurenfort,PA
ORD-0011163,CUST-002083,2025-06-29,Processing,Mobile App,Jasonfurt,TX
ORD-0000438,CUST-000848,2026-01-09,Delivered,In-Store,East Richard,PA
ORD-0008398,CUST-001050,2026-03-05,Delivered,Web,Port Aaronshire,PA
ORD-0006269,CUST-000122,2026-02-01,Processing,In-Store,Morsehaven,OH
ORD-0011752,CUST-000152,2025-02-22,Placed,Web,Ballshire,CA
ORD-0004326,CUST-002424,2026-08-21,Delivered,Marketplace,Robertstad,MI
ORD-0006383,CUST-001675,2026-07-03,Processing,Web,,IL
ORD-0002039,CUST-001472,2025-10-26,Processing,Web,Port Shelley,NY
ORD-0005908,CUST-001313,2026-02-27,Delivered,Web,Brownmouth,CA
ORD-0011784,CUST-000227,2026-03-14,Shipped,Mobile App,North Brandon,AZ
ORD-0002917,,2024-04-23,Delivered,Mobile App,Weberfort,NY
ORD-0000723,CUST-906831,2026-03-13,Delivered,Marketplace,New Emily,GA
ORD-0003802,CUST-002407,2026-06-29,Shipped,Web,New Stephanieland,OH
ORD-0007374,CUST-001119,2026-08-31,Cancelled,In-Store,North Ricardostad,NY
ORD-0008542,CUST-002247,2026-04-09,Processing,Mobile App,Youngborough,IL
ORD-0001694,,2026-05-01,Placed,In-Store,Mendozaport,OH
ORD-0009649,CUST-001410,2025-01-12,Shipped,Mobile App,,NY
ORD-0011983,CUST-000562,2026-09-01,DELIVERED,Mobile App,Julialand,CA
ORD-0006426,CUST-001375,2026-06-16,Delivered,Marketplace,North Jonathan,PA
ORD-0007773,CUST-002448,2026-08-19,Delivered,Web,East Justinshire,NC
ORD-0006787,CUST-002839,2025-08-28,Shipped,Web,West Joycetown,GA
ORD-0009568,CUST-001558,2026-06-03,Placed,Mobile App,South Thomaston,GA
ORD-0007609,CUST-000537,2026-04-17,Returned,Mobile App,East Williamville,TX
ORD-0011711,CUST-001725,2026-06-15,Delivered,Web,Tamarabury,WA
ORD-0002991,CUST-002903,2025-02-03,Placed,Mobile App,South Williamport,NC
ORD-0000184,CUST-001709,2026-05-09,Cancelled,Web,Williamstown,NC
ORD-0001405,CUST-000167,2025-11-26,Delivered,In-Store,Careytown,NC
ORD-0003234,CUST-002676,2026-09-04,Placed,Web,Johnberg,IL
ORD-0004643,CUST-001084,2026-06-13,Processing,Mobile App,Georgeport,NC
ORD-0008154,CUST-002689,2025-10-17,Placed,Marketplace,New Jonathan,TX
ORD-0010618,CUST-001806,2024-03-03,sHIPPED,Mobile App,Loriton,FL
ORD-0011936,CUST-002511,2026-08-27,Placed,Marketplace,,TX
ORD-0010853,CUST-001093,2026-09-05,Delivered,Mobile App,New Mia,CA
ORD-0009450,CUST-000437,2026-05-16,Delivered,Web,Schneiderborough,NC
ORD-0010985,CUST-002289,2026-07-25,Delivered,Web,East Brian,WA
ORD-0002685,CUST-002669,2024-12-03,Processing,Web,East Thomas,MI
ORD-0006629,CUST-001028,2026-08-23,Delivered,In-Store,Alanland,FL
ORD-0003146,CUST-000251,2026-07-01,Returned,Marketplace,Timothytown,WA
ORD-0010888,CUST-001839,2026-04-09,DELIVERED,Web,New Johnborough,NY
ORD-0003168,CUST-001354,2025-01-22,Placed,Mobile App,West Stephanie,CA
ORD-0003714,CUST-001127,2026-07-09,Shipped,Mobile App,,IL
ORD-0001813,CUST-002073,2025-03-05,Delivered,Mobile App,Pricemouth,CA
ORD-0004096,CUST-002350,2024-12-17,Delivered,Mobile App,South Tiffany,MI
ORD-0004842,CUST-001970,2024-12-02,Processing,Web,Lake Vickie,AZ
ORD-0011778,CUST-000681,2025-10-15,Cancelled,Web,Mariahview,MI
ORD-0009646,CUST-001010,2026-01-15,Delivered,Web,South Victoria,WA
ORD-0009358,CUST-001674,2025-08-20,Shipped,Web,Christopherview,MI
ORD-0000498,CUST-001711,2025-12-28,Placed,Web,Port Gailmouth,FL
ORD-0009367,CUST-000415,2026-08-14,Cancelled,Marketplace,Lake Juliefort,AZ
ORD-0007552,CUST-002715,2026-07-17,Processing,Marketplace,New Kevinville,MI
ORD-0006948,CUST-002872,2025-05-21,Delivered,Mobile App,Lauraland,MI
ORD-0000633,CUST-002460,2026-03-12,Shipped,Mobile App,Christopherchester,IL
ORD-0005682,CUST-001094,2026-02-10,Shipped,Mobile App,South Sheila,TX
ORD-0002114,CUST-002658,2025-09-20,Placed,In-Store,West Rebeccaside,MI
ORD-0011661,CUST-002355,2026-07-28,Processing,Mobile App,South Chelseaside,CA
ORD-0008762,CUST-000712,2025-12-21,Processing,Web,West Ashley,AZ
ORD-0008634,CUST-000170,2025-09-26,Processing,Marketplace,Griffithville,CA
ORD-0008693,CUST-000389,2025-03-15,Cancelled,Marketplace,East Davidton,IL
ORD-0004413,CUST-002703,2026-07-07,Delivered,Web,,MI
ORD-0002363,CUST-001209,2025-11-16,Placed,Web,Port Kimberlychester,PA
ORD-0010270,CUST-000305,2026-03-18,Placed,Mobile App,South Jeffery,AZ
ORD-0010090,CUST-002697,2026-07-21,Placed,Web,Brownmouth,IL
ORD-0003225,CUST-000635,2025-11-26,Returned,Mobile App,South Christophermouth,IL
ORD-0010485,CUST-002851,2026-08-31,Returned,Marketplace,Stephensstad,NY
ORD-0007774,CUST-002630,2024-06-29,Processing,Marketplace,Blakeborough,PA
ORD-0011600,CUST-001566,2025-04-06,Delivered,Web,Justinside,GA
ORD-0003488,CUST-001529,2026-06-19,Placed,Mobile App,West Randyberg,NY
ORD-0002343,CUST-002294,2026-03-09,Shipped,Marketplace,Keithmouth,CA
ORD-0007348,CUST-001288,2026-03-13,Placed,Web,Joshualand,MI
ORD-0004557,CUST-000340,2026-04-09,Returned,Web,Acevedoside,FL
ORD-0002877,CUST-001139,2026-06-03,Placed,Marketplace,Pricestad,GA
ORD-0008140,CUST-000920,2025-07-01,Processing,Mobile App,Berryview,PA
ORD-0005211,CUST-000559,2025-12-07,Delivered,Web,East Caroline,NC
ORD-0009310,CUST-000262,2024-03-15,Processing,Marketplace,Port Julie,TX
ORD-0009741,,2025-01-03,Cancelled,Web,Julieland,NY
ORD-0009240,CUST-000472,2024-07-30,Delivered,Web,Lake Rodneyland,WA
ORD-0004515,CUST-914272,2026-08-12,Placed,Web,,NY
ORD-0010827,CUST-950684,2026-07-28,Cancelled,In-Store,West Destinychester,IL
ORD-0007791,CUST-000101,2024-05-08,Delivered,Web,Lake Nathan,MI
ORD-0001625,CUST-001536,2026-09-02,Placed,Mobile App,West Mikayla,WA
ORD-0005265,CUST-001563,2025-10-18,Placed,Marketplace,Lake Kathyville,NC
ORD-0003724,CUST-001196,2026-08-05,Delivered,Web,Lake Angel,WA
ORD-0006102,CUST-002212,2026-02-24,Shipped,Web,Lake Pennyville,MI
ORD-0003949,CUST-001322,2026-05-18,Delivered,Mobile App,North Timothyland,FL
ORD-0000002,CUST-001618,2025-04-21,Delivered,Mobile App,New Sheila,AZ
ORD-0004526,CUST-000237,2025-06-22,Delivered,Marketplace,West Tyler,MI
ORD-0007608,CUST-001981,2026-08-09,Processing,In-Store,Davismouth,NY
ORD-0008806,CUST-002482,2026-02-18,Processing,Web,Lake Daniel,GA
ORD-0005330,CUST-001994,2026-07-24,Delivered,In-Store,South Diana,NC
ORD-0009394,CUST-001175,2026-04-03,Shipped,Web,Lake Kenneth,CA
ORD-0010922,CUST-001623,2026-05-14,Processing,Web,Shaunfurt,PA
ORD-0006953,CUST-000029,2026-01-01,Delivered,Mobile App,Johnsonton,NY
ORD-0001548,CUST-000805,08/01/2026,Delivered,Mobile App,Sandraport,MI
ORD-0007219,CUST-000732,2024-12-09,Shipped,Mobile App,East Jacqueline,WA
ORD-0003918,CUST-000512,2025-04-28,Cancelled,Web,Allenborough,WA
ORD-0000708,CUST-000430,2024-11-08,placed,Mobile App,North Allison,FL
ORD-0006311,CUST-002611,2025-04-11,rETURNED,Marketplace,,NY
ORD-0009308,CUST-002081,2025-12-12,Delivered,Web,Zacharyhaven,AZ
ORD-0004882,CUST-001341,2025-10-11,Delivered,Marketplace,Saraburgh,GA
ORD-0005798,CUST-000994,2024-12-01,Delivered,In-Store,Port Dawnhaven,CA
ORD-0002018,CUST-001685,2024-01-15,Shipped,Web,New Jennifer,CA
ORD-0006978,CUST-001620,2025-04-17,Delivered,Web,Jenniferfort,TX
ORD-0001649,CUST-002840,2024-12-21,Placed,Mobile App,New Kathleenmouth,WA
ORD-0010583,CUST-000934,2026-08-23,Processing,Mobile App,South Heather,NY
ORD-0006666,CUST-001945,2026-02-06,Shipped,Mobile App,West Jennifer,MI
ORD-0011946,CUST-002268,11/01/2025,Placed,Mobile App,North Rachael,GA
ORD-0007626,CUST-001853,2025-11-06,Placed,Marketplace,Julietown,MI
ORD-0010256,CUST-001744,2026-07-02,Cancelled,Web,West Josephland,TX
ORD-0010793,CUST-002492,2026-02-26,Processing,Mobile App,Ortizchester,TX
ORD-0009293,CUST-001887,2026-04-23,Shipped,Web,New Anthonymouth,NY
ORD-0005066,,2025-10-20,delivered,Marketplace,West Bryan,TX
ORD-0011620,CUST-000323,2026-08-25,Processing,Web,Kennethton,IL
ORD-0000906,CUST-001376,08/17/2025,dELIVERED,Mobile App,New Alexandrahaven,FL
ORD-0009827,CUST-000288,2026-03-09,Shipped,Marketplace,Kaneborough,GA
ORD-0005646,CUST-002637,2024-07-18,Placed,Marketplace,Candaceton,IL
ORD-0002794,CUST-000810,2026-05-03,Placed,Web,Bishopland,IL
ORD-0009498,CUST-001020,2026-08-09,Processing,Mobile App,North Isabelmouth,OH
ORD-0001810,CUST-002340,2024-01-23,Processing,Mobile App,Heatherland,FL
ORD-0008475,CUST-002953,2026-04-25,Processing,In-Store,New Kennethhaven,IL
ORD-0003590,CUST-000998,2025-03-17,Shipped,Web,Loriton,PA
ORD-0009445,CUST-000684,2026-04-15,Delivered,Mobile App,Rodriguezland,MI
ORD-0005351,CUST-001244,2026-07-25,Returned,Web,East Joseph,FL
ORD-0010089,CUST-001440,2026-05-28,Placed,Mobile App,East Carlfort,NY
ORD-0003678,CUST-000481,2024-11-21,Delivered,Mobile App,Reeseside,WA
ORD-0004611,CUST-002004,2026-07-25,Delivered,Web,Ericchester,AZ
ORD-0011644,CUST-917833,2025-12-10,Placed,In-Store,Higginsshire,IL
ORD-0005248,CUST-001446,2026-07-10,Processing,Mobile App,Julieborough,CA
ORD-0007638,CUST-001080,2026-03-11,Placed,Mobile App,,AZ
ORD-0001719,CUST-001165,2025-05-25,Shipped,In-Store,East Nathan,NY
ORD-0005662,CUST-002611,2024-07-12,Placed,Web,,MI
ORD-0010949,CUST-002140,2025-12-22,Placed,Marketplace,Woodhaven,IL
ORD-0000055,CUST-002141,2024-07-06,Delivered,Web,North Joannefort,MI
ORD-0011503,CUST-002484,2025-10-12,Returned,Web,Port Chloe,FL
ORD-0000029,CUST-000441,2024-08-28,Cancelled,Marketplace,Lake Elizabethstad,AZ
ORD-0003388,CUST-000593,2026-06-09,Processing,Web,Amyburgh,CA
ORD-0010234,CUST-002104,2026-02-04,Placed,Marketplace,South Todd,TX
ORD-0007186,CUST-001956,2024-09-02,Delivered,Web,North Alexander,OH
ORD-0006631,CUST-000958,2025-04-16,DELIVERED,In-Store,Harrisfurt,GA
ORD-0010668,CUST-001737,2024-11-17,Shipped,Web,New Lisa,OH
ORD-0008363,CUST-001361,2026-05-26,Delivered,Web,Donnaton,NY
ORD-0010540,CUST-001962,2026-08-31,Returned,Web,Bellmouth,TX
ORD-0002184,CUST-002096,2026-02-04,Delivered,Mobile App,Port Meghanview,PA
ORD-0011355,CUST-000412,2025-12-01,Placed,In-Store,Williammouth,WA
ORD-0000574,CUST-002704,2026-06-09,Shipped,Mobile App,Kingville,GA
ORD-0000944,CUST-000627,2026-07-27,DELIVERED,Marketplace,East Richard,OH
ORD-0011312,CUST-002509,2026-09-03,Returned,In-Store,Diaztown,IL
ORD-0005812,CUST-002426,2026-05-31,Shipped,Web,Monroeton,MI
ORD-0003708,,2026-04-23,Delivered,Mobile App,North Patriciamouth,OH
ORD-0006591,CUST-002111,2025-11-18,Delivered,In-Store,Kennethburgh,NC
ORD-0005979,CUST-958406,2025-01-15,Delivered,Marketplace,East Edgarberg,MI
ORD-0006553,CUST-001425,2026-08-27,Processing,In-Store,Drewberg,NY
ORD-0004140,CUST-000533,2024-12-18,Processing,Mobile App,Burnettton,WA
ORD-0011984,CUST-000937,2024-12-01,Delivered,Web,South Haileyview,NC
ORD-0002997,CUST-002253,2026-06-06,Processing,Web,Theresatown,AZ
ORD-0011476,CUST-000134,2026-04-09,Delivered,Mobile App,Lake Richardbury,WA
ORD-0003519,CUST-001480,2026-05-15,Delivered,Web,Kyliefurt,WA
ORD-0005511,CUST-002676,"August 24, 2026",Processing,Marketplace,Port Karenfurt,FL
ORD-0001022,CUST-000067,2026-03-19,Shipped,Mobile App,West Codyton,NY
ORD-0007880,CUST-001872,2025-08-02,Cancelled,In-Store,Lake Sara,CA
ORD-0001982,CUST-002056,2025-11-29,Shipped,Web,North Christine,NC
ORD-0006345,CUST-002448,2026-08-29,Returned,Web,Meganland,PA
ORD-0004570,CUST-001853,2026-04-08,Processing,Mobile App,Port Ronaldland,MI
ORD-0005825,CUST-002387,2025-04-15,Returned,Web,Dylanton,GA
ORD-0003612,CUST-002886,2026-08-09,Shipped,Web,North Kaylastad,MI
ORD-0004836,CUST-001497,2025-05-09,Delivered,Marketplace,Lake Nicole,NY
ORD-0003592,CUST-001375,2026-06-19,Cancelled,Marketplace,Liburgh,MI
ORD-0002856,CUST-002924,2026-03-06,Placed,Marketplace,Lake Stacyfurt,FL
ORD-0000642,CUST-002952,2026-08-10,Cancelled,In-Store,,WA
ORD-0004544,CUST-002344,2025-10-22,Shipped,Web,Bryantown,AZ
ORD-0002972,CUST-001210,2026-04-28,Placed,Mobile App,Port Feliciaburgh,AZ
ORD-0007347,CUST-000005,2025-06-08,Shipped,Web,Michaelmouth,WA
ORD-0008014,CUST-001583,2026-01-14,Returned,Web,Kimberlyview,IL
ORD-0001685,CUST-002619,2025-02-12,Placed,Web,South Pamelatown,NC
ORD-0002758,CUST-001645,2025-11-03,DELIVERED,Marketplace,,WA
ORD-0010202,CUST-000880,2026-07-20,Shipped,Mobile App,East Tonyashire,WA
ORD-0008669,CUST-002882,2026-04-05,Processing,Web,Thompsonbury,TX
ORD-0011513,CUST-000386,2026-08-10,Returned,In-Store,Sarahbury,AZ
ORD-0002467,CUST-001830,2026-07-28,Delivered,Mobile App,Jordanborough,PA
ORD-0002347,CUST-001099,2025-11-30,Placed,Web,Port Carlview,OH
ORD-0007883,CUST-002956,2025-08-10,Processing,Marketplace,Johnsonberg,TX
ORD-0004321,CUST-001092,2026-02-27,Placed,Mobile App,Colonfurt,WA
ORD-0010297,CUST-001080,2026-02-05,Delivered,Web,North Jenniferville,AZ
ORD-0002987,CUST-920285,2025-08-10,Returned,Web,New Jason,MI
ORD-0003130,CUST-000190,2025-08-09,Delivered,Mobile App,Juanland,AZ
ORD-0001487,CUST-001991,2026-06-01,Returned,Marketplace,Sergiotown,TX
ORD-0009312,CUST-000854,2026-08-24,Delivered,Web,Lake Charlesville,OH
ORD-0010269,CUST-000643,2025-09-15,Processing,Mobile App,Salinasstad,OH
ORD-0006892,CUST-002361,2025-11-27,Shipped,Mobile App,Port Allisonmouth,IL
ORD-0010069,CUST-002339,2024-11-06,Shipped,Web,Jordanbury,PA
ORD-0003814,CUST-002266,2025-06-17,Processing,Web,Lake Christophertown,AZ
ORD-0006915,CUST-001356,2026-07-26,Processing,Web,,NY
ORD-0009488,CUST-001355,2026-05-30,Delivered,Mobile App,Melindastad,MI
ORD-0009681,CUST-000507,2025-04-21,Delivered,Web,Shawnberg,PA
ORD-0003109,CUST-002030,2026-08-23,Delivered,Web,Jenniferhaven,IL
ORD-0005352,CUST-002908,2025-10-09,Placed,Mobile App,Jonesfort,OH
ORD-0009571,,2025-09-12,Returned,Mobile App,,IL
ORD-0010768,CUST-002688,2025-03-03,Delivered,Web,Sarahhaven,WA
ORD-0011354,CUST-002180,2025-09-20,Placed,Mobile App,Port Mckenzie,IL
ORD-0010718,CUST-002584,01/09/2026,Placed,Mobile App,Bradyton,TX
ORD-0001056,CUST-002298,2026-06-11,Delivered,Mobile App,Lake Bobfort,NY
ORD-0010690,CUST-002596,2026-07-10,Shipped,Mobile App,Victoriamouth,OH
ORD-0009283,CUST-001341,2025-07-22,Delivered,In-Store,Thomasfurt,WA
ORD-0009016,CUST-002634,2026-05-22,Shipped,Mobile App,East Dustinburgh,TX
ORD-0003502,CUST-001962,2026-07-19,dELIVERED,Mobile App,Bonillatown,CA
ORD-0001791,CUST-000133,2025-09-18,Cancelled,Mobile App,Hawkinsview,GA
ORD-0008738,CUST-001597,2025-09-06,Delivered,Web,East Jeremyview,FL
ORD-0002868,CUST-001957,2025-05-27,SHIPPED,In-Store,New Troy,PA
ORD-0005686,CUST-001770,2026-06-18,Shipped,Marketplace,Port Ryan,PA
ORD-0001017,CUST-002425,2025-10-02,Cancelled,Marketplace,Port Shawn,CA
ORD-0008577,CUST-002701,2026-02-09,Processing,Mobile App,South Anneville,PA
ORD-0006052,CUST-001712,2026-04-02,Shipped,In-Store,Smithport,WA
ORD-0004527,CUST-001778,02/27/2024,Delivered,Mobile App,East Danielle,WA
ORD-0003833,CUST-002133,2026-01-29,Delivered,Web,South Melissaville,FL
ORD-0003860,CUST-002854,2026-03-31,Placed,Web,Keybury,FL
ORD-0009892,CUST-002740,2026-03-08,Shipped,Mobile App,Port Gabriel,IL
ORD-0006876,CUST-000204,2026-02-22,Processing,Web,North David,CA
ORD-0005145,CUST-000788,2025-12-21,Shipped,Mobile App,Port Brenda,FL
ORD-0009432,CUST-002417,2024-09-19,Placed,Web,West Paula,AZ
ORD-0005111,CUST-001222,04-Apr-2024,Delivered,Marketplace,Holdenshire,NC
ORD-0007725,CUST-000596,2026-07-28,Cancelled,Web,Brittanystad,IL
ORD-0006284,CUST-001372,2026-01-14,Shipped,Mobile App,Port Yesenia,IL
ORD-0005193,CUST-000180,2024-03-29,DELIVERED,Web,North Theresamouth,GA
ORD-0000378,CUST-000268,2025-05-24,Placed,Mobile App,North Fredborough,OH
ORD-0002717,CUST-000802,"August 27, 2026",Processing,Web,Simpsonville,IL
ORD-0000397,CUST-001697,2025-03-17,Delivered,Mobile App,North Timothy,IL
ORD-0002368,CUST-002257,2025-04-17,Cancelled,Web,East Laura,OH
ORD-0009377,CUST-002137,2026-08-13,DELIVERED,Web,Isabelmouth,NY
ORD-0011848,CUST-001795,2025-11-07,Delivered,In-Store,Samuelview,CA
ORD-0001174,CUST-001160,2026-05-03,Processing,Web,Williamsfurt,PA
ORD-0011567,CUST-002494,2026-03-18,Delivered,In-Store,Patrickchester,CA
ORD-0004865,CUST-002313,2025-08-21,Returned,Mobile App,Bradfordshire,NC
ORD-0006782,CUST-001798,2024-09-26,Placed,In-Store,Timshire,OH
ORD-0008727,CUST-000393,2026-07-08,Shipped,Web,Matthewstad,TX
ORD-0009082,CUST-000335,2026-03-29,Delivered,Mobile App,Lake Teresa,GA
ORD-0000964,CUST-000509,2026-05-07,Delivered,Web,West Carlachester,IL
ORD-0003981,CUST-000668,2025-10-01,Cancelled,Web,New Destiny,GA
ORD-0003586,CUST-000298,2024-05-23,Delivered,In-Store,Lake Sarahstad,NY
ORD-0000548,CUST-001187,2025-09-13,Placed,Mobile App,East Lisafort,TX
ORD-0005038,CUST-001454,2026-08-10,Delivered,Marketplace,Jennafort,AZ
ORD-0007066,CUST-002450,2026-06-06,placed,In-Store,Brianfort,OH
ORD-0003991,CUST-000953,2026-04-08,Delivered,Web,West Kimberly,NC
ORD-0002773,CUST-000751,2026-09-04,Delivered,Web,West Amber,PA
ORD-0009170,CUST-002279,2026-07-04,Delivered,Marketplace,West Johnberg,WA
ORD-0006147,CUST-001147,2025-04-05,Delivered,Mobile App,,CA
ORD-0010209,CUST-000163,2025-08-10,Delivered,Mobile App,West Sherichester,NC
ORD-0009154,CUST-002266,2024-06-10,Shipped,Mobile App,South Adrienneberg,OH
ORD-0004020,CUST-001353,2026-09-03,Cancelled,Web,New Bruceview,PA
ORD-0001270,CUST-001760,2024-06-14,Shipped,Marketplace,West Kevin,OH
ORD-0011828,CUST-001964,2025-10-25,Processing,Mobile App,West Stephanie,TX
ORD-0005754,CUST-002552,2026-01-08,Delivered,Web,Ashleyport,GA
ORD-0011336,CUST-000400,2025-11-06,Delivered,Marketplace,Gomezview,CA
ORD-0011366,CUST-002417,2023-12-04,Cancelled,In-Store,Port William,CA
ORD-0003807,CUST-002915,2026-03-12,Delivered,Web,Ryanside,PA
ORD-0002032,CUST-000802,2026-08-19,Placed,Web,Ericview,NY
ORD-0010897,CUST-002274,2024-06-20,pLACED,Mobile App,Lauratown,MI
ORD-0010087,CUST-002168,2025-05-10,Placed,Mobile App,,IL
ORD-0011964,CUST-001903,2025-09-10,Processing,Marketplace,Micheleland,AZ
ORD-0002276,CUST-002963,2026-03-16,Delivered,Mobile App,Christinatown,WA
ORD-0006068,CUST-000368,"April 09, 2026",Shipped,Mobile App,East David,MI
ORD-0003932,CUST-002311,2026-09-05,Shipped,Marketplace,East Eddie,NC
ORD-0008064,CUST-001181,2024-07-15,Delivered,Mobile App,Wilsonborough,OH
ORD-0009463,CUST-000666,2026-02-13,Delivered,In-Store,Ariasland,CA
ORD-0009486,CUST-002883,2026-08-17,Processing,Web,Jamesburgh,MI
ORD-0005293,CUST-000732,2024-09-24,Returned,Mobile App,Lake Julie,MI
ORD-0010989,CUST-002976,2025-12-01,Delivered,Web,Rogersburgh,PA
ORD-0003336,CUST-001960,2026-03-22,Cancelled,Web,Sethport,MI
ORD-0011314,CUST-964098,2026-06-05,Delivered,Mobile App,New Danielle,MI
ORD-0011954,CUST-000240,2025-03-13,shipped,Marketplace,New Jason,PA
ORD-0001473,CUST-002721,2026-03-04,Placed,Web,South Jeffery,WA
ORD-0011590,CUST-001698,2026-05-06,Cancelled,Web,Leeland,IL
ORD-0011061,CUST-002382,2025-07-16,Delivered,Web,West Summerhaven,OH
ORD-0003052,CUST-000155,2025-02-12,Delivered,Mobile App,West Donald,MI
ORD-0006748,CUST-000973,2026-08-16,Processing,In-Store,West Carriehaven,PA
ORD-0003790,CUST-002648,2024-12-04,Delivered,Mobile App,East Brianaberg,FL
ORD-0007832,CUST-002612,2026-01-27,Processing,Web,Port Carrie,TX
ORD-0001413,CUST-001434,2026-08-05,Processing,Marketplace,Lake Daniel,WA
ORD-0000650,CUST-000814,2025-11-12,Shipped,Web,Huntport,IL
ORD-0010048,CUST-000140,2025-07-23,Returned,Mobile App,Dawntown,AZ
ORD-0008077,CUST-002956,2026-01-15,Delivered,Web,,MI
ORD-0006363,CUST-002527,2026-02-28,Processing,Marketplace,Lynnmouth,IL
ORD-0004426,CUST-002952,2026-05-24,Returned,Mobile App,Markchester,GA
ORD-0008201,CUST-000853,2026-02-26,Delivered,Marketplace,West Rachel,FL
ORD-0010007,CUST-001285,2025-12-27,Shipped,Web,Alejandrabury,CA
ORD-0006550,CUST-000423,2026-05-03,Shipped,Web,Sheenastad,AZ
ORD-0003961,CUST-002257,2025-08-18,Processing,Mobile App,North Angelafort,PA
ORD-0000779,,2026-04-28,Shipped,Marketplace,Port Laurenburgh,AZ
ORD-0001529,CUST-001284,2026-06-29,Placed,Mobile App,Mariahberg,OH
ORD-0010345,CUST-001375,2026-09-02,Delivered,Web,Donaldland,NC
ORD-0001327,CUST-000628,2026-08-24,Delivered,Web,Lake Susan,AZ
ORD-0002431,CUST-002953,2026-09-01,Delivered,Marketplace,South Austinhaven,NC
ORD-0004154,CUST-001114,2025-04-17,Shipped,Marketplace,Campbellmouth,TX
ORD-0006730,CUST-000109,2026-06-16,Returned,Web,,IL
ORD-0011587,CUST-000800,2026-02-19,Placed,Mobile App,East Christopherfort,MI
ORD-0008292,CUST-000503,2026-03-07,Shipped,Web,Nathanfort,TX
ORD-0008590,CUST-002996,2025-04-13,Processing,Marketplace,Richstad,OH
ORD-0003811,CUST-002650,2026-02-06,Delivered,Mobile App,Sloanland,NY
ORD-0007427,CUST-001570,2025-04-28,Delivered,Web,Edwardtown,NY
ORD-0008479,CUST-002225,2026-02-27,Shipped,Marketplace,West Jonathanhaven,CA
ORD-0004286,CUST-001053,2026-09-02,Cancelled,In-Store,North Richard,CA
ORD-0010753,CUST-001029,2026-08-28,Placed,Web,Smithfurt,IL
ORD-0005700,CUST-001433,2025-11-12,Processing,Mobile App,West Martinview,NC
ORD-0011662,CUST-002190,2026-05-10,Delivered,Web,Nicoletown,NY
ORD-0009719,CUST-002598,2026-04-05,Shipped,Web,Karenbury,CA
ORD-0002527,CUST-000845,2026-01-19,Placed,Mobile App,Thomasville,AZ
ORD-0010714,CUST-000446,2025-07-27,Processing,Marketplace,Johnsontown,AZ
ORD-0001955,CUST-000777,2026-09-01,Returned,Web,Michaelside,OH
ORD-0004559,CUST-000108,2025-12-27,Shipped,Marketplace,New Lisaville,PA
ORD-0000065,CUST-000400,2025-04-06,Delivered,Marketplace,West Jessicahaven,NY
ORD-0008826,CUST-000574,02/24/2026,Cancelled,Web,Emilyport,IL
ORD-0009794,CUST-000701,2026-09-05,Processing,Web,Travisfurt,FL
ORD-0006946,CUST-001198,2026-03-19,Delivered,Web,Douglasport,TX
ORD-0009761,CUST-002824,2024-12-23,Shipped,Mobile App,Paulafort,NC
ORD-0006487,CUST-002680,2026-08-27,Cancelled,Mobile App,Port Sheriland,AZ
ORD-0011627,CUST-001417,2026-04-15,Delivered,Marketplace,East Michael,FL
ORD-0002077,CUST-000649,2025-04-16,Returned,In-Store,South Lawrencechester,NY
ORD-0000387,CUST-001245,2026-08-12,Processing,Web,West Jessicastad,MI
ORD-0011284,CUST-002208,2026-01-23,Delivered,Mobile App,Port Eric,TX
ORD-0008117,CUST-002623,28-Dec-2025,Shipped,Marketplace,Port Terri,TX
ORD-0000810,CUST-000044,2025-05-30,Cancelled,Mobile App,West Victoriaville,WA
ORD-0007164,CUST-000421,2026-02-14,Delivered,Web,Vincentborough,GA
ORD-0000587,CUST-001700,2026-07-11,Delivered,Web,Michaelshire,CA
ORD-0000388,CUST-002106,2024-01-19,Shipped,Web,Evanland,MI
ORD-0002240,CUST-000891,2025-12-06,Shipped,In-Store,Lake Amy,PA
ORD-0004050,CUST-000557,2026-01-29,Delivered,Marketplace,Johnsonton,CA
ORD-0011708,CUST-001073,2025-09-04,Cancelled,Mobile App,Carrillotown,FL
ORD-0001903,CUST-000808,2026-01-17,DELIVERED,Web,Port Heatherburgh,NC
ORD-0002810,CUST-002331,2026-08-20,Delivered,Web,East Alyssa,OH
ORD-0007180,CUST-002337,2025-07-20,Cancelled,Web,Gonzalezshire,PA
ORD-0005519,CUST-002778,2026-08-26,Cancelled,Mobile App,North Lisa,OH
ORD-0008311,CUST-000002,2024-11-10,Shipped,Web,Deborahmouth,TX
ORD-0003968,CUST-000039,2025-10-06,Delivered,Mobile App,North James,WA
ORD-0003379,CUST-001687,2026-05-30,Delivered,In-Store,Jasonview,CA
ORD-0004891,CUST-000084,08/22/2026,Cancelled,Web,New Thomas,NC
ORD-0003265,CUST-002099,2025-12-31,Delivered,Web,,OH
ORD-0004944,CUST-001903,2026-02-07,Delivered,Web,Lake Laurentown,PA
ORD-0008506,CUST-000812,2026-03-12,Cancelled,Marketplace,Port John,IL
ORD-0007351,CUST-000320,2025-04-05,Shipped,Mobile App,New Kevinbury,WA
ORD-0004675,CUST-001367,2026-08-13,Returned,Marketplace,Huntland,TX
ORD-0002044,CUST-002400,2026-08-14,processing,Mobile App,East Timothy,PA
ORD-0011989,CUST-000218,2026-03-07,SHIPPED,Web,Castilloborough,TX
ORD-0006931,CUST-000458,16-Sep-2024,Delivered,Web,Port Tony,PA
ORD-0010730,CUST-001178,2025-02-10,Processing,Mobile App,South Michellestad,OH
ORD-0009838,CUST-001738,2025-07-09,Processing,Marketplace,Taylorville,TX
ORD-0000466,CUST-000955,2025-06-05,Delivered,Mobile App,North Danielle,NC
ORD-0000373,CUST-001080,2025-12-31,Cancelled,Web,North Nicoleport,AZ
ORD-0002799,CUST-002047,2026-04-10,Placed,Web,Heathershire,OH
ORD-0011562,CUST-001801,08/21/2026,Processing,In-Store,New Joanmouth,NC
ORD-0009992,CUST-001759,2026-02-12,Cancelled,Web,Jameshaven,NC
ORD-0009090,CUST-002129,2026-02-23,Returned,Mobile App,Nixonview,AZ
ORD-0006414,CUST-001632,2025-09-18,Processing,Mobile App,Shannonhaven,CA
ORD-0002845,CUST-000003,2025-08-17,Delivered,Marketplace,Hessburgh,NY
ORD-0003282,CUST-001770,2025-05-17,Delivered,In-Store,Edwardchester,CA
ORD-0011906,CUST-000716,2026-06-29,SHIPPED,Web,Huffmanhaven,GA
ORD-0008795,CUST-000244,2026-05-30,Placed,Web,Jessicaberg,IL
ORD-0003267,CUST-001812,2026-04-29,Delivered,Mobile App,Phillipton,NY
ORD-0003528,CUST-000860,2026-07-16,Processing,In-Store,Lake Edwardbury,MI
ORD-0003772,CUST-001623,2026-03-01,Placed,Marketplace,North Lisa,NY
ORD-0011749,CUST-002827,2025-03-07,Returned,Web,Port Joel,AZ
ORD-0001329,CUST-001567,2025-03-12,Shipped,In-Store,Gonzalestown,CA
ORD-0009988,CUST-000327,2024-09-09,Delivered,Mobile App,South Megan,TX
ORD-0003941,CUST-000749,2025-07-15,Shipped,Mobile App,Jeanetteview,MI
ORD-0007397,CUST-002094,2026-02-18,processing,Mobile App,Blairburgh,PA
ORD-0007002,CUST-000761,2026-08-29,sHIPPED,Mobile App,Brownport,CA
ORD-0011383,CUST-001175,2026-08-30,Delivered,Web,West Kathrynstad,WA
ORD-0008040,CUST-002122,2025-08-20,Shipped,Web,Anaborough,WA
ORD-0000480,CUST-002234,2024-02-20,Delivered,Web,New Johnburgh,WA
ORD-0001240,CUST-001801,2025-09-21,Delivered,Web,New Jillmouth,OH
ORD-0002681,CUST-001934,2026-06-04,Delivered,Web,Lake Ricky,OH
ORD-0009689,CUST-000427,2025-09-08,Placed,Marketplace,Haleyhaven,IL
ORD-0003313,CUST-000803,2026-08-11,Processing,Mobile App,Cruzstad,OH
ORD-0008214,CUST-001468,2026-08-17,DELIVERED,Web,New Beverly,NY
ORD-0004911,CUST-001774,2025-04-23,Delivered,Marketplace,Joeport,WA
ORD-0003909,CUST-002102,2026-07-13,Placed,In-Store,Gregfort,NY
ORD-0002927,CUST-001001,2024-08-23,Returned,Web,Robertview,CA
ORD-0010213,CUST-002275,2026-07-19,Delivered,Marketplace,Pamelafort,NY
ORD-0011405,CUST-000726,2026-01-09,Shipped,Web,Juarezton,IL
ORD-0006846,CUST-002884,2026-07-12,Delivered,Mobile App,South Nicole,NC
ORD-0006668,CUST-001530,2026-04-18,Shipped,Web,East Timothy,NC
ORD-0001990,CUST-001573,2026-03-24,sHIPPED,Web,Lake Robertton,FL
ORD-0002414,CUST-002783,2025-05-31,Processing,Mobile App,Philipton,GA
ORD-0005369,CUST-001560,2026-07-07,Delivered,Mobile App,Josephfurt,TX
ORD-0005219,CUST-002033,2024-11-13,Shipped,Web,North Juantown,WA
ORD-0004325,CUST-000250,2025-09-23,Shipped,Mobile App,Wendyport,OH
ORD-0008432,CUST-000166,2025-07-20,Shipped,Mobile App,Port Johnshire,TX
ORD-0003499,CUST-002324,2026-01-17,Cancelled,Web,Port Randallview,IL
ORD-0008967,CUST-001818,2026-08-15,Shipped,Web,East Nicole,CA
ORD-0003269,,2026-04-01,Processing,Marketplace,Port Andrew,PA
ORD-0010114,CUST-001535,2026-07-27,Delivered,In-Store,Nguyenstad,FL
ORD-0007862,CUST-000267,2026-05-06,Shipped,In-Store,West Willie,NC
ORD-0001210,CUST-000937,2026-05-27,Delivered,Mobile App,Andrewborough,PA
ORD-0003460,CUST-002504,"August 31, 2026",Delivered,Mobile App,Albertport,CA
ORD-0009060,CUST-002826,2025-11-01,Placed,Web,West Daniel,TX
ORD-0010635,CUST-001378,2025-07-28,Delivered,In-Store,East Amanda,PA
ORD-0003910,CUST-000134,2024-08-16,Delivered,Web,Kingberg,OH
ORD-0004649,CUST-002339,2025-07-07,Placed,Web,East Markside,NC
ORD-0002154,CUST-001198,2026-05-02,Delivered,Mobile App,North Jacquelineburgh,TX
ORD-0005040,CUST-000245,2026-01-10,Processing,Mobile App,Port Thomas,GA
ORD-0006067,CUST-002481,2026-03-22,DELIVERED,Web,Lake Kelsey,WA
ORD-0009545,CUST-955007,2026-07-22,Delivered,In-Store,Kirbyview,NC
ORD-0005497,CUST-001602,2024-12-19,Delivered,Mobile App,South Deanhaven,AZ
ORD-0008866,CUST-000694,2026-08-01,Delivered,In-Store,Heatherport,GA
ORD-0002220,CUST-002878,2026-03-16,Delivered,Marketplace,Justinside,FL
ORD-0009613,CUST-000012,2026-08-27,Cancelled,Mobile App,South Kimberly,NY
ORD-0005665,CUST-001545,2025-01-02,Cancelled,Mobile App,Maryview,WA
ORD-0000120,CUST-001642,2025-11-10,Cancelled,Marketplace,Bradleyfurt,FL
ORD-0010998,CUST-001664,2026-01-15,Shipped,Mobile App,North Matthewfurt,OH
ORD-0007140,CUST-001181,2024-07-30,Cancelled,Web,Adkinsville,CA
ORD-0006315,CUST-000879,2025-03-01,Shipped,Web,South Kimberlyport,TX
ORD-0006640,CUST-000493,2026-08-09,Delivered,Mobile App,Garciabury,NC
ORD-0004059,CUST-001362,2026-04-27,Shipped,Web,Port Brittany,IL
ORD-0003494,CUST-000433,2024-07-06,Cancelled,Mobile App,West Michelle,PA
ORD-0007298,CUST-000708,2024-06-12,Processing,Web,Butlerfort,TX
ORD-0009815,CUST-000133,2024-04-26,Delivered,Marketplace,North Derrickburgh,WA
ORD-0011200,CUST-000405,2025-05-18,Delivered,Web,,OH
ORD-0009764,CUST-002903,2025-02-15,Shipped,Web,Kellymouth,AZ
ORD-0000518,CUST-001366,2025-09-26,Delivered,Marketplace,Caldwellland,WA
ORD-0003990,CUST-000330,2025-04-01,Delivered,Mobile App,Thomasshire,IL
ORD-0002846,CUST-002766,2026-06-21,Shipped,In-Store,Lake Dawnview,NC
ORD-0008305,CUST-001284,2026-06-29,Processing,Web,Lake Anthonyport,TX
ORD-0008763,CUST-000470,2025-04-12,Processing,Web,Melissafurt,TX
ORD-0006714,CUST-002464,2026-09-03,Delivered,Mobile App,Port Kathyborough,CA
ORD-0009036,CUST-000883,2024-11-03,Delivered,Web,Port Stephanie,GA
ORD-0010246,CUST-002701,"September 20, 2025",Delivered,Web,Russellhaven,OH
ORD-0004991,CUST-000907,2026-08-30,Delivered,In-Store,Lake Selenastad,AZ
ORD-0000113,CUST-001843,2025-10-22,Delivered,Web,Brownside,PA
ORD-0009860,CUST-002115,2026-08-20,Delivered,Mobile App,New Alicia,AZ
ORD-0006802,CUST-002308,2025-07-21,Delivered,Web,Port Jordanberg,WA
ORD-0011733,CUST-000703,2026-05-07,Delivered,Mobile App,Vanessaberg,WA
ORD-0005104,CUST-002447,2026-02-05,Shipped,In-Store,Ramirezfort,NC
ORD-0008022,CUST-001370,11/20/2025,Shipped,Marketplace,Richardsville,FL
ORD-0010337,CUST-001655,2026-05-26,Delivered,Web,Port Jacobburgh,FL
ORD-0004309,CUST-002711,2026-07-27,Cancelled,Web,West Douglasbury,NC
ORD-0010517,CUST-000505,2025-09-17,Cancelled,Web,Hoodhaven,NC
ORD-0011803,CUST-001520,2026-07-24,Shipped,Web,Isabellamouth,MI
ORD-0006649,CUST-000176,29-Jul-2025,Shipped,In-Store,Emilyhaven,AZ
ORD-0000933,CUST-000065,2026-07-09,Processing,Web,North Nathanport,FL
ORD-0003435,CUST-000145,2026-08-12,Delivered,Web,New Cynthiaport,TX
ORD-0001176,CUST-001988,"October 28, 2024",Delivered,Mobile App,Millerton,AZ
ORD-0008536,CUST-002281,2026-05-04,Cancelled,Mobile App,North Dawnton,FL
ORD-0009323,CUST-001443,2026-02-13,Delivered,Web,North Matthew,NC
ORD-0002187,CUST-002335,2025-05-26,Shipped,Mobile App,Lake Loriborough,NY
ORD-0004442,CUST-002638,2026-09-01,Shipped,Marketplace,Amandaport,NY
ORD-0003320,CUST-000012,2026-07-04,Returned,Mobile App,South Timothyshire,AZ
ORD-0006801,CUST-001813,2025-11-07,Delivered,Mobile App,,NY
ORD-0007801,CUST-000684,2026-06-04,Delivered,Marketplace,Waltermouth,TX
ORD-0003105,CUST-002778,06/25/2026,Delivered,Web,Amandahaven,FL
ORD-0005404,CUST-001012,2025-08-12,Delivered,Mobile App,Wareton,MI
ORD-0005499,CUST-002873,2024-11-08,Delivered,Mobile App,Mcfarlandtown,GA
ORD-0008261,CUST-001987,2025-12-11,Delivered,Mobile App,Tiffanyton,NC
ORD-0010493,CUST-001622,2026-05-27,Delivered,Web,,NY
ORD-0010332,CUST-001552,2026-07-28,Delivered,Mobile App,Lake Tiffanychester,MI
ORD-0004044,CUST-000240,2025-02-22,Delivered,Mobile App,,AZ
ORD-0006491,CUST-000489,2025-04-25,Delivered,Marketplace,Brooksmouth,OH
ORD-0010961,CUST-000880,2026-08-27,Delivered,Web,North Nathanmouth,PA
ORD-0011618,CUST-000225,2026-04-27,Returned,Mobile App,Edwardshire,AZ
ORD-0007398,CUST-002403,2026-07-19,Returned,Mobile App,Zimmermanstad,AZ
ORD-0010640,CUST-002182,2025-10-14,Cancelled,Mobile App,Fieldstown,WA
ORD-0008593,CUST-001164,2026-09-05,Placed,Web,East Donaldmouth,NC
ORD-0007453,CUST-001765,2025-04-18,Shipped,Mobile App,South Ericamouth,MI
ORD-0009960,CUST-002519,2025-05-12,Delivered,Web,Johnsonport,NY
ORD-0009789,CUST-001131,12/22/2025,Shipped,Mobile App,Hillberg,CA
ORD-0004240,CUST-000901,"September 08, 2024",Placed,In-Store,Port Ryanmouth,AZ
ORD-0000089,CUST-001722,2026-07-07,Cancelled,Web,Port Janetview,AZ
ORD-0005558,CUST-002047,2026-01-01,Returned,Web,Lake Reginald,NC
ORD-0011965,CUST-002294,2026-08-11,Delivered,Mobile App,Lake Travisview,MI
ORD-0006934,CUST-001026,2025-12-04,Delivered,Marketplace,Kimberg,FL
ORD-0005083,CUST-002991,2026-07-31,Cancelled,Web,,FL
ORD-0004581,CUST-001902,2026-04-13,Delivered,In-Store,South Michellehaven,NC
ORD-0001538,CUST-002574,2026-05-12,Cancelled,In-Store,Hollowaytown,IL
ORD-0004833,CUST-000559,2026-08-01,Processing,Mobile App,Montoyaview,NY
ORD-0010815,CUST-002977,2025-06-27,Delivered,Web,East Tanya,FL
ORD-0005842,CUST-000036,2026-02-06,Shipped,Web,Jonesfort,IL
ORD-0004486,CUST-000436,2025-09-18,Delivered,Web,Sanchezshire,IL
ORD-0007054,CUST-001111,2026-09-04,Shipped,Mobile App,South Bryan,MI
ORD-0004296,CUST-001106,2024-05-19,Returned,Web,East Sethfort,PA
ORD-0007731,CUST-001969,"September 03, 2026",Delivered,Web,Rebeccafort,NY
ORD-0002393,CUST-002483,2024-08-27,Delivered,In-Store,Andrewsland,FL
ORD-0005608,CUST-001836,2025-09-22,Delivered,Web,Caseyland,NY
ORD-0001824,CUST-001033,2025-11-23,Processing,In-Store,Chambershaven,MI
ORD-0011261,CUST-002394,2024-11-19,Shipped,In-Store,New Cassandrabury,TX
ORD-0004583,CUST-002412,2025-11-18,Delivered,Web,Goodmanberg,PA
ORD-0011193,CUST-000400,2025-11-14,Cancelled,Mobile App,Port Jonathanburgh,CA
ORD-0002224,CUST-002452,2025-06-23,Shipped,Mobile App,Lake Francisco,MI
ORD-0002017,CUST-001523,2024-09-16,Placed,Marketplace,Joeburgh,MI
ORD-0003180,CUST-000994,2025-10-18,Delivered,Marketplace,Lake Mike,AZ
ORD-0011884,CUST-000479,2026-04-18,Placed,Web,Josephville,CA
ORD-0004353,CUST-001846,2026-07-07,Shipped,Web,East Dennis,NC
ORD-0007597,CUST-001181,2024-08-18,Delivered,Web,West Alan,AZ
ORD-0011492,CUST-000659,2024-12-21,Delivered,Web,Aliciashire,NC
ORD-0005909,CUST-000240,2026-03-18,Delivered,Web,Sandraberg,MI
ORD-0008753,CUST-002300,2026-04-25,Shipped,Web,Jeffreyville,CA
ORD-0007979,CUST-001410,2024-11-02,Processing,Web,New Dennis,PA
ORD-0005167,CUST-000859,2026-04-05,Cancelled,Web,Woodberg,NY
ORD-0010750,CUST-002839,2025-06-19,Delivered,Marketplace,New Adamstad,NC
ORD-0000615,CUST-002123,2026-02-07,Delivered,Web,Matthewside,WA
ORD-0002118,CUST-000952,2026-04-05,Placed,In-Store,Lake Emily,NC
ORD-0003222,CUST-001941,2026-02-09,Cancelled,Mobile App,West Jasonview,TX
ORD-0011178,CUST-000420,2026-03-23,Placed,Marketplace,,NY
ORD-0009765,CUST-001689,2025-01-28,Delivered,Mobile App,Markton,WA
ORD-0005021,CUST-000607,2026-06-27,Returned,Marketplace,Brandonton,PA
ORD-0006595,CUST-001729,2025-04-17,Shipped,Marketplace,West Jessicaburgh,TX
ORD-0005776,,2024-09-06,Processing,Mobile App,South Scott,IL
ORD-0000787,CUST-000512,2026-08-02,Delivered,Mobile App,Joshuaside,PA
ORD-0004948,CUST-000694,2026-08-03,Processing,Web,Deleonshire,FL
ORD-0006835,CUST-001276,30-Nov-2025,Shipped,Web,Morrisside,OH
ORD-0002328,CUST-002248,21-Jul-2025,Delivered,Web,Jonathanshire,MI
ORD-0002794,CUST-000810,2026-05-03,Placed,Web,Bishopland,IL
ORD-0003244,CUST-001405,2026-09-03,Cancelled,Web,New Ashleyview,TX
ORD-0000649,CUST-001636,2025-12-05,Delivered,Web,New Christine,CA
ORD-0009945,CUST-002510,2026-07-04,Shipped,Mobile App,Stephanieport,WA
ORD-0011972,CUST-002050,2025-02-22,Delivered,Marketplace,Stevenmouth,CA
ORD-0004494,CUST-002701,2025-05-01,Delivered,Mobile App,North Linda,FL
ORD-0005217,CUST-001339,2026-08-28,Delivered,Web,Sarafort,MI
ORD-0006610,CUST-001789,2026-07-11,Delivered,Mobile App,Tuckerview,NY
ORD-0011970,CUST-002920,2026-04-10,Delivered,Mobile App,East Clintonberg,CA
ORD-0009500,CUST-952957,2026-03-28,dELIVERED,Mobile App,Zacharyshire,IL
ORD-0001342,CUST-002307,2025-12-07,Placed,Web,Benjaminbury,IL
ORD-0009865,CUST-001492,2026-08-07,Delivered,Marketplace,Reidfurt,NC
ORD-0002934,CUST-001576,2026-06-26,Delivered,Web,North Amy,IL
ORD-0010704,CUST-000528,2026-06-17,Delivered,Web,East Ivanville,PA
ORD-0006905,CUST-000518,2024-05-11,dELIVERED,Mobile App,East Aaronborough,MI
ORD-0002043,CUST-000319,01-Jun-2025,Processing,Web,East Mark,MI
ORD-0009021,CUST-001175,2025-10-31,Returned,Mobile App,Reyesfort,MI
ORD-0004574,CUST-001829,2026-04-25,Delivered,Web,West Kelsey,WA
ORD-0007150,,2024-12-17,Shipped,Web,South Dwayneview,IL
ORD-0002205,CUST-002788,2026-03-20,Delivered,Mobile App,East Williamborough,GA
ORD-0005401,CUST-001981,2026-06-20,Cancelled,Web,Port William,WA
ORD-0007184,CUST-000853,2025-05-25,Shipped,Mobile App,Jeffersonland,NY
ORD-0004592,CUST-002282,2025-09-09,Returned,Marketplace,Jeremiahside,WA
ORD-0001168,CUST-002348,2026-07-11,Placed,Mobile App,Port Kristen,WA
ORD-0000765,CUST-000455,2026-09-02,Delivered,Web,Ericafort,MI
ORD-0003141,CUST-000136,2024-12-22,Shipped,Mobile App,North Kylechester,GA
ORD-0010464,CUST-000468,2025-08-26,Cancelled,Web,New Renee,NC
ORD-0004200,CUST-000398,2024-10-19,Delivered,Web,New Eric,NY
ORD-0004303,CUST-002962,2026-02-14,Delivered,Mobile App,Bakerchester,IL
ORD-0009285,CUST-002295,2026-08-07,Shipped,Web,New Samanthachester,CA
ORD-0003472,CUST-001138,2025-05-09,Shipped,Mobile App,New Racheltown,OH
ORD-0010842,CUST-002972,2025-10-09,Delivered,Mobile App,Garciaton,GA
ORD-0000546,CUST-001044,2026-05-07,Delivered,Mobile App,New Shirleyfort,CA
ORD-0009102,CUST-002759,2026-07-20,Cancelled,Mobile App,Greeneville,FL
ORD-0009354,CUST-002074,2026-09-02,Processing,Marketplace,Port Eric,CA
ORD-0004347,,2026-04-11,Delivered,Marketplace,North Douglas,MI
ORD-0003090,CUST-002294,2025-09-22,Shipped,Web,North Carlos,AZ
ORD-0009826,CUST-002256,"November 16, 2024",Processing,Web,New Angelaside,OH
ORD-0008968,CUST-000254,2024-10-09,Cancelled,Web,Sethland,TX
ORD-0006674,CUST-000391,20-Jul-2026,Placed,Mobile App,Andersonburgh,PA
ORD-0000168,CUST-000129,2026-07-09,Delivered,Mobile App,Port James,PA
ORD-0001890,CUST-002184,"September 12, 2024",Processing,Web,Lake Timothy,GA
ORD-0007598,CUST-000538,2026-03-16,Shipped,Web,Christopherville,AZ
ORD-0010494,CUST-002853,2025-09-27,Shipped,Mobile App,Randymouth,PA
ORD-0001854,CUST-001843,2026-02-17,Delivered,Mobile App,New Juliaside,WA
ORD-0003281,CUST-001290,2025-04-25,Delivered,Web,Martinville,IL
ORD-0006408,CUST-001742,2024-12-25,Delivered,Web,Willieport,AZ
ORD-0010441,CUST-001557,2024-08-19,Cancelled,Mobile App,Mejiafurt,GA
ORD-0010262,CUST-942424,2026-07-01,Placed,Mobile App,Danielland,NY
ORD-0006907,CUST-001052,2025-01-24,Placed,Web,West Marcbury,OH
ORD-0005156,CUST-001206,2024-12-28,Delivered,Marketplace,Lake John,MI
ORD-0007802,CUST-002178,2026-01-02,Cancelled,Mobile App,New Michaelland,NY
ORD-0006858,CUST-000127,2025-12-07,Processing,Web,Port Amberport,CA
ORD-0000873,CUST-000599,2026-01-02,Placed,Web,New Davidshire,CA
ORD-0001516,CUST-000600,2026-05-01,Processing,Web,South Mariaport,MI
ORD-0005811,CUST-000266,2025-10-01,Delivered,Mobile App,New Theresa,GA
ORD-0000070,CUST-002245,2025-12-10,Delivered,Web,New Michaelview,PA
ORD-0003183,CUST-002834,2026-09-03,Cancelled,Mobile App,West Andrew,TX
ORD-0002424,CUST-002598,2024-07-07,Shipped,Web,Mejiachester,AZ
ORD-0009471,CUST-000541,2025-09-08,Delivered,Web,Hectorshire,NY
ORD-0008179,CUST-001009,2026-09-05,Delivered,Mobile App,South Cory,CA
ORD-0010409,CUST-984890,2025-02-07,Placed,Marketplace,Lake Katietown,FL
ORD-0001860,CUST-001028,2026-08-14,Shipped,Marketplace,Jasonburgh,CA
ORD-0011172,CUST-001819,2025-12-05,Delivered,Web,Woodtown,WA
ORD-0009705,CUST-000976,2025-11-21,Delivered,Web,Hernandezfort,MI
ORD-0004980,CUST-001374,2025-08-10,Delivered,Web,West Patrickside,TX
ORD-0003625,CUST-000739,2026-04-03,Shipped,Mobile App,Howardville,WA
ORD-0002575,CUST-000517,2025-09-15,Processing,Web,Jimmyfort,WA
ORD-0003025,CUST-000143,2026-01-22,Delivered,Web,Chrisland,CA
ORD-0011239,CUST-002641,25-Aug-2025,Processing,Web,Coxbury,WA
ORD-0006442,CUST-002786,2025-01-13,Placed,Web,Lake John,NC
ORD-0006331,CUST-001211,2024-09-28,Cancelled,Mobile App,,IL
ORD-0004855,CUST-001222,2026-01-08,Placed,Marketplace,West Andreaville,FL
ORD-0005013,CUST-000051,2026-08-13,Placed,Mobile App,South Steven,OH
ORD-0009911,CUST-002403,2025-03-12,Shipped,Marketplace,Lake Billy,MI
ORD-0011679,CUST-002547,2026-02-09,Placed,Mobile App,Port Alyssastad,TX
ORD-0006171,CUST-001305,2026-01-01,Placed,Web,Christianport,AZ
ORD-0001984,CUST-001365,2026-08-24,Delivered,Marketplace,East Joseph,NY
ORD-0006818,CUST-001957,2025-11-15,Delivered,Mobile App,North Amandaview,MI
ORD-0006545,CUST-001453,2024-04-28,Placed,Web,West Marciaburgh,CA
ORD-0010025,CUST-000294,2025-10-25,Delivered,Web,New Brianbury,CA
ORD-0011056,CUST-001686,2026-04-22,placed,Mobile App,Kaylafort,TX
ORD-0000513,CUST-002263,2026-06-20,Shipped,Marketplace,Garciastad,PA
ORD-0000201,CUST-002903,2025-01-01,Delivered,Web,Lisaland,NY
ORD-0003191,CUST-002076,2026-08-25,Cancelled,In-Store,Garciaburgh,AZ
ORD-0006372,CUST-000031,2025-03-20,Shipped,Mobile App,Fletchershire,CA
ORD-0007377,CUST-000056,2026-04-23,Processing,Web,New Thomasshire,FL
ORD-0005152,CUST-002014,2025-10-31,Delivered,Marketplace,Wellsberg,PA
ORD-0003293,CUST-002817,2026-07-24,Delivered,Marketplace,Taylorfurt,CA
ORD-0003583,CUST-000412,2026-05-27,Delivered,Web,Harrisshire,WA
ORD-0002270,CUST-001955,2025-08-13,Returned,Mobile App,Hendrickston,AZ
ORD-0000333,CUST-002178,12-Jan-2025,Processing,Mobile App,North Aaron,OH
ORD-0000972,CUST-001325,2025-06-09,Placed,Mobile App,Joshuaburgh,MI
ORD-0011872,,2026-01-20,Delivered,Mobile App,East Stephanie,MI
ORD-0006976,CUST-000203,2025-08-21,Delivered,Mobile App,North Devinland,NC
ORD-0001454,CUST-002791,2026-07-23,Delivered,Mobile App,Port Leebury,OH
ORD-0002787,CUST-000606,2024-05-20,Returned,Web,South Matthew,CA
ORD-0003752,CUST-002011,2025-09-28,Cancelled,In-Store,North Debra,MI
ORD-0011529,CUST-002044,2025-04-15,Shipped,Marketplace,East Paul,OH
ORD-0000375,CUST-002795,2025-05-16,Cancelled,Marketplace,Bradyberg,CA
ORD-0007763,CUST-002443,2025-06-22,Returned,Mobile App,Smithfurt,WA
ORD-0009235,CUST-002039,2026-08-22,Shipped,Web,Timothybury,TX
ORD-0010419,CUST-002876,2026-01-10,Processing,Web,East Lisaton,CA
ORD-0010656,CUST-002142,2026-06-27,Shipped,Mobile App,South Danielfort,GA
ORD-0006727,CUST-001243,2026-04-22,Delivered,Web,Timothychester,MI
ORD-0003375,CUST-002781,2025-03-30,Placed,Web,East Deannamouth,AZ
ORD-0010670,CUST-001119,2025-10-08,Delivered,Marketplace,Ashleyfurt,IL
ORD-0010152,,2024-09-29,Placed,Web,North Jennifertown,NC
ORD-0010118,CUST-002009,2026-04-24,Delivered,In-Store,Ashleytown,NY
ORD-0009916,CUST-000013,2025-09-19,Delivered,Web,Robertsview,PA
ORD-0006464,CUST-002159,2026-03-27,Delivered,Web,Dawnburgh,MI
ORD-0004710,CUST-002603,2026-05-29,Delivered,Web,Perezland,NC
ORD-0010901,CUST-946553,"November 10, 2025",Cancelled,Mobile App,East Seanfort,WA
ORD-0011391,CUST-002205,2026-08-01,Cancelled,Mobile App,West Angelatown,MI
ORD-0003311,CUST-000517,2026-05-15,Processing,In-Store,Hallchester,AZ
ORD-0001344,CUST-001356,2025-07-31,Placed,In-Store,New Cassandratown,GA
ORD-0006346,CUST-002244,2025-04-04,Processing,Mobile App,West Juliechester,WA
ORD-0004340,CUST-002184,2026-08-03,Delivered,In-Store,Pittsberg,GA
ORD-0001875,CUST-001959,2024-02-01,Placed,Mobile App,Smithshire,CA
ORD-0003540,CUST-000756,2026-08-26,Shipped,Web,Daychester,NY
ORD-0010492,CUST-002732,2026-01-25,Delivered,Web,Atkinsfort,AZ
ORD-0010760,CUST-000398,2024-08-13,Shipped,Web,Hartmanburgh,AZ
ORD-0007733,CUST-001856,2026-05-03,Placed,Web,New Erik,NY
ORD-0004430,CUST-001654,2026-07-14,Delivered,Mobile App,Howardshire,NY
ORD-0007585,CUST-002034,2026-05-19,Delivered,In-Store,Donnaside,CA
ORD-0011961,CUST-002094,2026-01-28,Shipped,Web,Amandabury,WA
ORD-0001308,CUST-000252,2026-06-22,Delivered,Web,South Vanessaport,PA
ORD-0003135,CUST-002250,2026-03-15,Placed,Mobile App,Port Brenda,TX
ORD-0005630,CUST-000129,2026-06-25,Processing,Web,New Darlene,NC
ORD-0002153,CUST-001771,2025-01-02,Shipped,Mobile App,Amberfurt,AZ
ORD-0000341,CUST-002847,2025-08-28,Delivered,Web,East Jennifer,FL
ORD-0001765,CUST-001874,2025-07-23,Delivered,Mobile App,Cynthiashire,IL
ORD-0001231,CUST-002169,2026-06-18,Processing,Marketplace,Fisherfurt,FL
ORD-0011668,CUST-002634,2026-03-26,Cancelled,Marketplace,Thomaston,IL
ORD-0003808,CUST-001564,2026-05-13,Placed,Mobile App,Hartview,NC
ORD-0008443,CUST-001605,2026-04-18,Processing,Web,Lake Michael,CA
ORD-0010023,CUST-002098,2025-11-25,Processing,Marketplace,North Samuel,TX
ORD-0010193,CUST-001155,2026-08-24,Processing,In-Store,North Theresa,FL
ORD-0004621,CUST-001620,2026-01-13,Shipped,Mobile App,Peterchester,AZ
ORD-0004126,CUST-000316,2026-02-21,Delivered,Mobile App,Port Staceychester,TX
ORD-0006581,CUST-001059,2025-12-02,Processing,Web,Smallberg,TX
ORD-0011347,CUST-001817,2025-05-04,Shipped,Web,New Carlaborough,NY
ORD-0001901,CUST-000080,2026-09-02,Delivered,Marketplace,Ericamouth,NY
ORD-0001365,CUST-002554,2026-02-08,DELIVERED,Mobile App,Thomasberg,TX
ORD-0007382,CUST-001525,2025-11-25,Delivered,Mobile App,South Charlesborough,FL
ORD-0007065,CUST-002918,2025-08-08,Shipped,Mobile App,North Juliashire,GA
ORD-0007074,CUST-000159,2025-12-25,Cancelled,Web,Haileymouth,IL
ORD-0004864,CUST-000485,2026-03-23,Delivered,Mobile App,Gambleland,AZ
ORD-0009547,CUST-000283,2025-09-05,Placed,Mobile App,New James,AZ
ORD-0000110,CUST-002071,2026-02-24,Shipped,Web,Millerfurt,NC
ORD-0004611,CUST-002004,2026-07-25,Delivered,Web,Ericchester,AZ
ORD-0004947,CUST-001403,2025-10-05,Cancelled,Web,Freemanhaven,IL
ORD-0003239,CUST-002702,2026-08-02,Shipped,Web,New Corystad,NC
ORD-0000828,CUST-000811,2026-04-29,Returned,Web,Silvamouth,CA
ORD-0000169,CUST-000095,2026-08-22,Delivered,Web,Michaelland,IL
ORD-0003744,CUST-001072,2026-03-30,delivered,Mobile App,Jessicaburgh,PA
ORD-0005278,CUST-000320,2025-09-27,Placed,Web,South Michael,NC
ORD-0003317,CUST-000893,2025-05-03,Placed,Marketplace,Port Vincent,NY
ORD-0006941,CUST-001364,2026-08-22,Delivered,Web,Michaelview,NC
ORD-0007847,CUST-002762,2026-08-13,Shipped,Web,Jamesview,TX
ORD-0007718,CUST-002965,2026-05-17,Delivered,Web,Meredithshire,IL
ORD-0011120,CUST-001963,2026-07-15,Shipped,Mobile App,Goodmanside,NC
ORD-0007957,CUST-000063,2024-02-18,Shipped,In-Store,Wilsonbury,FL
ORD-0001251,CUST-000114,02-May-2026,Cancelled,Web,Robertton,WA
ORD-0003362,CUST-002607,"May 03, 2026",Cancelled,Web,Woodfort,CA
ORD-0001410,CUST-002792,2026-03-30,Placed,Marketplace,Port Darleneside,TX
ORD-0010393,CUST-001513,2025-10-25,Shipped,Web,North Jon,NC
ORD-0009012,CUST-001165,2026-06-01,Processing,Web,Garyport,PA
ORD-0004848,CUST-000123,2025-10-28,Placed,Marketplace,Jesushaven,GA
ORD-0002252,CUST-001564,2026-04-28,Returned,Mobile App,New Margaretstad,MI
ORD-0006140,CUST-001109,2026-01-22,Delivered,Web,West Maria,AZ
ORD-0003898,CUST-001995,2026-06-06,Delivered,Web,North Michaelbury,OH
ORD-0005042,CUST-002406,2026-06-12,Delivered,In-Store,New Edward,CA
ORD-0005308,CUST-000594,2025-07-08,Placed,Mobile App,Frankland,WA
ORD-0007798,CUST-000678,2025-10-28,Shipped,Web,,WA
ORD-0011801,CUST-002754,2026-09-03,Delivered,Web,Berrytown,OH
ORD-0000584,CUST-001316,2025-08-22,Processing,Mobile App,Michellechester,TX
ORD-0007757,CUST-002203,2025-12-27,Placed,Web,Jessicaburgh,FL
ORD-0010384,CUST-002872,2025-04-24,Delivered,Web,Allenstad,NC
ORD-0005348,CUST-002650,2026-02-27,Delivered,Mobile App,Lake Jessicaside,WA
ORD-0004125,CUST-002554,2026-08-30,Delivered,Marketplace,Alexisfurt,MI
ORD-0006237,CUST-000294,2025-10-09,Returned,Marketplace,East Madisonfort,NY
ORD-0008996,CUST-000878,2025-09-22,Shipped,Web,Wolfton,OH
ORD-0000056,CUST-000438,2026-05-10,Processing,Marketplace,North Joshuashire,TX
ORD-0006069,CUST-000438,2026-03-08,SHIPPED,Marketplace,Lake Julie,OH
ORD-0000797,CUST-002675,2025-08-30,Placed,Mobile App,West Patriciachester,NC
ORD-0011721,CUST-001068,2026-06-23,Shipped,Web,Clarkbury,FL
ORD-0002941,CUST-002240,2025-05-16,Delivered,In-Store,South Amy,NY
ORD-0005122,CUST-001628,2026-05-25,Returned,Web,Jamesshire,TX
ORD-0005469,CUST-001297,2025-10-28,Placed,Mobile App,Darrenberg,OH
ORD-0005390,CUST-001988,2025-08-26,Cancelled,Web,Johnburgh,IL
ORD-0000928,CUST-002065,2024-08-10,Returned,Mobile App,South Patrickshire,CA
ORD-0007147,CUST-002692,"July 19, 2026",Placed,Mobile App,South Christieview,TX
ORD-0007678,CUST-002835,2026-07-02,placed,Mobile App,South Sheila,PA
ORD-0002926,CUST-000286,2024-10-03,Shipped,Marketplace,Williamshire,OH
ORD-0008477,CUST-002598,2026-09-05,Cancelled,Marketplace,New Cheryl,NC
ORD-0011855,CUST-001942,"June 17, 2025",Delivered,In-Store,South Johntown,NY
ORD-0007079,CUST-001987,2025-01-03,Delivered,In-Store,South Matthew,TX
ORD-0010791,CUST-000867,2026-04-27,Delivered,Web,Port Brett,OH
ORD-0001879,CUST-002629,2024-12-01,Placed,In-Store,Lake Connieton,FL
ORD-0011940,CUST-001706,2025-07-08,Cancelled,Web,,MI
ORD-0011702,CUST-001904,2026-06-30,Shipped,Mobile App,West Lisa,GA
ORD-0008440,CUST-000464,2026-03-02,Delivered,In-Store,Smithport,AZ
ORD-0008450,CUST-001130,2026-05-21,Delivered,In-Store,Williamsfurt,AZ
ORD-0005763,CUST-002144,2026-02-15,Delivered,In-Store,South Tracey,MI
ORD-0001497,CUST-000914,2024-11-24,Delivered,Web,South Meganland,OH
ORD-0003557,CUST-000167,2026-07-09,Delivered,In-Store,South Sherri,GA
ORD-0002622,CUST-002415,2026-05-14,Delivered,Mobile App,Mooreside,NY
ORD-0010601,CUST-002757,2025-03-10,Delivered,Web,Lake Lori,NC
ORD-0005226,CUST-000900,2026-08-12,Delivered,Web,West Morganview,NC
ORD-0011263,CUST-002926,2025-06-10,Delivered,Mobile App,North Jeremy,MI
ORD-0008092,CUST-002845,2026-01-18,Placed,Web,Mclaughlintown,MI
ORD-0011357,CUST-002914,2025-03-13,Delivered,Mobile App,North Robertville,FL
ORD-0001927,CUST-000481,2026-06-30,Delivered,Web,Samuelchester,TX
ORD-0004712,CUST-002195,2024-10-18,cancelled,Marketplace,Randybury,AZ
ORD-0004434,CUST-001572,2026-08-11,Returned,Web,Thomaston,FL
ORD-0004318,CUST-000717,2026-03-07,CANCELLED,Marketplace,South Jeremy,WA
ORD-0009231,CUST-000800,2026-02-19,Delivered,Web,Robertport,TX
ORD-0009159,CUST-000117,2024-04-28,Delivered,In-Store,Port Kaitlynbury,CA
ORD-0003555,CUST-000535,2025-08-07,Delivered,In-Store,West Steven,CA
ORD-0009207,CUST-001603,2026-01-19,Delivered,Web,Lawsonmouth,CA
ORD-0002511,CUST-001066,2024-03-30,pROCESSING,Web,Brianport,GA
ORD-0004762,CUST-002390,2024-08-17,Delivered,Mobile App,Richardsonbury,FL
ORD-0006309,CUST-002706,2025-10-05,Processing,Mobile App,Brewerfurt,GA
ORD-0001706,CUST-002416,01-Apr-2026,Delivered,Mobile App,Port Eric,WA
ORD-0009300,CUST-000663,2026-07-15,Returned,Mobile App,Philipshire,GA
ORD-0010806,CUST-002714,2026-07-12,Delivered,In-Store,South Markbury,NY
ORD-0009412,CUST-001017,2026-08-22,Delivered,Mobile App,Taylorfort,FL
ORD-0002208,CUST-000109,2026-05-18,Shipped,Marketplace,Darrenfort,MI
ORD-0003922,CUST-001827,2026-03-30,Shipped,In-Store,Karafort,NY
ORD-0007849,CUST-002122,2025-10-28,Shipped,Web,New Maryborough,NY
ORD-0001501,CUST-002995,2025-01-30,Delivered,Web,North Lorifurt,WA
ORD-0008781,CUST-002979,2025-10-13,Processing,Web,New Markland,AZ
ORD-0008329,CUST-002799,2026-04-24,Cancelled,Mobile App,New Colin,IL
ORD-0001471,CUST-001975,"May 02, 2025",delivered,Web,New Deborahville,CA
ORD-0002746,CUST-000309,23-Aug-2026,Shipped,Mobile App,Chadview,WA
ORD-0008051,CUST-001571,2025-06-02,Delivered,Web,North Ethan,NC
ORD-0006594,CUST-001215,2026-09-03,Placed,Web,Port Benjamin,OH
ORD-0002855,CUST-001954,2025-09-16,Delivered,Web,North Kevinborough,WA
ORD-0001097,CUST-000849,2026-07-12,Delivered,Web,East Monica,AZ
ORD-0009670,CUST-002017,2024-06-11,Processing,Marketplace,Brianchester,NY
ORD-0008989,CUST-002108,28-Aug-2026,Shipped,Marketplace,Gonzalezstad,AZ
ORD-0002689,CUST-001414,2026-03-08,Placed,Web,,NY
ORD-0008600,CUST-000373,2026-08-19,Placed,In-Store,North Kevinhaven,CA
ORD-0008819,CUST-002048,2026-04-03,Processing,Web,Steelefort,IL
ORD-0008841,CUST-002846,2024-12-22,Shipped,In-Store,Erinberg,PA
ORD-0007570,CUST-002073,2023-11-09,Placed,Mobile App,Port Daleville,NY
ORD-0008023,CUST-002642,2026-01-14,Cancelled,Web,,WA
ORD-0010177,CUST-000761,2026-07-05,Delivered,Marketplace,East Anthony,PA
ORD-0005025,CUST-002076,2025-08-09,Processing,Web,,FL
ORD-0010417,CUST-001268,2025-07-03,Cancelled,Web,Thompsonburgh,FL
ORD-0002683,CUST-000184,2025-10-27,Processing,Mobile App,East Rhondaburgh,NC
ORD-0004404,CUST-000888,08/13/2026,Placed,Web,Shorttown,WA
ORD-0006073,CUST-002977,2024-11-11,DELIVERED,Mobile App,South Melanieville,PA
ORD-0008868,CUST-000831,2025-07-21,Delivered,Mobile App,Annaton,NY
ORD-0009611,CUST-002492,2024-10-26,Shipped,Web,Lake Rhonda,FL
ORD-0007145,CUST-002580,2025-06-27,Delivered,Marketplace,East Triciamouth,FL
ORD-0011766,CUST-000666,2025-10-14,Placed,Web,Gilmoreville,PA
ORD-0004668,CUST-000491,2026-01-05,Delivered,Mobile App,Rodriguezberg,CA
ORD-0001597,CUST-001892,2026-05-14,Delivered,In-Store,Fowlerburgh,AZ
ORD-0004967,CUST-000260,2026-03-02,Placed,Marketplace,North Briannashire,AZ
ORD-0003182,CUST-001904,2026-04-19,Placed,Mobile App,Lake Josephmouth,OH
ORD-0002127,CUST-002982,2026-08-20,Processing,Web,Kellyport,MI
ORD-0007564,CUST-001856,2025-07-26,Delivered,In-Store,South Robintown,MI
ORD-0002611,CUST-001085,2026-08-02,Shipped,Web,Stephaniestad,MI
ORD-0001550,CUST-001043,2026-07-05,Processing,Web,Ramirezfort,PA
ORD-0008034,CUST-000943,2026-05-03,Placed,Web,Port Lindseyfurt,NY
ORD-0000797,CUST-002675,2025-08-30,Processing,Mobile App,West Patriciachester,NC
ORD-0002532,CUST-002937,2026-03-24,Shipped,Mobile App,Hinesmouth,MI
ORD-0011765,CUST-002027,"May 13, 2026",Delivered,Mobile App,Port Frankberg,WA
ORD-0010561,CUST-002752,2025-08-18,Cancelled,Web,Port Michelleland,NY
ORD-0007997,CUST-002732,2024-10-28,Delivered,Mobile App,Lake Rachel,OH
ORD-0004483,CUST-000851,2025-08-22,Delivered,Mobile App,Jonesbury,NC
ORD-0000293,CUST-002258,2026-04-12,Processing,In-Store,East Blake,CA
ORD-0003416,CUST-001943,2026-08-07,Shipped,Web,North Nicolas,WA
ORD-0011703,CUST-002633,2025-09-06,Delivered,Web,Galvanberg,WA
ORD-0011595,CUST-000016,2026-06-17,Shipped,Web,Mathewfurt,PA
ORD-0001179,CUST-001608,2026-02-01,Shipped,Web,Michelleview,FL
ORD-0002164,CUST-000384,2026-09-02,Placed,Mobile App,Kristishire,FL
ORD-0009645,CUST-002268,2025-11-05,delivered,Web,New Patrickview,GA
ORD-0010022,CUST-001483,2026-01-13,Shipped,Mobile App,Kimberlymouth,NY
ORD-0004354,CUST-001127,2026-05-27,DELIVERED,Web,Lake Brendachester,AZ
ORD-0001050,CUST-000089,2026-02-26,Shipped,Marketplace,North Samanthaport,PA
ORD-0007541,CUST-001073,2024-07-01,Shipped,Marketplace,Lake Joshua,TX
ORD-0006559,CUST-001631,2026-08-10,Delivered,Marketplace,East Ricardoland,PA
ORD-0010034,CUST-000151,2026-07-30,DELIVERED,Mobile App,Lake Jennifer,CA
ORD-0001359,CUST-001042,2026-06-16,Shipped,Web,Lopezstad,CA
ORD-0005194,,2026-08-05,Processing,Web,Port David,GA
ORD-0007942,CUST-001201,2026-04-12,Processing,In-Store,Rasmussenburgh,OH
ORD-0000096,CUST-000174,2025-08-25,Processing,Web,West Jasmine,NC
ORD-0006471,CUST-002806,2025-06-26,Delivered,Web,South Jameschester,NY
ORD-0011069,CUST-000175,2024-07-19,Cancelled,Mobile App,Lake Sarahville,WA
ORD-0011437,CUST-002541,2025-03-21,Placed,Mobile App,East Carolbury,PA
ORD-0002353,CUST-002425,2026-01-08,Shipped,Mobile App,Kellyberg,CA
ORD-0004933,CUST-002532,2025-07-11,Shipped,Mobile App,South Kerrybury,WA
ORD-0003095,CUST-000879,2025-03-11,Processing,In-Store,New Eric,PA
ORD-0000254,CUST-000960,2025-09-09,Placed,Web,,AZ
ORD-0000368,CUST-000443,2025-07-08,Processing,Mobile App,Thomasstad,WA
ORD-0003318,CUST-001998,2026-03-30,Delivered,Web,North Stephenberg,CA
ORD-0004107,CUST-002031,2025-08-06,Shipped,Web,Lake Johnstad,AZ
ORD-0002338,CUST-001822,2024-08-08,Placed,Web,Fordville,PA
ORD-0006058,CUST-002839,2025-04-06,Placed,Web,Davidbury,CA
ORD-0007383,CUST-000225,2026-08-19,Processing,Web,Thomasmouth,IL
ORD-0005362,CUST-975426,2026-02-19,Processing,Web,Connerberg,NC
ORD-0006771,CUST-002938,2026-05-28,Delivered,In-Store,Hardintown,MI
ORD-0008618,CUST-001056,2026-01-31,Processing,Web,Jenniferburgh,PA
ORD-0007771,CUST-001731,2026-07-22,Shipped,Marketplace,Paulview,PA
ORD-0009746,CUST-001355,2026-03-23,Shipped,Web,Port Lydia,CA
ORD-0008200,CUST-001696,2025-09-19,Placed,Mobile App,Dawnland,NY
ORD-0006656,CUST-002073,2024-11-22,Shipped,Marketplace,Port Jessica,TX
ORD-0010038,CUST-002664,2024-12-26,Cancelled,Mobile App,Alyssaside,OH
ORD-0000132,CUST-000065,2026-07-10,Delivered,Marketplace,Lake Rachelport,NC
ORD-0011555,CUST-000330,2026-01-04,Shipped,Web,Wendyland,PA
ORD-0001474,CUST-001778,2025-06-06,Delivered,Web,Lake Nathanielborough,NY
ORD-0006693,CUST-001325,2025-09-22,Processing,Web,Cuevasville,NY
ORD-0001832,CUST-000596,2026-06-29,Delivered,Marketplace,Marthashire,FL
ORD-0010795,CUST-000909,2026-07-02,Delivered,Web,Lake Katherine,CA
ORD-0001774,CUST-000688,2026-08-19,Shipped,Mobile App,West Victor,NY
ORD-0002492,CUST-000952,2026-01-27,Returned,Web,East David,IL
ORD-0011869,CUST-000361,2025-07-17,Shipped,Web,Stephanieview,NC
ORD-0006241,CUST-000307,2026-08-28,Shipped,Mobile App,East Amy,PA
ORD-0000554,CUST-000963,2025-12-08,Processing,Web,South Maria,NY
ORD-0006603,CUST-945738,2026-07-05,Shipped,Mobile App,West Johnfort,FL
ORD-0006154,CUST-000977,2026-04-16,Placed,Marketplace,South Tristanfort,NC
ORD-0007243,CUST-002315,2026-08-12,Delivered,Mobile App,Kevintown,IL
ORD-0006177,CUST-002756,2026-06-18,Delivered,Web,Matthewfurt,NC
ORD-0009449,CUST-001779,2026-09-04,Shipped,Marketplace,South Annaton,OH
ORD-0000575,CUST-000828,2025-11-04,sHIPPED,Mobile App,Morganland,CA
ORD-0007644,CUST-000949,2026-03-26,Delivered,Web,North Joseph,GA
ORD-0002720,CUST-001508,2025-08-22,Delivered,Web,Bellhaven,FL
ORD-0007932,CUST-000938,2026-06-21,Processing,Mobile App,New Anthonyville,WA
ORD-0007873,CUST-000921,2026-03-31,Shipped,Mobile App,North Jonathan,NC
ORD-0004810,CUST-002886,2026-06-14,Delivered,Web,Thomasmouth,MI
ORD-0001493,CUST-001141,2026-07-05,Cancelled,Mobile App,New Lesliemouth,FL
ORD-0008568,CUST-002067,2026-06-30,Delivered,Mobile App,Justinfort,GA
ORD-0002662,CUST-002779,2025-07-16,Returned,Mobile App,Vazquezstad,OH
ORD-0002538,CUST-001444,2025-08-17,Cancelled,Web,South Davidhaven,FL
ORD-0004746,CUST-000813,2025-10-10,SHIPPED,Web,Allisonbury,MI
ORD-0005073,CUST-002180,2025-03-27,Processing,Web,North Taylorborough,MI
ORD-0000035,CUST-000343,2026-06-12,Shipped,Mobile App,South Lorraine,MI
ORD-0000601,CUST-002182,2026-06-21,Processing,Mobile App,New Sarah,MI
ORD-0002098,CUST-000519,2025-12-24,Delivered,Mobile App,Hayesville,NC
ORD-0003852,CUST-000328,2025-12-11,Placed,Mobile App,North Josephport,CA
ORD-0001010,CUST-001824,2026-07-17,Placed,Web,South Michael,CA
ORD-0005246,CUST-002189,2025-08-27,Shipped,Web,,WA
ORD-0004867,CUST-000486,2026-03-17,Shipped,Mobile App,Glennfort,TX
ORD-0001330,CUST-001082,2026-06-08,Processing,Web,Port Erin,PA
ORD-0007516,CUST-001373,2026-09-04,Returned,Web,Lake Daniel,IL
ORD-0008614,CUST-001836,2025-02-04,Shipped,Mobile App,Peterhaven,WA
ORD-0000191,CUST-001323,2026-08-01,Placed,Web,,CA
ORD-0007030,CUST-002969,2025-06-14,Delivered,In-Store,Philliphaven,PA
ORD-0002957,CUST-000995,2026-07-06,Placed,Web,Port Jessica,FL
ORD-0010554,CUST-000703,"August 10, 2026",Cancelled,Web,Richardport,TX
ORD-0002079,CUST-001769,2026-02-02,Shipped,Web,New Trevorbury,NC
ORD-0006317,CUST-000602,2026-02-05,Returned,Web,West Sarahfurt,GA
ORD-0008911,CUST-002132,2026-08-30,Shipped,Mobile App,West Pamela,NC
ORD-0000228,CUST-001365,2026-08-29,Shipped,Mobile App,Woodsfurt,CA
ORD-0003729,CUST-001234,2026-08-03,Processing,In-Store,Espinozaport,OH
ORD-0003786,CUST-002151,2026-08-06,Delivered,Web,Whitneyburgh,MI
ORD-0009670,CUST-002017,2024-06-11,Shipped,Marketplace,Brianchester,NY
ORD-0006369,CUST-000027,09/26/2025,Delivered,Mobile App,Davisfurt,TX
ORD-0003009,CUST-001638,2026-06-02,Shipped,In-Store,Connorfurt,IL
ORD-0006297,CUST-002676,2026-08-12,Delivered,Web,New Alex,FL
ORD-0000304,CUST-001087,2025-10-18,Processing,Web,New Chelsea,OH
ORD-0010819,CUST-002178,2025-03-28,Shipped,Marketplace,South Kevinhaven,PA
ORD-0007192,CUST-002523,2026-09-05,Shipped,Web,North Alejandrotown,PA
ORD-0001147,CUST-993241,"March 04, 2026",Shipped,Mobile App,Lake Amy,PA
ORD-0008881,CUST-001565,2025-11-24,Delivered,Web,Collinston,AZ
ORD-0004183,,2026-04-22,Shipped,Web,Markland,OH
ORD-0001381,CUST-001423,2025-10-16,Processing,Web,Sarahbury,OH
ORD-0009451,CUST-001956,2024-06-07,Delivered,In-Store,North Linda,WA
ORD-0000262,CUST-001198,2025-09-29,Delivered,Web,Randolphland,AZ
ORD-0003771,CUST-001217,2025-10-16,Delivered,In-Store,Port Angelaside,PA
ORD-0008912,CUST-000240,2025-09-19,Delivered,Web,West Ronald,CA
ORD-0010657,CUST-001246,2024-09-01,Shipped,In-Store,East Robertborough,CA
ORD-0010728,CUST-002266,2025-06-26,Delivered,Web,West Jennifer,IL
ORD-0007709,CUST-000029,2026-06-30,Processing,Mobile App,Lake Chelseastad,TX
ORD-0007004,CUST-002772,2025-08-31,Processing,Web,Starkbury,NC
ORD-0004537,CUST-000954,2026-06-17,Processing,Mobile App,East Benjaminfurt,CA
ORD-0007293,CUST-001125,2026-06-29,Delivered,Web,Pattersonburgh,CA
ORD-0001802,CUST-002368,2025-08-18,Processing,Marketplace,Lake Tanyashire,TX
ORD-0001563,CUST-002274,2026-08-19,Placed,Marketplace,New Roger,AZ
ORD-0009766,CUST-000862,2025-06-23,Delivered,Marketplace,Ashleyview,CA
ORD-0007325,CUST-001491,2025-09-24,Placed,In-Store,West Williambury,IL
ORD-0008897,CUST-002879,2025-06-16,Placed,Web,Brandonton,OH
ORD-0008338,CUST-951058,2025-02-02,Delivered,Web,Williambury,NC
ORD-0003581,CUST-002791,2026-08-02,Placed,Web,Salasfurt,PA
ORD-0009081,CUST-001180,2025-09-12,Cancelled,Web,Port Pamela,OH
ORD-0002898,CUST-002502,2026-04-01,Shipped,Mobile App,Kevinfurt,OH
ORD-0001664,CUST-000831,2025-07-15,Delivered,Web,New Robertbury,TX
ORD-0002524,CUST-002305,2025-12-16,Processing,Mobile App,Lake Bryanside,FL
ORD-0009481,CUST-000426,2026-04-05,Returned,In-Store,,AZ
ORD-0003854,CUST-000675,2026-02-14,Delivered,Web,South Michaelport,NY
ORD-0001951,CUST-000186,2026-03-08,Delivered,Web,Williammouth,TX
ORD-0008100,CUST-002694,2026-04-19,Cancelled,Mobile App,West Kennethland,NC
ORD-0011309,CUST-002626,2026-06-21,Processing,Web,Jordanland,TX
ORD-0005441,CUST-000782,2025-08-20,Delivered,Web,Marcomouth,OH
ORD-0007512,CUST-002727,2026-06-21,Placed,Web,West Timothy,MI
ORD-0001897,CUST-002968,2025-07-19,SHIPPED,Mobile App,West Darryl,MI
ORD-0009544,CUST-001225,2026-06-11,Cancelled,Web,Millertown,WA
ORD-0006917,CUST-001821,2026-06-04,Processing,Mobile App,Port Michaelfort,PA
ORD-0010817,CUST-002181,2026-09-05,Returned,Mobile App,West Jeremyhaven,GA
ORD-0005797,CUST-001539,2026-05-06,Shipped,Mobile App,East Susanbury,CA
ORD-0004973,CUST-001304,2026-07-31,Cancelled,Marketplace,North Theresahaven,IL
ORD-0006336,CUST-002132,2026-08-06,Shipped,Mobile App,Bellshire,NY
ORD-0006347,CUST-000142,2024-09-29,Delivered,Mobile App,Jimenezchester,FL
ORD-0005858,CUST-000329,2026-06-15,Placed,Web,Katherineberg,TX
ORD-0004700,CUST-002626,2025-05-07,Delivered,Web,Elizabethview,NY
ORD-0009336,CUST-002386,2025-05-27,Placed,Web,Floresshire,TX
ORD-0007272,CUST-000047,2026-07-30,Delivered,Web,North Jennifer,NC
ORD-0008322,CUST-001629,2026-06-21,delivered,Mobile App,Sherrimouth,PA
ORD-0004410,CUST-000597,2026-01-28,Delivered,Web,West Tiffanyhaven,MI
ORD-0008376,CUST-000937,2025-08-07,Placed,Web,Butlerfurt,AZ
ORD-0001874,CUST-002762,2026-06-26,Processing,Web,Randychester,PA
ORD-0005906,CUST-002613,2025-08-23,Delivered,Web,,PA
ORD-0009695,CUST-000690,2025-12-10,Placed,Web,East Maria,CA
ORD-0009068,CUST-001179,2025-12-15,Processing,In-Store,New Taylorhaven,FL
ORD-0000343,CUST-002418,2025-02-06,Processing,In-Store,North Rhondashire,GA
ORD-0005548,CUST-000838,2024-04-28,Delivered,Marketplace,Moralesview,IL
ORD-0001193,CUST-002324,2026-01-23,Shipped,Mobile App,Suttonmouth,MI
ORD-0003391,CUST-000938,2024-07-30,Shipped,Mobile App,West Samuelport,IL
ORD-0008833,CUST-002793,2025-12-19,Delivered,Web,Campbelltown,NY
ORD-0002134,CUST-001668,2026-04-11,Delivered,Web,West Taylor,OH
ORD-0009976,CUST-000583,2026-07-02,Placed,In-Store,East Lisa,MI
ORD-0007059,CUST-002412,2024-10-05,Shipped,Mobile App,Larrymouth,IL
ORD-0011675,CUST-000910,2026-05-12,Placed,Mobile App,West Melissahaven,OH
ORD-0005054,CUST-001897,2025-07-22,DELIVERED,Marketplace,Port Trevorborough,OH
ORD-0001265,CUST-001797,2024-06-13,Processing,Marketplace,Kristinshire,PA
ORD-0011264,CUST-002628,2026-09-01,Processing,Web,Zacharychester,OH
ORD-0004336,CUST-002876,2025-09-04,Returned,Mobile App,Roberttown,NC
ORD-0001779,CUST-002032,2025-11-24,Returned,Web,West Crystal,FL
ORD-0010186,CUST-001223,2026-07-13,Placed,Mobile App,East Mikemouth,GA
ORD-0010421,,2026-02-14,CANCELLED,Marketplace,Lake Jacqueline,PA
ORD-0001354,CUST-988845,2026-02-01,Delivered,Marketplace,Masonshire,FL
ORD-0010468,CUST-001086,2025-01-23,Processing,Mobile App,Lake Gabriel,TX
ORD-0005562,CUST-002664,2026-04-28,Delivered,Mobile App,Smithburgh,IL
ORD-0006565,CUST-002005,2026-05-14,Delivered,In-Store,Bryanfort,FL
ORD-0001599,CUST-000506,2025-08-10,Delivered,Web,Rubentown,TX
ORD-0001012,CUST-002138,2025-09-20,Delivered,Web,North Taramouth,FL
ORD-0006743,CUST-000211,2025-07-19,Processing,Marketplace,Lake Josechester,TX
ORD-0005411,CUST-002948,"April 28, 2026",Placed,In-Store,Wallacebury,NC
ORD-0004201,CUST-000765,2026-08-14,Delivered,Mobile App,Buchananburgh,PA
ORD-0009590,CUST-001254,2026-05-23,Shipped,Marketplace,Ruizport,FL
ORD-0003902,CUST-002950,2026-02-06,Shipped,Marketplace,New Brucetown,MI
ORD-0009937,CUST-001632,2024-11-02,Delivered,Web,Laneshire,GA
ORD-0001646,CUST-000531,2026-07-18,Shipped,Marketplace,West Krista,PA
ORD-0002054,CUST-001211,2024-06-04,Processing,Web,Brianfurt,TX
ORD-0008578,CUST-002198,2025-12-27,Processing,In-Store,Lake Melissa,MI
ORD-0011853,CUST-002952,2026-02-21,Shipped,Marketplace,Lake Christianland,MI
ORD-0003742,CUST-001086,2024-07-02,Delivered,Web,Singletonfurt,WA
ORD-0004048,CUST-000775,2026-08-30,Shipped,Marketplace,Solomonberg,PA
ORD-0000097,CUST-001407,"May 07, 2026",Placed,In-Store,East Richardview,TX
ORD-0000360,CUST-002565,2026-08-14,Cancelled,Web,West Alexiston,GA
ORD-0008289,CUST-001471,2026-02-20,Placed,Marketplace,North Daniel,IL
ORD-0011588,CUST-000324,2026-09-03,dELIVERED,Web,East Andrewbury,PA
ORD-0002674,CUST-001897,2026-06-20,Processing,Mobile App,Davisport,PA
ORD-0010988,CUST-000504,2026-03-28,Shipped,Mobile App,Lake Tristan,AZ
ORD-0006039,CUST-000575,2025-12-21,Shipped,Web,Woodsview,OH
ORD-0010341,CUST-000609,2025-12-07,Delivered,Mobile App,North Keith,AZ
ORD-0003145,CUST-000979,2025-11-29,pLACED,Mobile App,West Davidton,CA
ORD-0009772,CUST-001491,2026-06-28,Delivered,Mobile App,South Charlestown,FL
ORD-0000767,CUST-002304,2026-08-25,Processing,Mobile App,Shelleyton,AZ
ORD-0007329,CUST-001324,2026-07-21,Processing,Mobile App,Pamelabury,OH
ORD-0006305,CUST-002240,2024-03-23,Delivered,Web,Ibarrahaven,AZ
ORD-0011770,CUST-000261,2025-09-15,Placed,Mobile App,Port Mariaburgh,PA
ORD-0006390,CUST-000498,2026-03-26,Placed,Web,Lake Timothy,IL
ORD-0008534,CUST-002029,2026-07-25,Delivered,Mobile App,Lopezborough,PA
ORD-0008399,CUST-001744,2026-06-07,Delivered,Mobile App,West Jaketown,MI
ORD-0003028,CUST-916325,2024-09-24,Shipped,Mobile App,Robertsfurt,NC
ORD-0000330,CUST-002005,2026-01-22,Delivered,Marketplace,New Paulborough,WA
ORD-0000145,CUST-002817,2026-08-22,delivered,Web,Lynnborough,MI
ORD-0011113,CUST-002125,2024-12-07,Delivered,Web,Mariahhaven,GA
ORD-0002329,CUST-000476,2026-08-30,Processing,Web,West Samantha,AZ
ORD-0003816,CUST-001089,2026-03-13,Shipped,Marketplace,North Dylanville,WA
ORD-0002561,CUST-000799,2024-11-20,Delivered,Web,Lake Darren,CA
ORD-0003846,CUST-001415,2026-02-04,Processing,Mobile App,West Kyle,CA
ORD-0009379,CUST-000351,2025-03-28,Returned,Marketplace,,PA
ORD-0011055,,2026-08-12,Cancelled,Web,West Matthew,PA
ORD-0001700,CUST-002782,2026-09-02,Processing,Web,Martinezshire,CA
ORD-0002507,CUST-002728,2026-07-21,Shipped,Marketplace,Garciaview,CA
ORD-0006520,CUST-000931,2026-03-21,Delivered,Web,Leonardport,MI
ORD-0009458,CUST-002392,2026-01-26,Cancelled,Web,South Rebeccastad,GA
ORD-0011332,CUST-000266,2025-12-20,Delivered,Web,Robertton,CA
ORD-0003578,CUST-001027,2025-11-18,Placed,In-Store,Dayhaven,WA
ORD-0006889,CUST-002113,2025-08-05,Processing,Web,Morrisfort,NY
ORD-0000769,CUST-002793,2026-05-12,Delivered,Mobile App,Michelleland,PA
ORD-0006955,CUST-000304,2025-10-15,Processing,In-Store,Port Dustin,CA
ORD-0002028,CUST-000074,2026-06-12,Returned,Web,Smithstad,CA
ORD-0006885,CUST-001490,2026-06-01,Placed,Mobile App,Ericville,PA
ORD-0010439,CUST-001237,2024-12-27,Delivered,Web,East Pamelaview,IL
ORD-0003861,CUST-001379,2024-09-09,Returned,Web,,PA
ORD-0010643,CUST-001161,2026-08-13,Shipped,Web,Edwardborough,IL
ORD-0010511,CUST-000876,2025-08-22,Placed,Mobile App,Sarahborough,WA
ORD-0006077,CUST-000693,2025-12-11,Shipped,Web,Lake Danielle,CA
ORD-0009386,CUST-001118,2025-08-30,Placed,In-Store,Simmonsburgh,FL
ORD-0011665,CUST-000383,2026-05-22,Delivered,Marketplace,East Erin,MI
ORD-0010935,CUST-000571,2026-03-08,Placed,In-Store,West Donaldmouth,TX
ORD-0009977,CUST-000072,2025-08-22,Processing,Mobile App,Millerland,MI
ORD-0006539,CUST-000515,2025-10-23,Processing,Web,Port Stacey,MI
ORD-0001520,CUST-000905,2026-06-10,Processing,Mobile App,Johntown,WA
ORD-0001711,CUST-001963,2026-01-23,Delivered,Mobile App,New Williamton,FL
ORD-0009892,CUST-002740,2026-03-08,Shipped,Mobile App,Port Gabriel,IL
ORD-0010325,CUST-001584,2026-06-07,Cancelled,Mobile App,East Lorrainetown,IL
ORD-0001046,CUST-001954,2024-12-16,Delivered,In-Store,East Danielhaven,AZ
ORD-0007333,CUST-000888,2026-09-02,Shipped,Mobile App,Port James,IL
ORD-0011408,CUST-000517,2025-10-16,Delivered,Marketplace,South Calvin,NC
ORD-0001692,CUST-000465,2026-08-20,Delivered,Mobile App,Gabrielleport,TX
ORD-0007482,CUST-000847,2026-08-31,Delivered,In-Store,South Shawnview,OH
ORD-0001638,CUST-000600,2026-07-06,Delivered,Web,Lake Bailey,IL
ORD-0004637,CUST-000337,2025-12-26,processing,Web,Stevensfurt,IL
ORD-0004083,CUST-002951,2026-03-26,Processing,In-Store,Jenniferport,FL
ORD-0005232,CUST-001842,2025-03-06,SHIPPED,Web,Kaufmanfort,OH
ORD-0011928,CUST-000225,2026-05-14,Delivered,Web,Andersonville,NC
ORD-0006698,CUST-002806,18-Aug-2025,Processing,Mobile App,South Brianstad,WA
ORD-0011321,CUST-000894,2025-09-06,Delivered,Web,New Alexis,CA
ORD-0004235,CUST-002092,2026-06-17,Processing,Mobile App,Ianview,AZ
ORD-0002684,CUST-002167,2025-02-20,Delivered,Web,Lake Zacharyborough,TX
ORD-0007963,CUST-002486,2025-12-12,Delivered,Mobile App,Patrickburgh,WA
ORD-0003422,CUST-001261,2026-04-06,Delivered,Mobile App,North Raymond,NY
ORD-0010328,CUST-001782,2026-08-10,Processing,Web,New Rachel,AZ
ORD-0011413,CUST-000280,2025-11-09,Delivered,Web,Jasonport,MI
ORD-0010512,CUST-000965,2026-08-29,Placed,Marketplace,Port Aliciatown,NC
ORD-0009793,CUST-002349,2026-01-31,Placed,Web,New Kaylashire,IL
ORD-0001006,CUST-000835,09/02/2026,Delivered,Web,Johnsonmouth,PA
ORD-0002854,CUST-002335,2026-03-02,Processing,In-Store,North Kevin,FL
ORD-0006164,CUST-002189,2025-10-14,Shipped,Web,Hodgesfurt,AZ
ORD-0004792,CUST-002042,2026-03-18,Delivered,Web,,FL
ORD-0003524,CUST-002100,2026-05-03,Cancelled,Mobile App,West Josestad,PA
ORD-0007954,CUST-000862,2026-04-12,Delivered,Web,Youngview,MI
ORD-0001835,CUST-000747,2024-10-16,Delivered,Web,Shannonfort,GA
ORD-0003106,CUST-000840,2024-12-17,Delivered,Mobile App,North Raymondport,OH
ORD-0003298,CUST-001322,2024-11-08,delivered,Web,Porterborough,AZ
ORD-0008327,CUST-001706,2026-04-16,Returned,Web,North Laura,NY
ORD-0008458,CUST-001293,2025-11-23,Cancelled,In-Store,South Brian,WA
ORD-0005935,CUST-001246,2025-03-14,Shipped,Mobile App,West Christine,NC
ORD-0006798,CUST-001876,25-Sep-2025,Processing,In-Store,North Frances,OH
ORD-0005667,CUST-002605,2025-01-12,Processing,In-Store,Clarkside,CA
ORD-0003268,CUST-000268,2026-06-14,Processing,In-Store,Lake Michellemouth,TX
ORD-0002671,CUST-001118,2026-04-14,Processing,Mobile App,Daniellemouth,NC
ORD-0005363,CUST-000114,2026-06-05,Processing,Web,East Patrickville,CA
ORD-0000753,CUST-001776,2026-04-14,Processing,Mobile App,Robertville,NY
ORD-0006050,CUST-001350,2026-01-18,Shipped,Marketplace,West Michelleside,AZ
ORD-0003157,CUST-000714,2026-01-20,Delivered,In-Store,East William,IL
ORD-0008426,CUST-002040,2026-07-03,Processing,Web,Lake Tiffanymouth,MI
ORD-0001438,CUST-000918,2025-09-15,Delivered,Web,Jonesport,AZ
ORD-0000986,CUST-000272,2025-04-06,Shipped,Marketplace,Jessehaven,WA
ORD-0008328,CUST-002457,2026-01-08,Delivered,Web,East Taylorburgh,WA
ORD-0000829,CUST-001808,2026-07-16,Placed,Marketplace,Lake Jose,TX
ORD-0002131,CUST-002384,2025-04-08,Delivered,Mobile App,South Louischester,CA
ORD-0008205,CUST-001736,2026-04-12,Delivered,Mobile App,Gordonchester,NC
ORD-0005105,CUST-000008,2024-11-29,Delivered,Mobile App,West Martin,WA
ORD-0011783,CUST-002554,2025-03-25,Cancelled,Mobile App,South Zacharyhaven,PA
ORD-0005781,CUST-002505,03/18/2025,Shipped,Mobile App,West Brandon,FL
ORD-0006711,CUST-001138,2025-04-15,Delivered,Mobile App,Jeremyfort,IL
ORD-0001278,CUST-001286,2024-11-29,Returned,Mobile App,South Jennifer,FL
ORD-0000302,CUST-000110,2025-01-27,Delivered,Web,Hoovertown,GA
ORD-0006705,CUST-001077,2026-06-23,Cancelled,In-Store,South Traceychester,MI
ORD-0000303,CUST-002286,2025-03-11,delivered,Mobile App,Port Victoria,FL
ORD-0008711,CUST-001601,2025-04-14,Delivered,Mobile App,Michealmouth,PA
ORD-0011214,CUST-002586,2024-09-21,Delivered,Marketplace,Michelestad,OH
ORD-0004072,CUST-000006,2025-06-12,Processing,Mobile App,East Michael,PA
ORD-0002237,CUST-002992,2026-08-24,Shipped,Mobile App,West Jessica,IL
ORD-0002384,CUST-000171,2026-08-13,Placed,Marketplace,Michaelhaven,MI
ORD-0007336,CUST-000286,2026-05-05,Cancelled,Web,Michellebury,TX
ORD-0005687,CUST-001205,2026-07-12,Placed,Mobile App,South Adrian,NY
ORD-0007939,CUST-000773,2024-11-03,Placed,Web,Port Ashley,PA
ORD-0003815,CUST-002330,2026-03-07,Processing,Mobile App,Martinview,GA
ORD-0000177,CUST-002770,2026-06-02,Processing,Mobile App,North Allison,OH
ORD-0004806,CUST-000129,2026-08-12,Placed,Mobile App,New Michealville,FL
ORD-0011577,CUST-002035,2025-10-10,Processing,Marketplace,Brianachester,NY
ORD-0000841,CUST-000182,2025-07-26,Returned,Mobile App,Lake William,GA
ORD-0006256,CUST-002708,2026-09-04,Cancelled,Mobile App,East Morganton,MI
ORD-0006901,CUST-002411,2024-09-15,Shipped,Mobile App,Laurabury,GA
ORD-0006991,CUST-001700,2024-11-23,Shipped,Mobile App,West Matthew,WA
ORD-0005896,CUST-002653,2024-08-03,Delivered,Marketplace,North Carloshaven,NY
ORD-0006009,CUST-001438,2026-05-24,Returned,Web,Montgomeryfurt,MI
ORD-0004453,CUST-001180,2025-12-23,Delivered,Mobile App,North Heatherborough,CA
ORD-0005802,CUST-000956,2026-05-23,Placed,Web,Johnsonhaven,IL
ORD-0007237,CUST-001100,2026-03-06,Placed,Web,Theresastad,NY
ORD-0010866,CUST-002683,2026-01-22,Delivered,Web,Tammychester,MI
ORD-0005312,CUST-001219,2026-08-31,Delivered,Web,Josephstad,GA
ORD-0008352,CUST-001463,2025-02-17,Delivered,Web,,OH
ORD-0010761,CUST-001720,2026-08-16,Returned,Marketplace,New Johnland,AZ
ORD-0005376,CUST-002265,2025-06-19,Returned,Web,New Whitneyfurt,WA
ORD-0008290,CUST-002845,2026-01-03,Processing,Mobile App,Thompsonton,OH
ORD-0010837,CUST-001086,06-Dec-2023,Returned,Mobile App,Hansonhaven,WA
ORD-0001914,CUST-002483,2024-08-26,Delivered,Mobile App,East Carlosside,WA
ORD-0007028,CUST-001429,2026-07-24,Processing,Web,Rhondaville,CA
ORD-0003454,CUST-000609,2026-05-18,Placed,Marketplace,North Troybury,OH
ORD-0006679,CUST-002492,2025-09-22,Delivered,Mobile App,Lake Davidland,WA
ORD-0003561,CUST-001781,2026-06-16,Shipped,Mobile App,West Samuelfort,IL
ORD-0001617,CUST-001834,2026-08-25,delivered,Mobile App,Gomezland,PA
ORD-0009150,CUST-000294,2026-04-18,Cancelled,Web,Port Kristen,WA
ORD-0011546,CUST-002797,2025-12-28,Delivered,Marketplace,Robertport,OH
ORD-0005757,CUST-000239,2026-06-03,Delivered,Web,Brettborough,IL
ORD-0010605,CUST-000096,2026-08-21,Placed,Web,Lake Patriciaside,FL
ORD-0003350,CUST-000515,2025-06-01,Shipped,Marketplace,East William,TX
ORD-0011941,CUST-002803,2026-07-17,Delivered,Marketplace,Lake Kenneth,NY
ORD-0002140,CUST-001201,12/23/2025,Placed,Mobile App,North John,AZ
ORD-0003825,CUST-000199,2026-08-13,Delivered,In-Store,Owensshire,FL
ORD-0005627,CUST-002484,2026-04-23,Delivered,Mobile App,Nancyfort,IL
ORD-0009132,CUST-922254,2026-08-31,Processing,Mobile App,South Jesse,GA
ORD-0001749,CUST-000359,31-Aug-2026,Processing,Mobile App,Lake Lukeport,IL
ORD-0004386,CUST-002664,2025-05-29,Processing,In-Store,Lisaburgh,TX
ORD-0003178,CUST-001838,2024-04-20,Delivered,Mobile App,Port Jack,PA
ORD-0007155,CUST-001288,2026-06-30,Processing,Mobile App,North Deborahview,PA
ORD-0004832,CUST-000794,2026-07-23,Shipped,Mobile App,North Leslie,MI
ORD-0010527,CUST-001638,2026-04-24,Cancelled,Marketplace,Markmouth,AZ
ORD-0002016,CUST-989268,2024-04-14,Returned,Web,East David,AZ
ORD-0004061,CUST-001799,03/19/2026,Cancelled,Mobile App,South Danny,CA
ORD-0011792,CUST-001482,2026-07-28,Cancelled,Mobile App,Lake Maria,GA
ORD-0007907,CUST-001828,2026-03-24,Cancelled,Web,North Molly,AZ
ORD-0011047,CUST-001833,2025-04-30,Placed,Marketplace,East Ryanton,NC
ORD-0000219,CUST-000122,2026-03-25,Delivered,Web,Turnermouth,FL
ORD-0010681,CUST-001224,2024-04-26,Processing,Mobile App,South Tiffany,NC
ORD-0008592,CUST-000679,2025-12-05,Processing,Mobile App,Josephville,PA
ORD-0001949,CUST-001201,2026-06-08,Delivered,Mobile App,New Josephhaven,AZ
ORD-0004341,CUST-001809,2025-11-13,Delivered,Web,Davenportchester,CA
ORD-0003692,CUST-001210,2025-11-08,Processing,Web,Velasquezhaven,WA
ORD-0010883,CUST-001677,2026-09-05,Placed,Web,South Angelaburgh,AZ
ORD-0001826,CUST-000176,2025-10-21,Placed,Mobile App,West Stephanie,NY
ORD-0008702,CUST-000894,2025-05-05,Shipped,Mobile App,Rollinsville,AZ
ORD-0009636,CUST-000486,2025-06-07,Processing,Mobile App,Hernandezmouth,IL
ORD-0010525,CUST-000146,2025-10-20,Delivered,Web,Hortonstad,CA
ORD-0002607,CUST-001325,10/21/2025,Shipped,Marketplace,East Jessica,CA
ORD-0004253,CUST-001573,2026-05-01,Processing,Web,West Jeffrey,CA
ORD-0005750,CUST-002900,2026-06-02,Delivered,In-Store,New John,AZ
ORD-0005163,CUST-001395,2026-08-09,Cancelled,Web,Lake Lauraland,IL
ORD-0010199,CUST-000838,2024-05-18,Cancelled,In-Store,Adammouth,OH
ORD-0010969,CUST-001275,2024-12-20,Processing,Mobile App,Teresaberg,CA
ORD-0000395,CUST-000802,2026-06-26,Shipped,Web,Brittanystad,TX
ORD-0008544,CUST-002609,2026-03-29,Delivered,In-Store,Mcdonaldside,FL
ORD-0010871,CUST-002102,2026-02-13,Delivered,Marketplace,New Curtismouth,TX
ORD-0011280,CUST-001601,2025-06-07,Placed,Web,New Denise,MI
ORD-0009867,,2026-08-16,Shipped,In-Store,New Sarahberg,FL
ORD-0011134,CUST-000860,2026-08-28,Delivered,Web,North Seanfurt,AZ
ORD-0009526,CUST-000642,2026-08-03,cANCELLED,Marketplace,,OH
ORD-0003946,CUST-002519,2025-09-26,Processing,Web,South Peterstad,OH
ORD-0007333,CUST-000888,2026-09-02,Shipped,Mobile App,Port James,IL
ORD-0011016,CUST-000879,2026-06-01,Delivered,Marketplace,New Cynthia,GA
ORD-0000239,CUST-002762,2026-03-07,Returned,Marketplace,Joelport,MI
ORD-0005483,CUST-000805,2026-04-24,Returned,Web,South Joyview,FL
ORD-0001639,CUST-002879,2025-10-24,Shipped,Web,Matthewfurt,OH
ORD-0008641,CUST-000367,2026-05-17,Delivered,Web,Matthewfurt,FL
ORD-0001464,CUST-002427,31-Jul-2026,Shipped,Web,Jimmyfurt,NY
ORD-0009621,CUST-002163,2026-08-14,Returned,In-Store,Middletonburgh,IL
ORD-0007510,CUST-901321,2024-10-11,Delivered,Web,Hunterview,IL
ORD-0007833,CUST-002833,2025-07-06,Delivered,Web,East Johnville,AZ
ORD-0007352,CUST-000966,2025-02-21,Cancelled,Mobile App,Port Michael,MI
ORD-0005185,CUST-002356,2025-03-10,Shipped,Web,Christyland,FL
ORD-0001932,CUST-000471,2025-08-03,Delivered,Web,Wandastad,NY
ORD-0002379,CUST-002530,2025-08-17,Processing,Mobile App,Melissaburgh,CA
ORD-0006678,CUST-001515,2026-04-20,returned,Mobile App,Port Douglas,FL
ORD-0009933,CUST-000410,2026-03-04,Delivered,Web,Port Melissa,AZ
ORD-0000774,CUST-002760,2026-05-30,Placed,Mobile App,Williamsonton,TX
ORD-0007099,CUST-001185,2025-10-11,Shipped,Mobile App,Garzaside,CA
ORD-0005374,CUST-000415,2026-06-07,Delivered,Web,North Tara,FL
ORD-0002687,CUST-000831,2025-05-04,Processing,Web,,NY
ORD-0009370,CUST-000077,2026-02-17,Processing,Marketplace,Lake Evanshire,FL
ORD-0003559,CUST-000543,2026-01-24,Placed,Web,North Katrinastad,TX
ORD-0011168,CUST-000333,2026-04-16,Shipped,Web,Leefurt,GA
ORD-0003347,CUST-001527,2026-04-17,Placed,Web,Pughton,FL
ORD-0011103,CUST-001924,2025-09-08,Processing,Web,Port Nathan,NY
ORD-0003731,CUST-000223,2026-03-29,Processing,Web,Gomezmouth,TX
ORD-0001544,CUST-001879,2026-06-03,Placed,Web,Sandraburgh,TX
ORD-0005661,CUST-002503,2025-11-28,Delivered,Web,West Laura,AZ
ORD-0002067,CUST-000310,2026-01-05,Processing,Web,Port Monica,OH
ORD-0009244,CUST-002259,2025-06-27,Shipped,Marketplace,East Kelsey,IL
ORD-0010166,CUST-001419,2025-05-22,Shipped,In-Store,Timothyshire,FL
ORD-0009422,CUST-000045,2026-08-09,Processing,Web,Christopherchester,GA
ORD-0006615,CUST-001355,2026-03-07,Shipped,Mobile App,East Bridgetside,WA
ORD-0007875,CUST-002633,2025-04-16,Delivered,Web,Davidmouth,GA
ORD-0008471,CUST-000791,2024-05-15,Delivered,Web,Lake Robinside,OH
ORD-0001975,CUST-000528,2025-09-09,Cancelled,In-Store,Hicksport,WA
ORD-0009067,CUST-002279,2026-07-30,Delivered,Web,Whitefort,GA
ORD-0004550,CUST-002364,2024-10-21,Processing,Web,Kimberlyland,OH
ORD-0003769,CUST-002347,13-Oct-2025,Delivered,Marketplace,Port Rachel,OH
ORD-0004928,CUST-002256,2025-02-27,Returned,Marketplace,Hernandezville,WA
ORD-0001728,CUST-000069,2025-03-18,Delivered,Web,Laurafurt,IL
ORD-0005384,CUST-002304,2026-01-23,Delivered,Web,Port Jeffrey,NY
ORD-0009228,CUST-000876,2025-05-15,Delivered,Web,New Dorothyburgh,NC
ORD-0003773,CUST-001147,2025-10-31,Returned,Mobile App,North Ericland,GA
ORD-0011045,CUST-001186,2026-03-31,Returned,Mobile App,,MI
ORD-0006060,CUST-000516,2025-03-04,Shipped,Web,Lake George,AZ
ORD-0000116,CUST-002711,2026-02-08,Delivered,Web,Lake Diana,FL
ORD-0005190,CUST-000695,2026-08-30,Shipped,Mobile App,Lake Jorge,AZ
ORD-0006921,CUST-001586,2026-07-22,Cancelled,Web,Howardberg,NY
ORD-0005718,CUST-000176,2026-02-26,Delivered,Mobile App,Brandyburgh,WA
ORD-0002918,CUST-000172,"April 13, 2026",Delivered,Web,West Josephmouth,NY
ORD-0004741,CUST-000895,12/01/2024,DELIVERED,Web,South Dustinmouth,AZ
ORD-0011052,CUST-002658,2025-03-10,Delivered,Web,Murillofurt,CA
ORD-0008521,CUST-001068,2025-01-16,Shipped,Web,North Williammouth,NY
ORD-0006786,CUST-002059,2025-09-05,Processing,Web,Kathleenburgh,WA
ORD-0002013,,2026-01-26,Delivered,Web,Kristinaburgh,TX
ORD-0008055,CUST-001624,2026-05-14,Delivered,Marketplace,West Davidside,TX
ORD-0007452,,2026-04-05,Delivered,Web,West Aaron,OH
ORD-0010009,CUST-000217,2026-01-27,processing,Web,Yvonneton,MI
ORD-0008671,CUST-002001,2026-05-23,Delivered,Marketplace,Martinview,CA
ORD-0010216,CUST-000340,2026-08-09,Cancelled,Mobile App,Trevinoburgh,FL
ORD-0004927,CUST-002624,2024-05-27,Processing,Mobile App,South Lindastad,CA
ORD-0006292,CUST-002474,05/28/2025,Delivered,Web,Lewisville,PA
ORD-0002602,,2026-09-01,Shipped,Web,Port Josephhaven,NC
ORD-0011188,CUST-000132,2025-10-27,Processing,Mobile App,New Jayfurt,GA
ORD-0010552,CUST-001204,2026-06-22,DELIVERED,Marketplace,Goodmouth,NY
ORD-0000007,,2025-10-05,Processing,Web,Sandraburgh,FL
ORD-0001034,CUST-002606,2025-02-13,Processing,Mobile App,Stewartton,AZ
ORD-0000729,CUST-000112,2026-07-11,Delivered,Marketplace,,IL
ORD-0009940,CUST-002405,2024-09-02,Processing,Web,Stanleyfort,AZ
ORD-0008951,CUST-000742,2025-05-31,Delivered,Web,Michaelchester,AZ
ORD-0001492,CUST-001227,2025-11-20,Placed,Web,Edwardville,NC
ORD-0001851,CUST-000754,2026-05-26,pLACED,Mobile App,West Benjaminside,MI
ORD-0008745,CUST-000060,2026-05-22,Shipped,Web,Perkinshaven,OH
ORD-0000061,CUST-001632,2024-02-04,Shipped,In-Store,Robertsview,WA
ORD-0002873,CUST-001329,2026-02-12,Shipped,Web,North Jessicafort,IL
ORD-0001896,CUST-000186,2026-01-07,Shipped,Web,Grimesmouth,MI
ORD-0005769,CUST-001428,2026-07-08,Cancelled,Marketplace,South Williemouth,WA
ORD-0005421,CUST-000369,2024-04-04,Returned,Web,North Mariahshire,FL
ORD-0007085,CUST-000849,2026-07-11,Processing,Web,New Wayne,NY
ORD-0011478,CUST-000645,2025-10-25,Delivered,Web,Wolfeshire,WA
ORD-0001772,,2026-06-28,Delivered,Mobile App,Monicahaven,GA
ORD-0010396,CUST-002734,2024-12-16,Shipped,Web,Waltersbury,TX
ORD-0011811,CUST-001344,2024-11-11,Processing,Marketplace,West Catherineville,FL
ORD-0004019,CUST-001715,2026-07-09,Placed,Web,North Heather,NY
ORD-0009584,CUST-000529,2026-07-06,Processing,Mobile App,Lake Evanside,PA
ORD-0011307,CUST-001719,2025-09-24,Delivered,Web,Stevenborough,PA
ORD-0011325,CUST-001860,2025-12-04,Placed,Web,North Angela,NC
ORD-0010339,CUST-001445,2026-07-09,Processing,Mobile App,Jeremiahmouth,FL
ORD-0003700,CUST-001715,2026-07-05,Delivered,Web,East Rosemouth,WA
ORD-0002102,CUST-002772,2025-10-31,Placed,Mobile App,South Courtneyland,NY
ORD-0001152,CUST-001575,2025-06-28,Shipped,Web,Tamaraburgh,TX
ORD-0006047,CUST-001872,2025-10-05,Shipped,Marketplace,Paulaside,MI
ORD-0006440,CUST-001219,2026-08-23,Returned,Mobile App,North Robertmouth,NY
ORD-0003122,CUST-002936,2026-01-09,Returned,Mobile App,New David,PA
ORD-0007685,CUST-000613,2026-04-30,Delivered,Web,Kimfort,TX
ORD-0001680,CUST-002101,2025-06-19,Returned,Marketplace,West Gregory,NY
ORD-0004084,CUST-000451,2024-09-05,Delivered,Web,West Raymondtown,AZ
ORD-0003639,CUST-000305,2026-03-18,Placed,Web,Alejandroshire,NY
ORD-0010773,CUST-001138,2025-08-06,Delivered,Web,,NY
ORD-0005739,CUST-001982,2026-05-14,Delivered,In-Store,West Sonya,NC
ORD-0008970,CUST-002162,2025-10-08,Shipped,Web,South Kevinmouth,TX
ORD-0002000,CUST-001414,2025-06-14,Placed,Mobile App,Port Ashleyborough,MI
ORD-0000030,CUST-002819,2025-05-24,Delivered,Web,Thompsonport,TX
ORD-0000780,CUST-000887,2024-11-29,Delivered,Web,,NY
ORD-0001699,CUST-000491,2026-04-29,Delivered,In-Store,East Daniellechester,OH
ORD-0000235,CUST-002390,2026-02-08,Delivered,In-Store,Coxburgh,AZ
ORD-0002939,CUST-000146,2026-08-16,Processing,Web,Kingfort,PA
ORD-0000423,CUST-000066,2025-12-16,Delivered,Mobile App,Victorton,WA
ORD-0005657,CUST-001345,2025-05-15,Delivered,Web,Riosshire,NY
ORD-0000447,CUST-002229,2026-05-25,Processing,Web,West Kurt,TX
ORD-0005092,CUST-000827,2026-05-07,Delivered,Mobile App,Bowmanport,TX
ORD-0010903,CUST-002645,2026-06-10,Shipped,Mobile App,,MI
ORD-0000259,CUST-000744,2026-02-26,Cancelled,Marketplace,South Kimberly,NC
ORD-0005192,CUST-001444,2024-11-23,Delivered,Web,Lake Cynthiaberg,CA
ORD-0003806,CUST-002336,2026-03-22,Placed,Mobile App,North Lancehaven,FL
ORD-0010076,CUST-002151,2026-08-13,Processing,In-Store,Sarahport,CA
ORD-0006733,CUST-000793,2026-01-17,Shipped,Mobile App,Kellyland,MI
ORD-0009716,CUST-001844,2026-08-22,Placed,Marketplace,Port Mary,NY
ORD-0002096,CUST-001823,2026-07-08,Shipped,Web,South Brandiborough,MI
ORD-0006029,CUST-000381,2025-07-11,Delivered,Mobile App,Torresville,IL
ORD-0000085,CUST-000804,2026-05-26,Delivered,In-Store,Craigberg,IL
ORD-0011882,CUST-001013,2026-04-24,Delivered,Mobile App,West Kristy,GA
ORD-0009242,CUST-001785,2025-12-07,Delivered,Web,South Audrey,WA
ORD-0003306,CUST-001568,2026-03-05,Shipped,Web,Shaneview,NC
ORD-0006245,CUST-000091,2025-10-28,Shipped,In-Store,Hernandeztown,IL
ORD-0008466,CUST-000607,2024-05-14,Shipped,Mobile App,Reedmouth,MI
ORD-0001849,CUST-002572,2025-08-16,Placed,Marketplace,Coleberg,MI
ORD-0004620,CUST-002323,2025-04-05,Delivered,Web,South Tiffanyfurt,FL
ORD-0009673,CUST-000769,2024-06-23,Delivered,Mobile App,South Luisshire,OH
ORD-0010521,CUST-000520,2026-09-02,Processing,Web,South Joan,OH
ORD-0005029,CUST-002360,2025-08-05,Shipped,Marketplace,East Yvonneville,WA
ORD-0008042,CUST-001095,"October 15, 2025",Processing,Marketplace,Murphyview,AZ
ORD-0009418,CUST-002076,2025-04-25,Shipped,In-Store,Danielport,NC
ORD-0000497,CUST-920221,2026-03-07,Delivered,Mobile App,Serranoport,CA
ORD-0008773,CUST-000527,2026-08-02,Delivered,Mobile App,North Christopher,GA
ORD-0001763,CUST-002540,2025-05-27,Shipped,Marketplace,North Justinton,NY
ORD-0002323,CUST-002718,2026-08-09,Delivered,Mobile App,Port Mary,PA
ORD-0009967,CUST-000151,2026-08-15,Shipped,Marketplace,New David,PA
ORD-0001363,CUST-001053,2026-08-20,Cancelled,Mobile App,West Teresa,AZ
ORD-0010632,CUST-000479,2025-08-02,Shipped,Web,Rhondafort,MI
ORD-0011776,CUST-000633,2026-08-15,Processing,Marketplace,Lake James,AZ
ORD-0007845,CUST-002763,2026-04-08,Processing,Web,Maddenton,TX
ORD-0007308,CUST-002575,2024-02-28,Cancelled,Web,Karenside,AZ
ORD-0003254,CUST-000046,2026-02-15,Cancelled,Mobile App,Beckside,NY
ORD-0000929,CUST-002965,2026-02-06,Returned,Marketplace,Douglasside,OH
ORD-0008810,CUST-002311,2026-08-26,Shipped,Web,Danielstad,MI
ORD-0009103,CUST-002252,2025-11-10,Shipped,Web,South Paigestad,IL
ORD-0007861,CUST-001206,"June 01, 2026",Shipped,Mobile App,South Kennethfurt,NY
ORD-0008690,CUST-001571,2025-01-14,Delivered,Mobile App,West Arianaton,NY
ORD-0010323,CUST-001079,2024-08-22,Shipped,Web,Delgadoborough,PA
ORD-0005141,CUST-001248,2026-04-08,Placed,Web,West Shannon,PA
ORD-0005964,CUST-001224,2024-12-08,Delivered,Web,Carterton,FL
ORD-0005112,CUST-002300,2026-04-21,dELIVERED,Mobile App,Kyleside,CA
ORD-0006048,CUST-002009,2026-07-31,Placed,Web,Nicoleborough,NY
ORD-0001392,CUST-000816,2026-01-23,Placed,Web,Port Douglas,AZ
ORD-0009816,CUST-001697,2025-11-25,Placed,Web,New Derricktown,IL
ORD-0004519,CUST-002572,2025-10-25,Cancelled,Marketplace,Cathyside,OH
ORD-0001221,CUST-902496,2025-04-24,Delivered,Web,West Kathryn,WA
ORD-0005756,CUST-000572,2026-07-08,Placed,In-Store,West Kevinside,PA
ORD-0009969,CUST-002540,2026-08-13,Processing,Web,Madisonfort,GA
ORD-0011741,CUST-002422,2025-10-06,Delivered,Mobile App,Port Richardside,GA
ORD-0005995,CUST-000738,2025-05-15,Processing,Marketplace,Meganbury,CA
ORD-0010702,CUST-001027,2025-05-11,Processing,Mobile App,West Tonyahaven,FL
ORD-0003124,CUST-001724,2026-08-09,Delivered,Mobile App,New Michelletown,CA
ORD-0011150,CUST-001927,2025-05-27,Shipped,Web,East Jean,GA
ORD-0001818,CUST-001951,2026-04-06,Placed,Mobile App,Welchburgh,NC
ORD-0009830,CUST-001274,2024-12-09,Cancelled,Web,Lake Josephstad,PA
ORD-0009106,CUST-000842,2024-11-06,Returned,Mobile App,North Benjamin,TX
ORD-0001566,CUST-002065,2024-10-09,Shipped,Web,New Mercedesmouth,TX
ORD-0000517,CUST-000010,2026-05-27,Delivered,Mobile App,Lake Paulton,NC
ORD-0007006,CUST-001807,2025-03-03,Cancelled,Web,Christinahaven,WA
ORD-0000968,CUST-002290,2025-06-03,Cancelled,Marketplace,Gainesbury,NC
ORD-0005094,CUST-001920,2025-12-12,Cancelled,Web,North Heather,IL
ORD-0008554,CUST-002189,2026-05-15,Cancelled,Mobile App,Mcintyrechester,MI
ORD-0007213,CUST-000123,2025-11-24,Placed,Web,Yorkton,GA
ORD-0008107,CUST-000359,2026-08-29,Delivered,Mobile App,Port Michaelview,PA
ORD-0009745,CUST-002092,2026-05-01,Delivered,In-Store,Port Katherine,OH
ORD-0000836,CUST-000962,2026-08-11,Delivered,In-Store,Natalieburgh,TX
ORD-0009939,CUST-002445,2023-11-07,Cancelled,Web,New Meganland,OH
ORD-0000374,CUST-002304,2026-04-13,Placed,Mobile App,East John,IL
ORD-0010943,CUST-002261,2025-06-17,Processing,Mobile App,West Shaunberg,AZ
ORD-0011895,CUST-002158,2024-05-22,Delivered,Marketplace,Ashleyfort,OH
ORD-0001784,CUST-002014,2026-03-25,Delivered,Web,West Bethany,WA
ORD-0005787,CUST-000753,2025-09-24,Processing,Mobile App,Robertsontown,AZ
ORD-0011458,CUST-002304,2026-05-26,Delivered,Marketplace,Gonzalesburgh,IL
ORD-0009306,CUST-001712,2026-08-17,Placed,Web,Tanyaport,AZ
ORD-0000534,CUST-000899,24-Jan-2024,Processing,Web,Carlsonberg,WA
ORD-0006113,CUST-002284,2026-04-28,Shipped,Mobile App,Shellyside,PA
ORD-0011535,CUST-001740,2025-03-20,Shipped,Mobile App,Lindseyland,CA
ORD-0011879,CUST-002547,2026-01-18,Delivered,Web,Amychester,OH
ORD-0003341,,2025-12-09,Shipped,Web,Lindsayshire,NC
ORD-0000983,CUST-002297,2024-11-23,Placed,Mobile App,,CA
ORD-0002852,CUST-000421,2026-06-19,Shipped,Web,New Cynthia,PA
ORD-0002984,CUST-001901,2026-08-06,Processing,Web,Lauriemouth,TX
ORD-0009800,CUST-001904,2026-08-18,Shipped,In-Store,South Regina,AZ
ORD-0000215,CUST-002147,2026-08-05,Delivered,Web,Christopherstad,CA
ORD-0009702,CUST-001207,2026-05-26,Placed,Web,Boothbury,OH
ORD-0011434,CUST-000113,2026-02-02,Shipped,Mobile App,Lake Cory,GA
ORD-0005637,CUST-002867,2024-12-20,Placed,Web,Mcfarlandhaven,GA
ORD-0001535,CUST-002482,2026-06-15,Delivered,Mobile App,Port Kevin,GA
ORD-0002778,CUST-000359,2026-07-23,Placed,In-Store,Lisafurt,AZ
ORD-0005835,CUST-946567,2026-06-16,Delivered,Marketplace,Port Heatherborough,NY
ORD-0009265,CUST-912461,2024-07-21,Shipped,Mobile App,,CA
ORD-0011688,CUST-002060,2025-02-21,Delivered,Marketplace,Jacobsmouth,NY
ORD-0009296,,2025-10-23,Delivered,Marketplace,Ricardoshire,GA
ORD-0005597,CUST-000485,2026-08-04,DELIVERED,Mobile App,West Jessica,OH
ORD-0008816,,2025-06-09,Shipped,Mobile App,,MI
ORD-0008420,CUST-000248,2026-07-05,Delivered,Mobile App,Davidmouth,GA
ORD-0001264,CUST-001200,2026-06-23,Delivered,Mobile App,Royland,MI
ORD-0001404,CUST-000227,2025-04-11,Processing,Web,Lake Lindsayville,NY
ORD-0007445,CUST-001803,2026-05-02,Processing,In-Store,Port Emily,IL
ORD-0003046,CUST-002871,2026-08-05,Placed,Marketplace,Lindseyhaven,FL
ORD-0002795,CUST-001372,2025-09-09,Placed,Marketplace,North Edwardside,GA
ORD-0002496,CUST-001127,2026-04-13,Processing,Mobile App,Cochranside,AZ
ORD-0009935,CUST-001803,2026-05-19,Placed,Web,Port Courtney,MI
ORD-0004970,CUST-000700,2026-07-10,Delivered,Marketplace,North Teresaland,CA
ORD-0001250,CUST-001837,2026-02-09,Shipped,Web,North Kellyland,NC
ORD-0003984,CUST-000286,2025-09-09,Shipped,Marketplace,Michaelberg,TX
ORD-0001273,CUST-002044,2025-01-31,Shipped,Web,Lake Natasha,PA
ORD-0005792,CUST-001076,04/13/2026,processing,Web,Lake Ianstad,IL
ORD-0010559,CUST-000797,31-Aug-2026,Placed,Mobile App,Port Ralphburgh,NC
ORD-0000578,CUST-002504,2026-05-26,Placed,In-Store,,FL
ORD-0005815,CUST-001312,2026-08-22,Delivered,Web,East Patricia,FL
ORD-0003325,CUST-001514,2025-11-09,Processing,Web,East Rebecca,WA
ORD-0005093,CUST-002457,10/11/2025,Shipped,Mobile App,Michaelberg,OH
ORD-0011884,CUST-000479,2026-04-18,Delivered,Web,Josephville,CA
ORD-0002307,CUST-002522,2025-02-28,Processing,Mobile App,Masonmouth,GA
ORD-0005057,CUST-002066,2025-12-04,Cancelled,Web,South Tracistad,OH
ORD-0001632,CUST-000784,2025-09-20,Shipped,Web,Aaronton,WA
ORD-0005103,CUST-000909,2026-06-19,Delivered,Mobile App,Castrochester,IL
ORD-0004769,CUST-001645,2026-03-29,Placed,Web,Lake Michaelchester,WA
ORD-0011599,CUST-000672,2026-09-03,Cancelled,Mobile App,Lake Jesse,OH
ORD-0010838,CUST-000051,2026-03-08,Processing,Marketplace,Stevenbury,GA
ORD-0006270,CUST-001795,2025-11-04,Delivered,Marketplace,Lake Tyrone,NY
ORD-0008065,CUST-001817,2026-02-28,Delivered,Mobile App,West Jesus,IL
ORD-0009521,CUST-002404,2025-08-07,Delivered,Web,Ericshire,IL
ORD-0003712,CUST-000764,2026-05-24,Processing,Mobile App,Linfort,AZ
ORD-0002666,CUST-002488,2026-08-02,Cancelled,Web,Reyesbury,NC
ORD-0010374,CUST-000122,2026-01-13,Delivered,Mobile App,Lake Normanview,NC
ORD-0009095,CUST-001659,2026-04-01,Returned,Web,Audreyside,PA
ORD-0003851,CUST-002513,2026-06-22,Delivered,In-Store,West Austin,WA
ORD-0002122,CUST-001494,2026-05-01,Delivered,Mobile App,Stephensland,WA
ORD-0000194,CUST-001580,2025-06-27,Delivered,Web,Daviesberg,GA
ORD-0010758,CUST-001694,2026-03-22,Delivered,Web,Lake Jennifermouth,NY
ORD-0005677,CUST-002591,2026-02-07,Delivered,Web,South Melissa,TX
ORD-0005983,CUST-001191,2026-08-28,Shipped,In-Store,New Lauraland,NY
ORD-0006217,CUST-002974,2024-10-23,Cancelled,Web,New Stephanieside,AZ
ORD-0003665,CUST-001530,2026-02-03,Shipped,Web,West Jeffreyland,NY
ORD-0005588,CUST-000721,2026-06-02,Delivered,Marketplace,Lake Suzanne,IL
ORD-0004117,CUST-002137,2026-08-24,Placed,Mobile App,Mcintoshbury,PA
ORD-0001149,CUST-001667,2025-07-12,shipped,Mobile App,South Justinshire,OH
ORD-0006804,CUST-002672,2025-11-07,Shipped,Web,Christinahaven,CA
ORD-0004790,CUST-002757,2025-08-06,Delivered,Marketplace,,GA
ORD-0005080,CUST-002593,2026-06-19,Placed,Mobile App,East Curtisside,TX
ORD-0003299,CUST-000400,2025-11-21,Delivered,Web,Walkerburgh,MI
ORD-0009118,CUST-001963,2025-05-29,Delivered,Web,Taylorport,OH
ORD-0007913,CUST-000531,2026-09-02,Processing,Mobile App,Delgadotown,FL
ORD-0001485,CUST-002848,2026-05-03,Delivered,Web,North Jason,PA
ORD-0008347,CUST-000620,2026-06-11,pLACED,Web,Caldwellville,CA
ORD-0011444,CUST-001317,2024-07-08,Delivered,Mobile App,Carterside,WA
ORD-0002156,CUST-001681,2026-08-01,Delivered,In-Store,Jamesstad,FL
ORD-0009260,CUST-002571,2026-07-12,Shipped,Mobile App,Michaelmouth,TX
ORD-0010590,CUST-002147,2026-06-30,Shipped,Mobile App,West Peggytown,GA
ORD-0001571,CUST-000976,2026-04-12,Cancelled,In-Store,Lake Jonathan,MI
ORD-0009146,CUST-000220,2026-07-29,Processing,Web,Kathyshire,NC
ORD-0010847,CUST-000951,2025-07-10,Delivered,Marketplace,Billfurt,PA
ORD-0010413,CUST-000189,2024-06-06,Returned,Mobile App,Port Ashley,CA
ORD-0006752,CUST-001501,2026-07-27,Delivered,Marketplace,Lake Paul,NY
ORD-0010994,CUST-002067,2026-08-20,Delivered,Web,Colinport,NC
ORD-0007373,CUST-002572,2025-11-03,Shipped,Marketplace,Whitneymouth,GA
ORD-0000879,CUST-000075,2025-06-30,Placed,Web,South Marychester,MI
ORD-0007760,CUST-001871,2024-08-27,DELIVERED,Mobile App,New Ashleyborough,CA
ORD-0005126,CUST-000646,2026-07-06,Shipped,Marketplace,Williamview,OH
ORD-0010971,CUST-000678,2026-01-24,Delivered,Mobile App,New Ian,GA
ORD-0006046,CUST-002386,2026-04-29,Placed,In-Store,Morganmouth,NC
ORD-0009679,CUST-000181,2026-07-18,Processing,Web,Kevinfort,WA
ORD-0002478,CUST-002433,2026-08-10,Delivered,Marketplace,,CA
ORD-0000136,CUST-000050,2026-09-01,Delivered,Web,Port Timothymouth,AZ
ORD-0000610,CUST-000090,03/18/2026,Placed,Web,Monicaborough,NC
ORD-0007491,CUST-000860,2026-08-29,Delivered,Marketplace,North Kimberly,PA
ORD-0003526,CUST-000265,2026-08-29,Delivered,Web,Stevenfort,FL
ORD-0005652,CUST-000975,2025-12-05,Shipped,Web,North Melanie,MI
ORD-0007810,CUST-002101,2024-07-19,Shipped,Mobile App,Stephenchester,OH
ORD-0003785,CUST-001520,2026-08-02,Delivered,Marketplace,,TX
ORD-0001296,CUST-002648,2026-04-23,Delivered,Mobile App,Martinborough,AZ
ORD-0010978,CUST-000104,2025-07-26,Delivered,Marketplace,South Michael,MI
ORD-0007635,CUST-002990,07/09/2026,Cancelled,Marketplace,West Linda,OH
ORD-0004384,CUST-000439,2026-06-28,Delivered,Mobile App,Jessicastad,CA
ORD-0002274,CUST-000776,2025-02-03,Delivered,Web,South Kenneth,NC
ORD-0002425,CUST-001550,2026-07-05,Placed,Mobile App,Stevenfurt,TX
ORD-0011343,CUST-002112,2026-07-26,Cancelled,Marketplace,West Rebecca,CA
ORD-0003751,CUST-000603,2026-08-29,Cancelled,Mobile App,North Coreyside,TX
ORD-0011316,CUST-001345,2026-03-10,Processing,Marketplace,Michellestad,OH
ORD-0008459,CUST-001514,2026-01-28,Delivered,Web,North Scotthaven,NY
ORD-0003534,CUST-000376,2025-12-09,Delivered,Marketplace,East Briannatown,NC
ORD-0001309,CUST-000475,2026-05-01,Shipped,Web,Marthaport,AZ
ORD-0004070,CUST-002486,2025-06-21,Delivered,Marketplace,Millerhaven,NY
ORD-0000604,CUST-001970,2024-09-12,Shipped,Mobile App,West Leemouth,CA
ORD-0008097,CUST-001107,2026-08-18,Cancelled,Mobile App,Wilsonmouth,GA
ORD-0008061,CUST-000980,2026-08-20,Cancelled,Web,Hernandezfort,TX
ORD-0003381,CUST-001057,2025-12-01,Shipped,Web,Dennisfort,PA
ORD-0003857,CUST-002439,2026-03-05,Cancelled,Mobile App,South Nicholaston,GA
ORD-0004259,CUST-001484,2026-03-01,Shipped,Mobile App,Port Lynn,TX
ORD-0005503,CUST-002137,2026-08-17,Processing,Marketplace,Jacquelinemouth,NY
ORD-0010225,CUST-000634,2026-05-18,Shipped,In-Store,Woodstown,OH
ORD-0000131,CUST-000116,"April 06, 2026",Cancelled,Marketplace,South Raymondshire,WA
ORD-0008543,CUST-000221,2025-07-26,Delivered,Mobile App,Jonesmouth,GA
ORD-0009879,CUST-000419,2025-10-13,Delivered,Web,Watersstad,AZ
ORD-0009452,CUST-002286,2026-06-30,Cancelled,Web,Duffychester,FL
ORD-0001661,CUST-000685,2026-08-21,Delivered,In-Store,Johnstonchester,FL
ORD-0008401,CUST-002222,2026-01-06,Delivered,In-Store,Katrinaville,FL
ORD-0002480,CUST-001784,2026-06-28,Shipped,Marketplace,South Jasmine,PA
ORD-0000448,CUST-001716,"November 07, 2025",Shipped,In-Store,Lawsonborough,CA
ORD-0005481,CUST-002802,2024-12-24,Returned,In-Store,Bridgesburgh,CA
ORD-0005682,CUST-001094,2026-02-10,Shipped,Mobile App,South Sheila,TX
ORD-0006593,CUST-001901,2026-07-31,Delivered,Mobile App,East Clarence,NC
ORD-0002455,CUST-002081,2026-05-18,Delivered,Mobile App,Alexanderbury,AZ
ORD-0011566,CUST-001621,2026-01-31,Placed,Mobile App,Bennettfort,MI
ORD-0007258,CUST-000231,2025-05-28,Delivered,Web,Johnsonberg,AZ
ORD-0005471,CUST-001274,2024-04-20,Processing,Marketplace,South Margaretview,AZ
ORD-0004615,CUST-002444,2026-08-20,Processing,Marketplace,Gonzalezside,MI
ORD-0001426,CUST-001143,2024-10-07,Processing,Marketplace,Alexville,CA
ORD-0001934,CUST-002015,2026-08-31,Shipped,Mobile App,Jenniferside,PA
ORD-0003614,CUST-001949,2025-09-08,Placed,In-Store,Josephton,PA
ORD-0005801,CUST-000043,2026-05-30,Placed,Mobile App,Marshallview,FL
ORD-0007531,CUST-000028,2025-08-30,Processing,Mobile App,New Trevor,WA
ORD-0009002,CUST-002690,20-Aug-2026,Processing,Web,Lindseyhaven,NC
ORD-0000071,CUST-980086,2024-12-05,Delivered,Web,Wellsberg,NC
ORD-0008575,CUST-001104,2026-07-25,Delivered,In-Store,Davischester,GA
ORD-0007162,CUST-002073,2025-09-21,Delivered,Web,New Kathrynbury,NY
ORD-0007646,CUST-002777,2026-07-19,Delivered,Mobile App,North Monica,WA
ORD-0005991,CUST-002164,2025-01-01,Shipped,Mobile App,South Jessicashire,TX
ORD-0004859,CUST-000151,2026-08-16,Placed,Web,Port Daniel,IL
ORD-0004590,CUST-002729,2024-09-07,Processing,Web,East Ricardohaven,IL
ORD-0001375,CUST-002675,2026-06-09,Cancelled,Web,Joshuaport,PA
ORD-0008113,CUST-000867,15-Mar-2026,Shipped,Web,Lake Erin,AZ
ORD-0002472,CUST-002936,2025-12-10,Delivered,Web,North Susan,FL
ORD-0001502,CUST-002888,2026-05-22,Placed,Mobile App,West Ryanville,PA
ORD-0006406,CUST-002476,2026-09-03,Shipped,Web,Valeriebury,MI
ORD-0000547,CUST-002815,2026-05-12,Delivered,Web,Rogerston,NY
ORD-0004389,CUST-001413,2026-08-13,Delivered,Web,Nicolehaven,FL
ORD-0008481,CUST-000517,"October 03, 2025",Cancelled,Marketplace,Williamsland,CA
ORD-0009257,CUST-000636,2026-07-23,Processing,In-Store,Petersonborough,NY
ORD-0006327,CUST-001085,2025-09-05,Delivered,Mobile App,Robertston,OH
ORD-0006265,CUST-002894,2026-04-26,Cancelled,Mobile App,New Robert,IL
ORD-0005128,CUST-001202,2026-01-18,Cancelled,Marketplace,Port Jesseview,MI
ORD-0005074,,2026-04-15,Delivered,Mobile App,Murphyport,TX
ORD-0011104,CUST-000473,2026-03-20,Delivered,Web,Butlertown,NC
ORD-0008460,CUST-002978,2026-09-04,Placed,Mobile App,Port Jennifer,CA
ORD-0005344,CUST-002184,2026-05-06,Processing,Mobile App,Arnoldmouth,NY
ORD-0003641,CUST-002145,03-Jul-2025,Shipped,Mobile App,South Matthewhaven,GA
ORD-0000583,CUST-002832,2026-04-03,Delivered,Mobile App,New Josefurt,CA
ORD-0006805,CUST-000116,2026-03-08,Processing,Marketplace,Nicolemouth,TX
ORD-0000377,CUST-001964,2025-07-26,Shipped,Web,Lake Meganton,NC
ORD-0003516,CUST-000172,2026-04-09,Cancelled,Mobile App,,OH
ORD-0009957,CUST-001924,2024-10-07,Delivered,Mobile App,North Elizabethmouth,MI
ORD-0007433,CUST-001523,2026-03-19,Shipped,Web,Susanville,TX
ORD-0007123,CUST-002680,2026-09-04,Cancelled,Web,Wallerberg,MI
ORD-0010634,CUST-001960,2025-05-25,Cancelled,In-Store,East Codyview,OH
ORD-0011957,CUST-000283,2026-01-24,Delivered,Marketplace,New Stephaniebury,CA
ORD-0005944,CUST-000580,2026-03-14,Delivered,Web,East Maryport,TX
ORD-0007554,CUST-000384,2026-09-03,Placed,Mobile App,Peterston,FL
ORD-0006938,CUST-002547,2026-04-10,Delivered,Web,West Shelby,OH
ORD-0005138,CUST-000546,2026-07-14,Shipped,Marketplace,Reedburgh,TX
ORD-0007922,CUST-002015,2026-07-04,Delivered,Mobile App,Troybury,OH
ORD-0000154,CUST-001312,16-Jul-2026,Shipped,In-Store,Tracyhaven,PA
ORD-0005746,CUST-001047,2025-07-31,Shipped,Web,Alexandraton,MI
ORD-0000995,CUST-002566,2026-02-19,Placed,Web,Charlesside,NY
ORD-0007899,CUST-000437,"July 19, 2026",Processing,Web,Lake Felicia,NC
ORD-0008230,CUST-000929,2026-07-28,Delivered,In-Store,East Robin,PA
ORD-0009631,CUST-002080,2025-08-21,Placed,Mobile App,South Raymondview,WA
ORD-0005017,CUST-002407,2026-05-01,Delivered,Mobile App,Jonesside,AZ
ORD-0004553,CUST-002460,2026-03-27,Processing,Web,West Cherylhaven,CA
ORD-0005758,CUST-001338,2024-12-15,Shipped,Mobile App,Stevenland,MI
ORD-0011426,CUST-001112,2025-03-26,Processing,Web,Romanville,IL
ORD-0011147,CUST-000168,03/03/2026,Delivered,In-Store,Bryanland,OH
ORD-0006127,CUST-000785,2026-07-02,Cancelled,Mobile App,South Kevin,AZ
ORD-0007349,CUST-000903,2025-01-20,Placed,Marketplace,East Holly,NC
ORD-0005642,CUST-002899,2026-08-14,Delivered,Web,Perrychester,AZ
ORD-0004547,CUST-001447,2026-05-19,Returned,Mobile App,Sarahaven,MI
ORD-0006246,CUST-000365,2025-05-06,Shipped,Mobile App,Dawsonbury,FL
ORD-0008655,CUST-002186,2025-12-04,Shipped,Web,South Holly,WA
ORD-0006821,CUST-002450,2026-01-20,Shipped,In-Store,Brenttown,NC
ORD-0011751,CUST-001733,2025-04-10,Placed,Web,Kimberlyberg,GA
ORD-0008802,CUST-000799,2025-05-27,Delivered,Mobile App,North Laura,FL
ORD-0000596,CUST-002928,2025-11-17,Processing,In-Store,East Dustin,GA
ORD-0004289,CUST-002066,2026-02-09,Delivered,Mobile App,Mayport,IL
ORD-0008556,,2025-11-14,Shipped,Web,Port David,NC
ORD-0006287,CUST-001292,2026-05-28,Shipped,Mobile App,Greenview,MI
ORD-0006389,CUST-000648,2025-01-27,Shipped,Mobile App,,PA
ORD-0001511,CUST-001497,2025-07-19,Shipped,In-Store,Amandaborough,MI
ORD-0005358,CUST-002179,2026-08-24,Delivered,Marketplace,Batesland,MI
ORD-0010765,CUST-001005,2026-01-30,dELIVERED,Marketplace,Lewismouth,NY
ORD-0007310,CUST-001484,2025-10-28,Cancelled,Web,Lake Nicholas,MI
ORD-0004828,CUST-000769,2026-03-20,Shipped,Marketplace,New Cynthiaport,NC
ORD-0000919,CUST-000921,2025-05-17,Shipped,Mobile App,North Diane,GA
ORD-0007661,CUST-002635,2026-07-22,Shipped,Mobile App,North Tammie,FL
ORD-0004941,CUST-002850,2024-08-23,Placed,In-Store,Petersonstad,CA
ORD-0009532,CUST-002788,2025-03-09,Delivered,Web,East Tanyamouth,FL
ORD-0009876,CUST-002048,2025-08-27,Delivered,Web,Hannaport,MI
ORD-0011024,CUST-002799,2026-07-24,Placed,Mobile App,Hoffmanchester,AZ
ORD-0007223,CUST-000276,2024-08-12,Shipped,Web,West Edward,AZ
ORD-0005703,CUST-001124,2025-01-26,Cancelled,Marketplace,West Mitchell,NY
ORD-0009417,CUST-000974,2026-07-16,Delivered,Mobile App,Jenniferborough,WA
ORD-0001883,CUST-001530,2025-07-13,Delivered,Web,Ronaldfurt,IL
ORD-0011982,CUST-001045,2026-06-23,Processing,Marketplace,Pettymouth,CA
ORD-0007632,CUST-000215,2025-08-24,Shipped,Marketplace,Danmouth,IL
ORD-0008190,CUST-002394,2025-12-24,Shipped,Mobile App,,WA
ORD-0005428,CUST-000331,2025-12-10,Returned,Web,Villegasbury,MI
ORD-0001613,CUST-001416,2026-07-31,Delivered,Mobile App,Ortizchester,PA
ORD-0007908,CUST-002720,2026-08-04,Returned,Mobile App,South Codyborough,CA
ORD-0007428,CUST-002004,2025-05-16,Delivered,Marketplace,Port Amanda,AZ
ORD-0001285,CUST-000690,2026-05-22,Shipped,Web,Jessicaburgh,MI
ORD-0011557,CUST-002310,2024-05-29,Delivered,Mobile App,Angelashire,FL
ORD-0004013,CUST-001956,2024-10-04,PROCESSING,Mobile App,Justinland,GA
ORD-0007970,CUST-910317,2025-04-09,Processing,Web,South Joshua,CA
ORD-0001690,CUST-002108,2026-07-17,Placed,Web,Michaelburgh,NY
ORD-0006214,CUST-000100,2025-12-25,Delivered,Mobile App,Johnsonberg,WA
ORD-0011581,CUST-001833,2024-12-07,Delivered,Marketplace,New Brian,AZ
ORD-0011222,CUST-001125,2026-01-05,Cancelled,Web,East Andrewview,WA
ORD-0006203,CUST-001294,2024-11-28,Delivered,Mobile App,Dickersonborough,MI
ORD-0005782,CUST-001632,2024-09-01,Delivered,Mobile App,,IL
ORD-0000420,CUST-000896,2026-03-04,Delivered,Mobile App,Lake Seth,MI
ORD-0003633,CUST-002229,2026-04-12,Delivered,Marketplace,Heatherport,NY
ORD-0002700,CUST-002412,2026-04-02,Placed,In-Store,West Lauren,NY
ORD-0009905,CUST-000859,2026-02-07,Shipped,Marketplace,Port Theresa,PA
ORD-0009913,CUST-002726,2025-10-13,Cancelled,Mobile App,Karenland,NY
ORD-0009950,CUST-000746,2026-07-11,Placed,Web,Rachelshire,NY
ORD-0005281,CUST-002080,2026-05-25,Shipped,Web,Victoriaside,NY
ORD-0000048,CUST-001491,2026-06-01,Cancelled,Web,Santosfurt,FL
ORD-0010053,CUST-001528,2026-01-24,Delivered,Web,North Stephen,FL
ORD-0009887,CUST-002352,2026-02-20,Delivered,Web,Kimfurt,CA
ORD-0001655,,2024-03-10,Delivered,Web,Williamsbury,NY
ORD-0009524,CUST-002938,2026-08-31,Delivered,Mobile App,Valenciafort,IL
ORD-0009210,CUST-001298,2026-07-30,Placed,Web,Beverlytown,PA
ORD-0007139,CUST-002862,2026-07-07,Cancelled,Web,Lake Joshua,AZ
ORD-0008238,CUST-002017,2026-07-01,Delivered,Mobile App,South Roger,PA
ORD-0001045,CUST-002091,2026-09-01,PLACED,Web,New Laurie,PA
ORD-0008286,CUST-001429,2026-03-28,Processing,Web,Leetown,CA
ORD-0011410,CUST-000844,2026-07-25,Delivered,Marketplace,Kristenchester,IL
ORD-0003821,CUST-000415,18-Aug-2026,Placed,Mobile App,West Daniel,PA
ORD-0000872,CUST-001954,2025-12-20,Returned,Web,Weavershire,CA
ORD-0009227,CUST-001006,2025-11-12,Delivered,Mobile App,New Audrey,WA
ORD-0011199,CUST-000405,2025-04-22,Processing,Marketplace,Lake Shannonstad,MI
ORD-0006570,CUST-000437,2026-06-04,Cancelled,Marketplace,East Jamesfurt,TX
ORD-0011230,CUST-002309,2026-02-27,Returned,Mobile App,Ortizstad,IL
ORD-0009588,CUST-000564,2026-04-20,Placed,Mobile App,Thomasview,NY
ORD-0008734,,2026-08-13,Placed,Mobile App,Smithhaven,CA
ORD-0004287,CUST-000343,2026-07-03,Returned,Marketplace,West Lindaburgh,GA
ORD-0007364,CUST-001444,2024-11-19,Shipped,Web,Savannahview,PA
ORD-0005919,CUST-000242,2026-07-21,Delivered,Web,Lake Tristan,PA
ORD-0005834,CUST-000190,2026-01-28,Processing,Web,Bishopside,GA
ORD-0000416,CUST-002326,2026-06-09,Processing,Mobile App,Dominguezstad,CA
ORD-0001053,CUST-002270,2026-05-30,Delivered,Mobile App,New Nicholas,IL
ORD-0005684,CUST-000102,2026-08-30,Delivered,Mobile App,Port Cameron,NY
ORD-0000740,CUST-001329,2024-12-12,Delivered,In-Store,Kimberlyhaven,GA
ORD-0007648,CUST-001099,2025-10-13,Shipped,In-Store,Mirandastad,AZ
ORD-0003554,CUST-002649,2025-11-18,Cancelled,Marketplace,Gillport,GA
ORD-0009269,CUST-002655,2026-06-06,Cancelled,In-Store,North Tara,WA
ORD-0011844,CUST-002939,2024-08-31,Delivered,Web,East Lauren,PA
ORD-0000146,CUST-002128,2026-07-25,Shipped,In-Store,West Johnfort,CA
ORD-0011629,CUST-002350,2025-07-24,Delivered,Mobile App,South Jamesview,PA
ORD-0006442,CUST-002786,2025-01-13,Placed,Web,Lake John,NC
ORD-0001112,CUST-001194,2025-03-29,Processing,Web,Michaelport,GA
ORD-0000776,CUST-002791,2026-08-26,Delivered,Web,Lake Stephaniefurt,PA
ORD-0005107,CUST-001371,2026-07-11,Shipped,Web,Fernandezfort,FL
ORD-0006128,CUST-000213,2026-07-28,Shipped,Web,East Chase,TX
ORD-0010106,CUST-000275,2026-01-18,Cancelled,Mobile App,Lake Gina,GA
ORD-0007755,CUST-002119,2024-11-15,Shipped,Mobile App,Mcintyreton,CA
ORD-0007676,CUST-002114,2024-05-21,Shipped,Mobile App,Antonioton,OH
ORD-0006785,CUST-002154,2026-07-09,Delivered,Web,,PA
ORD-0010434,CUST-002808,2026-01-14,Processing,In-Store,New Gregoryborough,MI
ORD-0010430,CUST-002407,2026-01-26,Cancelled,Mobile App,Shannonmouth,CA
ORD-0005799,CUST-002108,2026-07-18,Delivered,Mobile App,Clarkborough,NC
ORD-0006148,CUST-001587,2026-08-16,Placed,Mobile App,Woodwardburgh,OH
ORD-0010271,CUST-002984,2026-03-30,Processing,Mobile App,North Antonioborough,MI
ORD-0008484,CUST-000280,"February 13, 2026",Delivered,Mobile App,Morrisonbury,WA
ORD-0001539,CUST-000015,2026-05-26,Delivered,Mobile App,Mooreview,IL
ORD-0001267,CUST-000003,2024-08-29,Cancelled,Marketplace,Danielsfurt,PA
ORD-0004701,CUST-002094,2026-08-13,Shipped,Mobile App,Matthewside,CA
ORD-0002242,CUST-002013,2026-05-12,Delivered,Mobile App,Thompsontown,AZ
ORD-0000688,CUST-001308,2026-07-08,Delivered,Marketplace,East Timothy,TX
ORD-0006040,CUST-996458,2026-02-19,Cancelled,Web,Antonioland,NY
ORD-0000959,CUST-001586,2026-07-12,Delivered,Mobile App,Mcgeeberg,NY
ORD-0005738,CUST-000324,2026-08-20,Delivered,Mobile App,Garciamouth,WA
ORD-0009731,CUST-000411,2026-03-13,Delivered,Mobile App,Brownmouth,NY
ORD-0004716,CUST-002062,2026-05-11,Delivered,In-Store,New Gregory,IL
ORD-0011675,CUST-000910,2026-05-12,Processing,Mobile App,West Melissahaven,OH
ORD-0007443,CUST-000839,2026-04-17,Shipped,In-Store,South Margaretborough,MI
ORD-0005487,CUST-002239,2026-03-27,Delivered,In-Store,Leeland,IL
ORD-0009818,CUST-001193,2026-07-14,Shipped,Web,South Michaelview,AZ
ORD-0010218,CUST-002004,2026-01-17,Shipped,Mobile App,East Juan,PA
ORD-0006943,CUST-002380,2025-08-18,Placed,Mobile App,South Joseph,IL
ORD-0003901,CUST-001040,2026-02-07,Processing,Web,Port Kyle,GA
ORD-0005458,CUST-002224,2026-09-01,Delivered,Mobile App,Bradleyview,MI
ORD-0003243,CUST-001762,2025-12-06,pROCESSING,Web,Perezview,AZ
ORD-0005238,CUST-000755,2026-06-07,Placed,In-Store,North Candice,WA
ORD-0004551,CUST-001283,2025-06-10,Delivered,Mobile App,North Hannahland,WA
ORD-0005742,CUST-001452,2025-06-24,Processing,Mobile App,North Douglas,GA
ORD-0003453,CUST-002244,2024-10-05,Cancelled,Web,Lake Hayleyfurt,MI
ORD-0001435,CUST-002993,2024-10-01,Delivered,Marketplace,West Molly,IL
ORD-0008985,CUST-001131,2026-03-13,Processing,In-Store,Roweview,AZ
ORD-0000846,CUST-001911,2026-08-03,Placed,Web,Danielfort,OH
ORD-0003548,CUST-000155,2025-01-04,Delivered,Mobile App,Christinafurt,WA
ORD-0007806,CUST-001656,2024-10-14,Cancelled,Web,Meganmouth,TX
ORD-0006343,CUST-002350,2026-06-04,Processing,Web,Stonefort,AZ
ORD-0008850,CUST-000370,2024-05-09,Delivered,Marketplace,Lawrenceside,WA
ORD-0002342,CUST-000698,09/24/2025,Shipped,In-Store,Mollyberg,AZ
ORD-0004042,CUST-000253,2025-02-25,Returned,Web,South Jamesport,WA
ORD-0002313,CUST-001374,2026-01-29,Returned,Web,,OH
ORD-0009236,,2025-02-04,Delivered,Marketplace,Vargasstad,NC
ORD-0010326,CUST-002258,2026-06-09,Delivered,Web,North Sally,NY
ORD-0003278,CUST-001401,2026-08-10,Delivered,Mobile App,West Renee,CA
ORD-0008128,CUST-001530,2025-10-28,Placed,Mobile App,East Claireville,IL
ORD-0000751,CUST-000612,2026-04-17,Processing,Marketplace,Kimside,AZ
ORD-0010361,CUST-000911,2026-05-17,Placed,Marketplace,South Michaelview,NC
ORD-0008052,CUST-002940,2025-10-16,Returned,Web,West Anthony,GA
ORD-0008373,CUST-002137,2026-08-30,Placed,In-Store,Port Chadberg,NY
ORD-0005698,CUST-001563,02/18/2025,Processing,Web,North Kimberly,TX
ORD-0000757,CUST-002784,2026-07-18,Processing,Mobile App,New Savannah,PA
ORD-0002402,CUST-001050,2025-11-09,cANCELLED,Marketplace,North Savannahburgh,GA
ORD-0004469,CUST-927504,2026-06-21,Delivered,Mobile App,West Annettemouth,IL
ORD-0005436,CUST-000734,2023-12-21,Delivered,Web,West Rebekah,NC
ORD-0002027,CUST-000084,2026-06-25,Delivered,Web,Vaughanborough,FL
ORD-0005826,CUST-002181,2026-09-03,Placed,Mobile App,East Michaelburgh,TX
ORD-0000638,CUST-000036,2025-02-26,Shipped,Mobile App,New Loristad,WA
ORD-0007252,CUST-001819,2025-03-17,Placed,Web,Mccarthytown,NY
ORD-0006314,CUST-000492,2026-01-07,Processing,Web,Sandramouth,NC
ORD-0010979,CUST-001467,2026-09-01,Processing,Web,South Nicole,PA
ORD-0009329,CUST-002850,2026-01-25,Delivered,Mobile App,Lake Johnfurt,AZ
ORD-0002315,CUST-002834,2026-03-27,Delivered,Mobile App,East Sarah,OH
ORD-0007768,CUST-000292,2024-07-07,DELIVERED,Web,Levinemouth,NY
ORD-0008430,CUST-001844,2026-06-21,pROCESSING,Web,South Angelahaven,AZ
ORD-0001205,CUST-002172,2026-06-05,Delivered,Web,South Jasonville,FL
ORD-0009608,CUST-000150,2025-11-27,Shipped,Web,Williamshire,OH
ORD-0010483,CUST-001820,2026-08-04,Shipped,Web,Robertfurt,NC
ORD-0005893,CUST-002220,2026-04-23,Shipped,In-Store,South Eric,TX
ORD-0004229,CUST-000568,2025-02-27,Placed,Web,Scotttown,FL
ORD-0002475,CUST-000182,19-Jul-2026,Delivered,In-Store,Lake Sandra,AZ
ORD-0004739,CUST-000455,2026-06-10,Delivered,Mobile App,New Christopherton,MI
ORD-0011348,CUST-001847,2026-07-11,Shipped,Marketplace,Bellside,AZ
ORD-0004079,,2026-03-22,Delivered,Mobile App,Reginaborough,MI
ORD-0003185,CUST-000940,2025-07-29,Delivered,Mobile App,,WA
ORD-0008379,CUST-002213,"May 24, 2025",Delivered,Mobile App,East Paula,NC
ORD-0011011,CUST-002464,2026-08-07,Delivered,Marketplace,Matthewshire,IL
ORD-0008871,CUST-000966,2026-05-23,Delivered,In-Store,South Ashley,FL
ORD-0007205,CUST-002820,2025-12-25,Processing,Mobile App,Amymouth,CA
ORD-0010194,CUST-000288,2026-07-09,Processing,Web,New Javierville,PA
ORD-0001674,CUST-002449,2024-11-11,Delivered,Mobile App,New Kari,GA
ORD-0007275,CUST-000934,2026-06-04,Delivered,Web,Lake Christopherburgh,OH
ORD-0008116,CUST-001366,2025-02-16,Processing,Mobile App,North Anthony,NY
ORD-0002111,CUST-000303,2025-02-12,Placed,Web,Keithmouth,NC
ORD-0006240,CUST-000182,2026-07-11,Cancelled,Web,South Daniel,FL
ORD-0005405,CUST-002980,2026-05-24,Shipped,Marketplace,Hernandezhaven,GA
ORD-0002030,CUST-000591,2026-06-17,Delivered,In-Store,South Lynnborough,AZ
ORD-0011985,CUST-002350,2025-05-24,Delivered,Web,Danielchester,GA
ORD-0002702,CUST-002051,2026-08-05,Processing,Mobile App,South George,NY
ORD-0003248,CUST-000222,2025-09-09,Processing,In-Store,East Jayview,OH
ORD-0009888,CUST-002564,2026-08-29,Delivered,Web,Spearschester,PA
ORD-0000346,CUST-000024,2026-06-18,Cancelled,Mobile App,Olsenfurt,TX
ORD-0004886,CUST-000483,2025-01-11,Cancelled,Web,Fergusonborough,NC
ORD-0001331,CUST-000031,2025-12-06,Placed,Mobile App,South Suzanneton,WA
ORD-0003339,CUST-001609,2024-05-23,Delivered,Web,Kevinberg,NY
ORD-0001714,CUST-000305,2025-01-21,Shipped,In-Store,North Derrick,OH
ORD-0002752,CUST-000761,2026-03-09,Processing,In-Store,Amberfurt,TX
ORD-0009200,CUST-002279,2026-07-16,Placed,Mobile App,Terryberg,GA
ORD-0008852,CUST-000986,2025-11-30,Delivered,Marketplace,East Carolyn,MI
ORD-0005023,CUST-002915,2025-11-23,Shipped,Mobile App,New Wendyview,GA
ORD-0001065,CUST-001797,2025-09-06,Delivered,Mobile App,Katelynside,PA
ORD-0005620,CUST-000441,24-May-2025,Shipped,In-Store,Port Jamesberg,CA
ORD-0010798,,2025-12-15,Shipped,Marketplace,Desireefort,TX
ORD-0010258,CUST-000370,2025-07-08,Processing,Web,Port Lisaland,WA
ORD-0007545,CUST-001897,2025-09-18,Shipped,Marketplace,Burtonmouth,NY
ORD-0004500,CUST-000490,2026-07-05,Cancelled,Mobile App,Littleton,WA
ORD-0011468,CUST-002002,2026-07-22,Delivered,Mobile App,Port Lesliefurt,FL
ORD-0009901,CUST-000661,2026-09-02,Processing,Marketplace,Billyton,GA
ORD-0010168,CUST-001037,2025-10-24,Processing,Marketplace,Bradleyton,WA
ORD-0005635,CUST-000998,2024-09-18,Shipped,Marketplace,Port Adrianfort,PA
ORD-0006274,CUST-001337,2025-01-02,Delivered,Web,Colefurt,NY
ORD-0006555,CUST-001024,2026-02-11,Delivered,Mobile App,West Chelsea,OH
ORD-0006049,CUST-002352,2026-08-26,Placed,Web,Martinshire,IL
ORD-0004120,CUST-002809,2026-05-10,Delivered,Web,Lake Priscillaburgh,MI
ORD-0007212,CUST-002703,2026-07-29,Cancelled,Web,,TX
ORD-0006255,CUST-000613,2025-12-24,PROCESSING,Mobile App,Lake Paul,MI
ORD-0006444,CUST-001028,2026-08-09,Delivered,Web,Smithmouth,FL
ORD-0003553,CUST-000490,2026-07-29,Delivered,Web,,GA
ORD-0009468,CUST-001832,2026-06-08,Delivered,Web,Montoyaborough,NY
ORD-0011481,CUST-001652,2026-01-24,Placed,Web,,PA
ORD-0008681,CUST-001362,2026-08-10,Delivered,Web,East Heatherville,GA
ORD-0000309,CUST-002815,2026-08-24,Delivered,Mobile App,Taylorville,AZ
ORD-0007691,CUST-002521,2025-03-15,Cancelled,Web,Lake Margaret,TX
ORD-0001364,CUST-000389,2024-06-27,Delivered,Web,Tannerborough,NY
ORD-0004662,CUST-002007,2026-04-22,Delivered,Web,South Rebeccafort,TX
ORD-0006149,CUST-000559,2026-04-29,Delivered,Mobile App,,IL
ORD-0007348,CUST-001288,2026-03-13,Processing,Web,Joshualand,MI
ORD-0010163,CUST-002925,2026-03-06,Delivered,Web,North Tammy,WA
ORD-0011159,CUST-002760,2025-09-11,Cancelled,Web,South Marissa,CA
ORD-0009355,CUST-001835,2026-05-01,Shipped,Mobile App,,NY
ORD-0006956,CUST-002350,2026-05-10,Shipped,Marketplace,Garciaside,MI
ORD-0004829,,05/23/2026,Returned,Marketplace,Port Tammietown,TX
ORD-0000033,CUST-001924,2024-08-21,Returned,In-Store,Stephaniemouth,GA
ORD-0001204,CUST-001896,2025-09-29,Shipped,Mobile App,Molinachester,AZ
ORD-0001442,CUST-001911,2026-06-25,Cancelled,Marketplace,East Todd,CA
ORD-0009818,CUST-001193,2026-07-14,Shipped,Web,South Michaelview,AZ
ORD-0011378,CUST-002285,2024-04-27,Processing,Mobile App,East Brianstad,TX
ORD-0003656,CUST-002356,2026-02-02,Returned,Mobile App,Davidville,CA
ORD-0007886,CUST-002629,2026-07-25,Delivered,Mobile App,Port Michaelfort,NC
ORD-0007188,CUST-001084,2026-05-28,Delivered,Marketplace,Lindamouth,OH
ORD-0009130,CUST-002820,2026-05-15,Shipped,Web,Michaelland,NY
ORD-0004349,CUST-000582,2026-09-01,Placed,Web,New Robertton,GA
ORD-0002321,CUST-000444,2025-05-08,Delivered,Marketplace,South Clairestad,IL
ORD-0002915,CUST-000034,2026-09-03,Delivered,Web,Jacksonview,FL
ORD-0006086,CUST-002231,2024-08-26,Delivered,Web,Evansmouth,GA
ORD-0001892,CUST-002951,2026-03-20,Shipped,Web,East Patricia,NC
ORD-0001562,CUST-001731,2026-08-16,Shipped,Web,Robertshaven,AZ
ORD-0000864,,2025-10-13,Processing,Web,Lake Brianburgh,MI
ORD-0007077,CUST-002986,2025-04-09,Processing,Web,Port Ericbury,GA
ORD-0006908,CUST-000109,2026-04-12,Delivered,Marketplace,East Kathleen,NC
ORD-0010260,CUST-000310,2026-03-05,Delivered,Web,,WA
ORD-0009314,CUST-001601,2025-11-30,Processing,Mobile App,Gallowayville,GA
ORD-0002767,CUST-001445,2026-08-02,Processing,Mobile App,Leeburgh,WA
ORD-0011955,CUST-002185,2024-08-16,Delivered,Web,Port Shawn,WA
ORD-0009540,CUST-000708,2024-03-22,Delivered,Mobile App,Benjaminville,AZ
ORD-0010050,CUST-002778,2026-08-20,Delivered,Web,Johnview,NC
ORD-0009259,CUST-001451,2026-01-18,Delivered,Mobile App,Williamsfurt,PA
ORD-0006572,CUST-000622,2026-04-14,Returned,Mobile App,South Andrewton,NY
ORD-0003642,CUST-000004,2026-05-08,Delivered,Mobile App,New Stephenfurt,NY
ORD-0007829,CUST-001209,05-Sep-2025,Processing,Web,Livingstonchester,WA
ORD-0008674,CUST-001565,2025-01-07,Cancelled,In-Store,Allisonburgh,NC
ORD-0003892,CUST-002270,2026-01-14,Placed,Mobile App,New Billyburgh,PA
ORD-0006888,CUST-000536,2026-07-08,Delivered,Mobile App,Marcusshire,NY
ORD-0006588,CUST-001507,2026-08-08,Shipped,Mobile App,Crystalview,WA
ORD-0008676,CUST-000059,2026-08-03,Cancelled,Marketplace,Deborahfurt,WA
ORD-0006638,CUST-001654,2026-08-30,Processing,Mobile App,Stanleyburgh,NC
ORD-0002850,CUST-000248,2026-08-16,Delivered,Web,Port Noahhaven,GA
ORD-0003931,CUST-002575,2026-05-07,Delivered,Mobile App,Cruzhaven,PA
ORD-0008258,CUST-002807,2026-04-28,Delivered,Web,Paulberg,NC
ORD-0010203,CUST-001259,2026-05-02,Placed,Marketplace,West Sydney,FL
ORD-0007193,CUST-001032,2026-08-16,Shipped,Web,Morenoshire,IL
ORD-0003034,CUST-002865,2026-05-18,Processing,Mobile App,Jeffreyland,WA
ORD-0000032,CUST-002391,2026-03-03,Delivered,In-Store,Kemphaven,TX
ORD-0000500,CUST-001400,2026-04-04,Processing,Web,Christinemouth,WA
ORD-0011545,CUST-001677,2026-09-03,Delivered,Web,Theresatown,OH
ORD-0003915,CUST-000983,2026-06-25,Delivered,Web,Lake Ericbury,FL
ORD-0001542,CUST-001191,2026-08-31,Delivered,Web,Lake Jamesstad,OH
ORD-0008918,CUST-000977,2026-09-04,Cancelled,Marketplace,West Kylefort,PA
ORD-0002659,CUST-002617,2025-12-16,Cancelled,Web,Taylorhaven,CA
ORD-0004974,CUST-001477,2026-07-27,dELIVERED,Marketplace,Brianhaven,PA
ORD-0010576,CUST-000979,2026-05-05,Delivered,Web,Josephshire,GA
ORD-0001560,CUST-000544,2025-04-03,Placed,Mobile App,West Justinhaven,CA
ORD-0006465,CUST-001879,2025-09-29,Delivered,Mobile App,New Richardton,MI
ORD-0004027,CUST-000671,2026-07-11,Delivered,Mobile App,Robertmouth,PA
ORD-0006409,CUST-000306,2026-03-15,Delivered,Mobile App,Biancaside,IL
ORD-0011613,CUST-001008,2025-09-19,Cancelled,Web,Port Dylanhaven,MI
ORD-0001016,CUST-001688,2026-03-19,Placed,Web,South Claytonhaven,NC
ORD-0005146,CUST-002901,2026-07-23,Shipped,Mobile App,East Madisonhaven,NY
ORD-0003230,CUST-000038,2026-03-10,Placed,Marketplace,Lewisside,MI
ORD-0007983,CUST-001278,2025-07-09,Placed,Mobile App,East Elizabeth,NC
ORD-0008974,CUST-000116,2026-02-10,Shipped,Web,Port Jameshaven,WA
ORD-0007734,CUST-001284,2026-07-28,Delivered,Marketplace,Bennettton,OH
ORD-0006806,CUST-001417,2026-02-23,Delivered,Web,New Meghan,TX
ORD-0011422,CUST-000844,2026-03-11,Cancelled,Web,West Troy,MI
ORD-0005963,CUST-000622,2026-06-06,Returned,Web,North Benjamin,TX
ORD-0003459,CUST-002289,2026-04-24,Delivered,Marketplace,West Bernardburgh,OH
ORD-0007515,CUST-002378,2026-01-27,Cancelled,Web,Melaniefurt,OH
ORD-0006630,CUST-002389,2026-07-03,Placed,Mobile App,South Andreabury,CA
ORD-0009855,CUST-002138,22-Jun-2026,Delivered,Mobile App,New Shelleymouth,NY
ORD-0000747,CUST-000820,2026-05-11,Processing,Mobile App,Lewiston,PA
ORD-0001114,CUST-001209,2024-12-02,Cancelled,Mobile App,West Daisyfurt,AZ
ORD-0002635,CUST-001482,2026-09-03,Placed,Mobile App,North Annbury,GA
ORD-0003616,CUST-001387,2024-04-04,Placed,Mobile App,Keyside,TX
ORD-0008834,CUST-000391,2026-06-11,Delivered,In-Store,Ashleyview,OH
ORD-0006896,CUST-001906,2026-07-04,Delivered,Web,Murraymouth,PA
ORD-0002500,CUST-001992,2026-08-22,Shipped,Mobile App,East Tricia,NC
ORD-0003425,CUST-000486,2025-04-23,Delivered,Mobile App,Charlesberg,OH
ORD-0002629,CUST-001903,2026-08-03,Delivered,Web,West Daniel,FL
ORD-0008721,CUST-001331,2025-09-26,Shipped,Web,Port Connieland,FL
ORD-0008539,CUST-002141,2025-06-04,Delivered,Web,Flowerston,WA
ORD-0007357,CUST-000582,26-Jul-2026,Cancelled,Marketplace,Torresmouth,MI
ORD-0011082,CUST-002254,2024-11-07,Cancelled,Web,Westmouth,CA
ORD-0008524,,2025-12-30,Shipped,Web,Warnerchester,NY
ORD-0004043,CUST-000079,2024-09-17,Placed,Web,New Davidview,MI
ORD-0009438,CUST-001340,2026-08-20,Placed,In-Store,Roblesland,CA
ORD-0005305,CUST-000120,2026-02-21,Shipped,Web,,GA
ORD-0006612,CUST-001608,2025-02-21,Shipped,Web,Port Alan,AZ
ORD-0001447,CUST-001949,2025-11-10,Delivered,Marketplace,New Scott,NC
ORD-0000558,CUST-000498,2026-05-13,Placed,Marketplace,New John,MI
ORD-0009046,CUST-001545,08/20/2024,Cancelled,Web,Lake Christopher,MI
ORD-0011165,CUST-941618,2026-08-13,Delivered,Web,Port Kevinshire,WA
ORD-0011400,,2026-07-09,Shipped,In-Store,Port Stevenbury,OH
ORD-0010043,CUST-001553,2026-07-23,dELIVERED,Mobile App,New Mariafort,TX
ORD-0003041,CUST-002160,2025-05-09,Delivered,Web,Sarahberg,NC
ORD-0011115,CUST-001149,2026-06-11,Placed,Mobile App,New Christopherchester,OH
ORD-0001780,CUST-000360,2026-08-26,Cancelled,Mobile App,Port Jodibury,PA
ORD-0005470,CUST-000642,2026-02-15,Delivered,Marketplace,North Natalieport,FL
ORD-0008513,CUST-000979,2026-01-28,Shipped,In-Store,Kimberlymouth,NC
ORD-0005804,CUST-001509,2026-06-19,Processing,Marketplace,South Jessicamouth,TX
ORD-0009864,CUST-001413,08/31/2026,Shipped,Mobile App,Rogersborough,GA
ORD-0002429,CUST-000699,2024-12-05,Delivered,Web,Matthewbury,PA
ORD-0009802,CUST-000240,2025-12-20,Delivered,Web,Jefferychester,CA
ORD-0009504,CUST-000105,2026-04-18,Cancelled,Web,Rothmouth,WA
ORD-0002073,CUST-000289,2026-04-13,Shipped,Web,South Heatherport,MI
ORD-0003679,CUST-001409,2025-09-20,Delivered,Mobile App,Lake Samuelland,OH
ORD-0009205,CUST-002564,2024-11-27,Shipped,Marketplace,Diazchester,FL
ORD-0008664,CUST-002365,2026-07-30,Delivered,Web,Kennethhaven,FL
ORD-0000617,CUST-001356,2026-01-13,Shipped,Web,Wilsonside,AZ
ORD-0003030,CUST-000910,2026-02-04,Placed,Mobile App,West Michaelburgh,PA
ORD-0003937,CUST-001655,2025-02-09,Delivered,Web,Port Desireeburgh,CA
ORD-0006501,CUST-000693,2025-06-12,Processing,Marketplace,West Jennifer,CA
ORD-0006254,CUST-001076,2025-10-07,Processing,Marketplace,New Chad,TX
ORD-0008541,CUST-000661,2026-02-25,Processing,Mobile App,,OH
ORD-0000123,CUST-002812,2025-07-20,delivered,In-Store,Lake Charleneside,CA
ORD-0003999,CUST-001529,2026-08-12,Shipped,Web,Nicholaston,AZ
ORD-0005876,,2025-02-13,Processing,Web,Port Cameron,IL
ORD-0010600,CUST-002087,2025-12-01,Delivered,Web,,GA
ORD-0003746,CUST-002915,2025-08-14,Processing,In-Store,Reynoldsfurt,OH
ORD-0004376,CUST-001014,2026-05-06,Placed,Mobile App,Guzmanstad,NC
ORD-0006708,CUST-001588,2026-08-16,Delivered,In-Store,Vanessafurt,PA
ORD-0006881,CUST-002691,2025-12-29,Placed,Mobile App,Robertsfort,NC
ORD-0009856,CUST-001326,2025-12-17,Placed,Marketplace,West Rodneystad,OH
ORD-0000613,CUST-001661,2026-08-22,Delivered,Web,North Raymond,MI
ORD-0008844,CUST-002360,2026-01-19,Processing,Marketplace,North Ralph,AZ
ORD-0008108,CUST-000077,2025-12-20,Cancelled,Mobile App,Monteston,WA
ORD-0005709,CUST-002870,2026-04-08,Delivered,Web,Jamesville,FL
ORD-0007144,CUST-001005,2026-07-30,Processing,Mobile App,South Joshuaton,OH
ORD-0010450,CUST-000006,2024-11-17,Delivered,Web,New Peter,AZ
ORD-0008605,CUST-001759,2026-03-17,Shipped,Web,Port Megan,FL
ORD-0009114,CUST-001332,2025-11-29,Placed,Mobile App,Ryanchester,CA
ORD-0009579,CUST-000291,2026-06-18,Delivered,Mobile App,Port Monica,NC
ORD-0011832,CUST-001492,2026-08-21,Processing,Mobile App,Thomasbury,GA
ORD-0003206,CUST-002223,2025-11-17,Cancelled,Web,New Emily,OH
ORD-0006011,CUST-001132,2025-06-28,Shipped,Mobile App,West Stephenshire,MI
ORD-0008659,,2024-09-26,Shipped,Mobile App,New Tammy,FL
ORD-0000553,CUST-000891,2025-03-08,Returned,Web,East Lindaport,MI
ORD-0011346,CUST-002660,2026-05-12,Placed,Web,Buchananview,GA
ORD-0010469,CUST-002441,2026-05-13,Delivered,Marketplace,East Ericborough,MI
ORD-0010433,CUST-000905,2026-03-22,Delivered,Web,North Peter,PA
ORD-0001202,CUST-000442,2025-04-24,Delivered,Mobile App,South Rodney,CA
ORD-0008945,CUST-002494,2024-08-18,Placed,Web,Martintown,WA
ORD-0006301,CUST-001620,2025-04-10,Cancelled,Web,Port Stephanie,CA
ORD-0003926,CUST-000017,2025-02-26,Placed,Marketplace,Yorkshire,NY
ORD-0002834,CUST-000329,2025-02-08,Cancelled,In-Store,Ericashire,TX
ORD-0011764,CUST-001784,2026-02-01,Delivered,Web,East Alexandra,FL
ORD-0003839,CUST-001598,2026-09-04,Cancelled,Mobile App,Port Ronnieshire,OH
ORD-0000283,CUST-002044,2025-01-31,Returned,Mobile App,East Coltonfurt,GA
ORD-0009004,CUST-002167,2025-07-05,Shipped,Web,Williamborough,WA
ORD-0011901,CUST-002205,2026-01-31,Delivered,Web,New David,GA
ORD-0010489,CUST-002383,2026-04-05,Shipped,Marketplace,Lake Nicholasside,PA
ORD-0000033,CUST-001924,2024-08-21,Placed,In-Store,Stephaniemouth,GA
ORD-0001815,CUST-001657,2024-10-16,Processing,Mobile App,East Benjaminfort,FL
ORD-0011671,CUST-000080,2026-07-27,Shipped,Mobile App,Michaelberg,OH
ORD-0011148,CUST-001784,2026-08-10,Processing,Marketplace,Geraldburgh,NY
ORD-0005380,CUST-000340,2026-03-19,Delivered,Marketplace,New Matthew,CA
ORD-0005171,CUST-000548,2026-08-22,rETURNED,Web,South Scott,OH
ORD-0004704,CUST-001063,2026-02-27,Cancelled,Marketplace,Jonesview,FL
ORD-0008749,CUST-002506,2026-03-03,Processing,Mobile App,East Toddborough,NC
ORD-0003675,CUST-002173,2025-10-08,Cancelled,Mobile App,West Timothy,TX
ORD-0000241,CUST-001717,2026-03-24,Shipped,Marketplace,Samuelmouth,OH
ORD-0008472,CUST-000304,2025-11-29,Processing,Web,Dustinmouth,FL
ORD-0001902,CUST-001696,2026-08-15,Placed,Marketplace,Prestonport,AZ
ORD-0010460,CUST-002541,2025-03-26,Delivered,Mobile App,North Earl,TX
ORD-0010371,CUST-002686,2024-10-29,cancelled,Mobile App,Josephhaven,FL
ORD-0000296,CUST-001617,2026-08-10,Cancelled,Web,South Vincent,NC
ORD-0006670,CUST-000304,2025-12-08,Delivered,Mobile App,Saundersmouth,WA
ORD-0001870,CUST-000664,2026-04-19,Cancelled,Web,Hartville,AZ
ORD-0002053,CUST-001019,2026-05-02,Placed,Mobile App,Williamshire,NY
ORD-0008144,CUST-002612,2025-08-18,Delivered,Web,Floresmouth,MI
ORD-0011720,CUST-002207,2026-02-24,Shipped,Web,Glovermouth,MI
ORD-0004491,CUST-954746,2025-09-04,Placed,In-Store,Allenhaven,GA
ORD-0003723,CUST-001954,2025-05-29,Delivered,Web,New Hannahport,AZ
ORD-0000992,CUST-002896,2024-10-26,Processing,Mobile App,Yodertown,NY
ORD-0002138,CUST-000670,2026-02-12,dELIVERED,Mobile App,Marytown,IL
ORD-0004594,CUST-001451,2025-01-14,Returned,Mobile App,Guzmanhaven,NC
ORD-0000077,CUST-000929,2026-05-30,Cancelled,Marketplace,Richmondtown,OH
ORD-0000411,CUST-000528,2025-08-10,Placed,Marketplace,Mayhaven,CA
ORD-0001305,CUST-002025,2026-05-23,Shipped,Mobile App,South William,TX
ORD-0010053,CUST-001528,2026-01-24,Returned,Web,North Stephen,FL
ORD-0010457,CUST-001207,2026-06-14,Delivered,Web,South Ginamouth,WA
ORD-0009276,CUST-002945,2026-06-21,Cancelled,In-Store,Lake Angelafort,NC
ORD-0003316,CUST-002533,2025-06-13,Delivered,Web,Lake Angelicaville,AZ
ORD-0011619,CUST-000730,2026-02-21,Shipped,In-Store,,OH
ORD-0003672,CUST-001806,2025-09-22,Cancelled,Marketplace,East Toni,NY
ORD-0011915,CUST-001547,2026-06-19,Returned,Web,South Debbieville,FL
ORD-0003443,CUST-002520,2025-02-17,Cancelled,Mobile App,Craigberg,AZ
ORD-0005779,CUST-900115,2026-05-29,Processing,Mobile App,East James,OH
ORD-0007055,CUST-000822,2025-07-20,Placed,Marketplace,South Jeremy,NY
ORD-0008361,CUST-002671,2025-10-03,Delivered,Mobile App,Shawnchester,IL
ORD-0007097,CUST-001046,2025-11-28,Delivered,Mobile App,South Michaelville,OH
ORD-0003883,CUST-001442,2024-09-28,Cancelled,In-Store,North Daniel,MI
ORD-0009366,CUST-002341,2025-02-27,Delivered,Web,Lake Jacquelinebury,TX
ORD-0006278,CUST-000349,2026-03-10,Delivered,Mobile App,Crosbytown,FL
ORD-0001873,CUST-002679,2026-03-21,Delivered,Web,Lake Monicashire,AZ
ORD-0006968,CUST-001227,2026-06-13,Cancelled,Web,Dennisfort,GA
ORD-0006535,CUST-002589,2025-11-29,Delivered,Web,Lake Daniel,CA
ORD-0008716,CUST-000306,2025-08-27,Shipped,Mobile App,Fieldsberg,NY
ORD-0003280,CUST-000188,2025-06-20,Placed,Mobile App,,TX
ORD-0008007,CUST-002562,2026-04-10,Cancelled,Mobile App,Josephborough,MI
ORD-0008756,CUST-002789,2026-05-28,Delivered,Mobile App,North Thomasbury,GA
ORD-0009332,CUST-000445,2025-08-25,Delivered,Marketplace,Davidland,FL
ORD-0011772,CUST-001305,2026-01-31,Cancelled,Web,Combstown,OH
ORD-0009907,CUST-000065,2026-08-27,Delivered,Web,South Donald,GA
ORD-0009341,CUST-000537,2025-09-17,Delivered,In-Store,Williamfort,OH
ORD-0008553,CUST-002212,2026-07-30,Cancelled,Web,Deborahberg,NC
ORD-0007605,CUST-001637,2026-03-03,Placed,Mobile App,Tiffanyborough,MI
ORD-0002238,CUST-001198,2025-07-19,Cancelled,Web,Luistown,CA
ORD-0000372,CUST-000510,2026-06-24,Processing,Mobile App,Danielchester,FL
ORD-0008209,CUST-002326,2026-03-12,Shipped,Web,New Normaland,PA
ORD-0006531,CUST-001342,2026-01-29,Delivered,Mobile App,West Michael,OH
ORD-0006971,CUST-002813,2026-07-08,Shipped,Web,South Cameron,NY
ORD-0001467,CUST-002246,2025-08-13,Placed,Marketplace,Lake Jeremy,GA
ORD-0011300,CUST-000844,2026-02-09,Placed,Mobile App,Barrettshire,IL
ORD-0010678,CUST-001067,2025-06-07,Processing,Web,Lake Brettton,MI
ORD-0002563,CUST-000063,2025-09-20,DELIVERED,Marketplace,East Maria,PA
ORD-0004481,CUST-000351,2025-03-07,Returned,Mobile App,Bakermouth,MI
ORD-0001468,CUST-002943,2025-11-07,Processing,In-Store,East Patricia,TX
ORD-0004963,CUST-002353,2026-01-16,Placed,Web,,FL
ORD-0004143,CUST-000233,2025-07-28,Cancelled,Web,Powellborough,GA
ORD-0003621,CUST-000589,2025-01-08,Placed,Marketplace,North Stephaniefort,GA
ORD-0007651,CUST-001220,2025-12-31,Processing,Web,Glennland,NY
ORD-0007401,CUST-000446,2025-12-08,Placed,Mobile App,Port Kristi,TX
ORD-0001828,CUST-002656,2024-12-15,Placed,Web,Lake Hannahland,FL
ORD-0006768,CUST-001998,2026-06-11,Shipped,Marketplace,Gomezport,CA
ORD-0002293,CUST-002983,2025-11-29,Shipped,Mobile App,South Danielmouth,FL
ORD-0010312,CUST-000099,2026-08-12,Placed,Web,Warnerview,GA
ORD-0001574,CUST-001728,2024-09-01,Delivered,Mobile App,Port Andrew,IL
ORD-0004368,CUST-001511,2025-12-30,Shipped,In-Store,Port Steven,GA
ORD-0011960,CUST-001229,2024-07-25,Processing,Mobile App,Kendrahaven,IL
ORD-0005147,CUST-000430,2024-09-05,Delivered,Marketplace,Lake Angelafort,WA
ORD-0006055,CUST-001002,2025-06-15,Shipped,Mobile App,East Cory,NY
ORD-0007974,CUST-002896,2024-02-25,Placed,In-Store,West Daniel,OH
ORD-0003582,CUST-001675,2025-10-02,Delivered,Marketplace,South Jenniferport,NY
ORD-0000351,CUST-001556,2026-07-13,Placed,Mobile App,Port Zacharyhaven,WA
ORD-0008643,CUST-001327,2026-05-02,shipped,Web,East Jenniferville,AZ
ORD-0008216,CUST-001410,2026-02-05,Shipped,Marketplace,Lake Nathaniel,NY
ORD-0002352,CUST-001673,2024-08-17,Cancelled,In-Store,Lesterfurt,CA
ORD-0001280,CUST-001311,2025-07-08,Delivered,Marketplace,North James,IL
ORD-0005625,CUST-002901,2026-05-21,Delivered,Web,Karinashire,NY
ORD-0008679,CUST-001364,2026-06-23,DELIVERED,Web,Davidside,FL
ORD-0002337,CUST-000335,2025-10-22,Processing,Marketplace,North Deborahville,CA
ORD-0002151,CUST-001629,2026-06-20,Processing,Web,Colleenshire,NC
ORD-0006287,CUST-001292,2026-05-28,Shipped,Mobile App,Greenview,MI
ORD-0009103,CUST-002252,2025-11-10,Shipped,Web,South Paigestad,IL
ORD-0001776,CUST-000007,2025-05-10,Delivered,Web,Halltown,TX
ORD-0003203,CUST-000888,2026-07-24,Placed,Mobile App,Charlesbury,OH
ORD-0011095,CUST-000969,2024-09-22,Cancelled,Mobile App,Lake Rebecca,WA
ORD-0007477,CUST-001271,2024-10-09,Delivered,Web,Port Mariamouth,IL
ORD-0011942,CUST-000909,2026-07-15,Placed,In-Store,Adamsburgh,GA
ORD-0000998,CUST-002038,2025-03-23,Shipped,Mobile App,Jonestown,TX
ORD-0000179,CUST-000213,2026-07-16,Shipped,Mobile App,East Justinshire,NC
ORD-0007125,CUST-001695,2026-07-10,Cancelled,Web,Brownstad,WA
ORD-0000405,CUST-001077,2025-09-02,Processing,Web,North Kelly,OH
ORD-0005490,CUST-000008,2025-04-12,Delivered,Web,Rickyport,GA
ORD-0003412,CUST-001993,2026-06-06,Processing,Marketplace,South Donaldmouth,FL
ORD-0011962,CUST-002990,2025-08-13,Delivered,Web,Joshuachester,MI
ORD-0009407,CUST-002554,2025-09-27,Cancelled,Mobile App,Andersonton,AZ
ORD-0010288,CUST-000209,2026-08-25,PROCESSING,Mobile App,West Andre,OH
ORD-0008172,CUST-000876,2026-07-20,Processing,Web,Port Dustinfort,NY
ORD-0011673,CUST-000808,2026-07-07,Returned,Mobile App,Brownland,FL
ORD-0001009,CUST-002237,2026-08-20,Delivered,Mobile App,Lake Daniel,GA
ORD-0003227,CUST-002811,2026-03-29,Delivered,Web,South Jeremiahberg,FL
ORD-0009334,CUST-001925,2026-05-06,Shipped,Mobile App,New Marissabury,GA
ORD-0011781,CUST-001374,2025-07-05,Delivered,Mobile App,Jessicamouth,MI
ORD-0005857,CUST-000241,2025-07-31,Placed,In-Store,North Angel,PA
ORD-0010911,CUST-000439,2024-10-06,Processing,Web,North Kristina,WA
ORD-0006299,CUST-001037,2026-01-04,Delivered,Marketplace,Lake Monique,NC
ORD-0011140,CUST-001604,2025-09-18,Delivered,Web,West Johnport,CA
ORD-0010169,,2025-08-18,Placed,Web,East Robert,AZ
ORD-0001983,CUST-001341,2025-12-16,Processing,Mobile App,Carriechester,AZ
ORD-0009184,CUST-002072,2026-05-13,Cancelled,Marketplace,North Stacey,FL
ORD-0000926,CUST-002788,2026-03-12,Delivered,Marketplace,South Kathy,TX
ORD-0011537,CUST-001561,2026-02-05,Processing,Web,South Lorihaven,IL
ORD-0009788,CUST-002420,2026-04-23,Delivered,Web,Haynesberg,WA
ORD-0000369,CUST-002282,2026-01-12,Placed,Mobile App,West Josephberg,NC
ORD-0010415,CUST-000279,2025-06-17,Placed,Mobile App,Wallacehaven,OH
ORD-0005861,,2026-02-25,Processing,Mobile App,Port Steven,OH
ORD-0009182,CUST-001043,2026-06-01,Delivered,Mobile App,North Anthonyshire,PA
ORD-0002135,CUST-002903,2025-03-10,Processing,Web,Lake Jenniferchester,IL
ORD-0005915,CUST-002312,2026-04-02,Placed,Web,North Curtis,FL
ORD-0009241,CUST-000311,2024-12-27,Delivered,Mobile App,Port Shawntown,CA
ORD-0008916,CUST-002161,2026-08-02,Delivered,Web,Johnchester,AZ
ORD-0004835,CUST-001899,2025-08-05,delivered,Web,North Kristine,PA
ORD-0005719,CUST-000972,2026-01-24,Placed,In-Store,South Frederick,AZ
ORD-0009703,CUST-002759,2026-08-22,Cancelled,Web,Walkerland,MI
ORD-0011904,CUST-001096,2025-11-03,Cancelled,In-Store,Powellton,IL
ORD-0010236,CUST-000450,2026-09-01,Shipped,Mobile App,Meyermouth,FL
ORD-0008310,CUST-000828,2025-10-10,Delivered,Mobile App,Andrewmouth,IL
ORD-0000291,CUST-000086,2026-07-09,Delivered,Web,East Codyfort,IL
ORD-0007607,CUST-001901,2026-07-24,Delivered,Mobile App,Port Alicia,PA
ORD-0009474,CUST-001151,2025-12-18,Shipped,In-Store,Coleville,IL
ORD-0010056,CUST-002745,2026-07-31,dELIVERED,Web,North Thomasburgh,GA
ORD-0006354,CUST-000963,2026-09-05,Shipped,Mobile App,Allisonbury,PA
ORD-0008404,CUST-000610,2025-12-12,Returned,Web,Port Jasontown,IL
ORD-0009491,CUST-001185,2025-07-26,Shipped,Mobile App,,WA
ORD-0008752,CUST-002117,2025-11-14,processing,Mobile App,Kaylaville,TX
ORD-0000827,,2026-08-02,Shipped,Mobile App,Michaelshire,WA
ORD-0001754,CUST-001807,2025-03-06,Delivered,Web,Christopherchester,TX
ORD-0002702,CUST-002051,2026-08-05,Processing,Mobile App,South George,NY
ORD-0000021,CUST-002266,01/01/2026,Delivered,Mobile App,New Ryanport,MI
ORD-0007546,CUST-002882,2026-02-07,DELIVERED,Mobile App,Port Tiffany,WA
ORD-0010241,CUST-000455,2026-04-28,Delivered,Mobile App,Brendanshire,FL
ORD-0005437,CUST-001411,2025-04-11,Delivered,Marketplace,Marshallland,IL
ORD-0001444,CUST-001578,2025-04-03,Delivered,Web,North Wendy,OH
ORD-0002644,CUST-000235,2025-07-07,Delivered,Web,Perezburgh,IL
ORD-0004183,,2026-04-22,Shipped,Web,Markland,OH
ORD-0010455,CUST-002195,2026-02-10,Delivered,Web,Trantown,TX
ORD-0006454,CUST-000998,2024-04-21,Returned,Web,North Cynthiaport,GA
ORD-0005299,,2026-05-09,Cancelled,Marketplace,Alecchester,TX
ORD-0010330,CUST-002981,2026-07-21,Placed,Marketplace,Johnsonland,TX
ORD-0001139,CUST-001533,2026-09-05,Shipped,Web,,OH
ORD-0006070,CUST-001361,2026-07-28,Delivered,In-Store,Lake Jerryberg,AZ
ORD-0007506,CUST-003000,2025-05-10,Placed,Mobile App,Greenchester,WA
ORD-0009164,CUST-000561,2026-06-09,Delivered,Marketplace,Alexanderchester,OH
ORD-0003985,CUST-001947,2025-07-10,Delivered,In-Store,Nicoleton,TX
ORD-0002002,,2024-10-08,Shipped,Mobile App,,FL
ORD-0005660,CUST-000373,2026-07-02,Returned,Mobile App,Johnsonborough,OH
ORD-0009356,CUST-001850,2024-11-04,Placed,Mobile App,East Robert,NC
ORD-0008082,CUST-993009,2026-06-08,Placed,Mobile App,Nicoletown,NY
ORD-0004440,CUST-001750,2026-09-05,Returned,Mobile App,Andrewport,AZ
ORD-0004720,CUST-000769,2025-05-17,Placed,Web,Collinsberg,GA
ORD-0011494,CUST-002754,2026-08-31,Delivered,In-Store,Williamsborough,CA
ORD-0002690,CUST-001052,2025-08-29,Placed,Web,Lauramouth,TX
ORD-0002482,CUST-001300,2026-09-03,Placed,In-Store,New Sierrafort,GA
ORD-0008314,CUST-001420,2025-02-02,Shipped,Mobile App,South James,IL
ORD-0002106,CUST-000386,2026-08-24,Shipped,Web,Lake David,MI
ORD-0001301,CUST-002174,2026-08-24,Placed,Mobile App,South Noahfort,MI
ORD-0002591,CUST-000611,2026-08-23,Delivered,Mobile App,Katherineshire,GA
ORD-0011649,CUST-000499,2025-08-13,Delivered,Web,Donaldside,AZ
ORD-0009387,CUST-000101,2024-12-24,Processing,Mobile App,East Haleybury,NY
ORD-0009414,CUST-001046,2026-05-09,Cancelled,Web,New Jean,GA
ORD-0000468,CUST-002286,2025-02-14,processing,In-Store,West Michaelburgh,CA
ORD-0005839,CUST-000939,2026-02-21,Delivered,Marketplace,Rebeccaburgh,GA
ORD-0010782,CUST-001999,2026-06-01,Shipped,Web,Hawkinstown,MI
ORD-0009902,CUST-002863,2026-09-02,Placed,Mobile App,East Timothyfort,NY
ORD-0005345,CUST-002957,2024-10-15,Shipped,Marketplace,Robertport,AZ
ORD-0004040,CUST-002635,2026-08-27,Delivered,Web,North Nicholas,TX
ORD-0006547,CUST-000976,2026-05-02,Shipped,Web,,WA
ORD-0004854,CUST-002027,2026-07-02,Shipped,In-Store,New Annmouth,NC
ORD-0004937,CUST-000343,2026-08-10,Cancelled,Mobile App,Arnoldberg,IL
ORD-0004046,CUST-001740,2026-08-03,Delivered,In-Store,Mitchellshire,TX
ORD-0011670,CUST-000979,2025-11-16,Cancelled,Mobile App,Cardenastown,AZ
ORD-0006248,CUST-002087,"October 15, 2025",Shipped,Web,Rothtown,OH
ORD-0008016,CUST-002109,2025-05-13,Delivered,Web,Lake Shannonfurt,AZ
ORD-0003517,CUST-001586,2026-07-03,Shipped,Mobile App,Lake Alexton,PA
ORD-0007743,CUST-000768,2024-11-01,Delivered,Marketplace,Port Daniellestad,MI
ORD-0006450,CUST-001842,2026-03-10,Shipped,Marketplace,New Kevinchester,GA
ORD-0005905,CUST-001110,2025-02-24,Delivered,Web,New Andrewside,IL
ORD-0001945,CUST-002158,2024-07-21,Placed,Web,East Virginia,TX
ORD-0008700,CUST-001152,12/26/2025,Delivered,Web,East Laura,NY
ORD-0004568,CUST-001512,2025-05-14,Placed,Mobile App,Andersonberg,PA
ORD-0002143,CUST-002636,2024-07-25,Shipped,Marketplace,Lake Kimberly,GA
ORD-0010804,CUST-002099,2026-04-30,Returned,Web,,CA
ORD-0010133,,2026-01-01,Delivered,Web,East Justin,AZ
ORD-0008006,CUST-000320,2025-05-09,Processing,Mobile App,Youngside,MI
ORD-0010105,CUST-000336,2025-10-21,Placed,Marketplace,North Josephstad,AZ
ORD-0000277,CUST-001000,2024-12-31,Delivered,Mobile App,,AZ
ORD-0009443,CUST-000659,2025-11-13,Placed,Marketplace,Port Kellyside,GA
ORD-0009783,CUST-000033,2025-11-03,Shipped,Marketplace,Christopherborough,OH
ORD-0004036,CUST-002236,2025-10-28,Processing,Web,Janeville,FL
ORD-0000838,CUST-001504,2026-06-03,Cancelled,Marketplace,Christophermouth,WA
ORD-0009991,CUST-000182,2026-08-20,Processing,Marketplace,North Cristianmouth,GA
ORD-0004480,CUST-000693,2025-05-06,Processing,Mobile App,Marymouth,TX
ORD-0003917,CUST-000477,2025-10-27,Delivered,Marketplace,West Michaelstad,PA
ORD-0007432,CUST-002972,2026-03-15,Delivered,Web,Hernandeztown,AZ
ORD-0003129,CUST-001217,2025-12-30,Placed,Mobile App,,AZ
ORD-0002972,CUST-001210,2026-04-28,Placed,Mobile App,Port Feliciaburgh,AZ
ORD-0009980,CUST-002219,2026-06-03,Placed,Web,Edwardmouth,AZ
ORD-0010780,CUST-000961,2026-05-10,Placed,Marketplace,Grantchester,WA
ORD-0011630,CUST-001078,2025-03-02,dELIVERED,In-Store,Huntburgh,AZ
ORD-0000195,CUST-001250,2026-01-16,Processing,Web,Leonbury,PA
ORD-0008004,CUST-001911,2026-06-25,Returned,Mobile App,South Charlotte,TX
ORD-0008651,CUST-000037,2026-04-13,Delivered,Web,Port Elizabethside,WA
ORD-0008027,CUST-001029,2026-03-09,Placed,Marketplace,North Ellenborough,NC
ORD-0007888,CUST-001250,2025-03-29,Shipped,Mobile App,Ryanfurt,IL
ORD-0008390,CUST-000121,2026-05-12,Delivered,Web,Greenfurt,CA
ORD-0006529,CUST-001443,2025-04-04,Delivered,Web,Reedhaven,IL
ORD-0000450,CUST-002720,2025-08-06,Delivered,Mobile App,Amberfurt,PA
ORD-0001081,CUST-000165,2026-07-09,Shipped,In-Store,Olsontown,FL
ORD-0001371,CUST-002916,2024-11-11,Delivered,Mobile App,Deannamouth,WA
ORD-0002648,CUST-001862,2026-06-14,Placed,Mobile App,South Gregoryview,AZ
ORD-0011074,CUST-001236,2025-12-15,processing,Mobile App,Port Raymond,TX
ORD-0000325,CUST-000702,2025-11-16,Delivered,Web,Stewartshire,OH
ORD-0004846,CUST-002523,2026-09-05,Placed,Web,South Brandonton,OH
ORD-0007820,CUST-944047,2026-08-13,Shipped,Web,Hawkinsburgh,TX
ORD-0008025,CUST-000323,2026-03-21,Shipped,Web,Lake Andrew,AZ
ORD-0006064,CUST-000732,02/09/2026,Delivered,Mobile App,Charlesshire,MI
ORD-0008324,CUST-001175,2026-03-08,Delivered,Web,Crosbyton,WA
ORD-0001898,CUST-001442,2026-04-16,Processing,Web,Williamberg,NC
ORD-0004773,CUST-002953,2026-04-18,Delivered,Web,Kristinshire,NC
ORD-0007026,CUST-000556,2025-03-10,Delivered,Marketplace,Port Charlene,IL
ORD-0008807,CUST-001355,2026-08-03,Shipped,Web,Whitneyland,PA
ORD-0002664,CUST-002785,"April 16, 2026",Placed,Web,East Cesar,NY
ORD-0004443,CUST-001035,2026-02-13,Placed,Web,Cortezland,MI
ORD-0004365,CUST-001509,2026-07-08,pLACED,Web,Nguyenchester,WA
ORD-0010954,CUST-002490,2026-06-03,sHIPPED,In-Store,Johnsonmouth,CA
ORD-0004977,CUST-001390,2025-04-10,Delivered,In-Store,Jensenville,OH
ORD-0008378,CUST-001506,2026-03-27,Delivered,Mobile App,Gailshire,PA
ORD-0003606,CUST-002677,2026-05-02,Cancelled,Web,West Bobbychester,OH
ORD-0009872,CUST-002757,2024-10-24,Processing,Web,Pageshire,TX
ORD-0004427,CUST-001002,2025-12-14,Delivered,Mobile App,Lake Karla,IL
ORD-0008922,CUST-000873,2024-11-21,Delivered,Marketplace,Lake Destiny,GA
ORD-0009121,CUST-001604,2024-07-25,Delivered,Mobile App,Greenport,NC
ORD-0009592,CUST-002849,2026-04-06,Placed,Mobile App,New Alice,FL
ORD-0006158,,2025-07-12,Placed,In-Store,Amandaport,AZ
ORD-0008116,CUST-001366,2025-02-16,Processing,Mobile App,North Anthony,NY
ORD-0004799,CUST-001355,2026-06-04,Shipped,Mobile App,North Nathanielchester,IL
ORD-0009255,CUST-001848,2026-04-13,Processing,Marketplace,Jonesshire,MI
ORD-0000475,CUST-000389,2023-09-23,Delivered,Web,Cartershire,NY
ORD-0005482,CUST-002927,2025-01-13,Shipped,Mobile App,South Cassandra,CA
ORD-0010205,CUST-002399,2026-04-12,Delivered,In-Store,Friedmanmouth,OH
ORD-0001834,CUST-002764,2025-09-11,Delivered,Mobile App,Cooktown,PA
ORD-0000680,CUST-000660,2025-09-08,Delivered,In-Store,West Jessicaview,GA
ORD-0005197,CUST-000523,2026-07-24,Delivered,Mobile App,New Cindychester,GA
ORD-0000997,CUST-001035,2024-09-18,Processing,In-Store,North Anna,NY
ORD-0010275,CUST-000380,2025-06-24,Placed,Mobile App,Port Angelaburgh,PA
ORD-0005551,CUST-002796,2025-02-21,Shipped,Web,Lake Andrewfurt,CA
ORD-0008771,CUST-000268,2025-10-30,Processing,Web,Port Kathleen,NC
ORD-0008981,CUST-002231,2024-05-12,Processing,Mobile App,North Michaelchester,NY
ORD-0000467,CUST-001977,2025-12-27,Shipped,Mobile App,Patrickberg,IL
ORD-0003081,CUST-002331,2026-06-09,Cancelled,Web,East Jason,FL
ORD-0010933,CUST-002851,01-Aug-2026,Delivered,Web,Lake Gina,AZ
ORD-0004979,CUST-002835,2026-04-11,Placed,In-Store,North Joshuaville,NY
ORD-0003368,CUST-002480,2025-08-07,Delivered,Mobile App,Harperside,WA
ORD-0011806,CUST-000779,2024-09-30,Shipped,Web,Lake Austin,MI
ORD-0002121,CUST-000318,2025-05-31,Placed,Marketplace,Martinezfort,CA
ORD-0005286,,2025-09-17,Shipped,Mobile App,Saraburgh,OH
ORD-0006385,CUST-002883,2024-06-12,Cancelled,Web,Vasquezview,TX
ORD-0007340,CUST-000072,2025-05-24,Delivered,Marketplace,Andreachester,TX
ORD-0001519,CUST-001252,2026-07-07,Delivered,In-Store,South Sarahport,GA
ORD-0006156,CUST-001072,2026-08-02,Delivered,Mobile App,South Sarah,IL
ORD-0008713,CUST-000877,2026-07-22,Cancelled,Mobile App,Smithbury,AZ
ORD-0003952,CUST-000117,2025-06-29,Placed,Mobile App,Jamesville,GA
ORD-0002823,CUST-000835,2026-09-05,Returned,Web,East Chelsea,GA
ORD-0003970,CUST-002613,2025-09-01,Delivered,Web,Salazarton,PA
ORD-0009001,CUST-001957,2026-05-26,Delivered,Web,Port Maria,NY
ORD-0005634,CUST-000416,2025-09-04,Shipped,Web,South Christopher,MI
ORD-0001576,CUST-002978,2026-05-13,Shipped,Mobile App,Danielville,WA
ORD-0008135,CUST-002439,2025-12-30,Processing,Web,Robertbury,NC
ORD-0003900,CUST-001817,2026-02-21,Processing,Mobile App,East Tyler,MI
ORD-0000661,CUST-001363,2025-08-04,Placed,Mobile App,Wayneberg,IL
ORD-0002300,,2026-01-10,Cancelled,Mobile App,West Jeffreyborough,FL
ORD-0006626,CUST-002760,2023-12-13,Returned,Mobile App,Port Mary,NY
ORD-0008360,CUST-000502,2026-03-13,Cancelled,Marketplace,West Joshua,GA
ORD-0005733,CUST-001654,2026-08-21,Placed,Marketplace,,FL
ORD-0004817,CUST-002452,2025-10-13,Cancelled,Marketplace,Brucehaven,IL
ORD-0000808,CUST-002222,2024-02-10,Cancelled,Mobile App,Payneburgh,GA
ORD-0011912,CUST-002557,2025-01-28,Processing,Marketplace,Patelburgh,IL
ORD-0007187,CUST-002030,2026-06-15,Delivered,Mobile App,Port Joshua,OH
ORD-0007151,CUST-002385,2025-02-03,Delivered,Web,New Leslietown,MI
ORD-0006125,CUST-000560,2026-08-19,Cancelled,Web,North Stevenmouth,TX
ORD-0007750,CUST-001217,2025-08-24,Shipped,Mobile App,Port Jameston,AZ
ORD-0008281,CUST-000470,2025-04-08,Delivered,Marketplace,New Erica,CA
ORD-0011027,CUST-000561,2026-06-29,Delivered,Web,Curryshire,IL
ORD-0011454,CUST-001773,2025-10-30,Delivered,Web,South Jonathan,NC
ORD-0004760,CUST-002508,08/14/2026,Returned,Web,North Natalie,TX
ORD-0009499,CUST-000819,04/08/2026,Returned,Web,Port Catherine,IL
ORD-0004614,CUST-002088,2026-01-21,Delivered,Mobile App,Mckinneyland,IL
ORD-0007437,CUST-000653,2025-07-02,Shipped,Web,Rossside,OH
ORD-0009934,CUST-001054,2025-03-28,Shipped,Marketplace,Zacharyview,NY
ORD-0009363,CUST-000550,2026-05-01,Cancelled,Web,Port Ryanberg,TX
ORD-0011813,CUST-002155,2026-02-02,Delivered,Mobile App,Christopherhaven,GA
ORD-0005640,CUST-002851,2026-07-14,Shipped,Marketplace,Kristimouth,GA
ORD-0001321,CUST-002291,2026-08-01,Delivered,Web,East Davidburgh,NY
ORD-0006037,CUST-000840,2024-07-23,Returned,In-Store,Bakerfurt,GA
ORD-0000128,CUST-952737,2026-09-01,Processing,Marketplace,Kimberlyberg,MI
ORD-0007748,CUST-000561,2026-05-09,Placed,Marketplace,,IL
ORD-0003661,CUST-000677,2025-03-04,Shipped,Mobile App,Lake David,WA
ORD-0003039,CUST-001258,2026-03-31,Returned,Mobile App,Lake Matthewhaven,CA
ORD-0004370,CUST-002971,2026-08-02,Cancelled,Web,West Gabrielfurt,NY
ORD-0003932,CUST-002311,2026-09-05,Shipped,Marketplace,East Eddie,NC
ORD-0011873,CUST-001395,2026-08-23,Placed,Mobile App,Port Stephaniemouth,NC
ORD-0002744,CUST-000070,2026-08-21,Delivered,Mobile App,New Michaelmouth,NC
ORD-0001526,CUST-001707,2025-01-25,Placed,Web,Port Yolanda,CA
ORD-0009061,CUST-001960,2026-08-28,Cancelled,Web,Port Jeremytown,CA
ORD-0004857,CUST-001339,2026-08-13,Delivered,In-Store,Brianmouth,AZ
ORD-0003945,CUST-002996,2025-05-21,Delivered,In-Store,Shaneland,GA
ORD-0002084,CUST-001245,2026-05-21,Shipped,Mobile App,West Rachel,CA
ORD-0003179,CUST-996920,2026-07-28,Cancelled,Mobile App,Randyland,WA
ORD-0000602,CUST-001483,2026-06-21,Placed,Mobile App,Lake Anita,CA
ORD-0008734,,2026-08-13,Delivered,Mobile App,Smithhaven,CA
ORD-0002139,CUST-002945,2026-03-16,Placed,Web,North Teresa,MI
ORD-0006066,CUST-000168,2025-03-14,Shipped,Mobile App,East Ashley,PA
ORD-0000034,CUST-001198,2026-07-03,Shipped,Mobile App,Turnerton,OH
ORD-0000149,CUST-002206,2025-08-09,Processing,Web,Port Margarettown,GA
ORD-0006232,CUST-000477,2026-01-29,Delivered,In-Store,West Edwin,NC
ORD-0002051,CUST-000809,2026-08-28,Cancelled,Mobile App,Martinview,GA
ORD-0001001,CUST-002341,2026-06-03,Delivered,Mobile App,Chadton,OH
ORD-0010217,CUST-000980,2026-02-04,Delivered,Marketplace,Batesview,MI
ORD-0008419,CUST-000187,2025-11-20,Delivered,Mobile App,,NC
ORD-0003789,CUST-000480,2025-11-20,Delivered,Mobile App,Alexandertown,OH
ORD-0006429,CUST-001130,2024-06-01,Placed,Mobile App,Jessicashire,NY
ORD-0004359,CUST-000973,2026-08-11,Placed,Web,Angelaland,NC
ORD-0005755,CUST-000456,2026-03-03,Placed,Web,Heathershire,IL
ORD-0001663,,2025-03-06,Processing,Web,North Sandra,CA
ORD-0003186,CUST-000724,2025-09-14,Processing,Mobile App,Trujilloport,IL
ORD-0006772,CUST-000174,2024-07-13,Shipped,Web,New Chase,OH
ORD-0003431,CUST-001228,2026-03-23,Delivered,Marketplace,South Audreyport,GA
ORD-0005641,CUST-000155,2025-08-19,Placed,Web,Lake Jacob,NY
ORD-0009627,CUST-000071,"March 02, 2026",Delivered,Marketplace,Nataliebury,TX
ORD-0001181,CUST-001890,2025-10-31,Delivered,Web,New Ryan,AZ
ORD-0003302,CUST-002316,2026-06-03,PLACED,Mobile App,Kimmouth,AZ
ORD-0002103,CUST-000440,2026-07-28,Delivered,Web,Danielletown,TX
ORD-0004930,CUST-002468,2026-05-11,Delivered,Web,Thomasmouth,TX
ORD-0000288,CUST-000469,2026-09-01,Delivered,Marketplace,North Craigmouth,NY
ORD-0006289,CUST-000827,11/01/2025,Processing,Web,New Miamouth,WA
ORD-0004780,CUST-000519,2026-04-17,Placed,Web,New Sarahland,WA
ORD-0003328,CUST-001238,2026-01-09,Delivered,Web,Annafurt,FL
ORD-0002290,CUST-001390,2026-01-18,Delivered,Mobile App,Amandaside,NC
ORD-0010686,CUST-000546,2026-07-31,Delivered,In-Store,Charlotteshire,TX
ORD-0005666,CUST-001973,2026-06-04,Cancelled,Marketplace,Mitchellstad,GA
ORD-0006282,CUST-002948,2025-07-05,Shipped,Mobile App,South Cristian,AZ
ORD-0011237,CUST-000961,2026-02-25,Delivered,Web,Port Thomas,IL
ORD-0011018,CUST-000139,2026-08-19,Delivered,Marketplace,Lake Willie,GA
ORD-0010028,CUST-002379,2026-06-11,Shipped,In-Store,South Hayden,AZ
ORD-0001604,CUST-000235,2026-05-21,Returned,Web,Lake Alicia,IL
ORD-0005273,CUST-001315,2026-08-23,Delivered,Mobile App,Carterside,TX
ORD-0000977,CUST-002004,2026-01-28,Shipped,Marketplace,South Jose,TX
ORD-0003127,CUST-000658,2024-06-12,Placed,Marketplace,Port Kevin,IL
ORD-0001110,CUST-002697,2026-05-17,Placed,Mobile App,Matthewmouth,OH
ORD-0010962,CUST-001698,2025-06-15,Processing,Web,Port Aprilberg,FL
ORD-0010136,CUST-001914,2026-08-31,Shipped,Mobile App,Jacobborough,CA
ORD-0006101,CUST-002099,2026-02-12,Delivered,Mobile App,,AZ
ORD-0008100,CUST-002694,2026-04-19,Processing,Mobile App,West Kennethland,NC
ORD-0005694,CUST-983124,2026-01-02,Processing,Web,Johnfort,NY
ORD-0010260,CUST-000310,2026-03-05,Shipped,Web,,WA
ORD-0005412,CUST-954711,2026-06-28,Delivered,Web,Jonathonborough,PA
ORD-0009874,CUST-002177,2026-05-07,Shipped,Mobile App,Rachelshire,FL
ORD-0008166,CUST-001697,2025-11-27,Processing,Mobile App,Port Carlosburgh,PA
ORD-0007091,CUST-001297,2024-11-02,Delivered,In-Store,New Markview,FL
ORD-0003878,CUST-001937,2024-12-12,Delivered,Mobile App,Thompsonstad,NC
ORD-0005478,CUST-001257,2026-08-15,Cancelled,Web,Thomasfort,GA
ORD-0004345,CUST-002014,2025-11-05,Delivered,Web,Barbaraport,OH
ORD-0006686,CUST-001362,2025-10-26,Shipped,Web,West Chadborough,GA
ORD-0000152,CUST-002931,2026-07-27,Processing,Marketplace,Port John,CA
ORD-0002520,,2026-06-19,Placed,Mobile App,Briggsstad,MI
ORD-0011885,CUST-002547,2026-01-16,Delivered,In-Store,East Nathanielshire,CA
ORD-0002913,CUST-000307,2026-08-23,Delivered,Mobile App,Lake Jacobchester,MI
ORD-0006133,CUST-002440,2026-04-04,Cancelled,Mobile App,Stevenmouth,OH
ORD-0004613,CUST-001697,2026-08-29,Delivered,Web,Andrewport,OH
ORD-0001964,CUST-000874,"March 19, 2026",Shipped,Mobile App,South Kevin,NC
ORD-0000496,CUST-002207,2025-02-04,Delivered,Web,Rachelburgh,TX
ORD-0002502,CUST-000279,04/14/2025,Processing,Web,Port Jessica,CA
ORD-0011267,CUST-001150,2026-08-30,Delivered,Marketplace,West Traceyside,NC
ORD-0006848,CUST-001947,2026-07-04,Placed,Marketplace,South Ryanstad,IL
ORD-0009680,CUST-000211,2025-11-18,Processing,Mobile App,Millerberg,OH
ORD-0007946,,2026-07-31,Placed,Web,East Johntown,TX
ORD-0009175,CUST-980044,2024-10-27,Shipped,Marketplace,Christopherville,FL
ORD-0001981,CUST-000920,2025-12-10,PLACED,Web,North Julie,GA
ORD-0001005,CUST-002598,2026-05-12,Delivered,Mobile App,Port Jaketon,CA
ORD-0002541,CUST-002498,2026-06-29,Delivered,Web,East Mark,CA
ORD-0000391,CUST-000998,2026-06-01,Delivered,Web,Lopezport,IL
ORD-0011497,CUST-001634,2025-09-01,Placed,Mobile App,Nielsenview,FL
ORD-0010861,,2025-11-22,Delivered,Marketplace,Villanuevaborough,NC
ORD-0001175,CUST-002132,2026-08-23,Processing,In-Store,Andrewstad,CA
ORD-0005672,CUST-000470,2025-12-01,Delivered,Web,Krystalfurt,FL
ORD-0009271,CUST-000413,2025-03-13,Processing,Web,Mcculloughstad,CA
ORD-0006602,CUST-000221,2024-10-24,Processing,Web,Smithburgh,FL
ORD-0007764,CUST-001269,2026-01-26,Shipped,Mobile App,Kimberlyside,WA
ORD-0002193,CUST-000750,2026-01-16,Delivered,Web,Port Rebeccaberg,IL
ORD-0000942,CUST-000191,2026-06-25,Processing,Web,Port Paulton,AZ
ORD-0000704,CUST-002769,2026-08-24,Processing,Mobile App,Port Jademouth,OH
ORD-0006178,CUST-000174,2026-08-23,Processing,Web,North Justinstad,NC
ORD-0011699,CUST-001422,2024-12-31,Delivered,Web,Lake Deanshire,TX
ORD-0002885,CUST-909289,2026-02-05,Shipped,In-Store,Gregghaven,NC
ORD-0005426,CUST-002503,2025-11-02,Placed,Web,Chadbury,NY
ORD-0006690,CUST-002181,2026-08-22,Cancelled,Web,Browntown,CA
ORD-0001998,CUST-000709,2026-08-22,Processing,Web,New Sonya,AZ
ORD-0011285,CUST-002820,2025-04-14,Delivered,Web,,AZ
ORD-0008930,CUST-002906,2026-09-05,Processing,Mobile App,North Brandonville,NY
ORD-0009989,CUST-000267,2024-12-19,Shipped,Mobile App,Phamchester,CA
ORD-0005618,CUST-001175,2025-06-03,Shipped,Web,Johnsonville,AZ
ORD-0003406,CUST-000084,2026-09-04,Placed,Marketplace,Port Kristinemouth,IL
ORD-0004510,CUST-002307,2026-02-07,Returned,Mobile App,West Kevinfurt,WA
ORD-0005606,CUST-000168,2026-07-09,Delivered,Web,Philipton,AZ
ORD-0002584,CUST-000289,2024-06-18,Delivered,Mobile App,East Willieville,IL
ORD-0008155,CUST-000790,2025-10-22,Shipped,Web,Mayfurt,CA
ORD-0001740,CUST-002642,2026-09-02,Delivered,Web,Ashleymouth,CA
ORD-0005708,CUST-001863,2026-08-31,Returned,Web,East Dana,PA
ORD-0000726,CUST-002581,2026-08-20,Returned,Web,North Patrickfort,NY
ORD-0008983,CUST-000657,2026-08-24,Cancelled,Web,Patelmouth,GA
ORD-0002155,,2026-08-12,Shipped,Marketplace,Mariafurt,AZ
ORD-0004987,CUST-002257,2025-11-25,Delivered,Web,Port Jerome,TX
ORD-0001225,CUST-001891,2025-06-19,Processing,In-Store,Timothyfort,NC
ORD-0008385,CUST-001883,2026-09-04,Delivered,Web,North Roberttown,MI
ORD-0002060,CUST-002990,2026-08-09,Delivered,Marketplace,East Travis,GA
ORD-0006257,CUST-000017,2026-03-27,Returned,Web,South Stevenshire,FL
ORD-0005310,CUST-002847,2024-12-08,Processing,Web,Gonzaleshaven,WA
ORD-0007968,CUST-002338,2025-02-03,Processing,Web,Anthonyfurt,FL
ORD-0005448,CUST-000108,2026-05-03,Delivered,Marketplace,Lake Kristinafort,FL
ORD-0006523,CUST-001246,2026-08-24,Delivered,Web,Mccoyshire,OH
ORD-0002521,CUST-002695,2026-09-05,Delivered,Mobile App,West Helenfurt,WA
ORD-0008500,CUST-000601,02/09/2026,Delivered,Web,Carloshaven,GA
ORD-0001218,CUST-000726,2025-06-06,Delivered,Mobile App,Williamfort,IL
ORD-0001928,CUST-000375,2024-06-19,Delivered,Mobile App,South Alexisstad,CA
ORD-0001786,CUST-002792,2026-08-15,Placed,Web,Barnesbury,WA
ORD-0005459,CUST-002347,2026-01-11,Delivered,Mobile App,Alecmouth,CA
ORD-0001226,CUST-000708,2024-05-14,Processing,Mobile App,West Christopher,PA
ORD-0008899,CUST-001737,2025-12-11,Delivered,Web,Garnerfort,GA
ORD-0011696,CUST-001675,2026-07-07,Shipped,Marketplace,Cowanmouth,NC
ORD-0000563,CUST-002123,2026-03-09,Delivered,Marketplace,Morahaven,CA
ORD-0000243,CUST-000856,2026-02-28,Shipped,Web,New Dorothy,NY
ORD-0011575,CUST-001458,2025-09-02,Placed,Marketplace,Foxtown,PA
ORD-0007911,CUST-000809,2025-10-01,Shipped,Mobile App,Amychester,WA
ORD-0008492,CUST-002645,2026-05-13,Processing,Web,South James,PA
ORD-0006579,CUST-001408,2025-10-30,Delivered,Mobile App,Muellertown,TX
ORD-0003659,CUST-000454,2025-10-14,Placed,Web,Jonathanview,WA
ORD-0004608,CUST-000457,2025-04-23,Placed,Mobile App,Reginaburgh,AZ
ORD-0002842,CUST-002830,2026-03-15,Cancelled,Web,Gomezland,NC
ORD-0010692,CUST-000482,2026-08-11,Delivered,Mobile App,South Paultown,CA
ORD-0011500,CUST-000252,2025-11-23,Delivered,Mobile App,West Brandonfort,AZ
ORD-0007160,CUST-002494,2025-05-05,Delivered,Web,Allenfort,CA
ORD-0011889,CUST-001914,2026-08-07,Cancelled,In-Store,Ianborough,NY
ORD-0007592,CUST-001334,2025-06-06,Placed,Web,Lake Teresachester,NC
ORD-0009051,CUST-001246,2026-07-06,Delivered,Mobile App,Port Nicolasfort,GA
ORD-0005222,CUST-000889,2026-07-04,Shipped,Mobile App,East Heatherview,CA
ORD-0008984,CUST-001710,2025-08-17,Shipped,Web,Port Bryanshire,GA
ORD-0002636,CUST-000341,05/14/2026,Shipped,Web,New Timothyville,OH
ORD-0006536,CUST-000028,2026-08-31,Shipped,Mobile App,Smithside,CA
ORD-0001102,CUST-002361,2026-04-15,Delivered,Marketplace,,OH
ORD-0004962,CUST-002453,2026-09-03,Shipped,Mobile App,Port Charlesberg,FL
ORD-0002906,CUST-000707,"November 23, 2023",Delivered,Web,Randyville,CA
ORD-0010444,CUST-002607,2025-09-29,Processing,Web,Christophershire,TX
ORD-0004766,CUST-002706,2025-12-17,Delivered,Web,Williamshaven,NY
ORD-0000204,CUST-002916,2026-05-04,Placed,Mobile App,East Kimberly,CA
ORD-0001804,CUST-000602,2026-04-13,Delivered,Web,Port James,MI
ORD-0002625,CUST-002785,2026-02-17,Delivered,Mobile App,South Edward,NY
ORD-0006013,CUST-001941,2026-01-16,Placed,Mobile App,South Jennifer,GA
ORD-0007366,CUST-002110,2025-10-08,Delivered,Web,North Gloriafurt,CA
ORD-0004166,CUST-001196,2026-08-06,Delivered,Web,Lake Cynthiaside,FL
ORD-0005648,CUST-001719,2026-05-15,Delivered,Web,South Mary,AZ
ORD-0008630,CUST-000645,2026-05-22,Returned,Mobile App,Amberton,AZ
ORD-0001869,CUST-001619,2024-08-12,Processing,In-Store,Port Rosemouth,OH
ORD-0004216,CUST-002286,2026-02-11,Delivered,Mobile App,East Dawnborough,WA
ORD-0011051,CUST-000055,2026-07-04,Processing,Mobile App,,GA
ORD-0010504,CUST-002544,2026-02-01,Shipped,In-Store,West Ralphshire,OH
ORD-0005975,CUST-002809,08/09/2026,Cancelled,Marketplace,Robinsontown,MI
ORD-0003728,CUST-000359,2026-08-23,Shipped,Mobile App,Wilsonborough,CA
ORD-0006803,CUST-001757,2025-05-04,Processing,Web,Karlatown,NY
ORD-0001141,CUST-002730,2025-11-06,Shipped,In-Store,New Robert,IL
ORD-0004883,CUST-002274,2026-03-20,Placed,Web,South Rebekah,CA
ORD-0005501,CUST-002412,2025-03-16,Processing,Mobile App,Hayesville,FL
ORD-0002716,,27-Apr-2026,Shipped,Mobile App,West Jillianville,AZ
ORD-0006171,CUST-001305,2026-01-01,Placed,Web,Christianport,AZ
ORD-0009406,CUST-000918,"May 14, 2026",Placed,Web,Richardsshire,WA
ORD-0003568,CUST-002822,2026-08-21,Returned,Web,Webershire,IL
ORD-0010480,CUST-982380,2025-08-05,Delivered,Web,Lake Todd,MI
ORD-0010147,CUST-001337,2026-01-18,Delivered,Marketplace,Lake Lisaview,GA
ORD-0002179,CUST-001152,2026-03-29,Delivered,Mobile App,Jasonburgh,MI
ORD-0011298,CUST-001971,2025-09-07,Shipped,Web,Barryview,OH
ORD-0011484,CUST-002688,2025-12-08,Shipped,Mobile App,Holmesshire,GA
ORD-0008150,CUST-000360,2026-07-21,Delivered,Marketplace,Lake Linda,NC
ORD-0007321,CUST-000293,2025-08-17,Delivered,Mobile App,Marshhaven,IL
ORD-0010397,CUST-002531,2026-02-06,Shipped,Marketplace,Contreraston,PA
ORD-0001878,CUST-002217,2026-01-02,Placed,Web,Steeleberg,PA
ORD-0009893,CUST-000456,2026-03-23,Processing,Web,Port Jesus,PA
ORD-0004150,CUST-001782,2026-05-05,Shipped,Web,South Valerie,FL
ORD-0002504,CUST-001937,2026-06-30,Processing,Mobile App,North Anthonymouth,GA
ORD-0011182,CUST-001963,2025-09-07,Placed,Web,Josephport,NY
ORD-0005859,CUST-000844,2026-08-04,Processing,Web,Jonville,NC
ORD-0002863,CUST-001014,2026-08-07,Shipped,Mobile App,East Melody,AZ
ORD-0008253,CUST-000731,2026-06-20,Shipped,Web,North Gregorytown,NY
ORD-0010274,CUST-001533,2026-04-15,Processing,Web,Port Kevin,OH
ORD-0009859,CUST-000281,2025-03-07,Placed,In-Store,Lake Brittany,CA
ORD-0009023,CUST-001508,2025-03-13,Delivered,Web,Gilesfurt,PA
ORD-0005202,CUST-002787,2025-02-07,Processing,Web,North Taraberg,AZ
ORD-0002774,CUST-001687,2025-05-06,Placed,Mobile App,Campbellbury,NC
ORD-0003211,CUST-001323,2026-08-08,Delivered,Web,West Rebeccaside,FL
ORD-0005361,CUST-000305,2025-10-08,Shipped,Mobile App,Calebstad,PA
ORD-0009712,CUST-002980,2026-01-15,Delivered,Web,Williamberg,CA
ORD-0002574,CUST-001908,2026-08-02,Shipped,Marketplace,West Justinmouth,IL
ORD-0002346,CUST-001408,2026-04-25,Cancelled,Mobile App,New Peterview,IL
ORD-0005532,CUST-001691,2026-08-26,Shipped,Mobile App,Lake Dustinstad,CA
ORD-0005795,CUST-001546,2026-07-03,Delivered,Mobile App,Lake Thomas,GA
ORD-0002241,,2026-07-02,Delivered,Mobile App,Elizabethtown,NC
ORD-0011322,CUST-001178,2025-01-17,placed,Mobile App,,MI
ORD-0007881,CUST-000668,2024-08-16,Placed,Marketplace,South Jeffery,NC
ORD-0004898,,2026-07-28,Shipped,Web,South Lorettamouth,NC
ORD-0000449,CUST-002537,2026-06-02,Delivered,Mobile App,Pattersonton,WA
ORD-0000662,CUST-002218,2026-09-01,Delivered,In-Store,Amandabury,AZ
ORD-0011664,CUST-002894,2026-09-05,Shipped,Marketplace,Maryfurt,TX
ORD-0009392,CUST-002350,07/12/2026,Placed,Mobile App,New Jamesbury,PA
ORD-0004634,CUST-002667,2026-08-26,Placed,Mobile App,Alexanderborough,OH
ORD-0009224,CUST-000469,2026-09-01,Cancelled,Mobile App,Mariaberg,NY
ORD-0007000,CUST-001433,2024-10-06,Returned,Mobile App,Lewismouth,AZ
ORD-0002398,CUST-002028,2026-03-12,Shipped,Marketplace,Lake Derekbury,IL
ORD-0011930,CUST-001910,2026-01-24,Shipped,Mobile App,,AZ
ORD-0011415,CUST-000466,2025-06-22,Delivered,In-Store,New Nathan,NC
ORD-0000540,CUST-001647,2025-09-12,Delivered,Marketplace,South Ryan,NC
ORD-0008157,CUST-002355,2026-06-22,Cancelled,Mobile App,Garnerchester,NC
ORD-0009725,CUST-002816,2026-06-03,Placed,Mobile App,New Melissaside,GA
ORD-0011485,CUST-000921,2025-01-30,Processing,Marketplace,Port Steven,GA
ORD-0000848,CUST-001378,2025-10-10,Delivered,Mobile App,Rodriguezton,WA
ORD-0004737,CUST-002497,2026-07-18,Shipped,In-Store,East Pamelafort,WA
ORD-0006512,CUST-001989,2026-07-02,Delivered,Mobile App,Harrisfort,GA
ORD-0008319,CUST-000536,2026-07-27,Delivered,Web,Jacksonshire,GA
ORD-0011945,CUST-002654,2025-05-16,Delivered,In-Store,East Karenberg,AZ
ORD-0000580,CUST-002587,2025-09-27,Shipped,In-Store,Rebeccafort,CA
ORD-0011161,CUST-000952,2026-08-21,Shipped,In-Store,Henryport,IL
ORD-0011641,CUST-002158,2026-08-31,Delivered,In-Store,Wrightshire,WA
ORD-0004299,CUST-972075,2024-12-21,Placed,Marketplace,Terrellmouth,NY
ORD-0008491,CUST-001636,2026-01-05,Shipped,Web,South Nicole,OH
ORD-0008514,CUST-001601,"August 22, 2026",Placed,In-Store,,MI
ORD-0000057,CUST-001318,"January 30, 2025",Cancelled,Web,Lake Tanyaton,MI
ORD-0008809,CUST-002467,2026-04-23,Shipped,Mobile App,Port Sylviaville,CA
ORD-0011680,CUST-002610,2026-06-13,Delivered,Web,Bowershaven,MI
ORD-0009867,,2026-08-16,RETURNED,In-Store,New Sarahberg,FL
ORD-0010700,CUST-001736,2025-01-02,Returned,Web,Sanfordtown,AZ
ORD-0003697,CUST-002988,2025-11-01,Cancelled,Mobile App,Campbellmouth,CA
ORD-0004031,CUST-000655,2025-04-03,Cancelled,Mobile App,Davisfort,CA
ORD-0007737,CUST-000672,2026-09-04,Processing,Mobile App,New Maria,GA
ORD-0001044,CUST-000564,2025-10-26,Shipped,Marketplace,East Allenland,MI
ORD-0005028,CUST-002517,2025-06-04,Cancelled,Mobile App,South Donnaview,MI
ORD-0006056,CUST-001708,2026-05-14,Cancelled,Marketplace,Port Theresa,OH
ORD-0003564,CUST-000019,2026-03-26,Placed,Mobile App,Port Melissafort,WA
ORD-0010013,CUST-000600,2026-07-13,Placed,Mobile App,East Joseberg,NY
ORD-0003101,CUST-001089,2026-04-07,Processing,Web,Bradyborough,MI
ORD-0007543,CUST-000572,2026-08-09,Cancelled,Mobile App,Port Angeltown,FL
ORD-0008341,CUST-000077,2026-08-28,Delivered,Web,East Theodoreview,NC
ORD-0009316,CUST-001763,2026-07-15,Placed,Mobile App,Devonmouth,NC
ORD-0003982,CUST-000176,2026-01-30,Delivered,Marketplace,Stevenbury,NC
ORD-0003050,CUST-001068,2025-05-08,Returned,Web,Johnsonborough,NC
ORD-0005918,CUST-001830,2026-08-29,shipped,Marketplace,North Mitchelltown,NC
ORD-0004826,CUST-000071,2026-05-02,Delivered,Web,,MI
ORD-0006822,CUST-002100,2026-04-09,Shipped,In-Store,West Linda,WA
ORD-0002523,CUST-002347,2026-06-11,Shipped,Web,South Crystal,CA
ORD-0008971,CUST-002322,2026-06-27,Delivered,Web,Pereztown,NY
ORD-0011991,CUST-001227,2025-07-01,Placed,Web,Colemanview,IL
ORD-0004887,CUST-000188,2025-02-23,Returned,Mobile App,Port Travisborough,WA
ORD-0004664,CUST-001652,2026-03-09,Cancelled,Mobile App,Jenniferchester,NC
ORD-0010478,CUST-000676,2025-12-13,Shipped,Web,South Robert,TX
ORD-0004431,CUST-001219,2026-08-28,Delivered,Web,Trujilloport,NY
ORD-0005987,CUST-000748,2026-06-29,Delivered,In-Store,Lake Benjaminstad,CA
ORD-0005954,CUST-001758,2026-08-20,Cancelled,In-Store,East Tammy,TX
ORD-0007405,CUST-001748,2026-06-11,Delivered,Mobile App,Aliciafurt,OH
ORD-0003696,CUST-000435,2026-04-30,Shipped,Marketplace,North Joycefort,IL
ORD-0006930,CUST-002630,2024-10-04,Delivered,Mobile App,South Terrytown,GA
ORD-0009779,CUST-001951,2025-07-29,Processing,Marketplace,Coxfort,OH
ORD-0000157,CUST-001267,2026-08-19,Delivered,In-Store,Josephton,OH
ORD-0004896,CUST-002755,2026-08-02,Cancelled,Mobile App,Port Thomasburgh,NY
ORD-0005035,CUST-001545,2026-04-25,Shipped,Marketplace,Campbelltown,TX
ORD-0006506,CUST-001051,2026-04-23,Delivered,Web,,NY
ORD-0011407,CUST-000444,2026-07-06,Processing,In-Store,North Michael,OH
ORD-0008405,CUST-001462,2024-03-03,Delivered,In-Store,North Stephen,NC
ORD-0008033,CUST-000134,2026-05-07,Delivered,Web,South Michael,TX
ORD-0004073,CUST-000120,2025-10-11,Processing,Web,Danafort,IL
ORD-0010362,CUST-000500,"April 15, 2026",Cancelled,Mobile App,Jasonview,CA
ORD-0004429,CUST-001515,2026-08-13,Cancelled,In-Store,Brownland,NC
ORD-0005258,CUST-000915,2025-11-24,Delivered,Web,Lake Valerie,WA
ORD-0003068,CUST-002843,2024-08-30,Delivered,Mobile App,Port Amber,FL
ORD-0010868,CUST-002370,2026-03-01,Placed,Web,Michaelmouth,MI
ORD-0003428,CUST-002982,2026-08-25,Processing,Mobile App,Floresstad,CA
ORD-0010377,CUST-002325,2025-06-05,Delivered,Web,East Ian,CA
ORD-0002772,CUST-002612,2026-09-02,Processing,Web,Andreahaven,WA
ORD-0004243,CUST-001207,2026-05-23,Delivered,Mobile App,,OH
ORD-0001681,CUST-001344,2026-08-24,Processing,Mobile App,Smithfurt,GA
ORD-0007696,CUST-001529,2026-03-07,Placed,Mobile App,Brewerchester,NY
ORD-0007959,CUST-000079,2025-05-30,Shipped,Mobile App,New Williamfort,IL
ORD-0011921,CUST-000931,2023-12-24,Delivered,Web,Andreaton,MI
ORD-0006108,CUST-000394,2024-10-04,Delivered,Mobile App,Lake Meghanburgh,NC
ORD-0004408,CUST-002552,2025-05-27,Delivered,Web,Sandrahaven,PA
ORD-0000094,CUST-001099,07/09/2026,Delivered,In-Store,Jessicamouth,MI
ORD-0005526,CUST-001664,2024-08-06,Placed,Mobile App,Kevinstad,CA
ORD-0003762,CUST-001451,2026-09-04,Delivered,Web,Allenton,GA
ORD-0000856,CUST-000177,2024-08-13,Processing,Mobile App,Joannefort,PA
ORD-0011592,CUST-000577,2026-08-05,Placed,Mobile App,Walshville,NY
ORD-0003394,CUST-000045,2026-07-16,Cancelled,Mobile App,Danielchester,IL
ORD-0004403,CUST-002081,2026-02-15,Delivered,Mobile App,Lake Deannaside,OH
ORD-0009110,CUST-002980,2025-07-11,Cancelled,Mobile App,Carlosmouth,AZ
ORD-0002593,CUST-002601,2024-07-12,Delivered,Marketplace,Lake Stephanie,WA
ORD-0001004,CUST-000169,2026-06-02,Placed,Mobile App,Billland,WA
ORD-0005353,CUST-000654,2024-07-15,Cancelled,Marketplace,Freemanfurt,WA
ORD-0000927,CUST-000195,2025-03-02,Placed,Web,Denisestad,TX
ORD-0006910,CUST-000725,2025-04-24,Shipped,Mobile App,South Briannashire,NY
ORD-0009511,CUST-001362,2025-10-26,Cancelled,Web,Jerrybury,CA
ORD-0005642,CUST-002899,2026-08-14,Delivered,Web,Perrychester,AZ
ORD-0001341,CUST-001573,2026-03-11,Delivered,Web,South Michaelberg,WA
ORD-0003326,CUST-002149,2026-05-06,Delivered,Mobile App,Kellyfurt,WA
ORD-0002327,CUST-002677,2026-05-16,Placed,Mobile App,,IL
ORD-0005793,CUST-000791,"February 05, 2025",Shipped,Web,West Anthony,WA
ORD-0006856,CUST-002870,2026-05-01,Processing,Mobile App,South Charlenechester,OH
ORD-0006167,CUST-002199,2025-01-18,Delivered,Mobile App,Carsonport,NC
ORD-0008495,CUST-000804,2026-05-03,Delivered,Web,Deborahtown,NY
ORD-0004538,CUST-002897,2026-08-13,Shipped,Web,North Williammouth,MI
ORD-0009729,CUST-002314,2025-09-12,Delivered,Mobile App,Duncanstad,NC
ORD-0000083,CUST-002271,2025-06-10,Shipped,Mobile App,West Sara,OH
ORD-0010941,CUST-001939,2024-12-03,Cancelled,Mobile App,Emilytown,NY
ORD-0008133,CUST-001323,2025-01-12,Delivered,Web,Emilyberg,PA
ORD-0000129,CUST-001230,09-Apr-2025,Shipped,Web,South Cameron,PA
ORD-0002440,CUST-001142,2025-11-10,Placed,Mobile App,Davidton,CA
ORD-0000876,CUST-001401,2026-06-11,Cancelled,Mobile App,Taylorport,CA
ORD-0002977,CUST-002161,2025-10-26,Shipped,Web,Maryton,WA
ORD-0007958,CUST-000693,2026-01-20,Placed,Web,Brewerton,OH
ORD-0004533,CUST-002173,2025-09-19,Processing,Mobile App,Michaelmouth,GA
ORD-0004841,CUST-941481,2025-03-19,Shipped,Web,Jefferychester,MI
ORD-0007711,CUST-001631,2026-08-11,Placed,Web,Karenstad,FL
ORD-0010358,CUST-000184,2024-03-10,Delivered,Marketplace,North Jameschester,NC
ORD-0008792,CUST-002584,2026-08-03,Delivered,In-Store,Millerport,OH
ORD-0002286,CUST-000550,2026-08-22,Delivered,Web,East Michaelbury,CA
ORD-0000314,CUST-000945,2026-05-09,Processing,Web,South Angelicaton,FL
ORD-0003256,CUST-000249,2025-10-31,Shipped,Web,Port Dorothy,GA
ORD-0004358,CUST-001635,2026-08-06,Placed,Web,Lake Masonbury,GA
ORD-0003643,CUST-987959,2026-08-29,Processing,In-Store,Gregorymouth,FL
ORD-0003888,CUST-000748,2026-06-24,Cancelled,Marketplace,West Erikchester,TX
ORD-0011089,CUST-000608,2026-01-21,Delivered,Web,Torresberg,IL
ORD-0009145,CUST-001881,2026-02-09,Delivered,Web,North Michaelburgh,MI
ORD-0003794,CUST-001202,2026-06-04,Processing,Marketplace,South Bradley,WA
ORD-0011614,CUST-001479,2024-12-27,Delivered,Web,Leestad,GA
ORD-0010363,CUST-002337,2025-01-26,Delivered,Mobile App,New Hannah,TX
ORD-0007956,CUST-001947,2026-03-23,Cancelled,In-Store,East Johnbury,FL
ORD-0004194,CUST-002802,2026-05-15,Delivered,Mobile App,Christopherchester,NY
ORD-0000576,CUST-001856,2026-01-06,Delivered,In-Store,New Raymondport,IL
ORD-0001358,CUST-002347,2025-03-09,Returned,Web,East Edward,FL
ORD-0001403,CUST-001211,2024-05-01,Shipped,Mobile App,New Melissa,GA
ORD-0009854,CUST-000230,2025-05-04,Shipped,Web,Woodardberg,WA
ORD-0005822,CUST-001915,2026-06-07,Delivered,Web,Parrishshire,CA
ORD-0007571,CUST-000697,2025-01-26,Delivered,Web,Christinaview,NY
ORD-0003911,CUST-000618,2025-09-14,Delivered,Mobile App,Brianport,MI
ORD-0007624,CUST-002025,2026-06-06,Placed,Web,Meganfort,WA
ORD-0002075,CUST-000363,2025-01-17,Delivered,Mobile App,Patrickville,AZ
ORD-0009472,CUST-001145,2026-04-26,Cancelled,Web,East Shannon,NC
ORD-0009692,CUST-000194,2026-07-16,Delivered,In-Store,,NY
ORD-0006811,CUST-001230,2026-07-05,Shipped,Mobile App,Jeffshire,FL
ORD-0002148,CUST-000941,2026-08-22,Shipped,Web,Port Heathertown,GA
ORD-0011789,CUST-000355,2024-11-09,Delivered,In-Store,Port Ryanbury,IL
ORD-0000784,CUST-001538,2026-04-26,Cancelled,Web,Sanchezville,TX
ORD-0010226,CUST-001402,2026-05-30,Processing,Web,Johnsonland,NY
ORD-0011533,CUST-001978,2026-06-13,Placed,Web,Lake Andrewland,OH
ORD-0006394,CUST-001546,2026-02-03,Shipped,Web,Lake Patrickton,AZ
ORD-0008957,CUST-002434,2026-05-06,Delivered,Mobile App,Port Hannahberg,OH
ORD-0010412,CUST-002699,2026-07-07,Delivered,Mobile App,Tiffanyside,WA
ORD-0002288,CUST-002789,2025-03-10,Delivered,Web,Whiteview,NY
ORD-0003850,CUST-001712,2026-04-23,Placed,Web,South Barbara,WA
ORD-0001973,CUST-001771,2026-04-22,Cancelled,Mobile App,Port Brandonburgh,PA
ORD-0001074,CUST-001027,2026-03-10,Processing,Web,East Michael,GA
ORD-0005886,CUST-002871,2025-10-12,Delivered,Web,Ramosmouth,MI
ORD-0001018,CUST-000343,2026-04-26,Cancelled,Web,Browntown,AZ
ORD-0005113,CUST-000047,2026-05-06,Processing,Marketplace,Lewisburgh,GA
ORD-0004677,CUST-002137,2026-08-30,Shipped,Web,South Wandabury,CA
ORD-0009309,CUST-002912,2026-01-17,Delivered,Mobile App,West William,FL
ORD-0001322,CUST-002424,2025-12-27,Delivered,Mobile App,Woodview,AZ
ORD-0007878,CUST-002161,2025-05-26,Delivered,Mobile App,Benitezberg,TX
ORD-0005871,CUST-002713,2025-06-05,Processing,In-Store,West Angie,MI
ORD-0005350,CUST-000208,2026-01-14,Shipped,Marketplace,Johnsonhaven,MI
ORD-0004646,CUST-002454,2026-07-29,Placed,In-Store,North Brianfort,PA
ORD-0011963,CUST-002023,2026-05-27,Delivered,Mobile App,Lake Rebecca,NC
ORD-0002809,CUST-000796,2026-01-07,Processing,Mobile App,West Derek,CA
ORD-0004655,CUST-002141,2025-04-07,Placed,Web,Lloydtown,IL
ORD-0003307,CUST-002071,2026-03-06,Delivered,Web,New Jim,AZ
ORD-0005933,CUST-002499,2026-02-15,Delivered,Web,New Stephen,WA
ORD-0008841,CUST-002846,2024-12-22,Shipped,In-Store,Erinberg,PA
ORD-0000207,CUST-001094,2025-12-22,Shipped,Mobile App,North Lori,AZ
ORD-0007149,CUST-000166,2025-01-23,Processing,Mobile App,New Rebeccaville,TX
ORD-0009315,CUST-001440,2026-04-17,Shipped,Web,New Matthew,MI
ORD-0000222,CUST-002692,2026-05-12,Delivered,Mobile App,Port Paulview,IL
ORD-0009350,CUST-002462,2026-02-22,Placed,Mobile App,Rickeyberg,AZ
ORD-0003532,CUST-001763,2026-09-05,Delivered,Mobile App,Sierraberg,TX
ORD-0010255,CUST-002975,11-Aug-2025,Shipped,Mobile App,Marcusbury,NY
ORD-0004582,CUST-002022,2026-04-07,Cancelled,Mobile App,Ginaville,NC
ORD-0010116,CUST-001672,2025-08-27,Cancelled,Marketplace,Brianfurt,MI
ORD-0002637,CUST-002656,2026-05-03,Delivered,Web,Jasminetown,IL
ORD-0009495,CUST-002542,2025-11-09,Processing,Mobile App,Robertport,TX
ORD-0005668,CUST-000587,2025-03-19,Shipped,Web,New Cindy,PA
ORD-0010223,CUST-000540,2026-09-01,Delivered,Web,North Scottshire,IL
ORD-0004130,CUST-000471,2026-03-18,Shipped,Mobile App,North Timothyhaven,NY
ORD-0006456,CUST-002385,2026-06-01,Placed,In-Store,Jamesshire,NY
ORD-0007426,CUST-000498,2025-07-12,Shipped,Web,Port Karen,IL
ORD-0009340,CUST-002636,2026-07-17,Placed,Web,Port Paul,FL
ORD-0001592,CUST-000147,2026-07-11,Placed,Web,North Austin,FL
ORD-0007507,CUST-000013,2025-10-30,Delivered,Mobile App,New Amyshire,FL
ORD-0007826,CUST-001222,2024-12-23,Delivered,In-Store,New Christopherfort,OH
ORD-0010915,CUST-002380,2025-05-25,Processing,Web,Nicholasbury,FL
ORD-0001054,CUST-002689,2026-05-20,Delivered,Mobile App,Port Jenna,GA
ORD-0010677,CUST-002999,2025-11-19,Shipped,In-Store,Susanmouth,IL
ORD-0006981,CUST-001066,2024-01-25,Shipped,Mobile App,North Victor,TX
ORD-0004578,CUST-001271,2025-04-21,Delivered,In-Store,Lake Emilyberg,MI
ORD-0008439,CUST-001603,2026-08-04,Shipped,In-Store,Port John,FL
ORD-0008665,CUST-001590,2025-01-13,Placed,In-Store,Geraldtown,NY
ORD-0010181,CUST-000043,28-Dec-2025,Processing,Mobile App,Ericfort,NC
ORD-0000249,CUST-932664,2026-04-09,Processing,In-Store,Deniseview,OH
ORD-0010183,CUST-000455,2026-07-19,Cancelled,Marketplace,Cooketon,AZ
ORD-0007887,CUST-001971,2025-12-02,Delivered,Web,South Markfurt,WA
ORD-0002627,CUST-002308,2025-01-29,Placed,Web,South Manuelmouth,OH
ORD-0000822,CUST-001223,2026-06-14,Placed,Mobile App,Port Nicholasshire,MI
ORD-0004098,CUST-000927,2025-04-06,Processing,Web,Lake Edward,NC
ORD-0006756,CUST-000261,2026-08-23,Placed,Web,Lake Melanie,PA
ORD-0001100,CUST-000699,2026-03-04,Delivered,Marketplace,Jeremyhaven,GA
ORD-0003640,CUST-000292,2026-06-10,Shipped,Mobile App,Millerborough,TX
ORD-0007345,CUST-001204,2026-07-12,Placed,Web,South Vanessabury,GA
ORD-0008982,CUST-001386,2026-06-06,Delivered,Mobile App,West Mariefurt,OH
ORD-0011338,CUST-000050,2025-11-05,Delivered,Web,North Christystad,WA
ORD-0002422,CUST-001201,2025-12-12,Delivered,Mobile App,East Matthewborough,FL
ORD-0007680,CUST-971569,2025-12-25,Delivered,Web,Port Patrickside,AZ
ORD-0001170,CUST-002285,2023-12-20,Delivered,Mobile App,Stephenstad,PA
ORD-0008470,CUST-001960,2025-08-14,Shipped,Web,Mathismouth,AZ
ORD-0006781,CUST-001960,2025-11-11,Processing,Mobile App,North Kimborough,NC
ORD-0011838,CUST-002637,2024-11-07,Shipped,Mobile App,Port Dennis,OH
ORD-0002610,CUST-002019,2025-09-23,Delivered,Mobile App,Francisfurt,IL
ORD-0007479,CUST-001292,2026-03-07,Shipped,Mobile App,Bernardstad,IL
ORD-0008729,CUST-002514,2026-07-30,Delivered,Web,North Matthew,OH
ORD-0002318,CUST-001329,2024-07-31,Cancelled,Web,Reedmouth,IL
ORD-0008710,CUST-002376,2026-03-08,DELIVERED,Marketplace,Hallborough,AZ
ORD-0008770,CUST-973164,2026-02-26,Delivered,Mobile App,South Amandaberg,IL
ORD-0002736,CUST-002294,2025-06-22,Processing,Web,Floresland,MI
ORD-0002256,CUST-001694,2025-11-06,Shipped,Mobile App,Lake Ericshire,AZ
ORD-0002008,CUST-002638,2026-09-02,Delivered,Web,Ashleyfort,GA
ORD-0005420,CUST-002862,2025-11-28,Processing,In-Store,North Amandamouth,GA
ORD-0007736,CUST-001920,2026-07-22,Placed,Marketplace,,TX
ORD-0000916,CUST-000599,2025-11-25,Delivered,Web,Port Courtney,CA
ORD-0006985,CUST-000387,2026-06-23,Placed,Mobile App,Port Rebeccafort,AZ
ORD-0010162,CUST-995568,2025-11-03,Delivered,Web,Leeburgh,PA
ORD-0001293,CUST-002589,02/01/2025,Delivered,Web,Myersfort,CA
ORD-0002806,CUST-000782,2025-08-02,Returned,Web,Murphyshire,NC
ORD-0008986,CUST-985090,2026-03-13,Cancelled,Mobile App,New Brandon,NC
ORD-0002246,CUST-001318,2026-02-05,Cancelled,Web,Martinhaven,WA
ORD-0010746,CUST-002647,2024-12-24,Placed,Mobile App,Port Danielview,IL
ORD-0010652,CUST-000758,2025-07-11,Processing,Mobile App,North Kimland,AZ
ORD-0005460,CUST-001268,2025-11-30,Shipped,Mobile App,Fuenteschester,TX
ORD-0011815,CUST-000336,2025-06-08,Placed,Marketplace,New Karenberg,TX
ORD-0005095,CUST-002277,2024-09-07,Delivered,Mobile App,New Tina,OH
ORD-0011866,CUST-001264,2026-07-28,Processing,Web,Shawnport,GA
ORD-0010474,CUST-002052,2026-06-18,Shipped,Marketplace,Bryanport,OH
ORD-0007021,CUST-000428,2026-08-12,Returned,Web,Erinchester,NY
ORD-0003996,CUST-000844,2026-03-19,Returned,Marketplace,Fordview,GA
ORD-0009153,CUST-000091,2026-01-20,Cancelled,Web,Michaelfurt,WA
ORD-0002670,CUST-001182,2026-01-08,Shipped,Marketplace,West Jacobport,MI
ORD-0006758,CUST-000475,06-Jun-2025,Delivered,Web,Stewartfort,CA
ORD-0001929,CUST-002988,2026-04-18,Delivered,In-Store,New Robert,WA
ORD-0002837,CUST-001716,2025-10-18,Placed,In-Store,Smithmouth,FL
ORD-0007312,CUST-002762,01-Jan-2026,Delivered,Web,Lake Kimberlyhaven,GA
ORD-0006378,CUST-000027,2025-12-26,Delivered,In-Store,South Mercedes,MI
ORD-0005969,CUST-001043,2026-04-09,Delivered,Marketplace,Burnsshire,WA
ORD-0009047,CUST-002987,2026-08-04,Placed,Web,Feliciafort,PA
ORD-0010562,CUST-000765,2026-07-30,Cancelled,Marketplace,Lake Joseph,CA
ORD-0007106,CUST-002083,2026-07-22,Returned,Marketplace,Adamport,OH
ORD-0001323,CUST-002490,2025-10-06,Cancelled,Mobile App,East Robert,CA
ORD-0004631,CUST-002046,2026-02-24,Returned,Mobile App,Isabelfurt,MI
ORD-0008891,CUST-923316,2026-01-16,Delivered,Web,Victorton,TX
ORD-0006671,CUST-000182,2026-08-04,Shipped,Mobile App,East Mary,FL
ORD-0009327,CUST-000596,2026-05-24,Placed,Web,North Daniel,TX
ORD-0003795,CUST-000546,2026-07-07,Returned,Mobile App,Katiebury,NY
ORD-0009516,CUST-001841,2025-06-06,Processing,Mobile App,Robertbury,WA
ORD-0011554,CUST-001844,2026-08-07,Delivered,Web,Lake Madison,PA
ORD-0006474,CUST-000174,2024-12-04,Shipped,In-Store,West Matthew,OH
ORD-0002076,CUST-000386,2026-04-29,Returned,Mobile App,New Barbara,WA
ORD-0006646,CUST-001547,2024-04-27,Placed,Web,Lake Theresamouth,AZ
ORD-0002892,CUST-002061,21-Sep-2025,Returned,Mobile App,Port Jeremy,OH
ORD-0010586,CUST-001752,2026-07-10,Shipped,Marketplace,Port Sarahport,PA
ORD-0010019,CUST-002471,2026-06-22,Processing,Mobile App,North Ana,NC
ORD-0003128,CUST-000752,2025-07-05,Placed,Marketplace,West Catherinefurt,MI
ORD-0004082,,2025-10-03,Placed,Mobile App,Lake Derek,PA
ORD-0011521,CUST-001636,2026-09-02,Processing,Mobile App,Adrianton,FL
ORD-0003959,CUST-002319,2025-03-15,Placed,Mobile App,Garzashire,TX
ORD-0008503,CUST-000254,2024-06-10,Shipped,In-Store,South Daniel,TX
ORD-0010278,CUST-000385,2026-05-10,Delivered,Mobile App,Jackiemouth,NC
ORD-0000772,CUST-000054,2025-06-03,Processing,In-Store,Gordontown,NC
ORD-0005784,CUST-001790,2026-03-10,Placed,Web,Amberfort,MI
ORD-0000390,CUST-000921,2025-09-13,Shipped,Web,,NC
ORD-0009437,CUST-002064,2026-03-31,Shipped,Mobile App,West Jose,MI
ORD-0004014,CUST-002225,2025-10-05,Delivered,Marketplace,New Ashley,OH
ORD-0000514,CUST-002356,2025-09-06,Placed,Mobile App,Davidshire,OH
ORD-0004421,CUST-000203,2025-12-15,Delivered,Mobile App,Port Richard,NC
ORD-0002517,CUST-001279,"August 06, 2026",Cancelled,Web,Cynthiaport,AZ
ORD-0005814,CUST-001427,2026-06-21,Shipped,Marketplace,Colemanmouth,WA
ORD-0009032,CUST-000934,2026-07-30,Cancelled,Web,New Derek,CA
ORD-0004546,CUST-001721,2025-01-24,Delivered,Mobile App,East Ashleyberg,GA
ORD-0000189,CUST-001434,2025-04-12,Placed,Mobile App,Lake Donnaport,OH
ORD-0007404,CUST-001819,2026-09-02,Placed,Marketplace,South Aliciafort,OH
ORD-0004164,CUST-002569,2025-09-01,Delivered,In-Store,Ramirezview,IL
ORD-0004932,CUST-001177,"October 19, 2025",Returned,Web,Joanport,CA
ORD-0010196,CUST-002216,2025-06-17,Delivered,Mobile App,Port Trevor,OH
ORD-0006374,CUST-002294,2026-06-30,Returned,Web,North Jasminechester,NY
ORD-0004767,CUST-002262,2025-07-13,Delivered,Web,Christensenmouth,GA
ORD-0003711,CUST-000212,2025-05-25,Delivered,Web,Beckermouth,CA
ORD-0007108,CUST-002396,2025-11-24,Placed,Mobile App,New Nicholasmouth,FL
ORD-0001709,CUST-002553,2026-07-27,Processing,Mobile App,Reyesstad,WA
ORD-0007557,CUST-001447,2024-11-13,Returned,Mobile App,Lopezton,MI
ORD-0011330,CUST-002789,2026-01-16,Cancelled,Web,Burtonborough,NC
ORD-0011462,CUST-002495,2026-06-19,Delivered,Mobile App,Nortonberg,MI
ORD-0007134,CUST-000448,2026-08-26,Placed,Mobile App,North Mariahview,WA
ORD-0007062,CUST-001703,2026-06-23,Processing,Mobile App,Alexfort,GA
ORD-0006420,CUST-001989,2026-05-06,Processing,Marketplace,Rebeccamouth,PA
ORD-0001917,CUST-000648,2026-04-03,Delivered,Web,Kimport,FL
ORD-0004768,CUST-001683,2025-03-23,dELIVERED,Marketplace,Crystalborough,WA
ORD-0010224,CUST-000923,2024-06-02,Returned,Mobile App,West Todd,TX
ORD-0002526,CUST-003000,2026-04-13,Delivered,Web,Norrisbury,TX
ORD-0006770,CUST-001755,2026-05-31,Shipped,Web,South Karashire,NC
ORD-0004173,CUST-001955,2026-08-24,Cancelled,In-Store,Danielbury,NC
ORD-0004089,,08-Aug-2026,Returned,Web,New Rebeccafort,TX
ORD-0011914,CUST-000533,2026-04-19,Placed,Web,New Philipmouth,WA
ORD-0010103,CUST-002608,2026-06-18,Shipped,Web,Fergusonside,FL
ORD-0007937,,2026-06-17,Shipped,In-Store,Port Nathanbury,MI
ORD-0010098,CUST-001829,2026-06-29,Shipped,Mobile App,West Amberville,PA
ORD-0002512,CUST-002344,2025-06-19,Delivered,Web,Hudsonbury,GA
ORD-0006043,CUST-002155,2025-07-31,Delivered,Web,East Anthonyborough,FL
ORD-0003386,CUST-001962,2026-08-26,Delivered,Mobile App,Port Josephberg,AZ
ORD-0002896,CUST-000961,2026-03-10,Cancelled,Web,Robinsonchester,OH
ORD-0005528,CUST-000095,2026-06-20,Processing,In-Store,,CA
ORD-0009518,CUST-002045,2024-11-04,Delivered,In-Store,Thomaschester,WA
ORD-0005727,CUST-002282,2025-12-03,Shipped,Mobile App,Amybury,TX
ORD-0005610,CUST-001383,2025-09-12,Shipped,Mobile App,East Kimberlyland,OH
ORD-0001429,CUST-002115,2026-08-14,Delivered,In-Store,Anthonystad,FL
ORD-0007993,CUST-001688,2026-05-08,Cancelled,In-Store,North Mary,PA
ORD-0003249,CUST-001787,2026-07-03,Delivered,In-Store,Port Jennifer,AZ
ORD-0003760,CUST-000085,2024-02-12,delivered,Web,Julieland,PA
ORD-0000138,CUST-977054,2026-03-25,Delivered,Mobile App,Port Tristan,GA
ORD-0008954,CUST-002906,2026-07-15,Cancelled,Web,Julialand,TX
ORD-0010113,CUST-001201,2025-10-23,Placed,Web,New Ryan,WA
ORD-0000098,CUST-001337,2025-01-05,Delivered,Web,Sanchezchester,AZ
ORD-0001076,CUST-001315,2026-05-05,Placed,Marketplace,Cabrerafort,IL
ORD-0000851,CUST-000720,2026-02-26,Cancelled,Web,Frankview,AZ
ORD-0008750,CUST-000808,2026-08-31,Placed,Mobile App,Port Kyleshire,OH
ORD-0000979,CUST-000963,2026-06-20,Processing,Mobile App,Greenstad,PA
ORD-0002953,CUST-000932,2025-10-25,Delivered,Marketplace,Lake Lindaton,MI
ORD-0000471,CUST-000753,2025-11-26,Delivered,Mobile App,Port Natasha,TX
ORD-0008146,CUST-002259,2025-05-20,Processing,In-Store,Ianberg,OH
ORD-0009066,CUST-001965,2026-03-29,Delivered,Web,West Christopherburgh,AZ
ORD-0011907,CUST-000869,2026-04-03,Processing,Mobile App,West Laura,IL
ORD-0001888,CUST-002688,2026-07-18,Processing,Web,Port Samantha,MI
ORD-0008929,CUST-002189,2025-09-20,Shipped,Marketplace,East Pamela,GA
ORD-0004755,CUST-000376,2025-11-26,Cancelled,Web,Frankbury,WA
ORD-0011114,CUST-001420,2026-08-23,Delivered,Web,Grayburgh,NC
ORD-0010259,CUST-000373,2026-08-20,Returned,Mobile App,Bridgeshaven,WA
ORD-0010189,CUST-001833,2025-05-30,Delivered,Marketplace,East Heather,NY
ORD-0005513,CUST-002387,2026-06-03,Shipped,Web,Warrenfurt,AZ
ORD-0011980,CUST-002456,2026-06-09,Delivered,Mobile App,Parkschester,IL
ORD-0010277,CUST-001991,2025-10-31,Cancelled,In-Store,Stevenstad,OH
ORD-0010510,CUST-000727,2026-06-24,Processing,Web,,TX
ORD-0002080,CUST-002601,2024-09-03,Shipped,Web,Gonzalezview,FL
ORD-0007819,CUST-002423,2026-07-18,Delivered,Marketplace,Lake Scottland,OH
ORD-0009926,CUST-002447,2025-06-27,Processing,Web,Jonesshire,IL
ORD-0005989,CUST-000248,2026-06-11,Shipped,Marketplace,Skinnershire,MI
ORD-0007011,CUST-002375,2025-02-06,Returned,Web,Lake Jonathanside,PA
ORD-0006999,CUST-001463,2026-01-13,Placed,Web,New Robertstad,MI
ORD-0011730,CUST-001881,2025-12-26,Shipped,Marketplace,Port Ricardoland,AZ
ORD-0011762,CUST-001067,2026-08-24,Delivered,Web,Harringtonchester,CA
ORD-0005903,CUST-000244,2026-08-07,Delivered,Web,Dawnside,FL
ORD-0003835,CUST-002692,2026-08-25,Processing,Web,New Michellefurt,AZ
ORD-0005692,CUST-001832,2025-02-05,Delivered,Mobile App,East Albert,IL
ORD-0000143,CUST-000504,2026-07-11,Cancelled,Web,East Rogerport,AZ
ORD-0010849,CUST-002946,2025-07-17,Placed,Mobile App,Thomasmouth,TX
ORD-0003617,CUST-000642,2025-09-08,DELIVERED,In-Store,North Sandra,OH
ORD-0004448,CUST-000108,2026-07-31,Cancelled,Marketplace,Lake Kristie,WA
ORD-0003738,CUST-001074,2026-08-02,Returned,Web,Arnoldborough,OH
ORD-0005016,CUST-002812,2024-12-23,Placed,Web,North Johnfort,FL
ORD-0010459,CUST-000657,08/22/2026,Delivered,Web,East Kimberly,MI
ORD-0009203,CUST-000393,2026-07-12,delivered,Mobile App,New Jenniferhaven,NC
ORD-0011691,CUST-000844,2026-04-23,Delivered,Mobile App,Jameschester,MI
ORD-0011278,CUST-000340,2026-06-14,Cancelled,Web,North Ruth,MI
ORD-0010017,CUST-001595,2025-12-23,Processing,Web,Port Kimberlyport,FL
ORD-0011299,CUST-002159,2026-01-27,Shipped,Mobile App,Patriciastad,IL
ORD-0001105,CUST-000661,2025-11-14,Shipped,In-Store,South Tylerberg,TX
ORD-0008662,CUST-002752,2026-07-23,Shipped,Web,Christopherchester,OH
ORD-0008395,CUST-000967,2026-05-16,Placed,In-Store,West Stacyview,IL
ORD-0010533,CUST-001461,2025-04-02,Returned,Web,Stevenstad,MI
ORD-0002775,CUST-002051,2026-08-12,Placed,Mobile App,Mccarthyport,IL
ORD-0005131,CUST-000703,2026-07-03,Shipped,Web,Tracyhaven,CA
ORD-0003152,CUST-002106,2024-04-09,Placed,Marketplace,South Kaitlin,IL
ORD-0005044,CUST-001082,2026-05-27,Delivered,Web,East Jenniferville,IL
ORD-0001893,CUST-002519,2025-07-16,Processing,Mobile App,Port Kimberly,NC
ORD-0003245,CUST-000813,2025-10-12,Delivered,Mobile App,New Mikaylaland,WA
ORD-0000158,CUST-000762,2024-12-24,Cancelled,Mobile App,Port Brittany,NY
ORD-0006718,CUST-000778,2026-08-17,Processing,Mobile App,South Jenniferport,TX
ORD-0003027,CUST-001886,2026-06-16,Placed,In-Store,Dianeville,GA
ORD-0006437,CUST-001066,2025-01-13,Delivered,Marketplace,Jessicafort,OH
ORD-0003452,CUST-002449,2025-08-20,Placed,Web,East Ericachester,WA
ORD-0009586,CUST-002510,2026-08-31,Delivered,Marketplace,Lake Tylerville,AZ
ORD-0000460,CUST-001905,2026-02-27,Delivered,Web,Walshtown,FL
ORD-0000416,CUST-002326,2026-06-09,Shipped,Mobile App,Dominguezstad,CA
ORD-0005938,CUST-000862,2025-10-09,Cancelled,Web,New Brittany,TX
ORD-0002082,CUST-000100,2025-12-03,Shipped,Web,New Ginaville,MI
ORD-0004164,CUST-002569,2025-09-01,Processing,In-Store,Ramirezview,IL
ORD-0007714,CUST-001306,2026-08-29,Cancelled,Mobile App,Deniseview,PA
ORD-0006424,CUST-002960,2026-01-28,Placed,In-Store,East Julia,GA
ORD-0004904,CUST-002698,2026-06-13,Delivered,Mobile App,East Raven,CA
ORD-0010762,CUST-000295,2026-06-19,Shipped,Mobile App,Johnsonside,NC
ORD-0010497,CUST-000862,22-Jun-2025,Shipped,Web,,TX
ORD-0009575,,2025-08-27,Cancelled,Web,Davischester,PA
ORD-0010755,CUST-002301,2026-07-16,Returned,Web,Wagnerbury,CA
ORD-0000041,CUST-000611,2026-09-02,Placed,Web,West Edwardview,CA
ORD-0005256,CUST-001721,2025-04-17,Delivered,Mobile App,North Douglasmouth,PA
ORD-0002509,CUST-000164,2026-03-09,Delivered,Mobile App,Smithburgh,TX
ORD-0008393,CUST-001678,2025-11-14,Shipped,Web,Lake Deborahmouth,NC
ORD-0004517,CUST-000074,2026-07-16,Delivered,Mobile App,Port Jean,GA
ORD-0000930,CUST-995913,2026-01-17,Shipped,Web,North Sarahshire,NC
ORD-0001031,CUST-000553,2026-02-07,Delivered,Marketplace,Martinezmouth,FL
ORD-0010191,CUST-001588,2026-06-22,Shipped,Mobile App,South Kaylaville,AZ
ORD-0001503,CUST-000324,2026-03-22,Placed,Mobile App,Victoriastad,PA
ORD-0003536,CUST-001459,2026-06-01,Processing,Marketplace,Robinsonside,AZ
ORD-0007207,CUST-002016,2026-07-13,Returned,Mobile App,Lake Miguelport,NC
ORD-0001461,CUST-000790,2025-03-16,Delivered,Web,Port Marystad,IL
ORD-0007721,CUST-000003,2026-07-30,Placed,Mobile App,Danielside,FL
ORD-0009470,CUST-002384,2026-08-03,Placed,Mobile App,Richardfurt,FL
ORD-0010549,CUST-000823,2025-07-13,Delivered,In-Store,Kevinhaven,AZ
ORD-0002388,CUST-002802,2026-08-30,Returned,Mobile App,South Aaronhaven,TX
ORD-0000882,CUST-002988,2025-03-01,Processing,Mobile App,Kevinstad,OH
ORD-0008856,CUST-001088,2025-04-08,Processing,Mobile App,Jonesshire,NC
ORD-0002864,CUST-001174,2026-03-23,Delivered,Marketplace,Paulachester,NC
ORD-0003020,CUST-001034,2026-07-23,Delivered,Marketplace,Johnville,TX
ORD-0002658,CUST-002232,2025-07-06,Shipped,Marketplace,Lake Curtishaven,GA
ORD-0007405,CUST-001748,2026-06-11,Processing,Mobile App,Aliciafurt,OH
ORD-0002833,CUST-002719,2026-05-23,Placed,Mobile App,West Latashaport,AZ
ORD-0003433,CUST-000819,2026-05-30,Delivered,Web,Katrinatown,AZ
ORD-0003009,CUST-001638,2026-06-02,Shipped,In-Store,Connorfurt,IL
ORD-0003718,CUST-001385,2025-12-19,Delivered,Mobile App,Scottport,NC
ORD-0004030,CUST-001112,2025-01-13,PROCESSING,Web,,IL
ORD-0002789,CUST-001540,2026-08-17,Delivered,Mobile App,Lake Christopher,PA
ORD-0008354,CUST-000981,2026-09-04,Delivered,Marketplace,West Loriberg,MI
ORD-0007236,CUST-002859,2026-09-03,Processing,Mobile App,Port Karenmouth,NC
ORD-0000444,CUST-002189,2025-09-16,Delivered,Web,Port Meganhaven,FL
ORD-0009261,CUST-000133,2025-04-12,Delivered,In-Store,East Latoyaberg,WA
ORD-0005596,CUST-002880,2026-07-13,Delivered,Web,Taylorhaven,WA
ORD-0011337,CUST-002005,2025-12-20,Processing,Web,North Yvettemouth,CA
ORD-0005654,CUST-000688,2025-09-23,Processing,Web,Spencerside,NC
ORD-0000318,CUST-000661,2025-09-11,Delivered,Marketplace,Jasonbury,PA
ORD-0008153,CUST-002519,2026-07-22,Delivered,Web,Barajasland,CA
ORD-0004763,CUST-001652,2026-05-10,Delivered,Web,Lake Jacqueline,GA
ORD-0007127,CUST-000296,2026-06-07,Shipped,In-Store,New Troyport,IL
ORD-0002428,CUST-002125,2025-01-05,Cancelled,Web,Youngland,GA
ORD-0008254,CUST-001405,2026-08-17,Returned,Mobile App,West Jamesshire,PA
ORD-0002214,CUST-000390,2026-07-29,Placed,Mobile App,West Johnchester,PA
ORD-0004413,CUST-002703,2026-07-07,Returned,Web,,MI
ORD-0009983,CUST-001811,2026-08-14,Shipped,In-Store,North Nancyburgh,AZ
ORD-0008438,CUST-001354,2026-04-03,Processing,In-Store,Romerotown,AZ
ORD-0007171,CUST-000831,2025-10-28,Placed,Mobile App,South Julia,FL
ORD-0003093,CUST-001164,2026-09-05,Shipped,Mobile App,Brandonfort,NC
ORD-0001082,CUST-000910,2025-11-14,Delivered,Web,Nancyville,OH
ORD-0007380,CUST-000259,2025-09-09,Placed,Web,North Kimberly,IL
ORD-0002161,CUST-000333,2024-07-28,Placed,Web,West Nancyfurt,NY
ORD-0011877,CUST-001941,2026-07-20,Delivered,Web,Robinfurt,TX
ORD-0002988,CUST-000107,2026-02-06,Delivered,Web,Rodriguezchester,NY
ORD-0009019,CUST-002965,2026-09-03,Delivered,Web,Robertview,CA
ORD-0007559,CUST-001468,2026-02-06,Delivered,Mobile App,South Leah,MI
ORD-0011247,CUST-000765,2026-07-30,Delivered,Mobile App,Davidbury,AZ
ORD-0011085,CUST-002728,2026-04-03,Processing,Web,New Latasha,OH
ORD-0000311,CUST-962406,2024-11-10,cancelled,Marketplace,New Katherine,OH
ORD-0002192,CUST-002451,2026-07-16,Cancelled,Web,Danafurt,PA
ORD-0007378,CUST-002175,2025-03-19,Shipped,Mobile App,Morganbury,OH
ORD-0007089,CUST-001561,2025-12-03,Shipped,Mobile App,West Ryan,WA
ORD-0008811,CUST-002522,2025-06-29,Placed,Mobile App,West Shawnchester,MI
ORD-0002068,CUST-000554,2026-01-18,Shipped,Mobile App,North Robertborough,IL
ORD-0007999,CUST-002649,2024-07-01,Delivered,Mobile App,Lake Jacobside,FL
ORD-0000139,CUST-000830,2026-07-21,Delivered,Web,,WA
ORD-0003829,CUST-002014,2025-12-03,Processing,Web,West Josephport,MI
ORD-0009206,CUST-001066,2025-04-01,Processing,Mobile App,Curryton,TX
ORD-0010367,CUST-002664,2025-01-07,Processing,Web,Harrismouth,NC
ORD-0005214,CUST-001123,2026-02-06,Processing,Marketplace,Christopherfurt,PA
ORD-0003780,CUST-002420,2025-05-15,Delivered,Web,Lindseyview,NC
ORD-0000307,CUST-000714,2026-08-16,Delivered,Web,Brendanfort,WA
ORD-0000833,CUST-002546,2025-09-01,Shipped,Web,Zamorahaven,IL
ORD-0007268,CUST-000929,2026-05-15,Shipped,Web,Joneston,NC
ORD-0009049,CUST-001200,08-May-2026,Delivered,Mobile App,North Vanessa,CA
ORD-0007909,CUST-002628,2026-07-03,Processing,Marketplace,Hintonside,GA
ORD-0005578,CUST-000214,2026-08-19,Delivered,Mobile App,Port Justinborough,PA
ORD-0002209,CUST-000359,2026-07-23,dELIVERED,Web,Coleville,TX
ORD-0010745,CUST-002348,2026-06-26,Delivered,Web,Coffeyborough,CA
ORD-0009690,CUST-001286,2024-12-11,Shipped,In-Store,East Kathleen,WA
ORD-0000367,CUST-002814,2025-03-16,Shipped,Mobile App,West Mark,CA
ORD-0003289,CUST-000735,07/17/2026,Processing,Web,Lisaport,MI
ORD-0011236,CUST-002640,2026-08-06,Cancelled,Mobile App,Jessicaberg,MI
ORD-0005705,CUST-000296,2025-11-30,Delivered,Mobile App,Lake Albert,WA
ORD-0007895,CUST-001086,2024-09-21,Processing,Mobile App,Lake Michealport,TX
ORD-0008694,CUST-000780,2026-09-01,Placed,Web,Brandyton,PA
ORD-0006964,CUST-002120,2025-05-17,Delivered,Mobile App,Margaretstad,FL
ORD-0001275,CUST-002042,2026-03-31,Delivered,Web,,AZ
ORD-0001543,CUST-002644,2025-10-31,Processing,Web,,IL
ORD-0009778,CUST-002388,05/22/2026,Delivered,Web,Abigailview,OH
ORD-0010997,CUST-001792,2026-04-23,Delivered,Mobile App,Castroton,IL
ORD-0004282,CUST-002982,2026-06-25,Shipped,Mobile App,Richardberg,TX
ORD-0008354,CUST-000981,2026-09-04,Delivered,Marketplace,West Loriberg,MI
ORD-0009912,CUST-001998,2026-04-24,Cancelled,Web,Port Aaron,MI
ORD-0000742,CUST-001216,2024-11-08,Delivered,Marketplace,Lake Joshuaton,NY
ORD-0007240,CUST-002343,2026-05-04,Delivered,Mobile App,Darylland,WA
ORD-0009126,CUST-000718,2026-02-27,Shipped,Web,Chavezborough,OH
ORD-0011023,CUST-001580,2025-08-03,PROCESSING,Marketplace,Lake John,MI
ORD-0000608,CUST-000784,2026-04-23,Cancelled,Mobile App,Port James,AZ
ORD-0009796,,2025-09-23,Placed,Web,West Andrea,WA
ORD-0004667,CUST-001076,2026-04-24,Delivered,Web,South Jonathanburgh,OH
ORD-0008683,CUST-998548,2026-08-06,Cancelled,Web,Huntstad,PA
ORD-0003252,CUST-001526,2025-01-20,Delivered,Web,Crystalville,MI
ORD-0007870,CUST-002742,2026-09-04,Returned,Mobile App,West Kristenfurt,NC
ORD-0008603,CUST-001873,2026-08-14,Placed,Web,Chandlerberg,MI
ORD-0003054,CUST-002903,2025-01-12,Processing,Web,Brownmouth,AZ
ORD-0002930,CUST-000719,2026-01-21,Placed,Mobile App,Port Charlesfurt,PA
ORD-0003287,CUST-002002,2026-01-25,Shipped,In-Store,North Jacqueline,WA
ORD-0001533,CUST-001030,2026-07-11,Shipped,Web,Jorgeborough,IL
ORD-0008236,CUST-002838,2026-01-04,Placed,In-Store,Ashleyview,NY
ORD-0007744,CUST-000614,2025-12-18,Delivered,Mobile App,Allisonmouth,WA
ORD-0000731,CUST-001060,2026-01-04,Delivered,Mobile App,East Sydney,OH
ORD-0002668,CUST-002894,2026-05-06,Delivered,Marketplace,Andersonmouth,WA
ORD-0000078,CUST-001725,2025-03-31,Delivered,Web,Lopezmouth,OH
ORD-0003872,CUST-000112,2026-07-07,Delivered,In-Store,Taylorport,TX
ORD-0004258,CUST-002418,2025-02-12,Cancelled,Marketplace,East Robertside,MI
ORD-0006359,CUST-000513,2026-05-28,Cancelled,Mobile App,Markstad,NC
ORD-0000088,CUST-000520,2026-08-31,Placed,In-Store,Port Charles,PA
ORD-0000612,CUST-000279,2025-11-22,Shipped,Web,Stephensberg,MI
ORD-0004968,CUST-002111,2025-09-29,Cancelled,Mobile App,New Courtneymouth,CA
ORD-0006247,CUST-000540,2026-08-27,Shipped,Mobile App,Port Evelyn,NC
ORD-0001277,CUST-001057,2025-10-20,Cancelled,Web,Daltonmouth,IL
ORD-0003441,CUST-002622,2025-08-29,Shipped,Mobile App,Colestad,IL
ORD-0008555,CUST-000391,2026-08-22,Processing,Mobile App,West Victoria,GA
ORD-0003048,CUST-001893,2026-03-24,Shipped,Web,Tammyhaven,GA
ORD-0011585,CUST-000500,2026-04-05,Shipped,Marketplace,Brendamouth,OH
ORD-0006054,CUST-000966,2026-07-17,Delivered,Mobile App,Port Andrea,TX
ORD-0003567,CUST-000529,2026-05-26,Shipped,Mobile App,,NC
ORD-0003006,CUST-002358,2025-08-05,Delivered,Mobile App,Ortizstad,OH
ORD-0008060,CUST-000534,2026-07-12,Delivered,Mobile App,Lake Michaelmouth,OH
ORD-0000133,CUST-001994,2026-04-10,Delivered,Mobile App,South Trevor,FL
ORD-0011603,CUST-000292,2026-07-23,Cancelled,Web,Gibsonshire,AZ
ORD-0006596,CUST-000526,2026-08-14,Placed,Marketplace,Nicholasborough,NY
ORD-0008444,CUST-000673,2023-12-24,Delivered,Web,West Shannon,FL
ORD-0011390,CUST-001508,2025-11-07,Cancelled,Marketplace,Camposbury,NY
ORD-0001134,CUST-000755,2026-04-17,Delivered,Marketplace,Frederickbury,MI
ORD-0006548,CUST-000341,2026-06-23,Delivered,Marketplace,Walterfort,IL
ORD-0010209,CUST-000163,2025-08-10,Delivered,Mobile App,West Sherichester,NC
ORD-0000381,CUST-001436,2026-07-11,Delivered,Mobile App,East Jeffrey,TX
ORD-0011319,CUST-000366,2026-07-29,Placed,Marketplace,Juliemouth,NY
ORD-0000211,CUST-000476,2026-06-18,Delivered,Web,Jamesmouth,AZ
ORD-0008261,CUST-001987,2025-12-11,Delivered,Mobile App,Tiffanyton,NC
ORD-0004447,CUST-002719,2024-05-13,Placed,Web,New Biancafort,PA
ORD-0006130,CUST-002307,2025-09-22,DELIVERED,Web,South Ralphfort,MI
ORD-0009973,CUST-000135,2024-03-27,Delivered,Web,East Hannah,OH
ORD-0007167,CUST-001678,2026-04-03,Placed,Web,North Nicoleburgh,TX
ORD-0008346,CUST-000993,2026-01-07,Delivered,In-Store,Mariafort,OH
ORD-0000699,CUST-000657,2026-09-04,Shipped,Web,Dorisview,TX
ORD-0003038,CUST-001145,2026-07-31,Cancelled,In-Store,Santanafurt,NC
ORD-0000760,CUST-002667,2026-08-29,Shipped,Mobile App,Samanthamouth,NC
ORD-0004002,CUST-000900,2026-01-29,Shipped,Marketplace,Leblancton,OH
ORD-0002324,CUST-002319,2026-04-10,Delivered,Web,Murphyfort,NC
ORD-0010122,CUST-000053,2025-08-29,Shipped,Mobile App,Andreabury,AZ
ORD-0003291,CUST-001945,2024-09-02,Processing,Web,Matthewbury,AZ
ORD-0011030,CUST-000007,2024-10-27,Placed,Web,Fordview,GA
ORD-0000521,CUST-002737,2026-03-30,Placed,Web,Port Lauraborough,OH
ORD-0002867,CUST-000293,2026-01-13,Cancelled,Mobile App,New Leslieburgh,CA
ORD-0011387,CUST-000828,2025-11-06,Delivered,Marketplace,,NC
ORD-0010266,CUST-000075,2025-05-04,Placed,Mobile App,Port Michellechester,PA
ORD-0003407,CUST-001240,2025-06-03,Delivered,Mobile App,East Christina,CA
ORD-0009475,CUST-001386,2026-05-30,Cancelled,Web,Lake Cassandra,NC
ORD-0002969,CUST-001421,2024-12-14,Processing,Web,South Olivia,OH
ORD-0005843,CUST-002427,2026-06-13,Cancelled,Mobile App,East Margarethaven,NY
ORD-0007846,CUST-002088,2025-04-15,Shipped,Mobile App,,OH
ORD-0003487,CUST-000132,2026-03-12,Placed,Web,New Richardport,FL
ORD-0004635,CUST-001202,2026-03-28,Processing,Mobile App,Howardhaven,NY
ORD-0006432,CUST-001415,2026-01-19,Returned,Marketplace,North Howard,NC
ORD-0007457,CUST-002875,2025-11-16,Delivered,Mobile App,Lake Bradley,MI
ORD-0002439,CUST-968203,2026-02-16,Delivered,Mobile App,New Julia,PA
ORD-0003933,CUST-000054,2025-08-05,Shipped,Mobile App,North Johnshire,IL
ORD-0002968,CUST-001773,2026-01-04,Shipped,Web,New Jonathan,IL
ORD-0003161,CUST-000558,2026-02-03,Delivered,Web,Port Kyle,FL
ORD-0006895,CUST-002598,2025-01-26,Processing,Mobile App,East Dannystad,CA
ORD-0004943,CUST-000352,2024-12-12,Shipped,Marketplace,Stewartside,WA
ORD-0002904,CUST-001328,2026-05-08,cancelled,Mobile App,South Amanda,IL
ORD-0009739,CUST-000388,2026-05-10,Delivered,Mobile App,New Samanthaview,WA
ORD-0001070,CUST-001483,2026-03-20,Cancelled,Web,South Robert,GA
ORD-0002818,CUST-000626,2026-02-20,Cancelled,Web,Bennettville,NC
ORD-0009330,CUST-000750,2026-02-05,Shipped,Web,Tristanport,TX
ORD-0006875,CUST-000164,2025-02-08,Returned,In-Store,Bennettton,MI
ORD-0003585,CUST-002972,2026-02-26,Shipped,In-Store,Phillipsfort,TX
ORD-0006093,CUST-000323,2026-04-17,Placed,Web,Lake Jennifer,FL
ORD-0005257,CUST-001592,2026-08-04,Shipped,Web,East Veronica,CA
ORD-0004391,CUST-002025,2026-04-05,Placed,Web,West Ronaldbury,OH
ORD-0010895,CUST-000789,2026-08-29,Delivered,Mobile App,South Thomas,OH
ORD-0010805,CUST-000259,2026-04-20,Placed,Mobile App,Underwoodmouth,GA
ORD-0006694,,2026-04-17,Processing,Mobile App,East Kimberlyberg,OH
ORD-0009317,CUST-000605,2026-08-21,Delivered,Mobile App,New Peter,NY
ORD-0004755,CUST-000376,2025-11-26,Cancelled,Web,Frankbury,WA
ORD-0009409,CUST-001016,2025-12-05,Delivered,Mobile App,East Paul,WA
ORD-0001618,CUST-001774,2025-02-18,Placed,Mobile App,Meganborough,TX
ORD-0005821,CUST-001684,2025-09-30,Delivered,Mobile App,North Jimmyberg,FL
ORD-0011364,CUST-000225,2026-05-01,Delivered,Marketplace,West Billy,CA
ORD-0010305,CUST-002409,2026-05-29,Cancelled,Web,Jeffreyport,WA
ORD-0001333,CUST-000166,2026-04-05,Processing,Web,Danielmouth,CA
ORD-0006462,CUST-002455,2024-08-03,Processing,Marketplace,Port Courtneyport,CA
ORD-0006732,CUST-000525,2025-08-04,Shipped,Web,Danielport,AZ
ORD-0007975,CUST-000039,2025-09-19,Processing,Mobile App,,CA
ORD-0003884,CUST-000406,2025-02-13,Processing,Mobile App,Douglasfurt,TX
ORD-0007064,CUST-002127,2026-07-16,Cancelled,Mobile App,Wrightview,NY
ORD-0010507,CUST-001317,2025-12-01,Cancelled,In-Store,Scottland,WA
ORD-0002946,CUST-001650,2026-08-29,Processing,Web,Elizabethhaven,MI
ORD-0010349,CUST-001739,2026-09-04,Placed,Web,Dianatown,CA
ORD-0009562,CUST-002948,2025-10-11,Delivered,Web,Danielfurt,AZ
ORD-0006595,CUST-001729,2025-04-17,Shipped,Marketplace,West Jessicaburgh,TX
ORD-0002580,CUST-002585,2026-08-08,Delivered,Web,Herrerachester,CA
ORD-0009616,,2024-01-22,Shipped,Marketplace,New John,AZ
ORD-0010138,CUST-001537,2026-06-22,processing,Web,Port Alexander,TX
ORD-0001935,CUST-002757,2025-11-09,Shipped,Mobile App,West Danny,NC
ORD-0011800,CUST-000658,2026-07-10,Cancelled,Web,Blairfort,CA
ORD-0010033,CUST-001850,2024-10-07,Delivered,Marketplace,Kendraton,OH
ORD-0005400,CUST-000342,2024-06-22,Shipped,Web,Brianville,OH
ORD-0006849,CUST-001859,08/28/2026,Shipped,Web,Huangberg,MI
ORD-0004614,CUST-002088,2026-01-21,Delivered,Mobile App,Mckinneyland,IL
ORD-0002745,CUST-002958,2024-08-05,Delivered,Web,Julieview,AZ
ORD-0004576,CUST-001090,2025-12-02,Shipped,Mobile App,Delacruzhaven,MI
ORD-0009165,CUST-002548,2026-06-21,Placed,Mobile App,East Jacob,FL
ORD-0002861,CUST-001656,2024-05-31,Delivered,Mobile App,Brianborough,CA
ORD-0007241,CUST-000896,2026-03-23,Shipped,Mobile App,Malonebury,CA
ORD-0003066,CUST-000724,2025-11-30,Shipped,Mobile App,East Darleneland,FL
ORD-0001682,CUST-002512,2025-06-05,Cancelled,Mobile App,South Keithberg,NC
ORD-0008910,CUST-002789,2025-07-07,Shipped,Web,Lake Brittanyland,PA
ORD-0001307,CUST-000123,2024-10-26,Delivered,In-Store,New Amy,IL
ORD-0010580,CUST-000579,2025-12-31,Placed,In-Store,South Jennifer,FL
ORD-0001166,CUST-001862,2026-08-28,Shipped,Mobile App,New Jasonfurt,TX
ORD-0005614,CUST-002690,2025-08-27,Shipped,Web,Derekhaven,NY
ORD-0004969,CUST-002987,2026-07-21,Delivered,Mobile App,Williamhaven,TX
ORD-0011572,CUST-002716,2026-07-09,Cancelled,Mobile App,Dawsonville,AZ
ORD-0011594,CUST-000474,2026-03-17,Shipped,In-Store,Port Stevenbury,FL
ORD-0011169,CUST-000515,2025-11-30,Cancelled,Web,Leslieland,OH
ORD-0004135,CUST-001006,2025-08-10,Delivered,Web,South Elizabethfurt,AZ
ORD-0009646,CUST-001010,2026-01-15,Placed,Web,South Victoria,WA
ORD-0003373,CUST-000961,2026-02-10,Processing,Web,South Jenniferhaven,GA
ORD-0011508,CUST-001631,2026-08-30,Placed,Marketplace,North Jorge,OH
ORD-0006558,CUST-002401,2026-09-04,Delivered,Mobile App,East Markborough,PA
ORD-0008704,CUST-002234,2026-07-31,Shipped,Marketplace,Courtneyport,AZ
ORD-0009806,CUST-002545,2025-03-26,Delivered,Web,Smithview,NC
ORD-0007314,CUST-000305,2025-04-25,Returned,Marketplace,West Pamela,IL
ORD-0005444,CUST-002099,2025-08-10,Delivered,Marketplace,East Michellebury,IL
ORD-0003235,CUST-000288,2026-06-26,Cancelled,Web,Anthonyfurt,PA
ORD-0002303,CUST-000822,2026-02-28,pROCESSING,Web,New Franklin,NC
ORD-0001570,CUST-002687,2026-08-11,Shipped,Mobile App,Bentonshire,NC
ORD-0009599,CUST-000193,2025-01-26,Shipped,Web,Garciahaven,TX
ORD-0000581,CUST-001987,2025-02-05,Placed,Web,New Christopherberg,TX
ORD-0005550,CUST-002785,2025-07-23,Shipped,Web,Kingville,CA
ORD-0001880,CUST-001931,2025-07-23,Delivered,In-Store,West Shawnshire,FL
ORD-0000950,CUST-000986,2026-03-27,Returned,Mobile App,,IL
ORD-0009163,CUST-000402,2025-11-05,Processing,Web,East Angelaside,IL
ORD-0010646,CUST-000044,2026-07-10,Processing,Web,Clarkville,GA
ORD-0003342,CUST-001310,2025-08-08,Delivered,Web,Loveview,FL
ORD-0011686,CUST-002794,2026-05-31,Delivered,Web,Joseland,MI
ORD-0002152,CUST-000254,2026-03-04,Shipped,Web,Patriciamouth,WA
ORD-0002195,CUST-001538,2025-06-28,Placed,Marketplace,South Katie,GA
ORD-0010908,CUST-002254,2026-09-03,Cancelled,Mobile App,Andersonstad,AZ
ORD-0008266,CUST-002990,2025-10-02,Placed,In-Store,West Tanya,PA
ORD-0011358,CUST-002870,2026-06-24,Placed,Marketplace,Lake Joshua,OH
ORD-0008914,CUST-000796,2026-05-13,Shipped,Mobile App,Marieshire,AZ
ORD-0011667,CUST-002222,2024-11-21,Delivered,Web,South Tyler,TX
ORD-0010220,CUST-001581,2026-07-27,Cancelled,Web,Owensbury,CA
ORD-0006636,CUST-000635,2026-07-11,Delivered,Web,West Donna,IL
ORD-0005669,CUST-001554,2026-04-06,Returned,Mobile App,Griffithfurt,CA
ORD-0004688,CUST-001466,2024-05-02,Placed,Web,Brianport,WA
ORD-0011216,CUST-002581,2026-01-25,Shipped,Web,Port Philip,CA
ORD-0002976,CUST-002397,2026-08-11,Cancelled,Web,New Kevin,NC
ORD-0004694,CUST-000811,2025-11-30,Delivered,Mobile App,West Meganfort,NC
ORD-0000108,CUST-001624,2026-04-26,Shipped,Web,West Shawnburgh,WA
ORD-0002062,CUST-002117,2026-04-25,Delivered,Mobile App,Allenborough,CA
ORD-0003359,CUST-002196,2026-06-28,Delivered,In-Store,Floresside,TX
ORD-0003479,CUST-000609,2025-03-15,Delivered,Web,West Kelsey,AZ
ORD-0006899,CUST-002939,2025-08-11,Shipped,Mobile App,South Ryanmouth,OH
ORD-0007685,CUST-000613,2026-04-30,Delivered,Web,Kimfort,TX
ORD-0011871,CUST-000894,2025-01-31,Shipped,Mobile App,Richardmouth,FL
ORD-0007611,CUST-000395,2026-05-16,Delivered,Mobile App,Antonioside,MI
ORD-0006243,CUST-001426,2025-12-31,Placed,Web,Bellland,OH
ORD-0005477,,2025-10-12,Processing,Mobile App,Schneidermouth,FL
ORD-0010268,CUST-000542,2026-08-24,Processing,In-Store,Sanchezland,AZ
ORD-0007510,CUST-901321,2024-10-11,Delivered,Web,Hunterview,IL
ORD-0003873,CUST-002613,2026-03-06,Placed,Mobile App,North Meganview,GA
ORD-0007362,CUST-002514,2026-02-12,Delivered,Mobile App,Robertside,GA
ORD-0005140,CUST-001886,2026-01-28,Placed,Mobile App,Michaelport,IL
ORD-0002756,CUST-000797,2026-08-12,Cancelled,Web,South Sarah,CA
ORD-0010100,CUST-000189,2024-05-20,Processing,Marketplace,South Kari,NY
ORD-0009246,CUST-002886,2025-06-01,Returned,Web,New Marymouth,NC
ORD-0007910,CUST-000209,2026-08-29,Shipped,Mobile App,Hartmanton,PA
ORD-0006909,CUST-002725,2026-08-02,Placed,Web,Denniston,IL
ORD-0010882,CUST-001280,2025-03-31,Processing,Web,Deleonberg,AZ
ORD-0001238,CUST-001208,2026-08-09,Delivered,Mobile App,New Jacobton,OH
ORD-0001160,CUST-000004,2026-07-19,Placed,Mobile App,Millerport,NC
ORD-0000018,CUST-001536,2026-08-29,Cancelled,Mobile App,Brianburgh,PA
ORD-0005849,CUST-000020,2026-08-17,Delivered,Web,Stephaniefort,NY
ORD-0004650,CUST-002336,2025-10-20,Delivered,Web,Chambersstad,WA
ORD-0000095,CUST-000070,2026-08-15,Delivered,Web,Cindystad,PA
ORD-0011534,CUST-001162,2025-12-07,Placed,Marketplace,Schultzberg,PA
ORD-0006590,CUST-001147,2025-08-05,Placed,Mobile App,East Eugeneshire,NY
ORD-0006575,CUST-000574,2026-01-25,Delivered,Web,Tinastad,FL
ORD-0010931,CUST-001944,"April 07, 2025",Shipped,Mobile App,New Michaelshire,MI
ORD-0004158,CUST-002868,2025-11-18,Cancelled,Web,East Pamela,FL
ORD-0009708,CUST-002906,2026-07-19,Placed,Marketplace,,MI
ORD-0001460,CUST-002724,2025-08-15,Delivered,Mobile App,Danielland,NY
ORD-0005732,CUST-002752,2025-09-09,Shipped,Mobile App,East Sarahfort,AZ
ORD-0006455,CUST-002825,2026-06-20,Processing,Mobile App,,NY
ORD-0009091,CUST-000982,2026-03-22,Placed,Web,Lake Gerald,PA
ORD-0006962,CUST-000194,2026-04-07,Cancelled,Mobile App,East Kellytown,PA
ORD-0005354,CUST-002064,2025-12-04,Delivered,Mobile App,Port Lindatown,WA
ORD-0011544,CUST-002211,2025-10-15,Placed,Mobile App,Ericamouth,AZ
ORD-0011786,CUST-001875,2025-09-11,Placed,Web,Sarahaven,NC
ORD-0002211,CUST-002903,2024-05-23,Placed,Mobile App,Taylorberg,NY
ORD-0000806,CUST-000457,2024-09-19,Placed,Web,Lisahaven,IL
ORD-0003258,CUST-001253,2026-08-16,Cancelled,Web,Derrickstad,AZ
ORD-0006873,CUST-000038,2026-07-12,Placed,Web,Madelinemouth,PA
ORD-0001499,CUST-000570,2025-12-16,Delivered,Mobile App,West Kevinborough,FL
ORD-0009835,CUST-002539,2026-03-30,Delivered,Web,Kimshire,AZ
ORD-0005506,CUST-000726,2025-09-19,Processing,Marketplace,Port Francisco,CA
ORD-0005120,CUST-001475,2026-05-07,Shipped,In-Store,East Christine,AZ
ORD-0007941,CUST-002878,2026-06-18,Delivered,Marketplace,West Chadview,PA
ORD-0003116,CUST-000485,2026-05-27,Shipped,Mobile App,Josephtown,IL
ORD-0011609,CUST-001123,2026-03-30,Delivered,Web,Huffmanville,NY
ORD-0003059,CUST-001234,"August 12, 2026",Delivered,Web,,OH
ORD-0008371,CUST-000011,2025-04-01,Cancelled,Web,North Robinbury,GA
ORD-0006264,,2026-09-01,Delivered,Mobile App,Crawfordfort,WA
ORD-0010764,CUST-002086,2026-04-14,Delivered,Marketplace,New Tonyamouth,WA
ORD-0010206,CUST-002112,2026-05-18,Placed,Web,Danielton,WA
ORD-0009292,CUST-000760,09/17/2024,Delivered,Mobile App,Sallyport,WA
ORD-0006611,CUST-002421,2026-04-06,Shipped,Mobile App,East Stacyville,NC
ORD-0010126,CUST-001978,2025-07-09,Delivered,Mobile App,Jonesfort,AZ
ORD-0007372,CUST-002283,2026-07-18,Returned,Web,Jenniferville,NY
ORD-0009780,CUST-000468,2025-01-14,Shipped,Web,North Angela,FL
ORD-0000567,CUST-002864,2026-01-07,Processing,Web,Markberg,FL
ORD-0009321,CUST-002551,2025-07-15,Cancelled,Mobile App,New Jasmineshire,NY
ORD-0006747,CUST-000116,2025-09-28,Placed,Mobile App,New Hunterton,PA
ORD-0001947,CUST-002516,2025-08-11,Returned,In-Store,Carpenterview,TX
ORD-0006173,CUST-000838,2025-04-16,Delivered,Web,Velasquezshire,FL
ORD-0007076,CUST-002480,2026-02-12,Delivered,In-Store,Port Jason,TX
ORD-0008846,CUST-001980,2026-01-10,Shipped,Mobile App,Reynoldsbury,OH
ORD-0002630,CUST-001200,2026-07-26,Processing,Mobile App,Baldwinport,NC
ORD-0003737,CUST-002602,2026-07-28,Delivered,Marketplace,West Michael,TX
ORD-0009466,CUST-002275,2026-03-18,Delivered,In-Store,Lake Courtney,CA
ORD-0005396,CUST-002279,07/12/2026,Delivered,Web,,CA
ORD-0006552,CUST-001269,2026-03-27,Placed,Web,North Deniseburgh,AZ
ORD-0004605,CUST-000250,2025-04-15,Processing,Marketplace,East Karenborough,MI
ORD-0011814,CUST-000337,2025-01-19,Cancelled,Web,Williamstown,AZ
ORD-0010668,CUST-001737,2024-11-17,Shipped,Web,New Lisa,OH
ORD-0009362,CUST-002744,2026-03-17,Delivered,Web,East Austinville,GA
ORD-0000213,,2026-02-09,Delivered,Mobile App,Clarkfurt,FL
ORD-0003818,CUST-001929,2026-07-26,Delivered,Web,West Grant,NC
ORD-0008804,CUST-000716,2025-08-12,Delivered,Web,Annechester,CA
ORD-0010375,CUST-000351,2025-04-01,Shipped,Mobile App,Meganfurt,CA
ORD-0008991,CUST-000768,2026-05-28,Delivered,Web,East Melissa,IL
ORD-0000476,CUST-002461,2026-07-26,Shipped,In-Store,South Fernandomouth,CA
ORD-0004761,CUST-002752,2026-08-03,Delivered,Web,Carsonside,GA
ORD-0003648,CUST-002785,2025-01-04,Returned,Web,New Sheritown,IL
ORD-0001766,CUST-000359,2026-08-22,Shipped,Web,New Brittany,AZ
ORD-0003432,CUST-000709,2026-07-16,Delivered,Web,Robertsonside,CA
ORD-0009433,CUST-001040,2025-09-11,Delivered,Mobile App,Smithfurt,FL
ORD-0011331,CUST-000017,2026-02-16,Shipped,Web,Petersonfort,CA
ORD-0000809,,2025-08-09,Delivered,Web,Austinstad,NC
ORD-0007138,CUST-000777,2026-08-17,Shipped,Web,East Laura,OH
ORD-0002739,CUST-001472,2026-03-22,Placed,Mobile App,New Heatherton,NY
ORD-0009280,CUST-002017,2025-11-25,Processing,Mobile App,Mcgeeberg,NC
ORD-0008467,CUST-000690,2026-06-10,returned,Mobile App,East Zacharyburgh,NY
ORD-0008195,CUST-002953,2026-07-13,Delivered,Marketplace,Montgomeryfurt,IL
ORD-0000725,CUST-000296,2025-11-24,Returned,Mobile App,New Matthew,GA
ORD-0007504,CUST-002078,2025-02-27,Delivered,In-Store,,MI
ORD-0002046,CUST-001425,2026-07-21,Placed,Marketplace,West Mark,WA
ORD-0002827,CUST-001287,2025-04-09,Delivered,Mobile App,Dianatown,GA
ORD-0008358,CUST-002175,2026-03-20,Delivered,In-Store,West Robert,GA
ORD-0004902,CUST-000104,2025-09-30,Processing,Mobile App,Obrienberg,MI
ORD-0000499,CUST-000316,2026-08-17,Shipped,Web,East Douglas,NC
ORD-0010658,CUST-002951,2026-07-02,Placed,Mobile App,East Jennifermouth,GA
ORD-0007084,CUST-000335,2025-07-05,Shipped,Web,Donovanland,OH
ORD-0008478,CUST-001744,2026-08-06,Processing,Mobile App,Port Tylerfurt,OH
ORD-0006112,CUST-000730,2024-11-03,Processing,Web,Sarahborough,GA
ORD-0001214,CUST-002835,2026-06-13,Delivered,Mobile App,Kevinview,GA
ORD-0003356,CUST-002413,2026-07-19,Placed,Web,Danielborough,PA
ORD-0002682,CUST-001063,07/11/2026,Cancelled,In-Store,,AZ
ORD-0004894,CUST-001546,2026-03-14,Delivered,Web,Jamesport,GA
ORD-0001406,CUST-914925,2026-07-13,Delivered,Mobile App,Lanebury,GA
ORD-0002109,CUST-002926,2026-05-31,Placed,Mobile App,North Michael,FL
ORD-0005696,CUST-001299,2025-01-25,Shipped,Mobile App,Roberthaven,WA
ORD-0011048,CUST-002611,2024-03-04,PLACED,Mobile App,North Jeffreyberg,FL
ORD-0001536,CUST-000953,2026-06-28,Delivered,Mobile App,East Ericastad,GA
ORD-0011917,CUST-002001,2026-06-05,Cancelled,Mobile App,Isabellaview,TX
ORD-0003500,CUST-000358,2025-12-14,Delivered,Mobile App,Johntown,NC
ORD-0011648,CUST-002221,2024-06-08,Placed,Mobile App,Dianaborough,MI
ORD-0008161,CUST-001290,2026-01-25,Processing,Web,Donnaborough,AZ
ORD-0002975,CUST-001382,2025-12-21,Processing,Mobile App,Lake Maria,CA
ORD-0002618,CUST-000629,2026-03-09,Delivered,Mobile App,Wheelerport,MI
ORD-0007669,CUST-000590,2025-12-10,Delivered,Mobile App,Port Brett,WA
ORD-0010431,CUST-001537,2025-03-28,Delivered,Marketplace,Herringland,NY
ORD-0011382,CUST-002911,2026-02-24,Placed,Web,Michaelview,MI
ORD-0008240,CUST-002828,2026-06-06,Shipped,Marketplace,Richardsonton,AZ
ORD-0006155,CUST-000494,2026-03-15,Delivered,In-Store,Stephensburgh,OH
ORD-0002691,CUST-002934,11-Jul-2026,Delivered,Web,South Larrychester,FL
ORD-0011626,CUST-000695,2026-08-17,Shipped,Web,North Allison,FL
ORD-0010655,CUST-000762,2025-12-31,Cancelled,Mobile App,New Anthonybury,AZ
ORD-0007017,CUST-001325,"June 08, 2025",Placed,Web,Port Deannabury,MI
ORD-0004672,CUST-000098,2025-11-16,Delivered,Mobile App,South Russellside,CA
ORD-0004997,CUST-002702,2026-08-02,Delivered,Mobile App,West Geraldton,NY
ORD-0000738,CUST-002103,2026-05-16,Processing,In-Store,East Curtis,WA
ORD-0002203,CUST-000679,2025-09-18,Shipped,Mobile App,Francisville,CA
ORD-0011836,CUST-000069,2025-07-13,Delivered,Marketplace,East Zacharystad,WA
ORD-0003749,CUST-001620,2025-11-20,Placed,Mobile App,West Jay,NC
ORD-0003393,CUST-002475,2026-05-07,Delivered,Mobile App,Lake Levi,AZ
ORD-0005695,CUST-001496,2024-02-23,Processing,Web,Kingberg,NC
ORD-0007450,CUST-000864,2026-08-26,Placed,Mobile App,North Elizabethville,OH
ORD-0003140,CUST-002213,2025-07-22,Delivered,Marketplace,,MI
ORD-0002813,CUST-000679,2025-08-08,Processing,Mobile App,Smithbury,GA
ORD-0005541,CUST-000901,2026-03-15,Shipped,Web,Port Eric,OH
ORD-0002793,CUST-001720,2025-12-06,Placed,Mobile App,Grahamborough,AZ
ORD-0003232,CUST-002015,2026-07-20,Placed,Marketplace,New Jeffrey,NY
ORD-0004422,CUST-001798,2026-07-10,Placed,Mobile App,West Paulafurt,WA
ORD-0009084,CUST-000298,2026-02-14,Processing,Mobile App,Alexaside,FL
ORD-0001165,CUST-000103,2024-04-30,Processing,Marketplace,Rachelstad,CA
ORD-0005253,CUST-002435,2026-05-07,Processing,Web,Timothyside,GA
ORD-0010032,CUST-001972,2026-04-09,Delivered,Mobile App,Jeremymouth,OH
ORD-0003948,CUST-001023,2026-06-14,Delivered,Mobile App,Ericborough,FL
ORD-0009381,CUST-000067,2025-07-01,Processing,Mobile App,Davidville,GA
ORD-0004905,CUST-001472,2026-04-27,Cancelled,Web,South Dylan,IL
ORD-0003741,CUST-000500,2026-09-04,Placed,Mobile App,New Williamview,AZ
ORD-0006411,CUST-002802,2024-11-17,Cancelled,Web,New Emma,OH
ORD-0002515,CUST-002553,2026-01-27,Delivered,In-Store,Kelseytown,NC
ORD-0001278,CUST-001286,2024-11-29,Returned,Mobile App,South Jennifer,FL
ORD-0009311,CUST-001016,2026-08-01,Delivered,Web,South Frank,WA
ORD-0002401,CUST-000790,2025-11-08,Processing,Marketplace,Cooperburgh,TX
ORD-0009274,CUST-000495,2025-07-22,Delivered,Web,Ayalaport,MI
ORD-0005639,CUST-000461,2025-10-08,Delivered,Web,Sethland,CA
ORD-0007717,CUST-000875,2026-02-20,Shipped,Web,Port Darius,WA
ORD-0004008,CUST-002412,"February 23, 2025",Shipped,Mobile App,East Heatherhaven,CA
ORD-0010630,CUST-000516,2024-04-23,Shipped,Mobile App,North John,GA
ORD-0010237,CUST-000016,2026-07-10,Placed,In-Store,Port Zachary,TX
ORD-0011075,CUST-002717,2026-02-27,Placed,Web,South Maria,FL
ORD-0002341,CUST-001088,2025-10-22,Shipped,Marketplace,Logantown,IL
ORD-0010816,CUST-000780,2026-05-17,Delivered,In-Store,West Dustin,AZ
ORD-0006095,CUST-000003,2025-08-07,Placed,Web,Bonniebury,TX
ORD-0006105,,2026-06-28,Shipped,Web,East Pamela,GA
ORD-0008519,CUST-002310,2025-09-04,Delivered,Mobile App,Andrewfurt,NY
ORD-0009578,CUST-000995,2026-07-23,Cancelled,Web,North Mark,OH
ORD-0006510,CUST-001748,2026-03-14,Returned,Web,New Edwardfurt,IL
ORD-0011059,CUST-001831,2025-07-24,Shipped,Mobile App,New Sandra,OH
ORD-0005135,CUST-002354,2025-10-23,Delivered,Web,Brownbury,WA
ORD-0003160,CUST-002493,2026-02-12,Cancelled,Web,Brendaville,WA
ORD-0008040,CUST-002122,2025-08-20,Returned,Web,Anaborough,WA
ORD-0002321,CUST-000444,2025-05-08,Delivered,Marketplace,South Clairestad,IL
ORD-0011759,CUST-939764,2025-10-08,Shipped,Web,Maryshire,GA
ORD-0008937,CUST-000224,2024-07-18,Shipped,Web,Munozchester,FL
ORD-0002650,CUST-001187,2026-08-22,Shipped,In-Store,Port Jeffreyland,AZ
ORD-0003503,CUST-001524,2026-04-08,Processing,Marketplace,North Mary,PA
ORD-0003515,CUST-001929,06/12/2026,Cancelled,Mobile App,Heatherton,TX
ORD-0004118,CUST-000597,2024-11-17,Delivered,Web,Lake Daniel,CA
ORD-0008486,CUST-001056,2026-07-15,Delivered,Mobile App,Brittanystad,CA
ORD-0000338,CUST-000408,2026-09-03,Delivered,Mobile App,Port Laurenfort,AZ
ORD-0003165,CUST-002257,2025-03-30,Placed,Marketplace,,PA
ORD-0005768,CUST-002843,2024-11-20,Delivered,In-Store,Williamshire,PA
ORD-0009678,CUST-001743,2026-06-03,Cancelled,Mobile App,Adamsview,AZ
ORD-0005613,CUST-000515,2026-03-09,Delivered,Marketplace,Lake Joshuaton,CA
ORD-0006881,CUST-002691,2025-12-29,Delivered,Mobile App,Robertsfort,NC
ORD-0004781,CUST-000543,2025-11-07,Shipped,Web,Jessicaland,GA
ORD-0011761,CUST-001589,2026-08-12,Delivered,Web,Ramirezhaven,GA
ORD-0011360,CUST-000377,2026-06-09,Shipped,Web,West Jamesstad,AZ
ORD-0003927,CUST-002341,2025-03-03,Delivered,Mobile App,North Christopher,TX
ORD-0011471,CUST-002205,2025-11-12,Placed,In-Store,East Kevinland,WA
ORD-0009485,CUST-001060,2025-07-30,Delivered,Mobile App,Ericland,WA
ORD-0007157,CUST-002339,2026-08-24,Shipped,Web,Port Clayton,NY
ORD-0000953,CUST-001978,"June 28, 2026",Shipped,Mobile App,Rogersview,CA
ORD-0010381,CUST-000244,2025-03-21,Shipped,Mobile App,South Jeffmouth,IL
ORD-0006366,CUST-002363,2026-03-10,Cancelled,Mobile App,Leeton,GA
ORD-0001827,CUST-002474,2024-07-01,DELIVERED,In-Store,Fernandezborough,NY
ORD-0008074,CUST-001641,2025-06-21,Processing,Marketplace,Barneston,FL
ORD-0000079,CUST-002640,2026-02-21,Shipped,Web,North Melissa,CA
ORD-0009823,CUST-002335,2026-08-05,Shipped,Mobile App,Millerport,WA
ORD-0003916,CUST-002751,2026-02-17,Delivered,Web,South Nichole,NC
ORD-0007695,CUST-000683,2026-05-07,Placed,Web,Erinhaven,MI
ORD-0002410,CUST-001439,2026-04-14,Shipped,Mobile App,Pattersonview,TX
ORD-0002442,CUST-001582,10/27/2024,Returned,Mobile App,,NC
ORD-0001495,CUST-000044,2025-04-27,Returned,Marketplace,West Sandrahaven,MI
ORD-0010544,CUST-002805,2026-08-15,Returned,Web,Port Donnamouth,NC
ORD-0000017,CUST-987880,2025-06-10,Delivered,Mobile App,,NC
ORD-0001623,CUST-001686,2026-05-31,Returned,Web,New Samanthaside,NY
ORD-0008718,CUST-002606,2024-04-03,PLACED,Mobile App,Estradaside,NC
ORD-0011111,CUST-000285,2025-12-20,Processing,Marketplace,Blackburnfort,OH
ORD-0010547,CUST-001336,2024-08-07,Cancelled,Web,Seanchester,IL
ORD-0011854,CUST-000908,2025-07-28,Cancelled,Web,Brianberg,FL
ORD-0010964,CUST-002363,2025-05-25,Processing,Web,West Josephborough,WA
ORD-0011674,CUST-000032,2024-04-30,Delivered,Web,Port Matthew,AZ
ORD-0004875,CUST-000776,2025-02-27,Shipped,Web,West Donald,NY
ORD-0009177,CUST-000958,2026-03-05,Processing,Web,Englishfurt,CA
ORD-0006358,CUST-002359,2026-07-08,Shipped,In-Store,Simpsonland,IL
ORD-0011639,CUST-000068,2024-05-12,Placed,Mobile App,Ashleyport,NC
ORD-0006137,CUST-001652,2026-08-21,Shipped,Marketplace,Susanfort,AZ
ORD-0009975,CUST-002533,2026-06-01,Delivered,Mobile App,South Cristinabury,FL
ORD-0009380,,2025-07-02,Processing,Web,Millerborough,TX
ORD-0004830,,2026-02-22,Cancelled,Mobile App,Donaldmouth,GA
ORD-0002407,CUST-001943,2025-11-17,Processing,In-Store,North Caseyberg,WA
ORD-0009512,CUST-002080,2025-12-25,Delivered,Mobile App,East Rebeccachester,TX
ORD-0005585,CUST-001457,2024-12-03,Returned,Mobile App,South Kristinland,WA
ORD-0000859,CUST-001372,2026-08-19,Placed,Web,Abigailbury,NC
ORD-0000422,CUST-001065,2025-09-01,Delivered,Mobile App,South Danielville,MI
ORD-0009617,CUST-002010,2025-08-21,Delivered,Web,North Christopher,CA
ORD-0008160,CUST-001541,2026-05-28,Processing,Mobile App,West Michaeltown,GA
ORD-0007462,CUST-002171,2025-10-17,Cancelled,Web,West Melissaberg,MI
ORD-0009176,CUST-001576,2025-07-03,Shipped,Web,,CA
ORD-0010537,CUST-000781,2026-04-16,Cancelled,Web,Martinezside,IL
ORD-0011302,CUST-002524,2026-08-10,Shipped,Web,New Jonathan,OH
ORD-0000734,CUST-002867,2026-04-20,Delivered,Mobile App,,GA
ORD-0005872,CUST-001839,2026-06-27,Delivered,Web,Port Aaron,FL
ORD-0005535,CUST-001069,2025-07-05,Delivered,Web,Masonview,OH
ORD-0001650,CUST-002152,2025-08-15,Processing,Mobile App,Craigstad,NC
ORD-0000354,CUST-000030,2026-07-05,Shipped,Web,East Timothyborough,PA
ORD-0010528,CUST-000331,2026-03-09,Returned,Web,South Tammyshire,GA
ORD-0005170,CUST-002633,2025-01-04,Placed,Web,Port Kristinaburgh,FL
ORD-0000626,CUST-001700,2025-09-10,Delivered,Mobile App,South Karenbury,TX
ORD-0010844,CUST-001832,2026-04-26,Cancelled,Web,Cooperbury,NC
ORD-0010249,CUST-000350,"February 04, 2026",Delivered,Web,South Shaunmouth,AZ
ORD-0011908,CUST-000666,2026-05-11,Returned,Mobile App,West Angela,WA
ORD-0011817,CUST-000753,2025-07-22,Placed,Web,North Richardstad,GA
ORD-0010766,CUST-001792,2025-09-11,Processing,Web,Murrayberg,CA
ORD-0008167,CUST-001758,2024-12-11,Processing,Web,Keithshire,NY
ORD-0002055,CUST-000166,2026-02-03,Cancelled,Web,North Susan,FL
ORD-0010917,CUST-001029,2026-04-08,Shipped,Mobile App,Jenkinsville,FL
ORD-0003119,CUST-000714,2025-12-16,Placed,Web,Dillonport,MI
ORD-0003596,CUST-002162,2025-05-24,Placed,Web,Nielsenfort,FL
ORD-0003071,CUST-000597,2025-01-25,Delivered,Mobile App,Port Phillip,TX
ORD-0002825,CUST-002569,2025-10-17,Delivered,Web,Johnsonhaven,OH
ORD-0011683,CUST-002662,2026-04-04,Processing,Mobile App,Gomezfort,NY
ORD-0004236,CUST-001365,"February 05, 2026",Delivered,Web,South Ann,AZ
ORD-0009346,CUST-002222,2025-09-16,Shipped,Marketplace,Davidhaven,CA
ORD-0005868,CUST-000958,2026-01-13,Delivered,Web,South Brianborough,WA
ORD-0006129,CUST-002255,2025-12-05,Cancelled,Web,Kristyton,PA
ORD-0002980,CUST-002173,2026-08-01,Processing,In-Store,,NY
ORD-0001894,,2026-01-04,Placed,Mobile App,Vancefort,FL
ORD-0004908,CUST-000110,2026-04-10,Delivered,In-Store,Shariport,FL
ORD-0006483,CUST-000522,2026-07-20,Delivered,Mobile App,West Samanthaton,TX
ORD-0000365,CUST-000328,2026-07-24,Returned,Mobile App,Lake John,IL
ORD-0007759,CUST-001170,2026-04-12,Delivered,Web,Port Melissa,NC
ORD-0004182,CUST-002136,2026-06-30,Processing,Mobile App,Lake Lindsaytown,NY
ORD-0009384,CUST-001326,2026-05-22,Delivered,Web,,FL
ORD-0000148,CUST-002170,2026-05-29,Shipped,Mobile App,New Danielton,MI
ORD-0007367,CUST-002088,2025-03-01,Delivered,Web,East Ronnieport,MI
ORD-0007532,CUST-001112,2025-04-05,Shipped,In-Store,North Erinhaven,GA
ORD-0005371,CUST-002897,2026-07-24,Delivered,Web,Lake Danaberg,TX
ORD-0003556,CUST-002883,2025-06-13,Processing,Web,North Jesse,OH
ORD-0007560,CUST-001115,2026-07-27,Delivered,Web,Port Shelby,GA
ORD-0001237,CUST-002372,2026-07-12,Cancelled,Mobile App,New Taylor,NC
ORD-0008684,CUST-000893,2026-03-23,Delivered,Web,Crystalland,AZ
ORD-0007986,CUST-002944,2025-07-30,Shipped,Mobile App,,CA
ORD-0008761,CUST-000668,2025-11-28,RETURNED,Web,South Laura,WA
ORD-0011918,CUST-000200,2025-10-30,Delivered,Marketplace,Johnport,IL
ORD-0010252,CUST-001827,2025-11-06,Cancelled,Mobile App,Edwinchester,WA
ORD-0008000,CUST-002332,2025-04-10,Shipped,Mobile App,Port Reginastad,IL
ORD-0002816,CUST-000419,2024-07-21,Delivered,Marketplace,East Susanbury,TX
ORD-0011245,CUST-001699,2026-04-09,Delivered,Marketplace,South Courtney,NC
ORD-0004949,CUST-001600,2026-06-15,Placed,Web,Jennifertown,MI
ORD-0004890,CUST-001499,2026-08-20,Shipped,Mobile App,Floresland,NC
ORD-0002879,CUST-000128,2025-11-03,Delivered,Web,Tanyashire,CA
ORD-0001738,CUST-000285,2026-08-10,Cancelled,In-Store,Wrightborough,NC
ORD-0011465,CUST-000196,03/31/2026,Processing,Web,North Jonathan,OH
ORD-0002722,CUST-000198,2025-12-09,Delivered,Marketplace,Karenstad,MI
ORD-0007591,CUST-002077,2026-01-31,Delivered,Web,Port Michelle,PA
ORD-0000275,CUST-000831,2024-11-22,Shipped,Web,Port Christineport,AZ
ORD-0008785,CUST-000391,2026-04-05,Placed,Marketplace,East Ericchester,NC
ORD-0001544,CUST-001879,2026-06-03,Placed,Web,Sandraburgh,TX
ORD-0006235,CUST-001872,2026-01-11,Shipped,Mobile App,East Warren,GA
ORD-0003334,CUST-000035,2025-11-15,Cancelled,Web,Wuland,MI
ORD-0010160,CUST-002398,2026-04-25,Shipped,Web,Quinnburgh,OH
ORD-0004996,CUST-000606,2024-04-05,Processing,Mobile App,Jonesfurt,CA
ORD-0004945,CUST-000389,2023-11-14,Shipped,Mobile App,East Frank,MI
ORD-0006731,CUST-000287,2026-07-05,Processing,Web,Vanessaview,NC
ORD-0005052,CUST-002008,2025-08-04,Cancelled,Web,Bridgetberg,MI
ORD-0008626,CUST-917591,2025-11-11,Delivered,Marketplace,Port Joshua,GA
ORD-0007788,CUST-000178,2026-06-14,Delivered,Mobile App,Pattersonmouth,GA
ORD-0000284,CUST-001482,2026-07-23,Shipped,Marketplace,Johnborough,GA
ORD-0008725,CUST-001556,2026-07-22,Shipped,Web,East Kimberly,MI
ORD-0010834,CUST-000791,2024-07-06,Delivered,Mobile App,Angelashire,FL
ORD-0007944,CUST-001809,2026-05-20,Cancelled,Marketplace,Campbellhaven,PA
ORD-0002932,CUST-001177,2026-08-08,Shipped,Mobile App,West Andrew,OH
ORD-0003080,CUST-001060,2026-04-28,Shipped,Web,East Sabrinaberg,AZ
ORD-0006716,CUST-000288,2026-03-07,Cancelled,Mobile App,,NC
ORD-0008799,CUST-000467,2025-04-05,Delivered,Marketplace,East Tommyborough,PA
ORD-0009096,CUST-001253,2026-08-28,Shipped,Mobile App,South Anneview,CA
ORD-0010574,,2025-09-14,Processing,Web,North Albertstad,IL
ORD-0002880,CUST-000438,2026-03-20,Cancelled,Mobile App,Snydertown,MI
ORD-0002174,CUST-000429,2025-06-26,Delivered,Web,Julieland,TX
ORD-0000700,CUST-002184,2026-09-03,Delivered,Web,East Michaelshire,AZ
ORD-0007529,CUST-000919,2025-01-29,Delivered,Marketplace,South Pamelafurt,NC
ORD-0010691,CUST-000814,2025-12-11,PLACED,Web,Smithhaven,OH
ORD-0005201,CUST-000080,2026-09-05,Delivered,Web,,NY
ORD-0008431,CUST-002320,2026-04-28,Placed,Marketplace,Underwoodtown,MI
ORD-0011911,CUST-001634,2026-04-01,Processing,Web,Pricetown,FL
ORD-0005990,CUST-000082,2026-09-01,Shipped,Web,North Gloria,OH
ORD-0006135,CUST-002756,2026-08-01,Delivered,Web,Russellbury,NC
ORD-0011558,CUST-000962,2026-08-09,Delivered,Mobile App,Michaelstad,NC
ORD-0000433,CUST-000038,2024-10-24,Cancelled,Mobile App,Priscillaville,TX
ORD-0011565,CUST-001920,2026-08-18,Placed,Web,West Dennis,IL
ORD-0011754,CUST-002899,2026-08-02,placed,Marketplace,Port Natalietown,OH
ORD-0002876,CUST-001382,2025-12-09,Shipped,Marketplace,,OH
ORD-0010402,CUST-002201,2026-09-05,Delivered,Marketplace,Carolbury,WA
ORD-0008915,CUST-002243,2026-07-12,Delivered,Mobile App,Jameshaven,GA
ORD-0006963,CUST-002403,2026-01-24,Shipped,Mobile App,Lake Stephanieside,FL
ORD-0010950,CUST-000703,2025-07-30,Delivered,Mobile App,North Kristinville,FL
ORD-0007509,CUST-001040,2026-01-07,Delivered,Web,Ashleytown,WA
ORD-0000520,CUST-001475,2026-07-22,Shipped,Web,Josephland,TX
ORD-0009080,CUST-000927,2026-06-29,Shipped,Web,Shawnstad,IL
ORD-0010170,CUST-001999,2026-07-03,Cancelled,Marketplace,Perryton,FL
ORD-0004988,CUST-000992,2024-12-26,Placed,Mobile App,Thomastown,OH
ORD-0003361,CUST-000497,2024-04-12,Cancelled,In-Store,South Dylan,CA
ORD-0009693,CUST-000554,2026-04-18,Shipped,Marketplace,,PA
ORD-0008043,CUST-001378,2025-12-30,Cancelled,Mobile App,East Joseph,GA
ORD-0004106,CUST-002343,2026-08-21,Placed,Web,Wangborough,FL
ORD-0003953,CUST-001820,2026-08-22,Shipped,Web,Mccarthymouth,PA
ORD-0003157,CUST-000714,2026-01-20,Delivered,In-Store,East William,IL
ORD-0008316,CUST-000171,2026-07-20,Cancelled,Web,West Alicia,FL
ORD-0008797,CUST-001748,06/05/2026,Shipped,Web,Hillborough,NC
ORD-0003089,CUST-001843,2026-04-07,Delivered,Mobile App,North Guyberg,FL
ORD-0004091,CUST-001319,04/17/2026,Delivered,Mobile App,North Manuelside,WA
ORD-0005846,CUST-001002,2026-08-06,Delivered,Web,Lake Donna,PA
ORD-0008823,CUST-001491,2026-02-02,Delivered,Mobile App,Kellystad,TX
ORD-0001545,CUST-934082,2026-08-16,Shipped,Web,North Robertside,PA
ORD-0006658,CUST-000183,2026-02-02,Cancelled,Web,Lake Chris,CA
ORD-0009211,CUST-000239,2025-12-05,Processing,Web,Lake Anthonybury,NY
ORD-0004168,CUST-002384,2026-03-30,Delivered,Web,Saraville,GA
ORD-0001919,CUST-000666,2026-02-18,Shipped,Web,Nicholsport,MI
ORD-0008851,CUST-001346,2024-03-05,Placed,Marketplace,Burnsborough,OH
ORD-0001923,CUST-002642,2025-12-27,Processing,Web,,OH
ORD-0007494,CUST-001485,2025-11-26,Processing,Web,Burchhaven,PA
ORD-0006152,CUST-001667,2026-01-08,Delivered,Marketplace,Christopherland,FL
ORD-0011727,CUST-001878,2024-04-12,Shipped,Web,Valdezmouth,CA
ORD-0009378,CUST-000572,2026-06-25,Placed,In-Store,South Benjaminport,MI
ORD-0002623,CUST-002522,2024-12-24,Delivered,Web,Ericview,NC
ORD-0009895,CUST-000552,2026-04-20,Placed,Marketplace,,CA
ORD-0008794,CUST-000446,2025-08-05,Delivered,Web,South Meganshire,TX
ORD-0008331,CUST-002953,2026-03-22,Cancelled,Marketplace,Oliverside,MI
ORD-0001304,CUST-000186,2026-02-14,Shipped,Mobile App,Lake Joshua,WA
ORD-0002182,CUST-002711,2026-07-27,Delivered,Marketplace,Port Philipchester,GA
ORD-0005335,CUST-000211,2025-11-20,Delivered,Marketplace,West Alexander,TX
ORD-0005902,CUST-001691,2026-08-08,Processing,Marketplace,,NC
ORD-0006715,CUST-001776,2026-02-13,Cancelled,In-Store,West Kayla,IL
ORD-0000590,CUST-001252,2025-01-21,Cancelled,Mobile App,South Joshua,FL
ORD-0001287,CUST-001970,2026-05-18,Placed,Mobile App,Amberberg,AZ
ORD-0000434,CUST-001089,2026-02-20,Placed,Marketplace,Troymouth,CA
ORD-0002871,CUST-002874,24-Sep-2025,Delivered,Web,New Ambershire,OH
ORD-0005829,CUST-000455,2026-09-01,Delivered,Marketplace,South John,IL
ORD-0005720,CUST-002684,2026-08-03,Cancelled,Web,Kimberlystad,PA
ORD-0007643,CUST-002216,2025-05-22,Cancelled,Mobile App,Ryanstad,FL
ORD-0001355,CUST-001405,2026-09-03,Processing,Web,East Antonio,PA
ORD-0000251,CUST-002907,2026-04-24,Delivered,Marketplace,Lanceburgh,OH
ORD-0005780,CUST-000010,2026-08-27,Shipped,Mobile App,Terrimouth,IL
ORD-0011685,CUST-001028,2026-08-13,Cancelled,Web,New Brian,AZ
ORD-0000849,CUST-002238,2026-03-09,Delivered,Mobile App,Lake Monica,NC
ORD-0008730,CUST-001596,10/13/2024,Delivered,In-Store,West Heidiside,AZ
ORD-0007741,CUST-001971,2026-05-14,Delivered,Marketplace,Hernandezmouth,IL
ORD-0005454,CUST-001392,2026-09-01,Processing,Marketplace,Collinsburgh,FL
ORD-0005274,CUST-000425,2026-04-17,Delivered,Mobile App,Lake Courtneymouth,FL
ORD-0003335,CUST-000662,2026-05-19,Processing,Web,Mirandashire,OH
ORD-0000210,CUST-001321,2026-04-28,Delivered,Web,Matthewton,TX
ORD-0002554,CUST-001997,2026-08-22,Processing,Mobile App,Shaneborough,IL
ORD-0003576,CUST-002753,2026-05-15,Shipped,In-Store,Yolandamouth,WA
ORD-0000602,CUST-001483,2026-06-21,Placed,Mobile App,Lake Anita,CA
ORD-0010516,,2025-05-12,Shipped,Web,Lake Eric,GA
ORD-0001968,CUST-002268,2026-05-04,Shipped,Mobile App,Christianfurt,NY
ORD-0006967,CUST-000174,2024-12-21,Cancelled,Mobile App,Lopezfort,NC
ORD-0007894,CUST-000874,2026-02-23,Shipped,Marketplace,North Brett,NY
ORD-0008072,CUST-002967,2026-08-22,Delivered,Web,South Angela,TX
ORD-0007119,CUST-001277,2026-05-16,Shipped,Mobile App,West Lisa,NY
ORD-0006169,CUST-913296,2025-12-04,Returned,Web,South Scottborough,TX
ORD-0010502,CUST-000129,2024-08-23,Cancelled,Web,Brownview,MI
ORD-0010134,CUST-001186,2025-04-21,Shipped,Web,New Amberville,FL
ORD-0006776,CUST-002597,2023-11-18,Delivered,Marketplace,Heatherborough,GA
ORD-0001915,CUST-000661,2026-05-17,Delivered,Mobile App,,OH
ORD-0004348,CUST-002146,2025-06-11,placed,Mobile App,Donaldland,TX
ORD-0007762,CUST-001909,2024-12-08,Processing,Web,Craigside,GA
ORD-0010606,CUST-001720,2025-11-21,Shipped,Web,Tonifort,CA
ORD-0011480,CUST-002849,2026-06-20,Cancelled,Marketplace,Shaneshire,CA
ORD-0005707,CUST-002912,2025-08-04,Processing,Web,Martinfort,GA
ORD-0009408,CUST-000369,2025-07-15,Shipped,Web,Anthonyfort,WA
ORD-0009344,CUST-944495,2026-02-28,Shipped,In-Store,New Feliciamouth,PA
ORD-0006276,CUST-001587,2026-08-30,Delivered,Web,West Johnton,PA
ORD-0001366,CUST-001564,2026-08-29,Delivered,Marketplace,Guerrerohaven,MI
ORD-0000665,CUST-002814,2024-05-03,Processing,Mobile App,Carpenterport,PA
ORD-0008682,CUST-000300,2025-08-10,Delivered,Marketplace,North Jeremyburgh,WA
ORD-0011443,CUST-000692,2025-11-26,Processing,Marketplace,South Michellestad,MI
ORD-0002800,CUST-982470,2025-07-05,Delivered,Mobile App,Dudleyberg,WA
ORD-0003003,CUST-001611,2025-03-25,Shipped,Mobile App,,AZ
ORD-0008949,CUST-002563,2026-06-20,Processing,Web,West Billy,GA
ORD-0004946,CUST-002494,2025-06-05,Delivered,Marketplace,Richardtown,IL
ORD-0006837,CUST-001860,2026-02-03,Delivered,In-Store,Port Laurieland,NY
ORD-0000600,CUST-943088,2024-08-17,Returned,Mobile App,Murphyton,IL
ORD-0000321,CUST-002046,2025-11-28,Delivered,Web,Autumnberg,WA
ORD-0001683,CUST-000974,2026-04-23,Delivered,Mobile App,West Juanberg,PA
ORD-0011802,CUST-002012,2026-07-31,Delivered,In-Store,New Bridgetborough,TX
ORD-0009337,CUST-001514,2026-05-20,Processing,Mobile App,Johnsonside,GA
ORD-0003207,CUST-002623,2025-02-20,Delivered,Web,West Miguelland,MI
ORD-0005538,CUST-000644,2025-09-09,Placed,Web,New Jennifer,NC
ORD-0008551,CUST-001854,2026-07-09,Delivered,Mobile App,West Kaylee,IL
ORD-0008325,CUST-002305,2025-11-02,Processing,Web,South Heatherborough,FL
ORD-0007996,CUST-000836,2026-08-07,Delivered,Mobile App,Martinmouth,GA
ORD-0000507,CUST-000274,2026-02-13,Placed,Marketplace,New Jeffrey,PA
ORD-0000320,CUST-001897,2025-12-07,Processing,Web,Lake Nicoleville,NY
ORD-0009482,CUST-001222,2025-04-24,Delivered,Mobile App,East Blakeborough,FL
ORD-0004306,CUST-000149,2026-03-09,Shipped,Web,,WA
ORD-0002188,CUST-000634,2026-04-30,Processing,Web,New Andreview,PA
ORD-0009036,CUST-000883,2024-11-03,Placed,Web,Port Stephanie,GA
ORD-0001730,CUST-000753,02/07/2026,Delivered,Marketplace,Port Andrew,OH
ORD-0005391,CUST-000093,2026-05-21,Shipped,Mobile App,Michaelland,TX
ORD-0006024,CUST-001773,11-Jan-2026,Returned,Web,Olsonport,OH
ORD-0001601,CUST-002764,2026-07-11,Shipped,Web,Hicksland,PA
ORD-0002432,CUST-000720,2025-08-19,Processing,Mobile App,Stephensville,MI
ORD-0011743,CUST-001530,2025-09-30,Placed,Web,Brendaview,TX
ORD-0010240,CUST-000893,2024-10-09,Returned,Web,Weissmouth,CA
ORD-0009494,CUST-001122,2026-06-25,Placed,Web,West Patriciachester,WA
ORD-0001881,CUST-002813,2026-07-30,Shipped,In-Store,Nathanieltown,PA
ORD-0008517,CUST-000078,2026-05-11,Delivered,Mobile App,West Kevin,MI
ORD-0011654,CUST-002684,2026-05-02,Delivered,In-Store,Port Erikabury,OH
ORD-0000974,CUST-001328,2025-04-16,Placed,Web,Carrton,FL
ORD-0007296,CUST-973588,2025-11-22,Delivered,Web,Tiffanytown,NC
ORD-0010881,CUST-001548,06-Aug-2026,Shipped,Marketplace,South Brettberg,PA
ORD-0011788,CUST-002403,2026-07-18,Delivered,Mobile App,Fuentesside,FL
ORD-0000539,CUST-001776,2025-08-03,Shipped,Marketplace,Lake Jonathan,AZ
ORD-0010327,CUST-000959,2026-07-21,Placed,Web,Paultown,NC
ORD-0007463,CUST-001709,2024-07-28,Processing,Mobile App,Manuelhaven,PA
ORD-0011504,CUST-001161,2024-10-31,Placed,Mobile App,Travismouth,TX
ORD-0001670,CUST-000030,2026-07-11,Shipped,Web,Jamesfurt,FL
ORD-0006468,CUST-001404,2024-07-01,Returned,Web,South Williamchester,GA
ORD-0011430,CUST-001449,2025-06-25,Shipped,Marketplace,Lake Markfort,NY
ORD-0007203,CUST-002305,2026-04-05,Delivered,Web,West Davidfurt,CA
ORD-0002289,CUST-001692,2025-07-11,Delivered,In-Store,Karenland,IL
ORD-0011129,CUST-001668,2025-03-16,Delivered,Mobile App,Lake Christopherbury,FL
ORD-0005169,CUST-002127,08/04/2026,Cancelled,Mobile App,Tateside,GA
ORD-0001118,CUST-000591,2026-06-24,Cancelled,Web,Mahoneychester,NY
ORD-0001627,CUST-000550,2026-05-25,Shipped,In-Store,West Ashleymouth,TX
ORD-0009109,CUST-002950,2024-09-07,Shipped,Marketplace,Katherineberg,NC
ORD-0005063,CUST-001264,2026-05-17,Delivered,Web,Fryeburgh,PA
ORD-0009375,CUST-000125,2025-09-16,Shipped,Web,Lake Stephanie,MI
ORD-0003789,CUST-000480,2025-11-20,Delivered,Mobile App,Alexandertown,OH
ORD-0001389,CUST-001416,2026-06-18,Cancelled,Web,South Matthewtown,OH
ORD-0006619,CUST-002725,2026-08-23,Placed,Web,Alexanderside,WA
ORD-0010079,CUST-002979,2026-03-22,Delivered,Web,South Jameshaven,IL
ORD-0008566,CUST-000969,2025-03-08,Processing,Web,Taylorburgh,NY
ORD-0000237,CUST-000056,2026-05-11,Shipped,In-Store,Alexanderport,PA
ORD-0008284,CUST-002760,2024-08-25,Returned,Web,,IL
ORD-0000781,CUST-000497,2024-08-20,Returned,Mobile App,Port Kimberly,AZ
ORD-0010639,CUST-000491,"July 12, 2026",Cancelled,Web,Penaside,GA
ORD-0010179,CUST-001935,2025-07-31,Delivered,In-Store,Jonathanmouth,PA
ORD-0010286,CUST-001280,2026-04-06,Shipped,Web,Deleonberg,WA
ORD-0005785,CUST-001026,02/24/2026,Placed,In-Store,Randolphport,AZ
ORD-0003308,CUST-001569,2026-07-11,Delivered,In-Store,Roweville,FL
ORD-0000889,CUST-002125,2024-11-15,Shipped,Web,Warnerfort,CA
ORD-0008863,,2025-08-28,Placed,Web,Davidmouth,PA
ORD-0003086,CUST-002549,2025-10-30,Delivered,Marketplace,Port Christopherbury,GA
ORD-0001188,CUST-002901,2026-07-06,processing,Marketplace,New Mary,GA
ORD-0006223,CUST-000021,2024-02-21,Cancelled,Mobile App,Lewisland,PA
ORD-0007247,CUST-001788,2024-08-15,Delivered,Mobile App,Port Nicolemouth,TX
ORD-0007928,,2026-06-13,Delivered,Web,Port Deannatown,GA
ORD-0009814,CUST-001342,2026-06-18,Delivered,Marketplace,,AZ
ORD-0001178,CUST-001714,2026-01-18,delivered,In-Store,Hinesview,CA
ORD-0005335,CUST-000211,2025-11-20,Delivered,Marketplace,West Alexander,TX
ORD-0001768,CUST-001245,2026-03-21,Processing,Marketplace,Lake John,CA
ORD-0008122,CUST-002311,2026-08-29,Delivered,In-Store,Russellview,WA
ORD-0009353,CUST-002829,2026-05-17,Shipped,Web,,OH
ORD-0004577,CUST-002536,"August 14, 2026",Placed,Marketplace,Careyshire,IL
ORD-0010391,CUST-000766,2025-11-24,Delivered,Mobile App,Jameston,TX
ORD-0000504,CUST-000526,2026-03-24,Delivered,Web,Moseshaven,WA
ORD-0004610,CUST-001341,2026-08-03,Delivered,Mobile App,,PA
ORD-0011469,CUST-002677,2025-11-11,Delivered,Web,Freemantown,AZ
ORD-0005280,CUST-000160,2026-07-14,Placed,Mobile App,Wolfechester,OH
ORD-0003638,CUST-001078,2024-08-19,Delivered,Web,New Sharon,AZ
ORD-0005056,CUST-000243,2025-10-26,Shipped,Web,New Haleychester,FL
ORD-0005557,CUST-001208,2026-08-24,Delivered,Mobile App,Michellestad,FL
ORD-0005077,,2025-06-26,Delivered,Mobile App,Wongberg,OH
ORD-0008642,CUST-000961,2024-12-26,Shipped,Mobile App,Taylorberg,FL
ORD-0006564,CUST-000728,2026-06-26,Processing,Web,,GA
ORD-0005984,CUST-002579,2026-08-20,Processing,Web,Traceyfort,FL
ORD-0003473,CUST-000165,07/16/2026,processing,In-Store,Pottston,AZ
ORD-0002334,CUST-000639,2025-12-01,Delivered,In-Store,Burtonhaven,OH
ORD-0003562,CUST-000933,2026-02-17,Shipped,Mobile App,Johnsonland,CA
ORD-0008394,CUST-000349,2026-07-30,Processing,Web,Blanchardbury,CA
ORD-0007320,CUST-001635,2026-08-25,Cancelled,In-Store,Port David,AZ
ORD-0000155,CUST-002714,2026-07-29,Cancelled,Web,Danielfurt,OH
ORD-0011647,CUST-002054,2025-09-27,Processing,Mobile App,Allenton,NC
ORD-0008783,CUST-001073,2026-04-04,Delivered,Web,Wellsport,PA
ORD-0011483,CUST-002242,2026-06-04,Shipped,Web,Port James,WA
ORD-0011479,CUST-001178,2026-02-19,Delivered,Web,West Jeannechester,TX
ORD-0010879,CUST-002957,2025-05-06,Returned,Web,North Ashleyton,AZ
ORD-0004601,CUST-001116,2026-09-05,Delivered,Marketplace,Sherryview,WA
ORD-0003781,CUST-002766,2026-07-06,Delivered,Mobile App,New Mario,GA
ORD-0006153,CUST-002950,2024-07-01,Shipped,Web,Port Rachelland,CA
ORD-0008581,CUST-001009,2026-08-26,Cancelled,Web,Wolfetown,MI
ORD-0006986,CUST-000245,2026-02-02,Processing,In-Store,Douglasfort,MI
ORD-0008439,CUST-001603,2026-08-04,Shipped,In-Store,Port John,FL
ORD-0004464,CUST-002118,2026-03-06,Shipped,Web,Thomaston,CA
ORD-0011262,CUST-002547,2026-08-25,Placed,Marketplace,Perezstad,NC
ORD-0003853,CUST-000952,2026-07-30,Processing,Web,Lake Courtneyport,IL
ORD-0008124,CUST-001601,2025-05-30,Delivered,Web,South Kathyfurt,AZ
ORD-0005556,CUST-002065,2023-12-02,Delivered,Web,Spencerton,GA
ORD-0003603,CUST-001511,2025-12-13,Shipped,Web,East Christineside,MI
ORD-0010235,CUST-000888,2026-09-05,Delivered,Web,Ibarrafurt,IL
ORD-0005367,CUST-000207,2025-01-10,Returned,Web,Horneland,IL
ORD-0004975,CUST-000139,2026-08-06,Placed,Mobile App,Mcdonaldton,MI
ORD-0009213,CUST-001117,2025-02-15,Processing,Web,Crystalport,OH
ORD-0011672,CUST-001452,2026-08-06,Shipped,Web,North Davidview,AZ
ORD-0006228,CUST-001918,2026-04-12,Placed,Marketplace,Sanchezview,IL
ORD-0004103,CUST-002496,2025-08-18,Delivered,Web,New Heatherville,GA
ORD-0003535,CUST-001861,2025-05-26,Delivered,Web,Amyshire,IL
ORD-0005427,CUST-001563,2026-01-23,Delivered,Web,Burnettland,FL
ORD-0006206,CUST-001305,2024-08-27,Shipped,Marketplace,Laurenberg,NY
ORD-0005187,CUST-002037,2025-08-16,Shipped,Mobile App,West Randall,PA
ORD-0006218,CUST-000977,2024-01-28,Delivered,Marketplace,Rhondaton,FL
ORD-0004476,CUST-001752,"August 22, 2026",Placed,In-Store,West Sean,CA
ORD-0002115,CUST-001467,2025-11-19,Processing,Web,South Sherry,TX
ORD-0011457,CUST-924979,2026-03-16,Delivered,Web,New Jessica,OH
ORD-0007837,CUST-000342,05/01/2024,Shipped,Web,Lukeshire,AZ
ORD-0000285,CUST-002857,2025-07-22,Delivered,In-Store,Prestonburgh,MI
ORD-0000745,CUST-002285,2025-09-24,Shipped,Marketplace,New Matthew,OH
ORD-0010061,CUST-002475,03-Sep-2026,Delivered,Web,Arnoldfort,NC
ORD-0000268,CUST-000116,2025-10-23,Processing,Web,New Dillonport,MI
ORD-0006919,CUST-002748,2024-10-03,Processing,Web,,FL
ORD-0002486,CUST-000128,2025-09-05,Returned,Web,Martinborough,TX
ORD-0006778,CUST-000284,2026-05-11,Delivered,Web,Kristimouth,CA
ORD-0002128,CUST-001004,2026-09-03,Delivered,Mobile App,Watsonmouth,FL
ORD-0001014,CUST-002129,2025-07-10,Processing,Web,New Jasonstad,WA
ORD-0010923,CUST-002960,2025-09-18,Placed,In-Store,Julieshire,WA
ORD-0005619,CUST-000134,2026-01-05,Processing,Web,Mariefurt,AZ
ORD-0011525,,2026-07-15,Cancelled,Mobile App,Floresbury,WA
ORD-0010904,CUST-000346,"July 05, 2026",Processing,Web,Lauraside,GA
ORD-0006609,CUST-000324,2026-03-01,Cancelled,Mobile App,South Diane,MI
ORD-0004056,CUST-002958,2025-08-04,Processing,Marketplace,North Cory,MI
ORD-0003509,,2026-09-03,delivered,Web,East Meghanfort,FL
ORD-0009510,CUST-002925,2026-07-28,Delivered,Mobile App,Josephport,FL
ORD-0009750,CUST-000684,2026-04-04,Shipped,Marketplace,Thorntonhaven,NC
ORD-0011542,CUST-000075,2025-12-08,Delivered,Web,Curtishaven,AZ
ORD-0002731,CUST-001967,2025-07-03,Processing,Marketplace,Sarahtown,IL
ORD-0003715,CUST-002728,2026-04-30,Delivered,Mobile App,West James,NY
ORD-0010557,CUST-002332,2024-10-23,Placed,In-Store,New Angela,PA
ORD-0009174,CUST-000114,2026-01-09,Processing,Mobile App,Thomasborough,TX
ORD-0004357,CUST-000268,2026-03-17,Shipped,Marketplace,West Darlene,CA
ORD-0011277,CUST-000554,2026-07-24,Processing,Web,Port Tina,GA
ORD-0006259,CUST-002270,2026-04-01,Delivered,In-Store,Hansenton,TX
ORD-0011021,CUST-000449,2025-05-17,Shipped,Marketplace,Mccarthystad,NC
ORD-0001196,CUST-001535,2026-04-25,dELIVERED,Web,East William,MI
ORD-0010607,CUST-002610,2026-07-12,Delivered,Marketplace,Port Danielle,WA
ORD-0009044,CUST-001073,24-Apr-2026,Cancelled,In-Store,Grimesside,NC
ORD-0003344,CUST-001116,2026-09-05,Processing,Marketplace,Fernandezfort,NC
ORD-0008822,CUST-001038,2026-08-21,Placed,Mobile App,Port Kimberly,NY
ORD-0002159,CUST-000906,2025-06-26,Returned,Mobile App,New Catherineburgh,PA
ORD-0006430,CUST-000538,2025-08-10,Processing,Web,Lake Robert,GA
ORD-0009677,CUST-002960,2024-08-28,Processing,Marketplace,East Sarahchester,PA
ORD-0005370,CUST-000630,2026-04-04,Returned,Mobile App,Ginaton,PA
ORD-0001908,CUST-000366,2026-08-30,Processing,Web,,AZ
ORD-0004901,,2025-06-28,Processing,Marketplace,Karenport,TX
ORD-0004288,CUST-000437,2026-07-08,Placed,Web,Port Aaronside,CA
ORD-0002756,CUST-000797,2026-08-12,Cancelled,Web,South Sarah,CA
ORD-0003667,CUST-002898,2026-01-31,Placed,Marketplace,Port Mauricehaven,MI
ORD-0009776,CUST-001539,2025-07-21,Returned,Web,Rayfort,FL
ORD-0001109,,2024-07-24,Shipped,In-Store,Owenburgh,MI
ORD-0007712,CUST-000628,01/29/2026,Shipped,In-Store,Smithport,NC
ORD-0002125,CUST-001125,2026-07-07,Delivered,Mobile App,Lake Jennifer,AZ
ORD-0000971,CUST-001030,2026-07-01,Processing,Web,Jacobland,WA
ORD-0010535,CUST-002426,2026-08-09,Delivered,Web,New Danielchester,GA
ORD-0002882,CUST-000785,2026-07-11,Cancelled,Web,Summersport,TX
ORD-0003690,CUST-002199,2026-03-20,Processing,Mobile App,East Brian,IL
ORD-0002645,CUST-001497,2026-07-03,Delivered,Mobile App,Port Martha,NC
ORD-0002633,CUST-002870,2026-07-07,Delivered,Marketplace,East Andrewburgh,GA
ORD-0011409,CUST-002283,2026-08-21,Returned,Web,North Sarahhaven,PA
ORD-0003579,CUST-987643,2025-09-19,Shipped,Web,Sarahland,NY
ORD-0009373,CUST-000124,2026-06-13,Shipped,In-Store,West Christy,GA
ORD-0000049,CUST-001078,2025-02-22,Delivered,Web,Frankchester,FL
ORD-0006838,CUST-002817,2026-08-18,Delivered,Marketplace,Lake Leslie,WA
ORD-0002893,CUST-001061,2026-07-07,Returned,Mobile App,Morganstad,MI
ORD-0010739,CUST-993716,2024-08-17,Placed,Marketplace,East William,NC
ORD-0010159,CUST-001555,2026-07-17,Delivered,Mobile App,Lake Donald,FL
ORD-0003756,CUST-000337,2026-01-05,Processing,Web,South Jessicaland,IL
ORD-0006457,CUST-000167,2026-03-27,Processing,Web,South Susanberg,FL
ORD-0004338,CUST-001200,2026-08-12,Placed,In-Store,South Lisaview,GA
ORD-0004235,CUST-002092,2026-06-17,Processing,Mobile App,Ianview,AZ
ORD-0008175,CUST-000775,2026-08-24,Processing,Mobile App,East Victoriaton,AZ
ORD-0006109,CUST-001029,2026-07-14,Placed,In-Store,Cardenasbury,CA
ORD-0001319,CUST-002456,2026-05-22,Placed,In-Store,North Bethany,NY
ORD-0011591,CUST-000018,2025-06-12,Cancelled,Web,North Jason,NY
ORD-0009528,CUST-001734,2026-02-08,Delivered,Web,Jamesside,OH
ORD-0003698,CUST-000307,2026-09-03,Cancelled,Web,New Nicolehaven,WA
ORD-0002999,CUST-001789,2025-10-21,Delivered,Mobile App,New John,IL
ORD-0002956,CUST-000099,2026-08-13,Processing,Marketplace,South Jasonview,AZ
ORD-0011576,CUST-001414,2026-03-01,Delivered,Mobile App,Pughhaven,OH
ORD-0009388,CUST-000226,2026-05-18,Shipped,Mobile App,Dunnside,IL
ORD-0008026,CUST-002924,"February 21, 2026",delivered,Marketplace,New Melissa,OH
ORD-0011478,CUST-000645,2025-10-25,Delivered,Web,Wolfeshire,WA
ORD-0003827,CUST-001615,2025-08-16,Delivered,In-Store,Amandabury,NC
ORD-0010467,CUST-001488,2024-03-17,Delivered,Web,West Ashley,NY
ORD-0008820,CUST-000190,2025-03-02,Delivered,Mobile App,West Ashley,TX
ORD-0002604,CUST-000991,2025-11-10,Processing,Web,Christinamouth,IL
ORD-0003533,CUST-000661,2025-11-14,Shipped,Web,Kennethbury,AZ
ORD-0009626,CUST-000225,2026-07-07,Cancelled,Mobile App,Lake Tony,GA
ORD-0011218,CUST-001805,2026-06-20,Delivered,Marketplace,Josephbury,AZ
ORD-0006511,CUST-002178,2025-07-29,Delivered,Web,Cherylfort,IL
ORD-0007822,,2025-09-23,Shipped,Mobile App,Davidstad,OH
ORD-0003775,CUST-000439,2024-09-06,Placed,Mobile App,Steveshire,AZ
ORD-0001201,CUST-000168,2025-12-11,Processing,Mobile App,Port Laurie,TX
ORD-0005840,CUST-001356,2025-07-01,Delivered,Web,Jasonton,IL
ORD-0009781,CUST-002677,2026-03-26,Placed,In-Store,Lake Donaldchester,WA
ORD-0002848,CUST-002689,2026-08-17,Delivered,Mobile App,Jimenezberg,PA
ORD-0004333,CUST-001823,2026-07-01,Placed,Mobile App,Bakerberg,WA
ORD-0004698,CUST-000568,2025-02-07,Placed,Web,Jonesborough,IL
ORD-0004312,CUST-000542,2026-04-29,Delivered,Web,Reyesfort,FL
ORD-0002437,CUST-001919,2026-08-15,Cancelled,In-Store,Kevinmouth,OH
ORD-0002631,CUST-001353,2026-08-10,Delivered,Web,Port Jennaville,FL
ORD-0003605,CUST-000148,2024-11-30,Placed,Web,Hilltown,IL
ORD-0001782,CUST-001505,2026-07-29,Shipped,Marketplace,Patelshire,PA
ORD-0008275,CUST-000485,2026-05-15,Delivered,Mobile App,Sheltonville,AZ
ORD-0005931,CUST-002107,2026-07-14,Delivered,Web,Michaelbury,AZ
ORD-0007105,CUST-000891,2025-12-02,Delivered,Mobile App,Alberttown,PA
ORD-0001796,CUST-000269,2026-05-29,Placed,Mobile App,East Kimberly,FL
ORD-0000621,CUST-002764,2025-08-16,Cancelled,Mobile App,Lake Robert,MI
ORD-0009331,CUST-001389,2025-11-08,dELIVERED,Web,New Michealmouth,OH
ORD-0011538,CUST-000306,2026-02-15,Shipped,Web,Hickmanview,AZ
ORD-0004957,CUST-001401,2026-07-31,Processing,Mobile App,East Jeffreymouth,TX
ORD-0000628,CUST-001731,2026-08-11,Placed,Web,Timothychester,WA
ORD-0007694,CUST-002191,2026-08-20,Delivered,Mobile App,North Justin,WA
ORD-0008558,CUST-002263,2026-06-02,Returned,Web,North Jacob,IL
ORD-0002721,CUST-002684,2025-12-14,Shipped,Mobile App,New Josestad,MI
ORD-0008845,CUST-001983,2025-07-14,Shipped,Web,New Deborahmouth,WA
ORD-0010642,CUST-001819,2025-05-01,Cancelled,Mobile App,Angelamouth,NY
ORD-0010167,CUST-000076,2025-07-10,Placed,Marketplace,East Kimberlyview,OH
ORD-0007490,CUST-000982,2026-04-19,Delivered,In-Store,Lake Christinahaven,GA
ORD-0004644,CUST-000225,2026-06-01,Delivered,Mobile App,Mccoyland,CA
ORD-0009638,CUST-002296,2026-07-29,Delivered,Mobile App,West Michelle,MI
ORD-0010428,CUST-001068,2025-07-10,Placed,Web,Lake Steve,MI
ORD-0008490,CUST-001742,2025-01-25,Placed,Web,West Johnville,IL
ORD-0005527,CUST-001676,2026-08-20,Shipped,Mobile App,East Andreville,NY
ORD-0007146,CUST-001546,2026-05-13,Cancelled,Web,North Daniel,MI
ORD-0003907,,2026-04-23,Shipped,In-Store,Phillipsville,CA
ORD-0002590,CUST-000449,2025-11-01,Delivered,In-Store,New Alicia,WA
ORD-0005615,CUST-001028,"September 02, 2026",Processing,In-Store,Robertschester,GA
ORD-0005389,CUST-002110,2025-01-21,Delivered,In-Store,Margaretshire,GA
ORD-0001242,CUST-908305,2026-08-15,Processing,Web,Gonzalezberg,WA
ORD-0010706,CUST-000768,2024-09-12,Delivered,Web,West Amberhaven,PA
ORD-0002394,CUST-950982,2025-11-06,Delivered,Mobile App,Josephmouth,IL
ORD-0009237,CUST-001777,2025-10-15,Processing,Web,Cynthiaberg,IL
ORD-0009722,CUST-001905,2026-08-24,Cancelled,Web,Thomasmouth,NC
ORD-0002596,CUST-002164,2025-02-11,CANCELLED,Web,Millerhaven,NC
ORD-0006025,CUST-000066,2025-05-13,Shipped,Web,New Christinaberg,NC
ORD-0010365,CUST-000870,2025-09-02,Delivered,Web,,FL
ORD-0010860,CUST-000693,2026-07-30,Placed,Mobile App,Port Markburgh,AZ
ORD-0003989,CUST-002391,2025-04-30,Shipped,Marketplace,Aaronfurt,GA
ORD-0002895,CUST-002621,2026-05-05,DELIVERED,Mobile App,Robertamouth,FL
ORD-0010596,CUST-002603,2025-12-09,Cancelled,In-Store,Kevinfort,PA
ORD-0011550,CUST-002879,2026-05-27,Delivered,Marketplace,Kimtown,MI
ORD-0010276,CUST-001400,2026-01-05,Cancelled,Marketplace,Amandaberg,TX
ORD-0006566,CUST-000379,2026-05-16,Delivered,Web,Matthewborough,OH
ORD-0010346,CUST-000755,2026-07-16,Returned,Web,Wongton,OH
ORD-0006503,,06-Oct-2024,Delivered,In-Store,Adamsstad,IL
ORD-0004531,CUST-001015,2026-08-18,Delivered,Marketplace,Ramirezberg,GA
ORD-0010121,CUST-002365,2026-08-12,Cancelled,Web,North Vanessa,TX
ORD-0003083,CUST-002895,2024-11-24,Placed,Web,East Travisshire,IL
ORD-0004630,CUST-002468,2026-07-23,Returned,Mobile App,,FL
ORD-0006741,CUST-001849,2026-04-07,Shipped,Web,,NY
ORD-0008050,CUST-000265,2026-08-15,Cancelled,Web,Stevenston,NC
ORD-0011310,CUST-000378,2024-12-23,Shipped,Marketplace,North Jennifer,NC
ORD-0008523,CUST-001412,2026-03-23,Delivered,In-Store,South Sarah,FL
ORD-0006663,CUST-000069,2025-07-06,Delivered,Web,South Angela,GA
ORD-0009900,CUST-002329,"August 03, 2026",Cancelled,In-Store,South Daniel,OH
ORD-0009607,CUST-000771,2026-08-20,Shipped,Web,Michellefort,IL
ORD-0006591,CUST-002111,2025-11-18,Delivered,In-Store,Kennethburgh,NC
ORD-0009903,CUST-002378,2026-03-30,Placed,Web,New Christopherville,GA
ORD-0010295,CUST-002056,2024-09-04,Cancelled,Mobile App,Hallville,MI
ORD-0011656,CUST-001070,2024-08-28,Processing,Web,New Leahport,GA
ORD-0005945,CUST-000005,2024-11-02,Shipped,Web,Port William,GA
ORD-0001367,CUST-002940,2026-01-07,Delivered,Mobile App,North Stevenside,GA
ORD-0008232,CUST-000913,2026-07-17,Processing,Web,South Russellberg,WA
ORD-0009754,CUST-001876,2024-08-13,Cancelled,Web,,MI
ORD-0011070,CUST-000262,2024-04-21,Delivered,Web,New Joseph,MI
ORD-0000843,CUST-000191,2026-04-18,Processing,Mobile App,East Jill,NY
ORD-0006319,CUST-002418,2026-08-07,Delivered,Mobile App,North Robin,PA
ORD-0005981,CUST-001877,2026-07-01,Shipped,Marketplace,Jensenland,WA
ORD-0000217,CUST-001362,2025-11-04,Delivered,Mobile App,Samuelland,NY
ORD-0010677,CUST-002999,2025-11-19,Shipped,In-Store,Susanmouth,IL
ORD-0004765,CUST-000142,2025-10-01,Cancelled,Web,North Michelleview,AZ
ORD-0003836,CUST-002004,12/08/2025,Delivered,Web,East Kimberly,IL
ORD-0003272,CUST-000138,2026-06-22,Delivered,Web,Thomasport,OH
ORD-0005020,CUST-001287,2025-08-18,Placed,Web,Taylormouth,FL
ORD-0002481,CUST-002586,2026-06-07,Delivered,Mobile App,Brucetown,OH
ORD-0002597,CUST-002664,2026-04-18,Delivered,In-Store,Port Williamborough,IL
ORD-0001000,CUST-001286,2025-06-05,Delivered,Marketplace,New Susanburgh,GA
ORD-0003474,CUST-000175,2024-08-12,Placed,Web,Omarhaven,NY
ORD-0011753,CUST-002107,2025-05-11,Shipped,Mobile App,,PA
ORD-0007782,CUST-002931,2026-06-15,Shipped,Mobile App,,PA
ORD-0007742,CUST-002665,2026-08-28,Placed,Web,Patriciashire,TX
ORD-0008448,CUST-000499,2025-10-08,PROCESSING,Mobile App,Hallstad,CA
ORD-0009661,CUST-002908,2024-12-26,Cancelled,Web,Port Davidshire,PA
ORD-0007090,CUST-001322,2024-10-01,Shipped,Web,Foleyhaven,NC
ORD-0007060,CUST-001429,2026-04-24,Shipped,Mobile App,New Billyshire,NY
ORD-0004062,CUST-002228,2025-11-21,Placed,Marketplace,Douglasfort,GA
ORD-0010615,CUST-000164,2025-06-22,Placed,Mobile App,Aliciatown,PA
ORD-0005008,CUST-001691,2026-06-29,Placed,Web,New Tamarahaven,OH
ORD-0010336,CUST-001161,2025-12-23,Processing,Web,North Sheryl,NY
ORD-0002050,CUST-000896,2025-04-15,Delivered,Mobile App,West Carmenville,NC
ORD-0010865,CUST-000348,2026-06-23,Shipped,In-Store,East Dalebury,WA
ORD-0001090,CUST-002834,2026-04-13,Shipped,Web,Port Leahland,NY
ORD-0010519,CUST-002211,2026-03-20,Placed,Mobile App,Port Laurenstad,NC
ORD-0005070,CUST-000738,2025-07-14,Processing,Mobile App,West Tracy,GA
ORD-0008149,CUST-001104,2026-04-17,Processing,Mobile App,Davisburgh,PA
ORD-0004085,CUST-001842,2025-03-14,Processing,Mobile App,Ashleyborough,GA
ORD-0001080,CUST-000708,2025-09-21,Cancelled,Mobile App,Port Cherylstad,MI
ORD-0003525,CUST-001601,2025-06-12,Processing,Marketplace,,OH
ORD-0000799,CUST-002837,2026-03-30,Shipped,Web,Port Briantown,IL
ORD-0000949,CUST-000319,2025-12-13,Shipped,Mobile App,West Benjaminmouth,FL
ORD-0002712,CUST-000850,2026-04-24,Processing,Web,,PA
ORD-0008041,CUST-000561,2026-05-01,Delivered,Mobile App,South Bryan,OH
ORD-0009202,CUST-000272,2025-02-12,Delivered,In-Store,New Christina,MI
ORD-0001777,CUST-002225,2026-05-19,Processing,Web,East Whitneyburgh,OH
ORD-0003663,CUST-001544,04-May-2026,Delivered,Mobile App,Jonesborough,WA
ORD-0010930,CUST-000350,2025-10-11,Processing,Mobile App,Maldonadochester,NY
ORD-0005967,CUST-002450,2025-09-06,Delivered,Mobile App,New Kelly,FL
ORD-0001585,CUST-001023,2026-09-04,returned,Marketplace,Port Marialand,CA
ORD-0009595,CUST-001546,2026-08-08,Delivered,In-Store,,MI
ORD-0010856,CUST-001396,2025-12-01,Delivered,Mobile App,Colleenburgh,WA
ORD-0011107,CUST-001536,2026-08-02,Shipped,Marketplace,Elizabethbury,MI
ORD-0011080,CUST-002257,2026-06-01,Processing,Web,South Virginiatown,AZ
ORD-0004148,CUST-001300,2026-09-03,Processing,Web,East Christopherborough,IL
ORD-0001820,CUST-000340,2026-07-02,Cancelled,Web,West Steven,GA
ORD-0006021,CUST-000572,2026-08-26,Placed,Mobile App,Erikview,CA
ORD-0003531,CUST-002464,2026-03-14,Placed,Web,,MI
ORD-0011042,CUST-001372,2026-02-13,Delivered,Web,Wallstad,WA
ORD-0004757,CUST-002756,2026-01-30,Placed,Web,New Josephside,MI
ORD-0011669,CUST-002532,2026-06-14,Processing,Web,Sethborough,NC
ORD-0010405,CUST-002895,2025-08-15,Delivered,Web,Kristinamouth,WA
ORD-0004536,CUST-925452,06/04/2024,Delivered,In-Store,Port Nicole,AZ
ORD-0009931,CUST-001947,2025-12-13,Delivered,Web,Port Barbaraville,GA
ORD-0000212,CUST-001236,2026-06-18,Delivered,Web,Marquezbury,GA
ORD-0010157,CUST-000983,2026-08-24,Delivered,Web,East Kathrynberg,GA
ORD-0004918,CUST-002409,2026-03-09,Cancelled,Web,Raymondtown,FL
ORD-0007962,CUST-002137,2026-08-03,shipped,Web,,TX
ORD-0009686,CUST-001047,2025-09-13,Shipped,In-Store,Garcialand,TX
ORD-0006755,CUST-000151,2026-08-07,Delivered,In-Store,New Jessica,TX
ORD-0002894,CUST-002869,2025-04-30,Placed,Mobile App,Lake Steven,NC
ORD-0002559,CUST-000636,2026-01-08,Delivered,In-Store,Port Aaron,IL
ORD-0004155,CUST-002821,2025-11-04,Shipped,Web,,IL
ORD-0001172,CUST-002453,2026-08-31,Delivered,Web,,NY
ORD-0004193,CUST-002568,2026-07-05,Processing,Web,Wyattbury,FL
ORD-0008208,CUST-000075,2026-06-03,Shipped,Mobile App,Barbaraside,CA
ORD-0008769,CUST-001056,2026-03-06,Shipped,Mobile App,North Margarettown,NC
ORD-0011791,CUST-000462,2024-11-07,Delivered,In-Store,Port Ralph,NY
ORD-0004433,CUST-002511,2026-09-03,Delivered,Web,Sarahton,MI
ORD-0011652,CUST-001405,2026-08-27,Shipped,Marketplace,New Anthonyville,WA
ORD-0002857,CUST-002992,2026-06-06,Delivered,In-Store,Hutchinsonburgh,IL
ORD-0000396,CUST-001018,2024-09-24,Returned,Mobile App,Scottmouth,WA
ORD-0001467,CUST-002246,2025-08-13,Placed,Marketplace,Lake Jeremy,GA
ORD-0006191,CUST-002683,2025-04-16,Delivered,Web,Port Amyshire,GA
ORD-0011388,CUST-001338,2024-11-05,Delivered,Web,Hernandezside,IL
ORD-0006399,CUST-002150,2024-06-25,Delivered,Marketplace,Brewerborough,GA
ORD-0008829,CUST-002096,2026-03-02,Delivered,Mobile App,Ashleymouth,CA
ORD-0007535,CUST-000738,2024-12-05,Delivered,Web,East Codyside,PA
ORD-0011732,CUST-000387,2026-08-12,Cancelled,Web,New Jason,WA
ORD-0006384,CUST-904543,2025-03-23,Placed,Web,Stephanieport,CA
ORD-0009325,CUST-001440,2026-07-06,Delivered,Marketplace,New Paulberg,AZ
ORD-0007577,CUST-000391,2026-09-04,Delivered,Mobile App,West Randall,PA
ORD-0000865,CUST-000870,2025-04-07,Placed,Web,North Madeline,CA
ORD-0010488,CUST-000343,2026-05-20,Placed,Mobile App,Shanefort,PA
ORD-0010448,CUST-000307,2026-09-03,Placed,Mobile App,Hardinshire,NC
ORD-0000064,CUST-001498,2025-03-17,Processing,Web,Port Michaeltown,NY
ORD-0003693,CUST-000750,2026-02-18,Delivered,Web,Joneston,FL
ORD-0003074,,2026-08-20,Returned,Mobile App,Morrisside,TX
ORD-0010359,CUST-002384,2026-06-24,Returned,Web,Forbesland,AZ
ORD-0011041,CUST-002028,2026-05-09,Delivered,Marketplace,Port Brittney,TX
ORD-0003598,CUST-002521,04/25/2025,Delivered,Web,Jamesshire,NY
ORD-0006634,CUST-001660,2025-05-01,Processing,Web,Robertstad,WA
ORD-0001450,CUST-001941,2026-04-12,Processing,Mobile App,Hodgeston,WA
ORD-0001183,CUST-000330,2026-02-12,Delivered,Mobile App,North Adamland,IL
ORD-0008736,CUST-000339,2025-11-05,Cancelled,Web,North Juliebury,GA
ORD-0001926,CUST-002597,2025-08-31,Delivered,Mobile App,Edwardsville,CA
ORD-0007299,CUST-001298,2026-06-12,Processing,Web,South Thomas,NC
ORD-0004214,CUST-002229,2026-03-14,Processing,In-Store,Hannahfort,FL
ORD-0005475,CUST-001471,2025-09-25,Delivered,Mobile App,West Cindy,FL
ORD-0009548,CUST-001474,"January 04, 2026",Cancelled,Web,Yuside,PA
ORD-0004565,CUST-002308,2026-04-28,Cancelled,Mobile App,Lake Anthonyside,CA
ORD-0011516,CUST-001328,2026-03-13,Shipped,Web,New Jenniferburgh,GA
ORD-0002330,CUST-000604,2026-08-09,Delivered,Marketplace,Port Dylanchester,IL
ORD-0001837,CUST-927178,2024-06-24,Processing,Mobile App,Mossshire,WA
ORD-0002015,CUST-002904,"June 26, 2026",Processing,Web,Lake Bradleytown,AZ
ORD-0004390,CUST-000193,2025-11-16,Returned,Mobile App,East Jasonborough,CA
ORD-0000976,CUST-000695,2026-08-12,Placed,In-Store,Patriciahaven,FL
ORD-0004850,CUST-002992,2026-08-07,Delivered,Mobile App,Gwendolynmouth,NC
ORD-0004291,CUST-002338,2024-12-24,Returned,Web,East William,NY
ORD-0010180,CUST-001347,2025-07-22,Delivered,Mobile App,Blackberg,NC
ORD-0007603,CUST-002780,2026-08-12,Delivered,Web,East Natalie,NY
ORD-0000431,CUST-001022,2025-09-13,Cancelled,Mobile App,Rhondachester,NY
ORD-0010010,CUST-001872,2025-12-19,Delivered,Marketplace,New Jacquelineton,PA
ORD-0007838,CUST-000770,2026-06-07,Delivered,Mobile App,South Elizabethtown,WA
ORD-0000458,CUST-002162,2025-08-15,Delivered,Mobile App,Port Jasonmouth,AZ
ORD-0001155,CUST-001659,12-May-2026,Delivered,Web,East Gail,AZ
ORD-0007350,CUST-001175,2026-03-26,Delivered,Web,Jonesport,WA
ORD-0003401,,2026-07-22,Delivered,Mobile App,Reneehaven,MI
ORD-0004332,CUST-000045,2025-09-03,Delivered,Mobile App,South Brenda,PA
ORD-0003599,CUST-002731,2026-08-21,Placed,Mobile App,Port Davidton,TX
ORD-0004397,CUST-002585,2026-08-22,Delivered,Mobile App,North Lisa,WA
ORD-0007291,CUST-001335,2026-04-25,Delivered,Marketplace,Huffmanville,AZ
ORD-0007005,CUST-002465,2026-01-16,Processing,Mobile App,Port Kevin,IL
ORD-0007239,CUST-002731,2026-02-16,Placed,Web,Cathyberg,TX
ORD-0010045,CUST-000906,2026-05-05,Placed,Web,Port Shelbyberg,CA
ORD-0011808,CUST-001146,2025-11-07,Delivered,Mobile App,Yuton,AZ
ORD-0003665,CUST-001530,2026-02-03,Shipped,Web,West Jeffreyland,NY
ORD-0003382,CUST-000570,2025-11-27,Placed,Web,New Aaron,PA
ORD-0004564,CUST-000779,2025-04-23,Delivered,Web,Omarberg,GA
ORD-0005450,CUST-002117,2026-04-17,Delivered,Web,South Caleb,GA
ORD-0011241,CUST-001194,2024-06-26,Shipped,Marketplace,New Daniel,FL
ORD-0010965,CUST-002393,2026-02-09,Placed,Marketplace,South Nicoleton,AZ
ORD-0010825,CUST-001163,2026-01-05,Delivered,In-Store,Huntershire,NY
ORD-0000492,CUST-001364,2026-05-31,Placed,Mobile App,Port Michaelmouth,NY
ORD-0008063,CUST-001328,2025-12-12,Delivered,Mobile App,South Davidside,NC
ORD-0004603,CUST-000541,2026-06-29,Cancelled,Mobile App,Port Gina,FL
ORD-0001035,CUST-001207,2026-06-12,Delivered,Marketplace,Sandraburgh,OH
ORD-0007955,CUST-001105,2025-11-16,Placed,Web,New Bonnie,GA
ORD-0010539,CUST-001128,2026-02-17,Delivered,Mobile App,Lake Kimberlyshire,AZ
ORD-0010506,CUST-001078,2025-04-05,Placed,Web,South Heather,IL
ORD-0011100,CUST-000948,2025-08-12,Delivered,Mobile App,Alanshire,PA
ORD-0003544,CUST-000671,2026-04-17,Delivered,Web,East Stacey,WA
ORD-0007688,CUST-001947,2025-08-25,Returned,Web,Kristatown,IL
ORD-0002254,CUST-002808,2024-11-28,Cancelled,Web,East Cynthia,TX
ORD-0009018,CUST-000976,2026-01-23,Placed,Web,South Lonnie,TX
ORD-0010395,CUST-002087,2025-07-02,Processing,Web,New Samantha,NC
ORD-0007227,CUST-002898,2025-08-02,Delivered,Web,Dixonfort,MI
ORD-0006947,CUST-002864,2025-07-26,Delivered,Web,Michaelview,MI
ORD-0006454,CUST-000998,2024-04-21,Returned,Web,North Cynthiaport,GA
ORD-0010074,CUST-000861,2026-07-16,Shipped,Marketplace,Edwardsfort,GA
ORD-0007222,CUST-001107,2026-03-08,Cancelled,Mobile App,East Bruce,AZ
ORD-0006290,CUST-000811,2026-02-15,Processing,Marketplace,Websterchester,NC
ORD-0005399,CUST-001368,2025-12-21,Delivered,Mobile App,East Karen,FL
ORD-0005638,CUST-002663,2025-05-15,dELIVERED,Web,North Heatherfort,CA
ORD-0006869,CUST-001373,2026-08-31,Delivered,Mobile App,Port Robertside,PA
ORD-0006136,CUST-000830,2026-02-19,Delivered,In-Store,Wilsontown,WA
ORD-0001939,CUST-002507,"April 01, 2026",Processing,Mobile App,North Douglasview,NY
ORD-0008465,CUST-002748,2024-10-06,Delivered,In-Store,Bruceland,OH
ORD-0010039,CUST-001038,2026-08-22,Delivered,Mobile App,East Sydney,CA
ORD-0007465,CUST-001051,2025-07-21,Cancelled,Web,North Meganborough,GA
ORD-0009942,CUST-002830,2025-10-08,DELIVERED,Marketplace,Cummingsbury,NY
ORD-0000140,CUST-001528,2025-10-29,Delivered,Marketplace,Gomezberg,GA
ORD-0008225,CUST-932039,2026-04-04,Placed,Web,East Noah,NY
ORD-0005765,CUST-001410,2024-09-14,Shipped,Mobile App,East Kendratown,IL
ORD-0004004,CUST-001559,2025-10-25,Delivered,Web,South Jennifer,AZ
ORD-0009058,CUST-000184,2025-02-04,Processing,In-Store,Smithmouth,FL
ORD-0009278,CUST-002290,2025-11-23,Delivered,Marketplace,Maryville,NC
ORD-0004012,CUST-002498,2026-01-18,Returned,Web,Lake Kevin,MI
ORD-0011932,CUST-000923,2024-12-27,Returned,In-Store,Patrickville,NC
ORD-0006935,CUST-001729,2025-05-02,Shipped,In-Store,Burnsport,GA
ORD-0002875,CUST-001367,2026-06-21,Delivered,Web,Adrienneport,PA
ORD-0008407,,2026-09-01,Cancelled,Web,Jonesland,AZ
ORD-0008403,CUST-001451,2024-10-24,Delivered,Mobile App,New Jimmy,NC
ORD-0007396,CUST-001121,2026-07-15,Shipped,Web,Barnettberg,MI
ORD-0011380,CUST-001070,2025-04-05,Delivered,In-Store,New Danaport,FL
ORD-0001948,CUST-001520,2026-08-18,Placed,Mobile App,West Briana,IL
ORD-0001977,CUST-000375,2025-05-01,Placed,Mobile App,Robertbury,PA
ORD-0008307,CUST-002761,2025-06-05,Delivered,Web,North Gabrielfort,NC
ORD-0001924,CUST-002096,2024-04-19,PLACED,Web,Patriciabury,WA
ORD-0007335,CUST-001653,2026-02-16,Shipped,Marketplace,Moniquefurt,OH
ORD-0002330,CUST-000604,2026-08-09,Delivered,Marketplace,Port Dylanchester,IL
ORD-0000570,CUST-000240,2026-02-26,Shipped,Web,Whiteberg,NC
ORD-0008944,CUST-001906,2026-04-26,Shipped,Web,Lake Timothybury,WA
ORD-0009642,CUST-002982,2026-06-03,Cancelled,Web,Christineton,FL
ORD-0007681,CUST-002237,"August 24, 2026",Placed,Web,Andradeton,CA
ORD-0002530,CUST-000100,2026-02-05,Shipped,Mobile App,Ramirezchester,MI
ORD-0000308,CUST-002834,2026-04-25,Delivered,Web,New Bethborough,PA
ORD-0005368,CUST-001613,2026-07-31,Processing,Web,Rachelside,AZ
ORD-0002708,CUST-000823,2025-05-23,Shipped,Web,North Josephburgh,OH
ORD-0002786,CUST-001223,2026-05-28,cancelled,Web,Anneborough,PA
ORD-0011097,CUST-001659,2026-05-17,Placed,Web,Danielview,IL
ORD-0002929,CUST-002049,2026-06-11,Processing,Mobile App,Maryfurt,FL
ORD-0001726,CUST-000709,2026-07-26,Placed,Marketplace,East Brittany,NY
ORD-0005536,CUST-001136,2024-05-12,Delivered,Web,West Carlosberg,WA
ORD-0010440,CUST-001833,2026-06-12,Cancelled,Mobile App,Leahport,CA
ORD-0001456,CUST-002078,2026-04-06,Shipped,Mobile App,South Shawnview,IL
ORD-0011176,CUST-000454,2025-10-24,Delivered,Mobile App,Williamsonfort,NC
ORD-0010715,CUST-002535,2026-08-28,Processing,Mobile App,New Scott,MI
ORD-0008257,CUST-000148,2025-06-17,Placed,Mobile App,Carolynburgh,GA
ORD-0005429,CUST-002372,2026-08-19,Delivered,Web,Hernandezfort,IL
ORD-0007260,CUST-000537,2025-10-12,Shipped,Web,Port Randallhaven,CA
ORD-0010198,CUST-001989,2024-01-07,SHIPPED,Mobile App,West Tiffany,CA
ORD-0009513,CUST-970230,2026-07-29,Shipped,Marketplace,Lake Angelafort,CA
ORD-0001279,CUST-000393,2026-07-19,Cancelled,Mobile App,Port Travis,MI
ORD-0001414,CUST-002648,2024-11-15,Shipped,Web,Lake Ricky,MI
ORD-0005850,CUST-002107,2025-12-15,Delivered,Web,Denisemouth,OH
ORD-0007135,CUST-000396,2025-09-09,Placed,Web,East Nicoleshire,OH
ORD-0000516,CUST-002195,2025-12-12,Delivered,Marketplace,East Davidport,WA
ORD-0007473,CUST-002549,2024-12-01,Returned,Marketplace,Kellyport,TX
ORD-0011431,CUST-001549,2026-07-25,Delivered,In-Store,Williamchester,TX
ORD-0008351,CUST-002272,2026-04-19,Delivered,Web,Lisastad,CA
ORD-0007498,CUST-000787,2024-12-24,Placed,Web,Tinatown,FL
ORD-0007013,CUST-001207,2026-06-04,Returned,In-Store,Crystalport,NC
ORD-0007841,CUST-000926,"February 10, 2026",Placed,Web,New Jamestown,WA
ORD-0008864,CUST-001175,2025-04-13,Processing,Mobile App,South Aliciamouth,GA
ORD-0003975,CUST-000787,2026-04-01,Placed,Web,Gonzalezhaven,AZ
ORD-0001400,CUST-000830,2026-06-09,Placed,In-Store,,GA
ORD-0008106,CUST-002420,2026-02-03,Shipped,Mobile App,South Jasonside,NY
ORD-0006832,CUST-002835,2026-04-29,Delivered,In-Store,Jonesside,AZ
ORD-0006351,CUST-001650,2026-08-24,Placed,Web,Port Victor,WA
ORD-0009922,CUST-001999,2026-08-23,Delivered,Web,Robertland,NC
ORD-0005725,CUST-000683,2026-07-04,Placed,Marketplace,Kimberlyburgh,WA
ORD-0006788,CUST-000928,2026-03-16,Delivered,Mobile App,New Laura,FL
ORD-0003017,CUST-001658,2025-12-02,Delivered,Web,Warrenchester,WA
ORD-0007549,CUST-001620,2025-05-20,Delivered,Web,Lisaborough,WA
ORD-0006814,,24-Dec-2024,Shipped,Marketplace,Parkside,AZ
ORD-0008569,CUST-002575,2025-09-26,Delivered,Web,,CA
ORD-0006626,CUST-002760,2023-12-13,Returned,Mobile App,Port Mary,NY
ORD-0007936,CUST-001847,2025-12-05,Cancelled,Marketplace,Lake Amanda,NC
ORD-0006466,CUST-000589,2026-07-31,Delivered,Web,Lake Shawnton,IL
ORD-0005643,CUST-001980,2026-09-01,Processing,Web,Lake Julianmouth,NY
ORD-0000550,CUST-000667,01/04/2024,Delivered,In-Store,Thomastown,OH
ORD-0004604,CUST-002822,2026-08-25,Delivered,In-Store,Joshuastad,NC
ORD-0011132,CUST-001368,2026-05-03,Processing,Mobile App,West Melissashire,NC
ORD-0007659,CUST-002037,2025-03-31,processing,Marketplace,Kevinland,WA
ORD-0000785,CUST-000496,2025-01-16,Placed,Web,Bakerfort,OH
ORD-0011305,CUST-001909,2025-11-16,Shipped,Mobile App,Kathyshire,TX
ORD-0011367,CUST-000823,2025-12-27,Cancelled,Web,New Bonnie,GA
ORD-0006226,CUST-001073,2025-05-11,Returned,Web,North Tracy,FL
ORD-0006600,CUST-002093,2026-03-15,Placed,In-Store,Erictown,GA
ORD-0011050,CUST-000837,2026-09-03,Cancelled,In-Store,Lindseyport,TX
ORD-0002395,CUST-002265,2026-03-08,Placed,Web,Nicolechester,GA
ORD-0010993,CUST-000103,2024-04-13,Processing,Marketplace,South Carolside,NC
ORD-0009491,CUST-001185,2025-07-26,Shipped,Mobile App,,WA
ORD-0000371,CUST-002478,2025-04-20,Shipped,Web,North Mathew,MI
ORD-0008447,CUST-001586,2026-08-01,Returned,Mobile App,East Laurafurt,GA
ORD-0011451,CUST-002174,2026-07-19,Cancelled,Marketplace,North Matthew,WA
ORD-0000051,CUST-000245,2026-09-02,Processing,In-Store,South Alexandriaton,CA
ORD-0010759,CUST-001166,2026-05-11,Delivered,Mobile App,Mcconnellland,PA
ORD-0002285,CUST-001444,2024-07-11,Delivered,Web,South Traciland,AZ
ORD-0004956,CUST-000322,2026-04-08,Cancelled,Marketplace,Youngchester,IL
ORD-0000844,CUST-002219,2026-05-22,Processing,Web,East Natasha,AZ
ORD-0011536,,2026-09-03,Processing,Marketplace,Nicholasmouth,GA
ORD-0010389,CUST-001866,2025-05-24,Delivered,Marketplace,Andrademouth,CA
ORD-0003593,CUST-001196,2026-08-30,Returned,Marketplace,Oliverchester,OH
ORD-0001660,CUST-000128,2025-03-26,Shipped,Web,Port Jacob,MI
ORD-0010934,CUST-000048,2025-12-30,Processing,Web,South Traceymouth,OH
ORD-0004725,CUST-001911,2026-02-05,Processing,Mobile App,Laurenmouth,NC
ORD-0010983,CUST-000122,2026-04-05,Delivered,Mobile App,Richardville,PA
ORD-0004795,CUST-000399,2026-08-11,Shipped,Web,Carlchester,AZ
ORD-0011719,CUST-000881,2026-02-27,Placed,Mobile App,Wilsonchester,TX
ORD-0001200,CUST-000581,2025-03-14,Cancelled,Marketplace,East Markfort,FL
ORD-0011897,CUST-002243,2026-05-06,PROCESSING,Mobile App,Fernandofort,AZ
ORD-0008594,CUST-001114,2025-01-23,Placed,Web,Eileenside,TX
ORD-0011510,CUST-002783,2025-10-17,Returned,Mobile App,East Christinastad,OH
ORD-0006308,CUST-002479,2024-04-10,Cancelled,Mobile App,Frostside,WA
ORD-0004137,CUST-001704,2025-11-29,Processing,Web,New Ronald,NY
ORD-0010587,CUST-000276,2026-08-27,Placed,Web,Brennanport,GA
ORD-0007447,CUST-000592,2026-05-05,Shipped,Marketplace,Andrewside,NY
ORD-0005951,CUST-002074,2026-06-11,Returned,Mobile App,Maynardborough,FL
ORD-0005485,CUST-001980,2026-04-11,Delivered,Mobile App,Michaelmouth,MI
ORD-0003810,CUST-002668,2026-06-09,Processing,Marketplace,Rosariostad,NY
ORD-0008191,CUST-000911,2026-03-10,Placed,Mobile App,West Yesenia,CA
ORD-0008508,CUST-002520,2026-04-10,Delivered,Mobile App,Jonesstad,NY
ORD-0005779,CUST-900115,2026-05-29,Processing,Mobile App,East James,OH
ORD-0001051,CUST-001347,2026-02-07,Shipped,Mobile App,Hallshire,FL
ORD-0004461,CUST-001254,2025-01-28,Shipped,Web,South Jared,TX
ORD-0004097,CUST-001642,"September 03, 2024",Cancelled,Mobile App,Lake Holly,TX
ORD-0004643,CUST-001084,2026-06-13,Delivered,Mobile App,Georgeport,NC
ORD-0011509,CUST-002629,2025-04-09,Processing,Mobile App,West Teresa,WA
ORD-0004455,CUST-001623,2026-05-27,Returned,Marketplace,Lake Christopher,PA
ORD-0007020,CUST-002821,2024-11-05,Processing,Web,Ernestmouth,NY
ORD-0001133,CUST-002565,2026-08-02,Shipped,Web,Blackwellfort,NY
ORD-0006784,CUST-000285,2025-01-29,Placed,Web,Edwardchester,OH
ORD-0002832,CUST-000053,2025-06-20,Cancelled,Marketplace,Diazshire,NC
ORD-0003688,CUST-001940,2026-02-03,Delivered,Mobile App,Meganmouth,NC
ORD-0002945,CUST-002719,2024-05-30,Shipped,Web,Duranview,TX
ORD-0005925,CUST-002044,2024-04-21,shipped,Web,Brownberg,MI
ORD-0009368,CUST-000729,2026-01-04,Processing,Mobile App,Cherylburgh,OH
ORD-0009087,CUST-001014,2026-07-05,Delivered,Mobile App,Daviston,TX
ORD-0005996,CUST-001373,2026-09-03,Processing,Mobile App,West Jessica,NC
ORD-0004239,CUST-001970,2026-06-15,Delivered,Web,New Michael,NY
ORD-0004029,CUST-000075,2026-05-16,Cancelled,Mobile App,Wallerview,NY
ORD-0008423,CUST-002008,2025-01-19,Placed,Web,Sandraville,GA
ORD-0003483,CUST-001334,2026-01-26,Shipped,Mobile App,Lewisberg,PA
ORD-0011862,CUST-002615,2026-08-05,Cancelled,Mobile App,Port Samanthafurt,WA
ORD-0005139,CUST-000369,2025-06-02,DELIVERED,Mobile App,,NC
ORD-0004554,CUST-001873,2026-06-06,Shipped,Marketplace,Zoeburgh,CA
ORD-0009609,CUST-002036,2026-05-18,Placed,Web,Robertsborough,WA
ORD-0011631,CUST-001836,2025-05-01,Placed,Web,Anthonytown,TX
ORD-0004416,CUST-001474,2025-11-21,Processing,Web,Lake Kendra,WA
ORD-0009809,CUST-002022,2026-08-25,Placed,Web,New Kari,PA
ORD-0002812,CUST-001283,2024-04-06,Delivered,In-Store,Murrayport,MI
ORD-0005259,CUST-000825,2026-02-19,Delivered,Web,Taylorview,AZ
ORD-0010744,CUST-002518,2026-06-01,Shipped,Web,Santosside,TX
ORD-0008104,CUST-000161,2025-08-30,Processing,Web,Lake Stephen,IL
ORD-0007650,CUST-001603,2026-08-03,Delivered,Mobile App,South Victorville,OH
ORD-0002058,CUST-002633,2026-07-29,Placed,Mobile App,Stevenville,PA
ORD-0008211,CUST-001155,2026-09-04,Cancelled,Mobile App,Lake Markport,OH
ORD-0008624,CUST-002295,2026-08-06,Placed,Web,Lake Lori,TX
ORD-0006084,CUST-001051,2026-06-23,Placed,Web,Morrisonland,PA
ORD-0010734,CUST-001806,2024-04-19,Cancelled,In-Store,Michellehaven,CA
ORD-0007525,CUST-000719,2025-12-02,Delivered,Web,South Michaelshire,FL
ORD-0008903,CUST-000109,2026-05-11,Processing,Mobile App,Port Kenneth,GA
ORD-0010622,CUST-002272,2026-03-03,Delivered,Web,Donaldside,TX
ORD-0004141,CUST-002834,15-Mar-2026,Delivered,Marketplace,Glennshire,OH
ORD-0010846,CUST-000325,2026-04-03,Cancelled,Web,Port Shaneberg,PA
ORD-0001531,CUST-001358,2026-03-31,Delivered,Mobile App,West Jason,GA
ORD-0001215,CUST-000381,2026-08-23,Delivered,Web,North Zachary,NY
ORD-0001126,CUST-001666,2025-06-04,Delivered,Mobile App,Alyssafort,GA
ORD-0011313,CUST-002992,2026-07-03,Delivered,Mobile App,Brownside,CA
ORD-0004327,CUST-000700,2026-05-01,Delivered,Web,Larryburgh,FL
ORD-0008971,CUST-002322,2026-06-27,Delivered,Web,Pereztown,NY
ORD-0008012,CUST-001226,2026-08-29,Shipped,Mobile App,Lake Cynthia,AZ
ORD-0005714,CUST-002791,2026-08-22,Cancelled,Web,New Michellemouth,PA
ORD-0007538,CUST-002383,2025-06-27,Returned,Mobile App,Samanthaport,FL
ORD-0010342,CUST-001915,2026-06-19,Shipped,Mobile App,North Jenniferside,PA
ORD-0003442,CUST-001804,2026-06-18,Cancelled,Mobile App,Lanestad,IL
ORD-0011528,CUST-001807,2025-11-16,Delivered,Marketplace,Weeksmouth,NY
ORD-0011479,CUST-001178,2026-02-19,Delivered,Web,West Jeannechester,TX
ORD-0006906,CUST-001737,2026-07-06,Delivered,Web,Port Robert,NC
ORD-0001480,CUST-001146,2026-07-30,Cancelled,In-Store,South George,GA
ORD-0001901,CUST-000080,2026-09-02,Delivered,Marketplace,Ericamouth,NY
ORD-0000503,CUST-001748,2026-03-06,Placed,Web,South Kimfort,TX
ORD-0010859,CUST-001383,2025-06-19,Placed,Marketplace,Lake Russell,AZ
ORD-0000526,CUST-000200,2026-02-14,Shipped,Marketplace,Kelseyfurt,NY
ORD-0008789,CUST-001157,2026-08-10,Delivered,Web,Sloanberg,MI
ORD-0008488,CUST-002514,2026-07-03,Cancelled,Mobile App,East William,NY
ORD-0006682,CUST-000144,2025-11-04,Processing,Mobile App,,NY
ORD-0009852,CUST-002605,2026-01-17,Delivered,Web,Annberg,OH
ORD-0008735,CUST-002887,2025-12-16,Delivered,Web,North Sabrinabury,NY
ORD-0004770,CUST-002155,2026-01-21,Delivered,Marketplace,Scottland,OH
ORD-0009215,CUST-987204,2026-06-10,Shipped,Mobile App,Port Ashley,OH
ORD-0009108,CUST-002594,2026-03-28,Processing,Marketplace,Port Laurenview,AZ
ORD-0006689,CUST-000931,2024-07-21,Shipped,Web,West Marie,OH
ORD-0004364,CUST-001757,2025-10-27,Delivered,Mobile App,New Cherylberg,WA
ORD-0005771,CUST-001224,2024-10-15,Cancelled,Marketplace,Brianstad,GA
ORD-0011804,CUST-966306,2025-12-25,Processing,In-Store,New Jason,WA
ORD-0007469,CUST-001540,2026-08-10,Delivered,Web,Jamesville,WA
ORD-0000363,,2025-04-29,Cancelled,Web,Xavierstad,WA
ORD-0001162,CUST-002657,2026-03-26,Delivered,Mobile App,North Adam,MI
ORD-0011822,CUST-002461,2026-04-27,Delivered,Mobile App,Garciamouth,NC
ORD-0009639,CUST-001499,2026-08-23,Delivered,Mobile App,Deborahhaven,OH
ORD-0004490,CUST-002756,2026-04-07,Shipped,Web,East John,AZ
ORD-0000542,CUST-002259,2025-06-27,Cancelled,Marketplace,New Jamesborough,GA
ORD-0002418,CUST-000089,2025-12-21,Placed,Mobile App,New Meagan,MI
ORD-0004670,CUST-002094,2026-07-04,Delivered,Web,Lisamouth,GA
ORD-0006412,CUST-002168,2025-01-25,Returned,Web,Lake Hannah,MI
ORD-0011202,CUST-002514,2026-03-03,Delivered,Web,North Jerryhaven,PA
ORD-0006573,CUST-000075,2025-09-12,Processing,Mobile App,Lake Sarah,TX
ORD-0004659,CUST-001624,2026-04-08,Cancelled,Web,North Stephen,CA
ORD-0000655,CUST-000026,2026-04-13,Delivered,Mobile App,,GA
ORD-0008070,CUST-000855,2026-04-12,Delivered,Web,Youngberg,TX
ORD-0008130,CUST-002640,2025-09-22,Shipped,Web,Port Brenda,FL
ORD-0005592,CUST-000461,2025-10-18,Cancelled,Web,Tuckerview,PA
ORD-0011242,CUST-001089,2026-03-17,Delivered,Mobile App,Lake Kimberlyberg,OH
ORD-0002669,,2026-03-18,Delivered,Mobile App,Lake Ashleyview,NY
ORD-0007931,CUST-001987,2025-04-29,Processing,Mobile App,New Ashleystad,WA
ORD-0010588,CUST-000253,2026-06-23,Delivered,Web,Greenebury,PA
ORD-0006097,CUST-000435,2026-01-27,Delivered,Mobile App,Hernandezbury,FL
ORD-0007514,CUST-000525,2025-07-25,Delivered,Mobile App,West Gregory,IL
ORD-0007523,CUST-001776,2025-11-28,Delivered,Web,Jasonshire,WA
ORD-0004978,CUST-001674,2025-06-08,Shipped,Web,South Rhonda,IL
ORD-0006080,CUST-000329,2024-09-13,Placed,Mobile App,New Jennifer,FL
ORD-0001399,CUST-002459,2026-07-13,Delivered,Marketplace,West Ryanmouth,MI
ORD-0011371,CUST-001448,2025-03-06,Processing,Mobile App,Lake Jayview,PA
ORD-0011514,CUST-000711,2026-06-22,Delivered,Mobile App,Josephborough,NC
ORD-0008247,CUST-000933,2026-02-03,Cancelled,Web,New Michaelton,AZ
ORD-0000058,CUST-000132,30-Mar-2026,Delivered,Marketplace,Lake James,MI
ORD-0004899,CUST-001993,2026-08-07,Delivered,Web,Simpsonstad,AZ
ORD-0000511,CUST-000332,2026-05-08,Delivered,Web,Andreafurt,NY
ORD-0010951,CUST-002430,2026-07-16,Shipped,Mobile App,Port Stephanieside,FL
ORD-0003187,,2026-06-17,Cancelled,Marketplace,East Cody,IL
ORD-0010816,CUST-000780,2026-05-17,Delivered,In-Store,West Dustin,AZ
ORD-0008137,CUST-000637,2026-06-12,Shipped,Mobile App,East Jessica,IL
ORD-0008320,CUST-000256,2026-07-03,Returned,Web,Baldwinbury,TX
ORD-0010011,CUST-002046,2026-06-26,Delivered,Web,Lorettamouth,MI
ORD-0006655,,2025-07-11,Delivered,Web,Cannonland,CA
ORD-0003365,CUST-001626,2025-08-16,Processing,Web,West Joelburgh,AZ
ORD-0003951,CUST-002707,2026-02-09,Processing,Mobile App,New Sydney,IL
ORD-0000062,CUST-000618,2025-09-17,Placed,Marketplace,North Brian,CA
ORD-0009040,CUST-000805,2026-05-23,Shipped,Mobile App,Tateburgh,TX
ORD-0009665,CUST-000920,14-Apr-2026,Delivered,Web,Woodsfurt,FL
ORD-0009419,CUST-000485,2026-04-25,Delivered,Mobile App,Dominguezfurt,FL
ORD-0011561,CUST-001745,15-May-2026,delivered,Mobile App,Rogersshire,AZ
ORD-0008942,CUST-000781,2025-02-03,Placed,Web,South Taylor,OH
ORD-0007583,CUST-000747,2026-03-18,Placed,Web,Carolmouth,NC
ORD-0002971,CUST-001994,2026-05-25,Delivered,Marketplace,Donaldburgh,MI
ORD-0003631,CUST-002658,2025-05-14,Delivered,Web,Pierceport,NC
ORD-0002200,CUST-002305,2025-12-04,Processing,Mobile App,Lake John,WA
ORD-0002754,CUST-002629,2025-04-04,DELIVERED,Mobile App,Ellenville,IL
ORD-0005624,CUST-002730,2025-11-18,Delivered,Mobile App,New Louis,GA
ORD-0009014,CUST-002755,2024-03-13,Cancelled,Mobile App,Michaelmouth,TX
ORD-0000253,CUST-001129,2026-07-16,Processing,Web,West Hollyhaven,WA
ORD-0007375,CUST-002243,2026-04-15,Processing,In-Store,Haroldbury,NY
ORD-0008879,CUST-002130,2025-10-26,Shipped,Web,Williamsstad,CA
ORD-0005589,CUST-001672,2025-10-03,Delivered,Mobile App,Port Brandifurt,OH
ORD-0002277,CUST-001555,2025-04-22,Delivered,Web,West Carrie,GA
ORD-0011291,CUST-002784,2026-01-25,Shipped,Mobile App,Leonardstad,IL
ORD-0005632,CUST-001806,2026-05-17,Shipped,In-Store,Thompsonbury,PA
ORD-0004023,CUST-000038,2025-08-24,Shipped,Mobile App,Angelside,AZ
ORD-0008927,CUST-000933,2024-10-28,Delivered,Web,East Chris,NC
ORD-0007355,CUST-001137,2024-12-07,Delivered,Mobile App,Austinport,MI
ORD-0000562,CUST-000360,2026-06-12,Shipped,Web,Cherylville,CA
ORD-0005086,CUST-000724,2026-05-15,Placed,Web,Howardchester,MI
ORD-0007277,CUST-001247,2025-03-23,Shipped,Web,Martinezmouth,WA
ORD-0002213,CUST-002877,2024-06-11,Shipped,Mobile App,Lake Jason,NC
ORD-0001209,CUST-002238,2026-08-30,Delivered,Mobile App,West David,FL
ORD-0007672,CUST-000392,2026-06-05,Delivered,Mobile App,Port Paulburgh,PA
ORD-0002033,CUST-002400,2026-05-18,Processing,Mobile App,Franklinview,IL
ORD-0006022,CUST-000375,2026-03-21,Shipped,Marketplace,West Ericport,AZ
ORD-0004610,CUST-001341,2026-08-03,Delivered,Mobile App,,PA
ORD-0004269,CUST-002382,2026-07-19,Shipped,Mobile App,North Steven,OH
ORD-0004218,CUST-000254,2025-11-24,Shipped,Marketplace,East Paulhaven,MI
ORD-0007384,CUST-002275,2026-07-21,Shipped,Web,Kevinton,NY
ORD-0001902,CUST-001696,2026-08-15,Placed,Marketplace,Prestonport,AZ
ORD-0009734,CUST-000708,2025-08-13,Shipped,Marketplace,Mckayland,TX
ORD-0002012,CUST-001367,2026-05-22,Delivered,Web,West Robert,OH
ORD-0007980,CUST-002817,2026-08-23,Processing,Mobile App,Lake Nicoleberg,AZ
ORD-0000719,CUST-000722,2025-08-15,Shipped,In-Store,New Jacqueline,GA
ORD-0007124,CUST-001161,2025-12-18,Delivered,Web,New Michaelland,MI
ORD-0006220,CUST-002860,2025-09-07,Processing,Mobile App,East Jill,CA
ORD-0008024,CUST-001039,2026-09-03,Delivered,Mobile App,Tracyburgh,IL
ORD-0005910,CUST-001494,2026-06-19,Placed,Web,Williamsstad,PA
ORD-0004452,CUST-000652,2024-01-19,Processing,Mobile App,,PA
ORD-0000380,,2025-10-19,Shipped,Mobile App,Tinafurt,TX
ORD-0005693,CUST-002478,"July 01, 2026",Delivered,In-Store,Nicholasmouth,AZ
ORD-0002638,CUST-002373,2026-08-04,Returned,In-Store,North Kimberly,WA
ORD-0009759,CUST-001792,2024-09-10,Placed,Mobile App,South Christopher,MI
ORD-0011124,CUST-002212,2026-03-25,Delivered,In-Store,Port Stephaniefort,NY
ORD-0002978,CUST-001825,2025-05-14,Shipped,Web,West Elizabethchester,MI
ORD-0010307,CUST-000901,2024-11-27,Delivered,Marketplace,Whitefort,IL
ORD-0003518,CUST-002855,2026-05-19,Cancelled,Web,Kennedyborough,WA
ORD-0008287,CUST-001201,2026-05-31,Shipped,Mobile App,Hutchinsonfort,IL
ORD-0007133,CUST-002594,2026-06-15,Shipped,Mobile App,North Bryan,WA
ORD-0011564,CUST-001721,2024-08-10,Processing,Web,New Stacy,OH
ORD-0003864,CUST-001587,2026-07-30,Shipped,In-Store,Ruizside,MI
ORD-0010161,CUST-001736,2025-07-02,Delivered,Mobile App,Lake William,NY
ORD-0002804,CUST-000781,2025-05-11,Placed,Mobile App,Port Christopherberg,PA
ORD-0004093,CUST-001927,2024-11-05,Delivered,Web,Howardshire,GA
ORD-0007854,CUST-001917,2026-06-11,Processing,Marketplace,East Tylerbury,MI
ORD-0010885,CUST-001720,2025-03-20,PLACED,Marketplace,,FL
ORD-0009351,CUST-000386,2026-06-05,Delivered,Mobile App,North Jeremiahmouth,CA
ORD-0006625,CUST-002622,2025-08-02,Delivered,In-Store,Greenfort,GA
ORD-0009284,CUST-000908,2025-04-25,Placed,Web,Trujilloside,NY
ORD-0011738,CUST-002928,2026-01-19,Shipped,Web,West Omar,NC
ORD-0009446,CUST-002950,2024-08-30,Delivered,Mobile App,South Morgan,TX
ORD-0007217,CUST-001045,2026-06-08,Shipped,Web,Jenniferstad,MI
ORD-0006452,CUST-001762,2026-03-11,Processing,Mobile App,North Donna,IL
ORD-0002732,CUST-002526,2026-09-05,Processing,In-Store,South Barbaraside,PA
ORD-0004118,CUST-000597,2024-11-17,Delivered,Web,Lake Daniel,CA
ORD-0008631,CUST-000413,2025-10-10,Placed,Mobile App,North Johnport,GA
ORD-0011227,CUST-001947,2026-03-07,Placed,Marketplace,Hartland,GA
ORD-0005084,CUST-002254,2024-12-08,Processing,Web,Port Stephen,GA
ORD-0004342,CUST-000514,2026-02-25,Cancelled,Marketplace,Perezmouth,MI
ORD-0005655,CUST-002270,2026-06-03,Shipped,Mobile App,South Sheilaland,CA
ORD-0006599,CUST-000093,2026-08-28,Cancelled,Mobile App,North Geoffrey,NY
ORD-0005089,CUST-002639,2026-07-15,Delivered,Marketplace,Leeport,TX
ORD-0003838,CUST-001491,2025-09-15,Placed,Mobile App,Stephanietown,IL
ORD-0005580,CUST-001601,2025-05-04,delivered,Web,Lake Shellychester,FL
ORD-0007116,CUST-000112,2026-07-03,Delivered,Mobile App,,GA
ORD-0006001,CUST-001471,2026-07-06,Cancelled,Mobile App,Rodriguezmouth,TX
ORD-0005710,CUST-000168,2024-11-01,Shipped,Mobile App,Lake Ryanton,MI
ORD-0007499,CUST-002859,2026-08-31,Delivered,Web,Jonesville,CA
ORD-0002221,CUST-000306,2025-10-27,Delivered,Mobile App,South Jamesberg,IL
ORD-0008448,CUST-000499,2025-10-08,PROCESSING,Mobile App,Hallstad,CA
ORD-0004549,CUST-001280,2025-06-07,Delivered,Mobile App,Barryberg,WA
ORD-0009142,CUST-000519,2026-06-21,Shipped,Mobile App,Josephview,IL
ORD-0010099,CUST-001403,2025-01-25,Cancelled,Web,Dillonchester,TX
ORD-0010148,CUST-002711,2026-03-06,Delivered,Web,West Ricky,NY
ORD-0004249,CUST-000357,2025-07-25,Delivered,Mobile App,New Jermaineside,CA
ORD-0006096,CUST-000647,2025-08-05,Delivered,Web,Shannonchester,NY
ORD-0002130,CUST-000652,2026-02-08,Delivered,Mobile App,,NC
ORD-0007267,CUST-001759,2025-07-23,Delivered,Mobile App,Stephaniestad,PA
ORD-0000186,CUST-000138,2026-04-03,Placed,Web,,MI
ORD-0005009,CUST-000479,2024-11-15,Processing,Web,New Nicole,FL
ORD-0006825,CUST-002166,2024-04-03,Delivered,Web,East Michelle,IL
ORD-0001541,CUST-000195,2024-06-16,Shipped,Marketplace,Carterland,NC
ORD-0004178,CUST-000065,2026-08-22,Shipped,In-Store,East Christopher,NY
ORD-0004560,CUST-001604,2024-09-29,Delivered,Web,Joshuaborough,AZ
ORD-0004914,CUST-001767,2024-01-05,Delivered,Mobile App,Alvaradoton,PA
ORD-0002170,CUST-001670,2025-10-06,Cancelled,Web,Rhondaview,IL
ORD-0008904,CUST-002755,2024-07-08,Processing,Mobile App,Rileybury,OH
ORD-0007198,CUST-002672,2026-04-20,Shipped,Marketplace,Lake Vincent,NC
