payment_id,order_id,payment_method,amount,payment_date,payment_status
PAY-0001655,ORD-0001655,Gift Card,3343.62,2024-03-11,Completed
PAY-0005603,ORD-0005603,PayPal,2935.86,2025-06-14,Pending
PAY-0007396,ORD-0007396,Debit Card,3362.68,2026-07-16,Completed
PAY-0003131,ORD-0003131,Debit Card,653.23,2026-08-16,Completed
PAY-0005504,ORD-0005504,PayPal,569.66,2026-04-18,Completed
PAY-0010053,ORD-0010053,Credit Card,2454.99,2026-01-24,Completed
PAY-0007397,ORD-0007397,PayPal,1996.52,2026-02-18,Completed
PAY-0000597,ORD-0000597,Credit Card,2071.07,2026-08-03,Completed
PAY-0004896,ORD-0004896,Credit Card,1482.26,2026-08-02,Failed
PAY-0001683,ORD-0001683,Credit Card,2120.04,2026-04-23,Completed
PAY-0010348,ORD-0010348,,$523.47,06-Aug-2026,Completed
PAY-0007500,ORD-0917814,PayPal,$2602.85,2026-08-23,Completed
PAY-0003614,ORD-0003614,Credit Card,1749.28,2025-09-11,Completed
PAY-0008428,ORD-0008428,Bank Transfer,505.28,2026-07-09,Completed
PAY-0010865,ORD-0010865,Debit Card,$1715.07,2026-06-23,Completed
PAY-0010383,ORD-0010383,PayPal,212.74,2026-08-21,Completed
PAY-0002005,ORD-0002005,Debit Card,3442.55,2025-07-17,Completed
PAY-0009879,ORD-0009879,Credit Card,850.74,2025-10-14,Completed
PAY-0002383,ORD-0002383,Gift Card,1444.61,2025-03-07,Failed
PAY-0007521,ORD-0007521,PayPal,1281.4,2025-08-02,Completed
PAY-0007305,ORD-0007305,Credit Card,103.29,2026-07-17,Completed
PAY-0009651,ORD-0009651,Credit Card,480.82,2026-08-29,Completed
PAY-0008516,ORD-0008516,Credit Card,6407.92,2026-07-09,Completed
PAY-0003071,ORD-0003071,PayPal,631.44,2025-01-27,Completed
PAY-0005896,ORD-0005896,Debit Card,1166.54,2024-08-03,Completed
PAY-0002480,ORD-0002480,Credit Card,1244.29,2026-07-01,Completed
PAY-0007413,ORD-0007413,Credit Card,-2951.72,2026-06-18,Pending
PAY-0009668,ORD-0009668,PayPal,3793.58,2024-08-31,Failed
PAY-0003901,ORD-0003901,Gift Card,4505.91,2026-02-07,Refunded
PAY-0003469,ORD-0003469,PayPal,1507.34,2026-08-24,Completed
PAY-0004337,ORD-0004337,Credit Card,3092.01,2025-09-28,Completed
PAY-0007029,ORD-0007029,Credit Card,1759.05,2026-07-28,Completed
PAY-0005760,ORD-0005760,Debit Card,529.68,2026-02-01,Completed
PAY-0010877,ORD-0010877,Debit Card,66.5,2026-02-13,Failed
PAY-0000165,ORD-0000165,Gift Card,579.46,2025-08-08,Completed
PAY-0001236,ORD-0001236,Credit Card,133.03,2024-05-10,Completed
PAY-0000053,ORD-0000053,PayPal,1175.69,2025-01-06,Completed
PAY-0000574,ORD-0000574,Credit Card,3366.99,2026-06-09,Completed
PAY-0005723,ORD-0005723,PayPal,1609.42,2026-09-07,Completed
PAY-0002959,ORD-0002959,PayPal,221.1,2026-07-19,Failed
PAY-0005893,ORD-0005893,Gift Card,356.98,2026-04-25,Completed
PAY-0009237,ORD-0009237,Credit Card,54.54,2025-10-18,Failed
PAY-0008987,ORD-0008987,Bank Transfer,1261.08abc,2025-07-26,Pending
PAY-0005697,ORD-0005697,Gift Card,1344.12,2025-06-07,Completed
PAY-0000453,ORD-0000453,Gift Card,484.4,2026-08-16,Completed
PAY-0007050,ORD-0007050,Credit Card,2401.7,2026-02-08,Completed
PAY-0004020,ORD-0004020,Debit Card,125.21,2026-09-03,Failed
PAY-0008075,ORD-0008075,Credit Card,1613.43,2026-03-01,Completed
PAY-0011499,ORD-0011499,Credit Card,2528.57,2026-08-31,Refunded
PAY-0001972,ORD-0001972,Debit Card,5120.36,2026-05-25,Completed
PAY-0009391,ORD-0009391,Debit Card,6636.94,2025-02-03,Completed
PAY-0002889,ORD-0002889,PayPal,1458.64,2026-02-12,Completed
PAY-0005265,ORD-0005265,Debit Card,257.06,2025-10-20,Completed
PAY-0005581,ORD-0005581,Credit Card,1026.19,29-Oct-2024,Completed
PAY-0008261,ORD-0008261,Debit Card,18.13,2025-12-12,Completed
PAY-0000061,ORD-0000061,Debit Card,480.8,2024-02-07,Completed
PAY-0004898,ORD-0004898,Credit Card,2919.01,28-Jul-2026,Completed
PAY-0001900,ORD-0001900,PayPal,2328.12,2026-04-01,Completed
PAY-0001225,ORD-0001225,,5780.46,19-Jun-2025,Completed
PAY-0003126,ORD-0003126,Credit Card,691.4,2024-12-28,Completed
PAY-0011013,ORD-0011013,Debit Card,119.29,2025-06-30,Refunded
PAY-0009534,ORD-0907590,PayPal,2259.43,2025-12-13,Completed
PAY-0000845,ORD-0000845,PayPal,2470.03,2025-07-08,Completed
PAY-0011853,ORD-0011853,Gift Card,1152.25,2026-02-24,Failed
PAY-0005657,ORD-0005657,Credit Card,3306.32,2025-05-15,Completed
PAY-0011395,ORD-0011395,Debit Card,1431.66,2024-12-06,Completed
PAY-0004375,ORD-0004375,Gift Card,2363.31,2026-08-06,Completed
PAY-0008081,ORD-0008081,Credit Card,253.87,06-Sep-2026,Failed
PAY-0007566,ORD-0007566,Credit Card,2112.16abc,2025-02-16,Completed
PAY-0006732,ORD-0006732,Bank Transfer,2309.48,2025-08-06,Completed
PAY-0004000,ORD-0004000,PayPal,2359.7,2026-07-06,Completed
PAY-0007230,ORD-0967394,PayPal,838.03,2026-05-04,Completed
PAY-0008556,ORD-0008556,PayPal,2756.56,2025-11-15,Completed
PAY-0007692,ORD-0007692,Credit Card,--,2026-01-12,Completed
PAY-0001682,ORD-0001682,Credit Card,348.37,2025-06-05,Failed
PAY-0005892,ORD-0005892,Debit Card,1138.88,12-Mar-2026,Refunded
PAY-0000045,ORD-0932322,Debit Card,1979.15,2026-03-17,Completed
PAY-0006517,ORD-0006517,Credit Card,1000.76,2026-05-08,Pending
PAY-0011113,ORD-0011113,PayPal,19234.57,08-Dec-2024,Completed
PAY-0008185,ORD-0008185,Credit Card,3975.79,2024-10-26,Completed
PAY-0011396,ORD-0011396,Credit Card,489.4,2025-07-11,Refunded
PAY-0002823,ORD-0002823,Credit Card,4073.87,2026-09-07,Refunded
PAY-0010682,ORD-0010682,Credit Card,864.86,03/06/2026,Failed
PAY-0001518,ORD-0001518,Debit Card,650.24,2025-02-17,Refunded
PAY-0007062,ORD-0007062,PayPal,1610.16,2026-06-23,Completed
PAY-0002392,ORD-0002392,PayPal,2387.08,2025-12-28,Completed
PAY-0000569,ORD-0000569,PayPal,233.23,2025-04-06,Completed
PAY-0006776,ORD-0006776,PayPal,843.22,2023-11-19,Failed
PAY-0011650,ORD-0011650,PayPal,$286.72,2025-08-26,Completed
PAY-0006489,ORD-0006489,Credit Card,728.16,24-Jul-2026,Completed
PAY-0005512,ORD-0005512,,3380.55,2026-09-03,Completed
PAY-0001191,ORD-0001191,Debit Card,496.89,05/15/2026,Pending
PAY-0007117,ORD-0007117,PayPal,1984.54,2026-08-09,Refunded
PAY-0007433,ORD-0007433,PayPal,1605.65,2026-03-19,Completed
PAY-0003566,ORD-0003566,Gift Card,1919.91,2025-07-23,Failed
PAY-0010733,ORD-0010733,Debit Card,1929.2,2026-05-23,Failed
PAY-0005656,ORD-0005656,Gift Card,1428.85,2024-01-31,Refunded
PAY-0003980,ORD-0003980,Bank Transfer,2277.18,2025-10-17,Completed
PAY-0002628,ORD-0002628,Gift Card,1997.88,2026-03-21,Completed
PAY-0010558,ORD-0010558,Debit Card,83.67,2026-08-06,Completed
PAY-0005537,ORD-0005537,Credit Card,2840.47,2026-06-13,Refunded
PAY-0001854,ORD-0001854,Debit Card,1317.98,2026-02-17,Completed
PAY-0010802,ORD-0010802,Credit Card,1688.91,2026-07-22,Completed
PAY-0010845,ORD-0010845,Debit Card,402.27,2026-02-14,Refunded
PAY-0005154,ORD-0005154,PayPal,1096.28,2025-06-19,Failed
PAY-0006302,ORD-0006302,Credit Card,662.08,2026-06-04,Pending
PAY-0003913,ORD-0003913,Credit Card,5699.74,2025-06-11,Failed
PAY-0009043,ORD-0009043,Debit Card,330.27,2026-02-07,Completed
PAY-0004335,ORD-0004335,Credit Card,1430.66,2026-06-12,Failed
PAY-0009728,ORD-0009728,Gift Card,539.96,2025-04-02,Completed
PAY-0001930,ORD-0001930,Credit Card,4142.95,2024-12-28,Pending
PAY-0009209,ORD-0009209,Credit Card,724.08,2026-03-16,Completed
PAY-0001075,ORD-0001075,Debit Card,2479.44,2026-08-20,Completed
PAY-0001813,ORD-0001813,Debit Card,3017.18,2025-03-08,Completed
PAY-0003044,ORD-0003044,PayPal,1112.72,2025-05-22,Completed
PAY-0011840,ORD-0011840,PayPal,1322.51,2024-09-13,Completed
PAY-0000351,ORD-0000351,Debit Card,1645.73,2026-07-14,Completed
PAY-0007267,ORD-0007267,,7511.96,2025-07-25,Completed
PAY-0005932,ORD-0005932,Debit Card,1877.12,2024-04-18,Completed
PAY-0009729,ORD-0009729,Debit Card,205.83,2025-09-12,Completed
PAY-0005980,ORD-0005980,PayPal,3092.39,2026-03-11,Completed
PAY-0006187,ORD-0006187,Bank Transfer,1262.49,2026-09-08,Refunded
PAY-0010547,ORD-0010547,Debit Card,552.1,2024-08-10,Failed
PAY-0006194,ORD-0006194,Gift Card,393.65,2026-08-07,Completed
PAY-0008802,ORD-0008802,PayPal,319.86,2025-05-28,Completed
PAY-0004201,ORD-0004201,Credit Card,1398.84,2026-08-14,Completed
PAY-0008026,ORD-0008026,Credit Card,1260.11,2026-02-24,Completed
PAY-0010675,ORD-0010675,PayPal,729.46,2026-05-18,Completed
PAY-0009206,ORD-0009206,PayPal,1292.98abc,2025-04-04,Completed
PAY-0002164,ORD-0002164,PayPal,2241.87,2026-09-03,Completed
PAY-0005649,ORD-0005649,Gift Card,472.14,2026-02-16,Completed
PAY-0009552,ORD-0009552,Credit Card,2715.51,2026-06-11,Failed
PAY-0007072,ORD-0007072,Debit Card,2687.78,2026-07-10,Pending
PAY-0006236,ORD-0006236,Gift Card,480.3,2024-06-16,Completed
PAY-0007575,ORD-0007575,Credit Card,1209.33,2026-06-13,Failed
PAY-0010561,ORD-0010561,Debit Card,423.95,2025-08-20,Failed
PAY-0009283,ORD-0009283,,1022.35,2025-07-23,Completed
PAY-0000066,ORD-0000066,PayPal,2181.04,2026-06-15,Completed
PAY-0001051,ORD-0001051,Credit Card,1912.43,2026-02-07,Completed
PAY-0008883,ORD-0945860,Credit Card,272.67,2025-02-28,Completed
PAY-0009071,ORD-0009071,Credit Card,1507.96,2026-05-27,Completed
PAY-0000968,ORD-0000968,Credit Card,1842.21,2025-06-04,Failed
PAY-0005184,ORD-0005184,Bank Transfer,4428.87,2025-01-25,Completed
PAY-0000827,ORD-0000827,Credit Card,3567.94,2026-08-03,Completed
PAY-0006137,ORD-0006137,Debit Card,539.77,2026-08-21,Completed
PAY-0008450,ORD-0008450,Credit Card,3610.65,2026-05-24,Completed
PAY-0004589,ORD-0004589,Credit Card,186.92,2026-05-06,Completed
PAY-0007240,ORD-0007240,PayPal,1923.2,2026-05-07,Completed
PAY-0005176,ORD-0005176,Credit Card,7236.05,2026-04-21,Completed
PAY-0007628,ORD-0007628,Credit Card,805.98,2026-01-05,Completed
PAY-0007314,ORD-0007314,Debit Card,985.84,2025-04-26,Refunded
PAY-0009979,ORD-0009979,Gift Card,1578.11,2026-05-12,Completed
PAY-0003355,ORD-0003355,Credit Card,366.63,2025-01-27,Pending
PAY-0002572,ORD-0002572,Credit Card,2566.78,2026-06-06,Completed
PAY-0001295,ORD-0001295,Gift Card,713.95,2026-08-10,Completed
PAY-0009082,ORD-0009082,Credit Card,1772.16,29-Mar-2026,Completed
PAY-0008174,ORD-0008174,Credit Card,2112.18,2026-08-09,Completed
PAY-0006586,ORD-0006586,Credit Card,2467.24,2025-07-01,Completed
PAY-0005674,ORD-0005674,Debit Card,4030.22,2025-02-23,Completed
PAY-0007496,ORD-0007496,Credit Card,898.02,2025-06-21,Completed
PAY-0005254,ORD-0005254,,209.12abc,2025-12-13,Completed
PAY-0004727,ORD-0004727,Credit Card,3018.1,2026-06-08,Failed
PAY-0010885,ORD-0010885,Debit Card,500.47,2025-03-20,Completed
PAY-0006684,ORD-0006684,Credit Card,689.49,2024-10-30,Completed
PAY-0000638,ORD-0000638,PayPal,921.65,2025-02-27,Completed
PAY-0007362,ORD-0007362,Debit Card,1452.47,2026-02-13,Completed
PAY-0002508,ORD-0002508,PayPal,219.44,2026-08-26,Completed
PAY-0007685,ORD-0007685,Debit Card,1297.13,2026-05-03,Failed
PAY-0005924,ORD-0005924,Credit Card,1753.11,2026-02-14,Completed
PAY-0010584,ORD-0010584,PayPal,1875.24,2025-03-21,Completed
PAY-0004689,ORD-0004689,Credit Card,129.96,2026-05-15,Completed
PAY-0008408,ORD-0008408,Gift Card,2003.84,2025-12-31,Completed
PAY-0006507,ORD-0006507,PayPal,981.38,2026-01-19,Completed
PAY-0000657,ORD-0000657,Credit Card,881.81,2026-06-08,Completed
PAY-0006899,ORD-0006899,Debit Card,1039.54,2025-08-13,Completed
PAY-0002206,ORD-0002206,Credit Card,731.74,2023-11-19,Completed
PAY-0007608,ORD-0007608,Debit Card,1871.46,2026-08-09,Completed
PAY-0011541,ORD-0011541,Credit Card,909.63,2025-07-15,Completed
PAY-0010719,ORD-0010719,,2909.4,2025-11-07,Completed
PAY-0005866,ORD-0005866,Credit Card,2742.2,2026-09-01,Completed
PAY-0005094,ORD-0005094,Gift Card,3168.94,2025-12-14,Failed
PAY-0001599,ORD-0001599,Credit Card,1127.62,2025-08-12,Failed
PAY-0000761,ORD-0000761,Debit Card,350.16,2025-12-14,Completed
PAY-0009998,ORD-0009998,Credit Card,2351.88,2024-02-04,Completed
PAY-0006979,ORD-0006979,Credit Card,2686.54,2026-06-12,Completed
PAY-0001661,ORD-0001661,,540.19,2026-08-22,Completed
PAY-0010224,ORD-0010224,Gift Card,112.66,2024-06-02,Refunded
PAY-0010179,ORD-0010179,PayPal,933.48,2025-08-02,Completed
PAY-0004554,ORD-0004554,Credit Card,302.83,2026-06-09,Completed
PAY-0010142,ORD-0010142,PayPal,1644.83,2026-08-18,Refunded
PAY-0008728,ORD-0008728,Credit Card,3709.68,2025-01-06,Completed
PAY-0002318,ORD-0002318,Debit Card,$1806.08,2024-08-01,Failed
PAY-0009378,ORD-0009378,PayPal,1740.95,2026-06-25,Completed
PAY-0006693,ORD-0006693,Credit Card,2555.85,2025-09-24,Completed
PAY-0006447,ORD-0006447,PayPal,--,2026-05-27,Completed
PAY-0006812,ORD-0006812,Gift Card,N/A,2026-01-19,Completed
PAY-0007974,ORD-0007974,Credit Card,1115.72,2024-02-25,Completed
PAY-0008382,ORD-0008382,Credit Card,3795.61,2026-07-09,Completed
PAY-0011123,ORD-0011123,PayPal,735.32,2026-05-05,Refunded
PAY-0008128,ORD-0008128,Debit Card,1573.27,2025-10-29,Completed
PAY-0003841,ORD-0003841,,544.99,2023-10-18,Completed
PAY-0005305,ORD-0005305,PayPal,2072.43,2026-02-23,Refunded
PAY-0005975,ORD-0005975,Credit Card,2512.46,2026-08-09,Failed
PAY-0007410,ORD-0007410,Debit Card,1333.43,2024-03-13,Refunded
PAY-0000251,ORD-0000251,,2976.8,2026-04-26,Completed
PAY-0002445,ORD-0002445,Debit Card,6596.56,2026-01-19,Refunded
PAY-0005313,ORD-0005313,Credit Card,969.56,2026-01-10,Completed
PAY-0002864,ORD-0002864,Credit Card,2662.42,2026-03-23,Refunded
PAY-0002633,ORD-0002633,Credit Card,1272.53,2026-07-08,Completed
PAY-0011487,ORD-0011487,Credit Card,1516.43,2026-07-18,Failed
PAY-0006838,ORD-0006838,Credit Card,3326.94,2026-08-19,Completed
PAY-0011839,ORD-0011839,Credit Card,711.25,2025-08-24,Completed
PAY-0007442,ORD-0007442,Credit Card,?,2026-03-01,Pending
PAY-0008531,ORD-0008531,Gift Card,642.72,2025-07-24,Completed
PAY-0007046,ORD-0007046,PayPal,677.35,2026-05-21,Completed
PAY-0008548,ORD-0008548,Credit Card,2419.63,2025-08-16,Completed
PAY-0009913,ORD-0009913,PayPal,53.69,2025-10-13,Failed
PAY-0000907,ORD-0000907,PayPal,4535.92,2026-09-02,Failed
PAY-0008137,ORD-0008137,Debit Card,548.74,"June 14, 2026",Completed
PAY-0006703,ORD-0006703,Credit Card,5936.76,2026-03-18,Pending
PAY-0008362,ORD-0008362,Credit Card,1815.75,2025-03-30,Failed
PAY-0005814,ORD-0005814,Bank Transfer,1288.86,2026-06-22,Completed
PAY-0011504,ORD-0011504,Bank Transfer,843.58,2024-11-02,Failed
PAY-0009926,ORD-0009926,Credit Card,2306.76,2025-06-27,Refunded
PAY-0001179,ORD-0001179,Credit Card,2026.69,2026-02-02,Pending
PAY-0000987,ORD-0000987,,2055.86,2024-12-28,Pending
PAY-0003442,ORD-0003442,Credit Card,544.1,2026-06-19,Refunded
PAY-0009426,ORD-0009426,PayPal,671.48,2025-09-23,Completed
PAY-0009748,ORD-0009748,Gift Card,242.05,2025-08-29,Refunded
PAY-0010018,ORD-0960055,Credit Card,768.42,2026-07-17,Completed
PAY-0010514,ORD-0010514,Gift Card,1085.13,2025-11-13,Completed
PAY-0005624,ORD-0005624,Credit Card,2808.0,2025-11-21,Completed
PAY-0006624,ORD-0006624,Gift Card,451.88,2026-09-01,Completed
PAY-0002107,ORD-0002107,Credit Card,3257.83,2026-08-22,Completed
PAY-0003268,ORD-0003268,PayPal,4565.87,2026-06-14,Completed
PAY-0009557,ORD-0009557,Credit Card,474.32,2025-07-27,Completed
PAY-0001878,ORD-0001878,Debit Card,410.58,2026-01-05,Completed
PAY-0008468,ORD-0008468,Credit Card,1252.74,2025-02-09,Completed
PAY-0002696,ORD-0002696,Debit Card,431.05,2026-03-27,Failed
PAY-0008444,ORD-0008444,Debit Card,2329.99,2023-12-27,Refunded
PAY-0010741,ORD-0010741,PayPal,1143.15,2025-03-05,Completed
PAY-0005116,ORD-0005116,Credit Card,1773.99,2026-01-20,Refunded
PAY-0007030,ORD-0007030,Credit Card,1841.05,2025-06-17,Completed
PAY-0001760,ORD-0001760,Credit Card,null,2026-08-22,Refunded
PAY-0010722,ORD-0010722,PayPal,4608.8,2026-08-08,Failed
PAY-0010781,ORD-0010781,Gift Card,602.08,07/22/2026,Refunded
PAY-0011686,ORD-0011686,Credit Card,852.36,2026-06-01,Completed
PAY-0008000,ORD-0008000,Credit Card,1170.76,2025-04-10,Completed
PAY-0001044,ORD-0001044,Credit Card,1650.55,2025-10-29,Completed
PAY-0010712,ORD-0010712,Gift Card,1008.21,2025-10-20,Failed
PAY-0007256,ORD-0007256,Credit Card,639.84,2025-06-28,Completed
PAY-0006165,ORD-0006165,Credit Card,3317.88,2026-07-09,Failed
PAY-0010259,ORD-0010259,Debit Card,3320.88,2026-08-22,Refunded
PAY-0004053,ORD-0004053,Debit Card,3694.47,2026-07-24,Completed
PAY-0007126,ORD-0007126,Debit Card,2587.2,2026-09-04,Failed
PAY-0006943,ORD-0006943,PayPal,1401.94,2025-08-21,Completed
PAY-0000358,ORD-0000358,Bank Transfer,2836.55,2024-02-16,Refunded
PAY-0010160,ORD-0010160,Debit Card,?,2026-04-27,Completed
PAY-0003631,ORD-0003631,Gift Card,4732.96,2025-05-15,Completed
PAY-0004167,ORD-0004167,Credit Card,1931.44,2026-02-04,Refunded
PAY-0000673,ORD-0000673,Debit Card,3099.94,2025-06-08,Refunded
PAY-0007920,ORD-0007920,Credit Card,2453.46,2026-04-12,Completed
PAY-0007909,ORD-0007909,Credit Card,504.45,2026-07-06,Completed
PAY-0008270,ORD-0008270,PayPal,5705.79,2024-12-20,Completed
PAY-0005997,ORD-0005997,Credit Card,1362.96,2026-07-05,Failed
PAY-0002038,ORD-0002038,PayPal,256.23,2025-08-01,Completed
PAY-0011705,ORD-0011705,Credit Card,431.77,2026-09-04,Completed
PAY-0000596,ORD-0000596,Credit Card,378.46,2025-11-17,Completed
PAY-0010129,ORD-0010129,Debit Card,2232.17,2026-05-25,Completed
PAY-0004287,ORD-0004287,Bank Transfer,771.1,2026-07-05,Refunded
PAY-0003170,ORD-0003170,Debit Card,1321.34,2026-06-27,Completed
PAY-0008629,ORD-0922747,Debit Card,16.52,2026-07-22,Completed
PAY-0004540,ORD-0004540,Credit Card,82953.33,2025-02-02,Completed
PAY-0008159,ORD-0008159,Credit Card,-3145.91,2026-06-19,Completed
PAY-0007754,ORD-0007754,Credit Card,4069.74,2025-05-25,Completed
PAY-0009441,ORD-0009441,Debit Card,2200.05,2026-08-31,Completed
PAY-0009906,ORD-0009906,Debit Card,355.3,2026-08-15,Completed
PAY-0000027,ORD-0000027,PayPal,1776.55,2026-03-30,Completed
PAY-0009027,ORD-0009027,Debit Card,1269.24,2024-09-02,Pending
PAY-0011225,ORD-0011225,PayPal,1006.02,2026-03-13,Pending
PAY-0009869,ORD-0009869,Gift Card,5230.68,2025-09-16,Failed
PAY-0000609,ORD-0000609,Debit Card,384.51,2025-12-20,Pending
PAY-0003540,ORD-0003540,Gift Card,255.14,2026-08-29,Pending
PAY-0010790,ORD-0010790,PayPal,1790.78,2025-05-02,Pending
PAY-0009732,ORD-0009732,Credit Card,664.56,2025-12-20,Completed
PAY-0003616,ORD-0003616,Credit Card,451.38,2024-04-05,Completed
PAY-0009195,ORD-0009195,PayPal,298.74,2025-04-27,Failed
PAY-0006596,ORD-0006596,Debit Card,715.58,2026-08-15,Completed
PAY-0004963,ORD-0004963,Gift Card,777.8,2026-01-19,Completed
PAY-0009221,ORD-0009221,Credit Card,3553.35,2025-09-21,Failed
PAY-0008499,ORD-0008499,Credit Card,111.93,2025-09-25,Completed
PAY-0006023,ORD-0006023,Credit Card,728.91,2026-03-22,Completed
PAY-0005271,ORD-0005271,PayPal,3421.12,2026-06-13,Refunded
PAY-0009536,ORD-0009536,Gift Card,752.49,02-Apr-2026,Completed
PAY-0003172,ORD-0003172,Debit Card,1527.7,2026-02-08,Completed
PAY-0002663,ORD-0002663,PayPal,197.86,2026-06-24,Completed
PAY-0010277,ORD-0010277,PayPal,3098.38,2025-11-01,Failed
PAY-0003519,ORD-0003519,Debit Card,732.19,2026-05-17,Pending
PAY-0002287,ORD-0002287,Credit Card,4362.04,2025-09-20,Completed
PAY-0006184,ORD-0006184,PayPal,1866.21,2025-02-06,Completed
PAY-0006031,ORD-0006031,PayPal,2819.12,2026-06-20,Refunded
PAY-0002965,ORD-0002965,Credit Card,2235.21,2025-05-01,Completed
PAY-0011852,ORD-0011852,PayPal,2713.04,2025-11-17,Pending
PAY-0009049,ORD-0009049,Debit Card,1697.06,2026-05-09,Completed
PAY-0001985,ORD-0001985,Credit Card,574.46,2025-11-01,Completed
PAY-0002337,ORD-0002337,Credit Card,2638.03,2025-10-24,Completed
PAY-0002109,ORD-0002109,PayPal,569.32,2026-05-31,Completed
PAY-0009677,ORD-0009677,Gift Card,761.4,2024-08-31,Completed
PAY-0009739,ORD-0009739,Credit Card,1658.69,2026-05-11,Completed
PAY-0009312,ORD-0009312,Credit Card,2146.37,2026-08-24,Completed
PAY-0003437,ORD-0003437,Debit Card,2972.25,2025-12-28,Completed
PAY-0010890,ORD-0010890,Credit Card,5953.98,30-Jun-2025,Completed
PAY-0007485,ORD-0007485,Debit Card,697.52,10/09/2025,Failed
PAY-0003775,ORD-0003775,Credit Card,3013.76,2024-09-09,Completed
PAY-0000270,ORD-0000270,Credit Card,-1222.96,2026-03-03,Completed
PAY-0004852,ORD-0004852,Gift Card,3054.45,"August 18, 2026",Failed
PAY-0011835,ORD-0011835,Credit Card,424.86,27-Mar-2026,Completed
PAY-0006569,ORD-0006569,Gift Card,6919.81,2025-07-21,Completed
PAY-0009294,ORD-0009294,Credit Card,3121.95,2026-06-26,Completed
PAY-0000776,ORD-0000776,PayPal,2425.54,2026-08-29,Completed
PAY-0000486,ORD-0000486,Credit Card,2432.37,2025-04-17,Completed
PAY-0010011,ORD-0010011,,763.84,2026-06-29,Refunded
PAY-0004652,ORD-0004652,Bank Transfer,4317.99,2025-11-19,Pending
PAY-0004719,ORD-0004719,Credit Card,2963.95,2025-11-18,Refunded
PAY-0009904,ORD-0009904,Credit Card,-4427.6,2025-08-11,Pending
PAY-0006468,ORD-0006468,Credit Card,2359.3,2024-07-01,Refunded
PAY-0009410,ORD-0009410,Credit Card,1928.46,2026-05-01,Pending
PAY-0006980,ORD-0006980,Debit Card,1278.49,2025-09-24,Completed
PAY-0004843,ORD-0004843,Credit Card,1179.68,2024-03-28,Refunded
PAY-0004274,ORD-0004274,Credit Card,361.05,2024-11-03,Failed
PAY-0008587,ORD-0990848,Gift Card,361.56,2026-07-10,Refunded
PAY-0006482,ORD-0006482,Credit Card,1102.28,2026-07-25,Failed
PAY-0008377,ORD-0008377,Debit Card,3970.52,2026-02-17,Pending
PAY-0005808,ORD-0005808,Debit Card,1685.48,2024-02-28,Completed
PAY-0004957,ORD-0004957,Credit Card,4844.08,2026-08-03,Completed
PAY-0001719,ORD-0001719,Debit Card,2247.79,2025-05-26,Completed
PAY-0009516,ORD-0009516,PayPal,50.07,2025-06-09,Completed
PAY-0011255,ORD-0011255,PayPal,480.58,2024-11-18,Completed
PAY-0006915,ORD-0006915,Debit Card,294.18,2026-07-29,Completed
PAY-0010644,ORD-0010644,Credit Card,2338.47,2024-04-04,Failed
PAY-0010534,ORD-0010534,Credit Card,2785.86,2026-02-09,Completed
PAY-0003941,ORD-0003941,PayPal,1113.17,2025-07-18,Completed
PAY-0002881,ORD-0002881,Credit Card,2280.96,2025-06-20,Completed
PAY-0004602,ORD-0004602,Debit Card,2426.45,2025-01-12,Completed
PAY-0005784,ORD-0005784,Credit Card,3911.84,2026-03-11,Pending
PAY-0010289,ORD-0010289,,643.89,2025-08-17,Failed
PAY-0004062,ORD-0004062,PayPal,117.65,2025-11-21,Completed
PAY-0004307,ORD-0004307,Credit Card,3968.83,2026-08-05,Pending
PAY-0001204,ORD-0001204,Credit Card,1785.63,2025-10-02,Pending
PAY-0010768,ORD-0010768,Credit Card,1054.75,2025-03-04,Completed
PAY-0006715,ORD-0006715,Debit Card,3817.33,2026-02-14,Failed
PAY-0002832,ORD-0002832,Credit Card,227.39,2025-06-20,Failed
PAY-0009072,ORD-0009072,PayPal,649.4,2025-12-27,Refunded
PAY-0008756,ORD-0008756,Credit Card,1836.53,2026-05-29,Completed
PAY-0002634,ORD-0002634,Gift Card,922.46,2026-07-26,Completed
PAY-0001525,ORD-0001525,PayPal,886.46,2025-02-25,Completed
PAY-0003568,ORD-0003568,Gift Card,3987.68,2026-08-23,Refunded
PAY-0004986,ORD-0004986,Debit Card,4486.45,2026-08-03,Completed
PAY-0007943,ORD-0007943,Credit Card,3864.67,2025-06-18,Completed
PAY-0010123,ORD-0010123,PayPal,1882.96,2026-02-20,Failed
PAY-0001455,ORD-0001455,Debit Card,1066.4,2026-08-17,Completed
PAY-0001618,ORD-0001618,PayPal,228.9,2025-02-19,Completed
PAY-0002780,ORD-0002780,Credit Card,1110.84,2026-06-28,Completed
PAY-0007154,ORD-0007154,Gift Card,2871.6,2026-07-27,Failed
PAY-0006757,ORD-0006757,Debit Card,4243.85,2026-05-18,Failed
PAY-0001280,ORD-0001280,Debit Card,593.86,2025-07-08,Completed
PAY-0010720,ORD-0010720,PayPal,1952.56,2025-07-17,Completed
PAY-0006887,ORD-0006887,Credit Card,302.16,2026-07-05,Pending
PAY-0002629,ORD-0002629,Credit Card,3082.0,2026-08-04,Completed
PAY-0006708,ORD-0006708,PayPal,12.64,2026-08-16,Failed
PAY-0010151,ORD-0010151,Debit Card,1151.96,2024-04-09,Completed
PAY-0009901,ORD-0009901,Debit Card,2228.08,2026-09-04,Completed
PAY-0009129,ORD-0009129,Gift Card,1897.34abc,2024-03-01,Completed
PAY-0008978,ORD-0008978,Debit Card,-1380.52,2026-04-02,Completed
PAY-0011462,ORD-0011462,Credit Card,476.51abc,2026-06-19,Completed
PAY-0011443,ORD-0011443,Credit Card,100.79,2025-11-26,Completed
PAY-0007655,ORD-0007655,Credit Card,2458.77,2026-07-24,Completed
PAY-0010204,ORD-0010204,PayPal,2570.76,2026-09-07,Completed
PAY-0005774,ORD-0005774,Credit Card,386.34,2026-07-28,Failed
PAY-0003511,ORD-0003511,Debit Card,1311.36,2026-09-01,Completed
PAY-0011518,ORD-0011518,Credit Card,3056.51,2024-12-31,Failed
PAY-0005362,ORD-0005362,Gift Card,2648.3,2026-02-20,Completed
PAY-0002682,ORD-0002682,PayPal,816.87,2026-07-14,Failed
PAY-0000791,ORD-0000791,PayPal,1602.57,2025-11-30,Pending
PAY-0007564,ORD-0007564,Credit Card,1981.12,2025-07-27,Completed
PAY-0005486,ORD-0005486,Credit Card,171.1,2026-08-04,Completed
PAY-0009220,ORD-0009220,PayPal,133556.54,2026-08-03,Failed
PAY-0008675,ORD-0008675,Gift Card,2739.66,2025-07-16,Completed
PAY-0009451,ORD-0009451,Credit Card,555.2,2024-06-07,Completed
PAY-0006407,ORD-0006407,Credit Card,275.17,2025-03-23,Completed
PAY-0011140,ORD-0011140,Credit Card,1549.82,19-Sep-2025,Completed
PAY-0011222,ORD-0011222,Credit Card,3668.66,2026-01-06,Failed
PAY-0008991,ORD-0008991,Debit Card,null,2026-05-31,Completed
PAY-0004043,ORD-0004043,Gift Card,598.79,2024-09-19,Completed
PAY-0009480,ORD-0009480,Credit Card,1285.98,2025-01-25,Completed
PAY-0009159,ORD-0009159,Credit Card,516.65,2024-04-28,Completed
PAY-0010052,ORD-0010052,Credit Card,220.18,2026-03-23,Completed
PAY-0002946,ORD-0002946,PayPal,2335.7,2026-09-01,Pending
PAY-0007423,ORD-0007423,Bank Transfer,929.34,2024-06-17,Completed
PAY-0002117,ORD-0002117,PayPal,-397.08,2024-08-19,Completed
PAY-0002216,ORD-0002216,Debit Card,1059.27,2025-10-07,Completed
PAY-0005706,ORD-0005706,PayPal,995.31,2026-08-21,Completed
PAY-0004256,ORD-0004256,Bank Transfer,1067.81,2025-05-04,Completed
PAY-0004310,ORD-0004310,Credit Card,3849.37,2026-06-20,Failed
PAY-0003424,ORD-0003424,Credit Card,64523.44,2026-05-22,Refunded
PAY-0010280,ORD-0010280,Gift Card,410.5,2026-02-25,Completed
PAY-0007736,ORD-0007736,PayPal,1380.18,2026-07-24,Completed
PAY-0005959,ORD-0005959,Credit Card,1061.96,2025-02-20,Completed
PAY-0003321,ORD-0003321,Gift Card,385.72,2026-08-15,Completed
PAY-0004555,ORD-0004555,Bank Transfer,2315.79,2026-08-10,Refunded
PAY-0006554,ORD-0006554,,2394.45,2026-08-12,Failed
PAY-0009099,ORD-0009099,Credit Card,293.11,2026-08-05,Completed
PAY-0002444,ORD-0002444,Gift Card,965.52,2026-09-02,Completed
PAY-0001104,ORD-0001104,Debit Card,3277.16,2026-01-29,Completed
PAY-0007569,ORD-0007569,PayPal,623.78,2024-12-14,Completed
PAY-0008426,ORD-0008426,Debit Card,976.32,2026-07-04,Completed
PAY-0004550,ORD-0004550,Credit Card,2946.6,2024-10-23,Completed
PAY-0004143,ORD-0004143,Credit Card,808.15,"July 30, 2025",Failed
PAY-0006717,ORD-0006717,Gift Card,580.09,2026-06-20,Failed
PAY-0002127,ORD-0002127,,2060.29,2026-08-20,Failed
PAY-0003290,ORD-0003290,Debit Card,2142.41,2025-12-27,Completed
PAY-0004430,ORD-0004430,Bank Transfer,84039.23,2026-07-14,Completed
PAY-0005984,ORD-0005984,Gift Card,229.77,2026-08-23,Failed
PAY-0007105,ORD-0007105,Gift Card,727.15,2025-12-04,Completed
PAY-0006583,ORD-0006583,Debit Card,2203.91,2026-07-29,Completed
PAY-0001475,ORD-0001475,,6915.66,2024-09-12,Completed
PAY-0005887,ORD-0005887,Credit Card,1846.54,2026-08-20,Completed
PAY-0010275,ORD-0010275,Credit Card,1456.54,2025-06-24,Completed
PAY-0010379,ORD-0010379,Debit Card,983.07,2025-12-17,Refunded
PAY-0009606,ORD-0009606,Debit Card,2440.66,2025-12-31,Completed
PAY-0005376,ORD-0005376,Credit Card,45.7,2025-06-20,Refunded
PAY-0008183,ORD-0008183,Bank Transfer,637.64,2026-03-10,Completed
PAY-0010766,ORD-0010766,Credit Card,1024.03,2025-09-13,Completed
PAY-0006626,ORD-0006626,Credit Card,61700.87,2023-12-16,Refunded
PAY-0003619,ORD-0003619,PayPal,1437.69,2026-06-30,Failed
PAY-0007529,ORD-0007529,Debit Card,807.81,2025-01-31,Completed
PAY-0007503,ORD-0007503,PayPal,1172.69,2025-03-12,Refunded
PAY-0003065,ORD-0003065,,3399.62,2026-05-13,Refunded
PAY-0010186,ORD-0010186,Credit Card,-1023.15,07/15/2026,Completed
PAY-0004945,ORD-0004945,,769.81,2023-11-15,Completed
PAY-0001587,ORD-0001587,PayPal,23.44,2024-10-04,Completed
PAY-0006546,ORD-0006546,Debit Card,3957.52,2025-03-23,Pending
PAY-0006408,ORD-0006408,Debit Card,1490.2,2024-12-25,Completed
PAY-0009996,ORD-0009996,Credit Card,2431.13,2025-05-20,Completed
PAY-0001120,ORD-0001120,Debit Card,1486.22,2025-06-02,Completed
PAY-0009947,ORD-0009947,Debit Card,-351.71,2025-08-30,Failed
PAY-0001368,ORD-0001368,PayPal,195.92,2025-06-10,Refunded
PAY-0007812,ORD-0007812,PayPal,2329.12,2025-05-15,Completed
PAY-0001228,ORD-0001228,Debit Card,1707.1,2026-08-14,Completed
PAY-0006793,ORD-0006793,PayPal,12.16,2025-05-04,Pending
PAY-0008874,ORD-0008874,Debit Card,1824.0,2025-04-07,Completed
PAY-0001801,ORD-0001801,PayPal,244.04,"March 21, 2026",Failed
PAY-0011943,ORD-0011943,Gift Card,194.88abc,2026-03-07,Completed
PAY-0007024,ORD-0007024,Credit Card,2916.77,2024-10-30,Completed
PAY-0001887,ORD-0001887,Bank Transfer,653.83,2024-12-13,Completed
PAY-0008286,ORD-0008286,Debit Card,3080.14,2026-03-31,Completed
PAY-0008536,ORD-0008536,Credit Card,25.49,2026-05-06,Failed
PAY-0011356,ORD-0011356,Credit Card,3334.96,2026-09-05,Completed
PAY-0008376,ORD-0008376,,3938.14,2025-08-10,Completed
PAY-0005702,ORD-0005702,Credit Card,678.86,2025-07-25,Refunded
PAY-0002106,ORD-0002106,PayPal,1046.3,24-Aug-2026,Completed
PAY-0000381,ORD-0000381,Credit Card,1440.35,2026-07-13,Completed
PAY-0002073,ORD-0002073,PayPal,227.9,2026-04-15,Completed
PAY-0002092,ORD-0002092,Credit Card,183.75,2026-08-29,Completed
PAY-0005724,ORD-0005724,Debit Card,7694.86,2024-07-21,Completed
PAY-0000077,ORD-0000077,Debit Card,2546.1,2026-06-01,Failed
PAY-0008222,ORD-0008222,Credit Card,448.57,2026-06-03,Completed
PAY-0004991,ORD-0004991,Credit Card,3073.26,2026-08-31,Completed
PAY-0007061,ORD-0007061,Credit Card,1959.98,2025-12-03,Failed
PAY-0002852,ORD-0002852,Credit Card,1137.27,2026-06-22,Completed
PAY-0003483,ORD-0003483,Gift Card,130137.5,2026-01-29,Refunded
PAY-0003395,ORD-0003395,PayPal,4596.65,2024-05-10,Completed
PAY-0007531,ORD-0007531,Credit Card,740.39,2025-08-31,Completed
PAY-0008927,ORD-0008927,PayPal,-187.14,2024-10-29,Completed
PAY-0000413,ORD-0000413,Bank Transfer,3214.46,2026-04-10,Completed
PAY-0004914,ORD-0004914,Credit Card,462.14,2024-01-06,Completed
PAY-0003515,ORD-0003515,PayPal,3171.83,2026-06-14,Failed
PAY-0008020,ORD-0008020,Debit Card,1726.29,2024-09-15,Completed
PAY-0006292,ORD-0006292,Bank Transfer,3511.09,2025-05-28,Completed
PAY-0007089,ORD-0007089,Credit Card,5260.37,2025-12-03,Failed
PAY-0010234,ORD-0010234,PayPal,238612.54,2026-02-07,Completed
PAY-0000036,ORD-0000036,PayPal,255.85,2024-10-27,Completed
PAY-0005065,ORD-0005065,Debit Card,2187.72,2026-05-03,Failed
PAY-0001752,ORD-0001752,Bank Transfer,1030.46,2026-03-07,Completed
PAY-0011614,ORD-0011614,Credit Card,1282.83,2024-12-29,Completed
PAY-0007424,ORD-0007424,Debit Card,409.14,2026-05-02,Refunded
PAY-0006917,ORD-0006917,Gift Card,--,2026-06-06,Completed
PAY-0002129,ORD-0002129,Debit Card,2837.59,2026-07-04,Refunded
PAY-0001953,ORD-0001953,Gift Card,429.6,2026-08-29,Completed
PAY-0002339,ORD-0002339,PayPal,1543.8,2025-12-31,Pending
PAY-0005357,ORD-0005357,Credit Card,27.16,2026-05-18,Refunded
PAY-0005635,ORD-0005635,Credit Card,374.96,2024-09-21,Completed
PAY-0003128,ORD-0003128,Credit Card,775.62,2025-07-07,Completed
PAY-0006804,ORD-0006804,Credit Card,3514.58,2025-11-07,Pending
PAY-0007947,ORD-0007947,PayPal,3705.7,2024-12-25,Refunded
PAY-0000321,ORD-0000321,PayPal,2909.2,2025-12-01,Refunded
PAY-0009622,ORD-0009622,PayPal,2554.15,2026-06-28,Completed
PAY-0007946,ORD-0007946,Credit Card,3456.51,2026-07-31,Completed
PAY-0007347,ORD-0007347,Credit Card,1286.69,2025-06-08,Pending
PAY-0007450,ORD-0007450,Credit Card,1585.31,2026-08-28,Completed
PAY-0006638,ORD-0006638,Credit Card,3642.76,2026-08-30,Completed
PAY-0004840,ORD-0004840,Credit Card,681.3,2025-07-29,Completed
PAY-0005092,ORD-0005092,Bank Transfer,667.62,2026-05-08,Completed
PAY-0001615,ORD-0001615,Debit Card,1803.29,2026-02-23,Completed
PAY-0003457,ORD-0003457,,326.3,2025-03-27,Completed
PAY-0007043,ORD-0007043,Credit Card,2707.85,2026-08-08,Failed
PAY-0000101,ORD-0000101,PayPal,2374.71,2026-08-20,Completed
PAY-0009684,ORD-0009684,Credit Card,471.88,2025-10-06,Refunded
PAY-0008162,ORD-0008162,Gift Card,3083.49,2024-04-09,Completed
PAY-0011236,ORD-0011236,Debit Card,3353.33,2026-08-06,Failed
PAY-0011728,ORD-0011728,Credit Card,1532.32,2026-07-02,Completed
PAY-0001298,ORD-0001298,PayPal,1342.87,2026-08-25,Pending
PAY-0008702,ORD-0008702,PayPal,126.25,07-May-2025,Completed
PAY-0005971,ORD-0005971,Debit Card,2721.69,2024-11-08,Completed
PAY-0003600,ORD-0003600,,827.2,2024-08-26,Refunded
PAY-0011480,ORD-0011480,Credit Card,3325.32,2026-06-21,Failed
PAY-0006614,ORD-0006614,Credit Card,1230.0,2024-03-19,Refunded
PAY-0000481,ORD-0000481,Credit Card,2552.06,03/02/2026,Refunded
PAY-0007958,ORD-0007958,Debit Card,3149.67,2026-01-22,Failed
PAY-0004380,ORD-0004380,Credit Card,873.65,2026-02-22,Completed
PAY-0002497,ORD-0002497,Debit Card,3550.64,2025-08-18,Failed
PAY-0005792,ORD-0005792,PayPal,1344.26,2026-04-15,Refunded
PAY-0011429,ORD-0011429,Credit Card,1321.5,2025-05-17,Completed
PAY-0009499,ORD-0009499,Credit Card,1560.69,2026-04-08,Refunded
PAY-0004746,ORD-0004746,Debit Card,2720.08,2025-10-10,Completed
PAY-0006985,ORD-0006985,PayPal,1950.57,2026-06-24,Completed
PAY-0011010,ORD-0011010,Gift Card,2615.33,2024-04-19,Completed
PAY-0011471,ORD-0011471,Credit Card,840.91,2025-11-13,Completed
PAY-0010047,ORD-0010047,PayPal,290.22,2026-08-19,Pending
PAY-0001511,ORD-0942530,Credit Card,790.56,2025-07-22,Failed
PAY-0007420,ORD-0007420,Credit Card,1735.34,2024-07-03,Failed
PAY-0002827,ORD-0002827,Debit Card,2793.1,04/10/2025,Completed
PAY-0003553,ORD-0003553,Bank Transfer,1343.38,2026-07-29,Failed
PAY-0010716,ORD-0010716,PayPal,644.03,2025-11-24,Completed
PAY-0001664,ORD-0001664,Credit Card,96314.35,2025-07-16,Failed
PAY-0002632,ORD-0002632,Debit Card,369.99,2025-06-13,Completed
PAY-0007474,ORD-0007474,Credit Card,870.74,2025-11-21,Completed
PAY-0005018,ORD-0005018,Debit Card,1394.94,2025-08-12,Completed
PAY-0000917,ORD-0000917,Credit Card,646.73,2026-05-18,Completed
PAY-0001276,ORD-0001276,Credit Card,2464.04,2026-07-21,Completed
PAY-0005626,ORD-0005626,Credit Card,1075.8,2026-07-16,Completed
PAY-0008856,ORD-0008856,Debit Card,192.57,04/09/2025,Completed
PAY-0011584,ORD-0011584,Credit Card,6592.85,2025-08-13,Failed
PAY-0005981,ORD-0005981,Debit Card,2304.3,2026-07-02,Completed
PAY-0006214,ORD-0006214,Credit Card,452.2,2025-12-26,Pending
PAY-0008807,ORD-0008807,Debit Card,421.54,2026-08-06,Completed
PAY-0011937,ORD-0011937,Credit Card,788.3,2026-08-04,Completed
PAY-0000278,ORD-0000278,Credit Card,1713.05,2025-11-13,Completed
PAY-0008504,ORD-0008504,PayPal,1924.97,2026-05-10,Completed
PAY-0005242,ORD-0005242,Bank Transfer,2534.16,2026-08-23,Completed
PAY-0006920,ORD-0006920,PayPal,11.47,2026-09-03,Completed
PAY-0001265,ORD-0001265,Credit Card,1823.41,2024-06-16,Completed
PAY-0001425,ORD-0001425,Credit Card,n/a,2026-03-29,Completed
PAY-0004758,ORD-0004758,,4695.03,2025-04-08,Failed
PAY-0002052,ORD-0002052,PayPal,1595.23,2026-05-01,Completed
PAY-0004834,ORD-0004834,Credit Card,249.21,2025-03-26,Refunded
PAY-0004017,ORD-0004017,PayPal,559.22,2026-08-23,Completed
PAY-0008005,ORD-0008005,Credit Card,5612.83,2025-12-23,Pending
PAY-0004270,ORD-0004270,PayPal,1333.55,2026-05-14,Pending
PAY-0001433,ORD-0001433,Credit Card,$1418.14,2024-12-13,Refunded
PAY-0007773,ORD-0993044,Debit Card,-2851.11,2026-08-22,Completed
PAY-0000409,ORD-0000409,Credit Card,1912.65,2024-05-04,Completed
PAY-0008246,ORD-0008246,Bank Transfer,2030.71abc,2025-12-17,Completed
PAY-0004771,ORD-0004771,Bank Transfer,1322.14,2026-02-15,Completed
PAY-0001120,ORD-0001120,Debit Card,1486.22,2025-06-02,Completed
PAY-0004418,ORD-0004418,Credit Card,39912.21,2026-08-05,Completed
PAY-0005617,ORD-0005617,Credit Card,2076.55,2026-03-28,Completed
PAY-0009393,ORD-0009393,PayPal,2718.99,2026-08-16,Pending
PAY-0001158,ORD-0001158,Credit Card,4210.54,2026-06-07,Completed
PAY-0004679,ORD-0004679,,649.78,2025-06-02,Completed
PAY-0005822,ORD-0005822,Bank Transfer,1796.83,2026-06-07,Completed
PAY-0004070,ORD-0004070,Credit Card,3022.37,2025-06-24,Pending
PAY-0005193,ORD-0005193,Credit Card,746.24,"March 30, 2024",Pending
PAY-0001763,ORD-0001763,Credit Card,783.39,2025-05-27,Completed
PAY-0009477,ORD-0009477,Credit Card,1337.43,2026-02-14,Failed
PAY-0005143,ORD-0005143,Credit Card,1319.16,2026-04-14,Completed
PAY-0007250,ORD-0007250,Credit Card,1190.26,2025-08-29,Completed
PAY-0000620,ORD-0000620,Debit Card,1098.35,2026-03-11,Completed
PAY-0003926,ORD-0003926,Gift Card,540.96,2025-02-27,Completed
PAY-0010228,ORD-0010228,Debit Card,4893.54,2026-06-17,Pending
PAY-0008151,ORD-0008151,Debit Card,483.04,2026-08-22,Refunded
PAY-0009429,ORD-0009429,Credit Card,1596.72,2026-01-20,Completed
PAY-0010012,ORD-0010012,Debit Card,464.29,12-Apr-2025,Refunded
PAY-0003287,ORD-0003287,Gift Card,1980.4,2026-01-25,Refunded
PAY-0005542,ORD-0005542,,1054.88,2026-07-13,Failed
PAY-0004247,ORD-0004247,Gift Card,2942.76,2024-11-06,Completed
PAY-0007187,ORD-0007187,Gift Card,2425.07,2026-06-15,Failed
PAY-0008897,ORD-0008897,Debit Card,1950.42,2025-06-18,Completed
PAY-0010257,ORD-0010257,PayPal,2390.35,2026-01-18,Completed
PAY-0006050,ORD-0006050,Gift Card,3354.14,2026-01-19,Completed
PAY-0008545,ORD-0008545,Credit Card,1400.0,2026-09-07,Failed
PAY-0005163,ORD-0005163,Credit Card,410.97,2026-08-10,Failed
PAY-0008478,ORD-0008478,Credit Card,606.06,2026-08-06,Completed
PAY-0004071,ORD-0004071,Credit Card,3938.37,2026-07-28,Pending
PAY-0000981,ORD-0000981,,1222.34,2025-09-25,Completed
PAY-0004954,ORD-0004954,Debit Card,1076.72,15-Dec-2025,Completed
PAY-0007780,ORD-0007780,Debit Card,2884.13,2026-07-17,Completed
PAY-0005879,ORD-0005879,Credit Card,977.4,2024-07-27,Refunded
PAY-0001585,ORD-0001585,PayPal,2755.01,2026-09-07,Refunded
PAY-0009619,ORD-0009619,Debit Card,2722.81,2026-08-19,Completed
PAY-0010106,ORD-0010106,Bank Transfer,5224.68,2026-01-21,Failed
PAY-0008437,ORD-0008437,PayPal,847.27,2026-08-29,Refunded
PAY-0007556,ORD-0007556,Gift Card,697.25,2026-06-20,Completed
PAY-0004041,ORD-0004041,Bank Transfer,4636.46,2024-12-27,Completed
PAY-0006325,ORD-0006325,Credit Card,1939.71,2026-08-20,Completed
PAY-0001523,ORD-0001523,PayPal,2996.11,2026-08-29,Completed
PAY-0001543,ORD-0001543,Credit Card,60942.23,2025-11-02,Completed
PAY-0001890,ORD-0001890,Debit Card,1557.03,2024-09-13,Completed
PAY-0006547,ORD-0006547,PayPal,655.76,2026-05-03,Failed
PAY-0007610,ORD-0007610,Credit Card,1810.7,2025-08-10,Completed
PAY-0008810,ORD-0008810,Debit Card,2932.2,2026-08-27,Completed
PAY-0009912,ORD-0009912,PayPal,461.55,2026-04-26,Failed
PAY-0009814,ORD-0009814,Gift Card,2913.47,2026-06-20,Completed
PAY-0011090,ORD-0011090,Credit Card,648.28,2026-08-29,Pending
PAY-0005435,ORD-0005435,Debit Card,814.95,2026-07-13,Completed
PAY-0010526,ORD-0010526,PayPal,462.48,2026-08-31,Completed
PAY-0010519,ORD-0010519,Debit Card,423.66,2026-03-20,Completed
PAY-0006840,ORD-0998854,Gift Card,1375.36,2026-01-14,Completed
PAY-0005508,ORD-0005508,PayPal,7827.71,2025-12-15,Completed
PAY-0001402,ORD-0001402,Gift Card,811.5,2026-04-11,Completed
PAY-0001087,ORD-0001087,Credit Card,714.69,2026-07-13,Completed
PAY-0011698,ORD-0011698,Gift Card,1238.97,2026-05-04,Pending
PAY-0005239,ORD-0005239,Gift Card,4156.35,2026-08-19,Completed
PAY-0001816,ORD-0001816,Gift Card,1184.04,2026-06-07,Completed
PAY-0010844,ORD-0010844,Debit Card,937.16,2026-04-27,Failed
PAY-0000863,ORD-0000863,PayPal,515.9,2026-04-23,Pending
PAY-0006668,ORD-0006668,,1143.84,2026-04-18,Failed
PAY-0001219,ORD-0001219,Credit Card,14631.98,2026-07-29,Refunded
PAY-0006403,ORD-0006403,Credit Card,552.18abc,2026-08-19,Completed
PAY-0002743,ORD-0002743,PayPal,1069.4,"November 24, 2025",Completed
PAY-0010931,ORD-0010931,Debit Card,1281.05,2025-04-09,Completed
PAY-0011451,ORD-0011451,Debit Card,3433.37,2026-07-21,Failed
PAY-0003538,ORD-0003538,Credit Card,3032.8,2026-07-15,Completed
PAY-0009280,ORD-0009280,Credit Card,870.66,2025-11-28,Completed
PAY-0008448,ORD-0008448,PayPal,302.56,2025-10-10,Completed
PAY-0001729,ORD-0001729,Debit Card,3906.72,2026-06-09,Completed
PAY-0002606,ORD-0002606,PayPal,1315.09,2026-02-11,Completed
PAY-0001899,ORD-0001899,PayPal,236.54,2026-04-15,Completed
PAY-0002529,ORD-0002529,Credit Card,7140.61,2025-12-30,Pending
PAY-0000240,ORD-0000240,Credit Card,1032.76,2026-05-24,Failed
PAY-0000081,ORD-0000081,Debit Card,277.27,2025-09-13,Completed
PAY-0000533,ORD-0000533,Credit Card,2906.55,12-Dec-2024,Completed
PAY-0011697,ORD-0011697,Credit Card,1100.49,2025-11-18,Completed
PAY-0002909,ORD-0002909,Credit Card,1117.26,2026-08-02,Failed
PAY-0005521,ORD-0005521,PayPal,2224.61,2026-05-19,Completed
PAY-0004791,ORD-0004791,Credit Card,2481.11,2025-05-09,Completed
PAY-0000823,ORD-0000823,Credit Card,609.15,2025-07-04,Refunded
PAY-0010171,ORD-0010171,Credit Card,1285.67,2024-12-03,Completed
PAY-0007066,ORD-0007066,Bank Transfer,992.86,2026-06-06,Completed
PAY-0005900,ORD-0005900,Credit Card,1676.77,2026-08-31,Completed
PAY-0003834,ORD-0003834,Credit Card,1988.36,2025-05-14,Pending
PAY-0006987,ORD-0006987,Debit Card,1091.94,2026-02-05,Completed
PAY-0006394,ORD-0006394,,146.61,2026-02-05,Completed
PAY-0006646,ORD-0006646,Gift Card,247.82,2024-04-29,Completed
PAY-0006577,ORD-0006577,Credit Card,829.46,2025-07-31,Refunded
PAY-0008457,ORD-0008457,Debit Card,779.8,2025-11-26,Completed
PAY-0011041,ORD-0011041,Credit Card,1607.12,2026-05-12,Completed
PAY-0007882,ORD-0007882,Credit Card,2818.86,2026-08-15,Refunded
PAY-0006841,ORD-0006841,PayPal,2916.32,2026-02-23,Completed
PAY-0011874,ORD-0011874,Debit Card,3850.93,2026-06-18,Completed
PAY-0006158,ORD-0006158,Debit Card,576.9,2025-07-15,Completed
PAY-0009473,ORD-0009473,PayPal,3548.3,2026-02-15,Completed
PAY-0006148,ORD-0006148,Debit Card,1902.4,2026-08-17,Completed
PAY-0001389,ORD-0001389,Credit Card,671.85,2026-06-18,Failed
PAY-0009837,ORD-0009837,Credit Card,4784.05,2025-12-18,Refunded
PAY-0004502,ORD-0004502,Gift Card,1663.76,2026-08-28,Completed
PAY-0006768,ORD-0006768,Credit Card,2694.8,2026-06-11,Completed
PAY-0007301,ORD-0007301,Bank Transfer,3789.7,2026-07-24,Failed
PAY-0006389,ORD-0006389,Gift Card,1502.73,2025-01-29,Completed
PAY-0000902,ORD-0000902,Gift Card,1075.12,2026-03-22,Completed
PAY-0008260,ORD-0008260,Debit Card,2165.89,2026-09-04,Completed
PAY-0006681,ORD-0006681,Credit Card,4775.99,07/22/2026,Completed
PAY-0007255,ORD-0007255,PayPal,3891.24,2024-09-04,Completed
PAY-0002822,ORD-0970382,Debit Card,115.71,2026-08-21,Completed
PAY-0003587,ORD-0003587,PayPal,179.17,2026-04-20,Completed
PAY-0006881,ORD-0006881,Debit Card,n/a,2025-12-30,Completed
PAY-0010593,ORD-0010593,Credit Card,553.06,"July 28, 2026",Completed
PAY-0003466,ORD-0003466,Credit Card,1185.84,2025-12-12,Completed
PAY-0000424,ORD-0969977,Credit Card,768.34,2026-07-07,Completed
PAY-0003146,ORD-0003146,Gift Card,4160.54,2026-07-01,Refunded
PAY-0002990,ORD-0002990,Gift Card,2374.75,2025-11-14,Pending
PAY-0005004,ORD-0005004,Debit Card,417.62,2026-04-24,Completed
PAY-0006339,ORD-0006339,Credit Card,1731.53,2026-04-08,Completed
PAY-0002763,ORD-0002763,Credit Card,1216.21,2026-09-03,Completed
PAY-0010194,ORD-0010194,Debit Card,897.3,2026-07-09,Pending
PAY-0002574,ORD-0002574,Credit Card,250.14,2026-08-04,Completed
PAY-0007796,ORD-0007796,Debit Card,13.43,2025-05-07,Completed
PAY-0011641,ORD-0011641,Credit Card,74.97,"September 03, 2026",Completed
PAY-0006820,ORD-0006820,Gift Card,702.0,2025-09-17,Failed
PAY-0000952,ORD-0000952,PayPal,3911.21,2026-06-15,Failed
PAY-0007052,ORD-0007052,Debit Card,110.01,2024-06-09,Completed
PAY-0005800,ORD-0005800,PayPal,1073.34,2026-09-04,Completed
PAY-0003081,ORD-0003081,Credit Card,1923.52,2026-06-11,Failed
PAY-0011867,ORD-0011867,PayPal,685.99,2025-07-30,Refunded
PAY-0004446,ORD-0004446,Credit Card,2129.65,2025-11-29,Completed
PAY-0000488,ORD-0000488,Debit Card,3478.63,2026-03-20,Refunded
PAY-0010638,ORD-0010638,Debit Card,401.18,2026-02-28,Completed
PAY-0005920,ORD-0005920,Credit Card,2506.59,2024-12-14,Pending
PAY-0004037,ORD-0004037,,1551.76,2024-11-26,Completed
PAY-0001333,ORD-0001333,Gift Card,-1922.84,2026-04-08,Pending
PAY-0000490,ORD-0000490,Debit Card,2120.0,2026-04-18,Completed
PAY-0008549,ORD-0008549,Credit Card,499.5,2026-09-08,Failed
PAY-0002306,ORD-0002306,Bank Transfer,3670.96,2026-02-22,Completed
PAY-0005644,ORD-0005644,Credit Card,99.45,2025-09-16,Failed
PAY-0001164,ORD-0001164,Credit Card,449.76,2026-07-11,Failed
PAY-0000964,ORD-0000964,Credit Card,908.27,2026-05-07,Completed
PAY-0000754,ORD-0924099,Credit Card,2609.56,2026-08-26,Failed
PAY-0009887,ORD-0009887,Credit Card,13.4,2026-02-23,Pending
PAY-0006182,ORD-0006182,Credit Card,1363.06,2025-11-20,Completed
PAY-0009114,ORD-0009114,Credit Card,3220.2,2025-11-30,Completed
PAY-0007263,ORD-0007263,PayPal,1241.15,2026-04-27,Completed
PAY-0000599,ORD-0000599,Credit Card,231.58,2026-03-02,Failed
PAY-0010690,ORD-0010690,Credit Card,23.88,2026-07-13,Failed
PAY-0005106,ORD-0005106,PayPal,1113.23,2025-07-06,Completed
PAY-0003142,ORD-0003142,Credit Card,2803.47,2024-11-30,Completed
PAY-0007164,ORD-0007164,Debit Card,1383.37,2026-02-16,Completed
PAY-0007165,ORD-0007165,Credit Card,1167.5,2026-07-04,Completed
PAY-0002844,ORD-0002844,Debit Card,3622.12,2026-06-25,Pending
PAY-0004647,ORD-0004647,Debit Card,727.26,2026-08-25,Refunded
PAY-0008639,ORD-0008639,Debit Card,1380.5,2026-01-10,Completed
PAY-0009967,ORD-0009967,Credit Card,276.05,2026-08-16,Failed
PAY-0001463,ORD-0001463,Bank Transfer,2891.82,2026-08-27,Completed
PAY-0000556,ORD-0000556,Debit Card,1237.48,2025-11-24,Completed
PAY-0006786,ORD-0006786,Bank Transfer,3636.17,2025-09-08,Completed
PAY-0000021,ORD-0000021,Credit Card,1389.84,2026-01-02,Completed
PAY-0004521,ORD-0004521,Gift Card,2802.27,2026-06-27,Failed
PAY-0000263,ORD-0000263,Debit Card,163.63,2025-08-05,Failed
PAY-0005950,ORD-0005950,PayPal,914.9,2024-10-02,Failed
PAY-0000095,ORD-0000095,,370.69,2026-08-15,Completed
PAY-0001467,ORD-0001467,Debit Card,400.22,2025-08-13,Failed
PAY-0009949,ORD-0009949,Debit Card,310.04,2026-05-17,Pending
PAY-0010729,ORD-0010729,Debit Card,1640.34,2024-07-17,Failed
PAY-0005501,ORD-0005501,Credit Card,3305.24,2025-03-17,Completed
PAY-0003899,ORD-0003899,Debit Card,298.57,2025-11-14,Completed
PAY-0004749,ORD-0004749,Debit Card,4080.18,2024-11-25,Failed
PAY-0006890,ORD-0006890,PayPal,1044.62,2026-09-03,Failed
PAY-0010914,ORD-0010914,Credit Card,2168.44,2024-05-30,Completed
PAY-0002433,ORD-0002433,Gift Card,840.81,2026-04-22,Completed
PAY-0008790,ORD-0008790,PayPal,2935.68,2026-06-14,Completed
PAY-0006659,ORD-0006659,PayPal,845.91,2025-11-25,Completed
PAY-0001994,ORD-0001994,Credit Card,110.28,2025-08-03,Completed
PAY-0005716,ORD-0995750,Credit Card,917.54,2024-08-21,Completed
PAY-0008844,ORD-0008844,Debit Card,693.66,2026-01-22,Completed
PAY-0001483,ORD-0001483,PayPal,4973.17,2026-09-04,Refunded
PAY-0011658,ORD-0011658,Credit Card,1495.7,2026-01-05,Completed
PAY-0000670,ORD-0000670,Debit Card,$109.37,2025-04-26,Completed
PAY-0008760,ORD-0008760,Debit Card,2026.47,2025-04-21,Completed
PAY-0009003,ORD-0904493,Credit Card,$1397.88,2025-04-13,Completed
PAY-0001874,ORD-0001874,Bank Transfer,1876.89,2026-06-27,Completed
PAY-0002622,ORD-0002622,Credit Card,3453.1,2026-05-14,Completed
PAY-0000555,ORD-0000555,PayPal,79.66,2024-12-17,Pending
PAY-0004570,ORD-0004570,PayPal,1093.5,2026-04-08,Failed
PAY-0003465,ORD-0003465,Gift Card,12.68,2026-02-14,Completed
PAY-0000493,ORD-0000493,Gift Card,1756.29,2025-04-20,Completed
PAY-0010945,ORD-0010945,Credit Card,963.49,2024-04-27,Failed
PAY-0003441,ORD-0003441,Credit Card,436.45,2025-08-29,Completed
PAY-0003720,ORD-0003720,Credit Card,4436.44,"February 16, 2026",Completed
PAY-0009680,ORD-0009680,Credit Card,54991.39,2025-11-18,Completed
PAY-0005910,ORD-0005910,Debit Card,334.77,2026-06-19,Pending
PAY-0000858,ORD-0000858,Debit Card,3964.74,2024-07-21,Completed
PAY-0011914,ORD-0011914,,748.36,21-Apr-2026,Pending
PAY-0004658,ORD-0004658,Credit Card,3321.04,2026-05-01,Completed
PAY-0011349,ORD-0011349,Debit Card,5464.34,2026-08-20,Pending
PAY-0004219,ORD-0004219,Bank Transfer,-1011.48,2026-03-04,Failed
PAY-0011463,ORD-0011463,Gift Card,203.78,2026-08-29,Completed
PAY-0001192,ORD-0001192,Gift Card,3593.45,2025-07-07,Completed
PAY-0001386,ORD-0001386,Credit Card,442.3,2025-11-22,Refunded
PAY-0010969,ORD-0010969,Debit Card,-1887.29,2024-12-20,Completed
PAY-0001209,ORD-0001209,Gift Card,$1068.46,2026-08-31,Completed
PAY-0011102,ORD-0011102,Credit Card,991.2,2026-05-26,Completed
PAY-0008432,ORD-0008432,Gift Card,1053.47,2025-07-22,Completed
PAY-0008609,ORD-0008609,Bank Transfer,2735.8,2025-11-17,Completed
PAY-0003663,ORD-0003663,Credit Card,1056.26,2026-05-05,Pending
PAY-0006724,ORD-0006724,Debit Card,2755.9,2026-04-15,Completed
PAY-0010240,ORD-0010240,Credit Card,1297.32,2024-10-10,Refunded
PAY-0000356,ORD-0000356,Debit Card,4268.66,2025-01-31,Failed
PAY-0004374,ORD-0004374,Debit Card,2308.26,2024-11-22,Completed
PAY-0003436,ORD-0003436,Gift Card,5035.34,2025-02-12,Completed
PAY-0011428,ORD-0011428,Bank Transfer,443.8,2026-07-22,Pending
PAY-0003990,ORD-0003990,Credit Card,3592.1,2025-04-02,Completed
PAY-0003307,ORD-0003307,PayPal,2066.04,2026-03-09,Completed
PAY-0007464,ORD-0007464,Bank Transfer,5569.19,2026-06-28,Completed
PAY-0005118,ORD-0005118,Debit Card,3574.84,2025-03-22,Failed
PAY-0006041,ORD-0006041,Credit Card,1848.25,2026-05-24,Failed
PAY-0011619,ORD-0011619,PayPal,672.7,2026-02-22,Completed
PAY-0007012,ORD-0007012,PayPal,1310.88,2026-06-12,Completed
PAY-0011103,ORD-0011103,Credit Card,1505.22,2025-09-11,Pending
PAY-0005731,ORD-0005731,Credit Card,2792.97,2025-11-05,Completed
PAY-0001603,ORD-0001603,Debit Card,599.1,2026-02-06,Failed
PAY-0004799,ORD-0004799,Credit Card,181.46,2026-06-04,Completed
PAY-0002237,ORD-0002237,Credit Card,1371.87,2026-08-27,Pending
PAY-0011958,ORD-0011958,Credit Card,1726.61,2026-05-25,Pending
PAY-0005717,ORD-0005717,Credit Card,1492.04,2026-07-15,Completed
PAY-0000573,ORD-0000573,Gift Card,638.18,2026-08-31,Completed
PAY-0000873,ORD-0000873,Credit Card,69.46,2026-01-02,Completed
PAY-0001090,ORD-0001090,Credit Card,2598.36,2026-04-13,Completed
PAY-0006163,ORD-0006163,Gift Card,188.04,2026-01-12,Completed
PAY-0002972,ORD-0002972,PayPal,1126.08,2026-04-29,Refunded
PAY-0007152,ORD-0007152,Debit Card,574.35,2025-07-26,Completed
PAY-0000528,ORD-0000528,Debit Card,130.03,2026-05-09,Refunded
PAY-0004129,ORD-0004129,Debit Card,938.94,2025-02-01,Completed
PAY-0008088,ORD-0008088,Credit Card,909.71,2026-08-15,Completed
PAY-0011151,ORD-0011151,PayPal,203.22,2026-08-28,Completed
PAY-0003787,ORD-0003787,Credit Card,2711.13,2025-05-09,Pending
PAY-0010420,ORD-0010420,,1014.98,2024-10-25,Completed
PAY-0010146,ORD-0010146,Credit Card,2273.0,2025-01-12,Failed
PAY-0002479,ORD-0002479,Credit Card,1542.46,2026-03-08,Completed
PAY-0005295,ORD-0005295,Debit Card,15.49,2026-08-14,Completed
PAY-0002404,ORD-0002404,Gift Card,3044.68,2026-04-25,Completed
PAY-0010887,ORD-0010887,Credit Card,628.88,2026-08-20,Refunded
PAY-0004240,ORD-0004240,,1630.89,2024-09-10,Completed
PAY-0008775,ORD-0008775,Gift Card,1701.27,2026-04-04,Completed
PAY-0000087,ORD-0000087,Credit Card,374.62,2024-09-16,Completed
PAY-0010511,ORD-0010511,Debit Card,561.98,2025-08-23,Pending
PAY-0003027,ORD-0003027,Credit Card,2722.47,2026-06-18,Completed
PAY-0000410,ORD-0000410,Debit Card,-1129.49,2025-11-01,Refunded
PAY-0007514,ORD-0007514,PayPal,91640.51,2025-07-27,Completed
PAY-0003461,ORD-0003461,Gift Card,354.96,2025-06-15,Refunded
PAY-0009121,ORD-0009121,PayPal,304.76,2024-07-25,Completed
PAY-0001300,ORD-0001300,Debit Card,1045.89,2026-08-29,Pending
PAY-0004024,ORD-0004024,Credit Card,4140.77,2024-12-01,Completed
PAY-0004663,ORD-0004663,Bank Transfer,1107.35,13-Aug-2026,Failed
PAY-0005605,ORD-0005605,Credit Card,2478.25,2026-06-04,Refunded
PAY-0010566,ORD-0010566,Debit Card,422.46,2023-12-13,Pending
PAY-0000622,ORD-0957329,Debit Card,1912.45,2024-08-25,Completed
PAY-0010333,ORD-0010333,Credit Card,3908.62,2026-09-02,Completed
PAY-0009825,ORD-0009825,Debit Card,1261.7,2025-12-16,Failed
PAY-0005807,ORD-0005807,Credit Card,5198.48,2024-03-17,Completed
PAY-0010826,ORD-0010826,Gift Card,-2030.38,07/25/2026,Completed
PAY-0005811,ORD-0005811,Credit Card,1373.69,2025-10-03,Failed
PAY-0010237,ORD-0010237,Credit Card,2236.69,2026-07-13,Completed
PAY-0005539,ORD-0005539,PayPal,2636.07,2026-01-16,Completed
PAY-0010450,ORD-0010450,Gift Card,816.08,2024-11-19,Completed
PAY-0005961,ORD-0005961,Credit Card,521.59,2024-02-26,Completed
PAY-0010313,ORD-0010313,Gift Card,1316.24,08/13/2026,Refunded
PAY-0002744,ORD-0002744,Debit Card,3388.39,2026-08-21,Completed
PAY-0011322,ORD-0011322,Debit Card,742.4,2025-01-17,Completed
PAY-0000500,ORD-0000500,Credit Card,5982.91,2026-04-04,Completed
PAY-0002652,ORD-0002652,Credit Card,2191.79,20-Jun-2025,Completed
PAY-0008832,ORD-0008832,Credit Card,2352.29,2026-02-27,Completed
PAY-0003187,ORD-0003187,PayPal,1461.18,"June 19, 2026",Failed
PAY-0010940,ORD-0010940,Bank Transfer,625.74,2026-05-04,Completed
PAY-0003408,ORD-0003408,Credit Card,1922.3,2025-01-10,Completed
PAY-0010551,ORD-0010551,Credit Card,2553.06,2026-03-04,Completed
PAY-0007765,ORD-0007765,,639.3,2026-01-17,Refunded
PAY-0003237,ORD-0003237,,924.88,2026-05-02,Completed
PAY-0005007,ORD-0005007,Credit Card,1175.13,18-Feb-2026,Completed
PAY-0010214,ORD-0010214,Credit Card,756.7,2026-05-01,Failed
PAY-0008541,ORD-0008541,Credit Card,1945.79,2026-02-25,Completed
PAY-0008165,ORD-0008165,PayPal,2175.78abc,2026-08-14,Completed
PAY-0007033,ORD-0007033,PayPal,885.7,2026-02-05,Completed
PAY-0010201,ORD-0010201,Credit Card,-572.04,2026-05-16,Refunded
PAY-0007223,ORD-0007223,PayPal,393.44,2024-08-15,Completed
PAY-0009042,ORD-0009042,Gift Card,1297.19,2026-06-21,Completed
PAY-0006992,ORD-0006992,Credit Card,1945.02,2025-06-03,Pending
PAY-0002564,ORD-0002564,Debit Card,976.75,2025-04-21,Refunded
PAY-0002729,ORD-0002729,PayPal,1381.58,2025-12-08,Completed
PAY-0000031,ORD-0000031,Credit Card,126.48,2026-04-20,Completed
PAY-0007054,ORD-0007054,PayPal,1096.7,2026-09-07,Refunded
PAY-0008342,ORD-0008342,Credit Card,548.11,2026-04-25,Completed
PAY-0003117,ORD-0994712,Debit Card,1229.88,2026-07-19,Completed
PAY-0011178,ORD-0011178,,1031.18,2026-03-26,Completed
PAY-0008030,ORD-0008030,Credit Card,2895.96,2026-08-06,Completed
PAY-0006466,ORD-0006466,Debit Card,1805.17,2026-08-02,Completed
PAY-0005293,ORD-0005293,Gift Card,1679.41,2024-09-26,Refunded
PAY-0005414,ORD-0005414,Credit Card,26.19,17-Jun-2026,Completed
PAY-0011819,ORD-0011819,PayPal,41.3,2026-04-05,Completed
PAY-0001153,ORD-0001153,Credit Card,2018.28,2025-06-29,Completed
PAY-0001663,ORD-0001663,PayPal,964.65,2025-03-06,Refunded
PAY-0009941,ORD-0009941,Gift Card,513.35,2026-08-26,Completed
PAY-0001170,ORD-0001170,Credit Card,2295.81,12/22/2023,Completed
PAY-0010998,ORD-0010998,Credit Card,568.26,2026-01-17,Pending
PAY-0005647,ORD-0005647,PayPal,466.01,2026-04-28,Failed
PAY-0011143,ORD-0011143,PayPal,1073.0,2024-05-20,Completed
PAY-0008142,ORD-0008142,Credit Card,2994.28,2025-08-03,Failed
PAY-0008087,ORD-0008087,Credit Card,3278.63,2024-05-13,Completed
PAY-0001485,ORD-0001485,PayPal,923.94,2026-05-05,Completed
PAY-0005870,ORD-0005870,Credit Card,5906.4,2026-02-08,Completed
PAY-0003288,ORD-0003288,PayPal,$1536.47,2025-12-20,Completed
PAY-0007558,ORD-0007558,Gift Card,718.68,2026-06-15,Completed
PAY-0010159,ORD-0010159,Debit Card,663.35,2026-07-17,Pending
PAY-0001427,ORD-0001427,Debit Card,46.35abc,2025-11-02,Completed
PAY-0007110,ORD-0007110,Credit Card,999.53,2026-08-09,Completed
PAY-0006982,ORD-0006982,PayPal,12803.11,2025-03-23,Completed
PAY-0010477,ORD-0010477,Credit Card,419.16,2026-07-20,Completed
PAY-0007886,ORD-0007886,PayPal,1627.2,2026-07-26,Completed
PAY-0002232,ORD-0002232,Gift Card,251.7,2026-07-18,Completed
PAY-0000687,ORD-0000687,,501.05,2025-03-13,Pending
PAY-0011406,ORD-0011406,Credit Card,390.0,2025-03-16,Failed
PAY-0009339,ORD-0009339,Credit Card,481.67,2024-05-11,Completed
PAY-0009555,ORD-0009555,,79.97,2024-03-01,Failed
PAY-0001081,ORD-0001081,,1488.76,2026-07-09,Completed
PAY-0007708,ORD-0007708,Debit Card,2931.9,2025-09-29,Completed
PAY-0001373,ORD-0001373,Debit Card,1074.54,2026-05-24,Completed
PAY-0010197,ORD-0010197,Credit Card,4194.48,2026-07-21,Completed
PAY-0010853,ORD-0010853,Gift Card,352550.33,2026-09-05,Pending
PAY-0009849,ORD-0009849,Credit Card,453.28,2026-05-11,Completed
PAY-0002152,ORD-0002152,Credit Card,551.61,2026-03-07,Completed
PAY-0010443,ORD-0010443,Credit Card,1959.83,2025-12-05,Completed
PAY-0011915,ORD-0011915,Gift Card,1470.12,2026-06-19,Refunded
PAY-0002894,ORD-0002894,PayPal,3158.72,2025-05-02,Failed
PAY-0005473,ORD-0005473,PayPal,75.55,2025-05-11,Failed
PAY-0007980,ORD-0007980,Credit Card,1672.08,2026-08-23,Completed
PAY-0007070,ORD-0007070,Credit Card,4998.35,2026-04-09,Refunded
PAY-0001687,ORD-0001687,Gift Card,2148.75,2026-01-19,Completed
PAY-0011976,ORD-0011976,Debit Card,954.16,2025-08-03,Pending
PAY-0003699,ORD-0003699,Credit Card,849.96,2025-11-12,Failed
PAY-0003590,ORD-0003590,Gift Card,2705.29,2025-03-19,Failed
PAY-0006872,ORD-0006872,Credit Card,847.14,2026-03-18,Completed
PAY-0007988,ORD-0953785,PayPal,417.91,2026-05-15,Refunded
PAY-0011231,ORD-0011231,Debit Card,$2818.11,2024-04-23,Completed
PAY-0010314,ORD-0907228,Credit Card,1211.74,2024-09-27,Completed
PAY-0001088,ORD-0001088,Debit Card,2144.68,2026-05-02,Completed
PAY-0004814,ORD-0004814,Debit Card,1408.94,"December 15, 2023",Completed
PAY-0010923,ORD-0010923,Credit Card,803.93,2025-09-21,Completed
PAY-0011922,ORD-0011922,Credit Card,180.74,2026-08-08,Failed
PAY-0010916,ORD-0010916,PayPal,3177.9,2026-08-31,Completed
PAY-0001070,ORD-0001070,Credit Card,28.86,2026-03-21,Completed
PAY-0011744,ORD-0011744,Credit Card,2428.18,2026-03-12,Completed
PAY-0001778,ORD-0001778,Credit Card,468.03,08/02/2025,Completed
PAY-0011805,ORD-0011805,Debit Card,160.97,2025-12-12,Completed
PAY-0005261,ORD-0005261,Gift Card,1342.21,2025-07-28,Failed
PAY-0010387,ORD-0010387,PayPal,680.32,2025-12-23,Failed
PAY-0001679,ORD-0001679,PayPal,3363.55,2026-06-05,Failed
PAY-0006834,ORD-0006834,Credit Card,490.29,2025-11-20,Failed
PAY-0005024,ORD-0005024,Credit Card,3728.5,2026-04-17,Completed
PAY-0001772,ORD-0001772,Credit Card,2070.79,2026-06-30,Completed
PAY-0006439,ORD-0006439,PayPal,347.81,2026-08-27,Completed
PAY-0002243,ORD-0002243,Debit Card,1804.58,2025-07-01,Failed
PAY-0002364,ORD-0002364,Credit Card,1011.62abc,2026-01-26,Failed
PAY-0000420,ORD-0000420,Credit Card,1344.68,2026-03-06,Failed
PAY-0001542,ORD-0001542,PayPal,952.5,2026-08-31,Completed
PAY-0001852,ORD-0001852,Credit Card,3334.34,2026-05-16,Failed
PAY-0001825,ORD-0001825,PayPal,662.14,2026-09-06,Failed
PAY-0004112,ORD-0004112,Credit Card,2377.77,2025-10-27,Failed
PAY-0000137,ORD-0000137,Gift Card,166787.9,2026-01-28,Failed
PAY-0010432,ORD-0010432,PayPal,345.53,2025-11-06,Completed
PAY-0003369,ORD-0003369,PayPal,210.82,2024-07-31,Failed
PAY-0007756,ORD-0007756,Gift Card,2968.58,2026-08-09,Completed
PAY-0007287,ORD-0007287,,4648.88,"July 03, 2026",Completed
PAY-0005842,ORD-0005842,Bank Transfer,221.26,2026-02-08,Completed
PAY-0009597,ORD-0009597,Gift Card,1956.04,2026-01-16,Refunded
PAY-0010503,ORD-0010503,Debit Card,495.46,2025-11-13,Completed
PAY-0010263,ORD-0010263,Credit Card,1499.34,2026-05-05,Completed
PAY-0002367,ORD-0002367,Debit Card,827.78,2025-09-07,Completed
PAY-0004413,ORD-0004413,Debit Card,1656.27,2026-07-09,Completed
PAY-0005650,ORD-0005650,Credit Card,1218.4,2026-04-26,Completed
PAY-0006897,ORD-0006897,Credit Card,5890.97,2024-09-01,Completed
PAY-0001720,ORD-0001720,Debit Card,1493.91,2025-10-18,Failed
PAY-0009120,ORD-0009120,Credit Card,492.76,2026-02-18,Completed
PAY-0008421,ORD-0008421,PayPal,171.76,2025-07-15,Completed
PAY-0004722,ORD-0004722,Credit Card,1091.52,2025-08-30,Pending
PAY-0007924,ORD-0007924,Credit Card,395.9,2025-04-28,Completed
PAY-0005264,ORD-0005264,Debit Card,1789.25,2025-08-23,Completed
PAY-0003719,ORD-0003719,Debit Card,874.82,2026-06-18,Completed
PAY-0010190,ORD-0010190,Debit Card,568.55,2026-04-01,Completed
PAY-0000435,ORD-0000435,PayPal,1181.46,2025-07-07,Completed
PAY-0003745,ORD-0003745,Debit Card,3177.82,2026-07-20,Completed
PAY-0011047,ORD-0011047,PayPal,991.35,01-May-2025,Completed
PAY-0011235,ORD-0011235,Credit Card,5214.55,2026-08-21,Completed
PAY-0009446,ORD-0009446,Gift Card,2972.98,2024-09-02,Completed
PAY-0009461,ORD-0009461,Bank Transfer,7731.1,2025-12-19,Failed
PAY-0008210,ORD-0008210,Debit Card,5429.78,2025-05-24,Pending
PAY-0011885,ORD-0011885,Credit Card,587.05,2026-01-19,Refunded
PAY-0006685,ORD-0006685,Credit Card,2496.8,2026-07-17,Refunded
PAY-0001486,ORD-0001486,Gift Card,3325.32,2025-06-19,Pending
PAY-0008483,ORD-0008483,,794.83,2025-03-14,Refunded
PAY-0004864,ORD-0004864,,1496.82abc,2026-03-24,Completed
PAY-0003087,ORD-0003087,Credit Card,4461.4,2026-03-23,Completed
PAY-0005279,ORD-0005279,Credit Card,152.05,2024-09-03,Completed
PAY-0002205,ORD-0002205,Credit Card,899.93,2026-03-20,Completed
PAY-0007334,ORD-0007334,Debit Card,2698.64,2026-04-10,Completed
PAY-0006424,ORD-0006424,Debit Card,144.3,2026-01-31,Completed
PAY-0007990,ORD-0007990,Credit Card,145.65,2026-02-10,Failed
PAY-0009271,ORD-0009271,Debit Card,474.02,2025-03-13,Completed
PAY-0011403,ORD-0011403,Credit Card,355983.37,2025-10-19,Completed
PAY-0008013,ORD-0008013,Debit Card,1573.58abc,2025-09-30,Completed
PAY-0005930,ORD-0005930,Debit Card,764.42,2024-07-29,Failed
PAY-0002227,ORD-0002227,PayPal,1871.16,2026-04-05,Completed
PAY-0008425,ORD-0008425,Credit Card,209778.72,2026-05-11,Pending
PAY-0004967,ORD-0004967,Credit Card,2706.08,2026-03-03,Completed
PAY-0008964,ORD-0008964,PayPal,1088.41,08/10/2025,Completed
PAY-0001508,ORD-0001508,PayPal,443.86,2024-11-05,Completed
PAY-0007320,ORD-0007320,Gift Card,1884.4,2026-08-25,Failed
PAY-0011438,ORD-0011438,Debit Card,965.64,2026-05-19,Completed
PAY-0010069,ORD-0010069,Credit Card,82.17,2024-11-07,Completed
PAY-0008126,ORD-0008126,Credit Card,555.1,2026-07-12,Completed
PAY-0003043,ORD-0003043,Gift Card,1059.37,2026-04-22,Completed
PAY-0002190,ORD-0915989,Gift Card,1965.34,2026-07-18,Completed
PAY-0002786,ORD-0002786,,887.43,2026-05-30,Failed
PAY-0005513,ORD-0005513,Credit Card,2254.97,2026-06-06,Pending
PAY-0005630,ORD-0005630,Debit Card,137.07,2026-06-28,Pending
PAY-0004183,ORD-0004183,Credit Card,4777.93,2026-04-23,Completed
PAY-0001922,ORD-0001922,PayPal,1142.44,2026-03-20,Completed
PAY-0011871,ORD-0011871,Bank Transfer,2047.0,2025-01-31,Completed
PAY-0000513,ORD-0000513,Debit Card,203.94,2026-06-21,Completed
PAY-0004194,ORD-0004194,Debit Card,4066.16,2026-05-18,Pending
PAY-0000851,ORD-0000851,Credit Card,3991.56,2026-02-28,Failed
PAY-0004638,ORD-0004638,PayPal,655.63,2026-06-23,Completed
PAY-0011154,ORD-0011154,PayPal,293.33,2025-04-13,Completed
PAY-0003134,ORD-0003134,Credit Card,2273.14,2026-08-20,Completed
PAY-0006785,ORD-0006785,Debit Card,2034.31,2026-07-12,Completed
PAY-0005341,ORD-0005341,Credit Card,321.03,2026-04-02,Refunded
PAY-0002130,ORD-0002130,Bank Transfer,2911.36abc,02/11/2026,Completed
PAY-0007350,ORD-0007350,Debit Card,435.21,2026-03-29,Completed
PAY-0007587,ORD-0007587,Debit Card,1338.76,2026-05-02,Failed
PAY-0009877,ORD-0009877,Credit Card,709.13,12/04/2025,Completed
PAY-0004349,ORD-0004349,Credit Card,$878.69,2026-09-01,Completed
PAY-0009999,ORD-0009999,Debit Card,2682.38,2026-05-26,Completed
PAY-0001235,ORD-0001235,PayPal,4845.77,2025-11-13,Pending
PAY-0007322,ORD-0007322,Debit Card,1152.11,2025-07-18,Completed
PAY-0008850,ORD-0008850,Bank Transfer,116.18,2024-05-11,Completed
PAY-0006371,ORD-0006371,Credit Card,475.48,2026-01-19,Completed
PAY-0009047,ORD-0009047,Credit Card,4549.87,2026-08-07,Completed
PAY-0009726,ORD-0009726,Debit Card,2287.95,2026-07-21,Completed
PAY-0007735,ORD-0007735,Credit Card,605.36abc,2026-08-29,Completed
PAY-0003900,ORD-0003900,Gift Card,795.7,2026-02-24,Refunded
PAY-0009036,ORD-0009036,PayPal,3727.34,2024-11-06,Completed
PAY-0000123,ORD-0000123,Gift Card,4245.6,2025-07-21,Completed
PAY-0006610,ORD-0006610,Credit Card,104.8,2026-07-13,Completed
PAY-0009916,ORD-0009916,Debit Card,80151.58,2025-09-21,Completed
PAY-0011055,ORD-0011055,,-4244.64,2026-08-12,Failed
PAY-0007888,ORD-0007888,PayPal,$1929.46,2025-03-29,Completed
PAY-0000153,ORD-0000153,PayPal,2997.52,2024-02-14,Completed
PAY-0009871,ORD-0009871,Debit Card,73.66,2026-02-15,Completed
PAY-0011101,ORD-0011101,PayPal,1308.55,2026-06-18,Completed
PAY-0001604,ORD-0001604,Credit Card,744.6,2026-05-22,Refunded
PAY-0004800,ORD-0004800,Gift Card,3665.14,2025-09-20,Pending
PAY-0002081,ORD-0002081,Credit Card,1339.41,2026-03-10,Pending
PAY-0007714,ORD-0007714,Credit Card,2629.46,30-Aug-2026,Failed
PAY-0010382,ORD-0010382,Credit Card,863.78,2026-04-18,Refunded
PAY-0001132,ORD-0001132,PayPal,2182.47,2026-06-21,Completed
PAY-0003557,ORD-0003557,Credit Card,1334.66,2026-07-09,Completed
PAY-0009899,ORD-0009899,Debit Card,946.24,2025-07-20,Completed
PAY-0009540,ORD-0009540,PayPal,935.07,2024-03-23,Completed
PAY-0003822,ORD-0003822,Bank Transfer,2712.03,2026-09-06,Completed
PAY-0006697,ORD-0006697,Credit Card,782.12,2026-08-24,Pending
PAY-0007633,ORD-0007633,Credit Card,4522.8,2026-01-14,Completed
PAY-0005227,ORD-0005227,Credit Card,415.2,2026-08-05,Pending
PAY-0011430,ORD-0011430,Bank Transfer,1525.86,2025-06-26,Completed
PAY-0009435,ORD-0009435,Debit Card,4113.97,2026-07-17,Failed
PAY-0002949,ORD-0002949,Credit Card,903.74,2026-08-03,Completed
PAY-0007946,ORD-0007946,Credit Card,3456.51,2026-07-31,Completed
PAY-0010636,ORD-0010636,PayPal,409.1,2026-01-03,Completed
PAY-0008965,ORD-0008965,Gift Card,1527.74,2026-03-30,Completed
PAY-0008107,ORD-0008107,Credit Card,1186.47,2026-08-29,Completed
PAY-0004977,ORD-0004977,Debit Card,4336.77,2025-04-11,Pending
PAY-0011460,ORD-0011460,Credit Card,1300.57,2026-09-07,Completed
PAY-0002240,ORD-0002240,Debit Card,1536.52,2025-12-06,Completed
PAY-0007551,ORD-0007551,,1432.83,2026-09-06,Completed
PAY-0011109,ORD-0011109,Credit Card,1489.3,2024-11-04,Pending
PAY-0011258,ORD-0011258,Credit Card,894.49,2025-03-24,Completed
PAY-0001013,ORD-0001013,Credit Card,254.34,2026-03-22,Pending
PAY-0001641,ORD-0001641,Credit Card,501.47,2026-09-02,Completed
PAY-0007652,ORD-0007652,Credit Card,3233.34,2025-12-23,Pending
PAY-0002099,ORD-0002099,PayPal,4718.16,2024-04-19,Completed
PAY-0006077,ORD-0006077,Credit Card,3135.43,2025-12-14,Completed
PAY-0009465,ORD-0009465,Credit Card,2230.35,2026-05-21,Pending
PAY-0002503,ORD-0002503,Bank Transfer,1145.97,2026-06-28,Completed
PAY-0000249,ORD-0000249,PayPal,2282.66,2026-04-11,Completed
PAY-0006328,ORD-0006328,Credit Card,245.18,2026-01-23,Completed
PAY-0003276,ORD-0003276,Gift Card,369.94,2026-09-07,Failed
PAY-0000494,ORD-0000494,Credit Card,852.63,2025-07-23,Refunded
PAY-0006122,ORD-0006122,Debit Card,4471.7,2026-06-03,Pending
PAY-0010678,ORD-0010678,PayPal,2080.67,2025-06-10,Completed
PAY-0011345,ORD-0011345,Debit Card,1432.2,2024-07-23,Failed
PAY-0002468,ORD-0002468,,641.43,2026-02-25,Completed
PAY-0010981,ORD-0010981,Gift Card,1002.02,2025-10-21,Completed
PAY-0011986,ORD-0011986,Debit Card,2321.08,2025-11-29,Pending
PAY-0002168,ORD-0002168,Debit Card,426.88,"December 09, 2024",Completed
PAY-0007419,ORD-0007419,PayPal,2474.69,2026-02-01,Pending
PAY-0001149,ORD-0001149,Debit Card,277.07,2025-07-12,Completed
PAY-0011675,ORD-0011675,Credit Card,116668.22,2026-05-14,Pending
PAY-0011842,ORD-0011842,Gift Card,$1716.33,2025-08-21,Completed
PAY-0001482,ORD-0001482,PayPal,4233.43,2024-07-20,Completed
PAY-0002377,ORD-0002377,Credit Card,86.25,2024-09-04,Refunded
PAY-0011587,ORD-0011587,Bank Transfer,2033.36,2026-02-19,Failed
PAY-0009589,ORD-0009589,PayPal,2771.75,2025-06-08,Completed
PAY-0010815,ORD-0010815,PayPal,1465.26,2025-06-30,Completed
PAY-0008172,ORD-0008172,Credit Card,586.66,2026-07-21,Completed
PAY-0011098,ORD-0011098,Debit Card,2039.97,2026-04-30,Completed
PAY-0003356,ORD-0003356,Debit Card,1378.84,2026-07-21,Completed
PAY-0010864,ORD-0905990,Credit Card,2067.0,2025-08-08,Refunded
PAY-0003935,ORD-0003935,Gift Card,3095.78,2025-11-13,Completed
PAY-0009502,ORD-0009502,Credit Card,4721.3,2026-02-27,Failed
PAY-0007751,ORD-0007751,Credit Card,2703.36,2025-01-17,Completed
PAY-0004387,ORD-0004387,Credit Card,481.4,2026-08-16,Completed
PAY-0004130,ORD-0004130,Gift Card,3100.07,2026-03-19,Completed
PAY-0009781,ORD-0009781,Debit Card,2585.04,2026-03-26,Completed
PAY-0002934,ORD-0002934,Debit Card,2253.77,2026-06-29,Completed
PAY-0007143,ORD-0007143,PayPal,1076.18,2026-02-11,Failed
PAY-0000696,ORD-0000696,Debit Card,86.65,2026-06-16,Failed
PAY-0006474,ORD-0006474,Gift Card,4492.35,12/07/2024,Failed
PAY-0001871,ORD-0001871,Debit Card,1803.32,2026-07-31,Completed
PAY-0003108,ORD-0003108,Debit Card,2656.67,2025-01-17,Completed
PAY-0009387,ORD-0009387,Debit Card,177.56,2024-12-24,Completed
PAY-0010903,ORD-0010903,PayPal,780.09,2026-06-11,Completed
PAY-0010364,ORD-0010364,Credit Card,474.14,2025-08-12,Failed
PAY-0006894,ORD-0006894,Credit Card,2559.35,2025-07-22,Failed
PAY-0005107,ORD-0005107,Debit Card,174.71,2026-07-11,Completed
PAY-0010331,ORD-0010331,Credit Card,1222.39,2025-08-23,Completed
PAY-0008658,ORD-0008658,Credit Card,3435.89,"January 07, 2025",Completed
PAY-0000125,ORD-0000125,Credit Card,455.97,2026-07-23,Completed
PAY-0005493,ORD-0005493,,550.0,2024-03-12,Pending
PAY-0001443,ORD-0001443,Credit Card,602.82,2025-05-12,Completed
PAY-0006945,ORD-0006945,Bank Transfer,1380.64,2026-07-05,Failed
PAY-0001030,ORD-0001030,PayPal,1200.89,2026-02-07,Completed
PAY-0003748,ORD-0003748,Credit Card,4844.49,2023-10-01,Completed
PAY-0005519,ORD-0005519,Debit Card,3861.26,2026-08-29,Failed
PAY-0001857,ORD-0001857,Credit Card,2797.23,2025-09-22,Completed
PAY-0002421,ORD-0002421,Credit Card,593.79,2026-08-09,Completed
PAY-0000630,ORD-0000630,Debit Card,2645.98,2026-05-06,Completed
PAY-0003928,ORD-0003928,Debit Card,1811.87,2024-03-13,Completed
PAY-0011632,ORD-0011632,PayPal,3087.77,2026-04-23,Completed
PAY-0001154,ORD-0001154,Credit Card,3298.98,2026-03-04,Completed
PAY-0007268,ORD-0007268,PayPal,5202.38,2026-05-18,Completed
PAY-0004984,ORD-0004984,PayPal,1418.07,2026-07-07,Completed
PAY-0006599,ORD-0006599,Credit Card,3440.4,2026-08-29,Failed
PAY-0008626,ORD-0008626,Debit Card,$2569.32,2025-11-12,Completed
PAY-0009937,ORD-0009937,Gift Card,375.74,2024-11-05,Refunded
PAY-0011530,ORD-0011530,Debit Card,2446.13,2025-08-25,Completed
PAY-0008216,ORD-0008216,Debit Card,2351.28,2026-02-05,Failed
PAY-0002184,ORD-0002184,Bank Transfer,4414.64,2026-02-07,Completed
PAY-0007817,ORD-0007817,Debit Card,2615.29,2026-03-25,Failed
PAY-0001883,ORD-0001883,Debit Card,356.22,2025-07-13,Completed
PAY-0007844,ORD-0971782,PayPal,727.94,2026-06-24,Pending
PAY-0001189,ORD-0001189,Credit Card,1636.76,2024-04-30,Completed
PAY-0001140,ORD-0001140,PayPal,2676.79,2024-09-30,Refunded
PAY-0002148,ORD-0002148,PayPal,2314.84,2026-08-23,Completed
PAY-0001850,ORD-0001850,Credit Card,3052.33,2025-03-02,Completed
PAY-0006186,ORD-0006186,Gift Card,1098.56,2026-03-26,Completed
PAY-0006711,ORD-0006711,,3763.24,2025-04-17,Completed
PAY-0010320,ORD-0010320,Debit Card,1403.9,2026-04-02,Completed
PAY-0010721,ORD-0010721,PayPal,2027.3,2026-02-21,Completed
PAY-0007286,ORD-0007286,Debit Card,1984.97,2026-03-06,Failed
PAY-0000285,ORD-0000285,Gift Card,3299.16,2025-07-23,Completed
PAY-0001100,ORD-0001100,Credit Card,4608.3,2026-03-07,Completed
PAY-0001354,ORD-0001354,Credit Card,1922.73,2026-02-01,Completed
PAY-0000140,ORD-0000140,Credit Card,668.84,2025-11-01,Completed
PAY-0008134,ORD-0008134,Debit Card,47.86,2026-02-09,Completed
PAY-0009703,ORD-0009703,PayPal,-2783.72,2026-08-22,Failed
PAY-0001089,ORD-0001089,Debit Card,127.87,2026-07-05,Failed
PAY-0010336,ORD-0010336,Gift Card,2058.82,2025-12-25,Completed
PAY-0009032,ORD-0009032,Bank Transfer,n/a,2026-08-02,Failed
PAY-0009872,ORD-0009872,Debit Card,4024.1,2024-10-27,Completed
PAY-0000926,ORD-0000926,Debit Card,1199.08,2026-03-15,Completed
PAY-0011525,ORD-0011525,PayPal,1997.31,2026-07-15,Failed
PAY-0006310,ORD-0006310,Credit Card,333.36,2025-10-31,Completed
PAY-0008248,ORD-0008248,PayPal,5920.55,2026-06-07,Completed
PAY-0003917,ORD-0003917,Credit Card,123287.29,2025-10-28,Completed
PAY-0011196,ORD-0011196,PayPal,1725.62,2026-09-06,Failed
PAY-0007477,ORD-0007477,PayPal,815.05,2024-10-09,Completed
PAY-0003949,ORD-0003949,Debit Card,261.88,2026-05-21,Completed
PAY-0008289,ORD-0008289,Credit Card,5466.04,2026-02-23,Completed
PAY-0003804,ORD-0003804,Debit Card,274.94,2025-12-09,Completed
PAY-0004179,ORD-0004179,Credit Card,1182.4,2026-07-07,Pending
PAY-0010278,ORD-0010278,PayPal,2820.92,2026-05-13,Completed
PAY-0010243,ORD-0010243,Credit Card,263.19,2025-04-04,Completed
PAY-0002991,ORD-0002991,PayPal,18.13,2025-02-03,Completed
PAY-0006098,ORD-0006098,PayPal,383.6,2024-09-05,Refunded
PAY-0010287,ORD-0010287,Debit Card,2518.08,2026-08-14,Completed
PAY-0011957,ORD-0011957,PayPal,2434.04,2026-01-27,Completed
PAY-0001607,ORD-0001607,Debit Card,135.5,2026-04-03,Completed
PAY-0006951,ORD-0006951,Credit Card,1597.32,2024-12-12,Completed
PAY-0006420,ORD-0006420,Gift Card,584.44,2026-05-07,Completed
PAY-0004592,ORD-0004592,Credit Card,481.92,2025-09-11,Refunded
PAY-0004708,ORD-0004708,Gift Card,713.86,2026-05-04,Completed
PAY-0008957,ORD-0008957,Credit Card,1180.71,2026-05-06,Completed
PAY-0008710,ORD-0008710,Credit Card,565.75,2026-03-08,Completed
PAY-0003159,ORD-0003159,Gift Card,6576.45,2025-04-22,Failed
PAY-0000675,ORD-0000675,,2202.45,2026-03-18,Completed
PAY-0001171,ORD-0001171,Credit Card,3057.35,2025-10-04,Completed
PAY-0003438,ORD-0003438,Debit Card,1761.3,2026-03-28,Completed
PAY-0007157,ORD-0007157,Credit Card,2497.0,2026-08-25,Completed
PAY-0011278,ORD-0011278,PayPal,258.26,2026-06-15,Failed
PAY-0004142,ORD-0004142,Credit Card,216.78,2025-06-09,Completed
PAY-0000438,ORD-0000438,Gift Card,769.98,2026-01-12,Completed
PAY-0004500,ORD-0004500,Debit Card,603.86,2026-07-07,Failed
PAY-0002225,ORD-0002225,Credit Card,480.13,2026-08-28,Completed
PAY-0004755,ORD-0004755,PayPal,199.75,2025-11-27,Failed
PAY-0004553,ORD-0004553,Credit Card,1003.0abc,2026-03-29,Completed
PAY-0003148,ORD-0003148,Gift Card,388.66,2025-04-30,Completed
PAY-0004517,ORD-0004517,Debit Card,4554.5,2026-07-16,Completed
PAY-0007013,ORD-0007013,Credit Card,1113.74,2026-06-06,Refunded
PAY-0004609,ORD-0004609,Credit Card,1088.66,2026-01-09,Completed
PAY-0011570,ORD-0011570,Gift Card,4266.14,2025-12-12,Completed
PAY-0004531,ORD-0004531,PayPal,545.16,2026-08-21,Completed
PAY-0005281,ORD-0005281,Gift Card,127.53,2026-05-27,Completed
PAY-0008173,ORD-0008173,Credit Card,3179.12,2026-01-12,Completed
PAY-0010212,ORD-0010212,PayPal,460.93,2025-07-15,Completed
PAY-0002186,ORD-0002186,Credit Card,1285.63,2026-04-03,Failed
PAY-0011578,ORD-0011578,,1703.63,2026-03-21,Completed
PAY-0004919,ORD-0004919,,821.68,2025-08-23,Completed
PAY-0010355,ORD-0010355,Gift Card,1788.99,2026-06-29,Completed
PAY-0002835,ORD-0002835,Debit Card,96.45,2026-08-27,Refunded
PAY-0006120,ORD-0006120,Credit Card,140155.52,2026-05-27,Pending
PAY-0006154,ORD-0006154,Debit Card,146.62,2026-04-17,Failed
PAY-0000809,ORD-0000809,Credit Card,1613.28,2025-08-09,Pending
PAY-0005643,ORD-0005643,Credit Card,663.94,2026-09-03,Failed
PAY-0006068,ORD-0006068,Credit Card,1436.22,2026-04-12,Completed
PAY-0011765,ORD-0011765,Credit Card,2628.8,2026-05-15,Refunded
PAY-0006612,ORD-0006612,Debit Card,2423.22,2025-02-22,Completed
PAY-0004306,ORD-0004306,Bank Transfer,471.65,2026-03-12,Pending
PAY-0009775,ORD-0009775,Credit Card,1008.65,2026-04-01,Completed
PAY-0000991,ORD-0000991,Debit Card,1341.96,2026-09-06,Completed
PAY-0001676,ORD-0001676,Credit Card,2093.5,2025-02-03,Completed
PAY-0003671,ORD-0003671,Debit Card,3391.36,2025-07-08,Failed
PAY-0008495,ORD-0916712,Debit Card,1522.75,2026-05-06,Completed
PAY-0006345,ORD-0006345,PayPal,1623.15,2026-08-29,Refunded
PAY-0004938,ORD-0004938,Debit Card,2246.32,2026-09-06,Refunded
PAY-0007982,ORD-0007982,Credit Card,361.9,2026-05-10,Completed
PAY-0005618,ORD-0005618,PayPal,2268.35,2025-06-04,Completed
PAY-0003085,ORD-0003085,Credit Card,2431.57,2026-03-10,Completed
PAY-0010373,ORD-0010373,Gift Card,54.27,2026-09-02,Completed
PAY-0001559,ORD-0001559,Credit Card,2124.95,2026-07-19,Completed
PAY-0001934,ORD-0001934,Credit Card,4878.72,2026-09-02,Completed
PAY-0001645,ORD-0001645,Debit Card,2531.69,2026-03-12,Completed
PAY-0007716,ORD-0007716,Debit Card,2888.47,2025-12-07,Completed
PAY-0010339,ORD-0010339,Credit Card,2047.35,2026-07-09,Completed
PAY-0007738,ORD-0007738,PayPal,1262.64,2026-08-08,Completed
PAY-0011770,ORD-0011770,Credit Card,2962.12,2025-09-18,Failed
PAY-0010807,ORD-0010807,Credit Card,1869.29,2026-03-16,Completed
PAY-0002515,ORD-0002515,Debit Card,3726.35,2026-01-29,Completed
PAY-0009016,ORD-0009016,Bank Transfer,2865.63,2026-05-23,Completed
PAY-0011372,ORD-0011372,Debit Card,1057.8,2026-01-12,Completed
PAY-0005008,ORD-0005008,Credit Card,3810.83,2026-07-02,Completed
PAY-0011317,ORD-0011317,Credit Card,2322.71,2026-05-04,Pending
PAY-0008951,ORD-0008951,PayPal,1037.56,2025-06-01,Completed
PAY-0005181,ORD-0005181,Credit Card,1887.7,2025-06-27,Completed
PAY-0001534,ORD-0001534,Debit Card,4832.96,2026-03-30,Completed
PAY-0000755,ORD-0000755,Credit Card,2218.62,2026-06-07,Completed
PAY-0004844,ORD-0004844,PayPal,3606.35,2025-10-24,Completed
PAY-0001067,ORD-0939586,Credit Card,287.99,2026-05-16,Pending
PAY-0000953,ORD-0000953,Credit Card,4805.64,2026-06-30,Completed
PAY-0003574,ORD-0003574,Credit Card,641.38,2026-08-31,Pending
PAY-0006750,ORD-0006750,Gift Card,814.44,2026-08-07,Completed
PAY-0006528,ORD-0006528,,1045.04,2026-08-12,Completed
PAY-0003362,ORD-0003362,Debit Card,137.01,05/06/2026,Failed
PAY-0003704,ORD-0003704,Credit Card,154.9,2026-02-19,Completed
PAY-0007912,ORD-0007912,Credit Card,795.55,2026-04-23,Refunded
PAY-0006792,ORD-0006792,Debit Card,3153.64,2026-05-25,Completed
PAY-0005880,ORD-0005880,Credit Card,1397.89,2026-08-03,Completed
PAY-0001419,ORD-0001419,Credit Card,2070.18,2026-02-17,Completed
PAY-0005550,ORD-0005550,Debit Card,4432.64,2025-07-24,Pending
PAY-0010140,ORD-0010140,PayPal,2807.74,2026-07-21,Completed
PAY-0002257,ORD-0002257,PayPal,2653.39,2025-08-28,Completed
PAY-0011146,ORD-0011146,Credit Card,567.18,2026-09-06,Refunded
PAY-0007663,ORD-0007663,PayPal,218.35abc,2024-11-02,Pending
PAY-0002677,ORD-0002677,Credit Card,2142.3,2026-05-01,Completed
PAY-0010456,ORD-0010456,Debit Card,4588.6,2025-03-04,Completed
PAY-0001685,ORD-0001685,Gift Card,2750.62,2025-02-12,Completed
PAY-0010077,ORD-0010077,Debit Card,2197.48,2024-06-28,Pending
PAY-0001777,ORD-0001777,Credit Card,115.25,2026-05-21,Pending
PAY-0002460,ORD-0903269,Debit Card,1282.21,2025-07-12,Completed
PAY-0008451,ORD-0008451,Credit Card,599.12,2026-08-09,Completed
PAY-0010229,ORD-0010229,Credit Card,4122.17,2025-01-25,Refunded
PAY-0006373,ORD-0006373,Credit Card,303.78,"May 19, 2026",Completed
PAY-0010896,ORD-0010896,Credit Card,6007.29,2026-07-11,Completed
PAY-0008251,ORD-0008251,Credit Card,3395.62,2026-07-10,Completed
PAY-0000617,ORD-0000617,Credit Card,1921.68,2026-01-14,Pending
PAY-0002531,ORD-0002531,Credit Card,$2961.64,08-Dec-2025,Pending
PAY-0010557,ORD-0010557,Credit Card,5598.97,2024-10-23,Completed
PAY-0009921,ORD-0009921,Debit Card,76.59,2026-08-06,Completed
PAY-0003866,ORD-0003866,Gift Card,1770.7,2026-08-15,Completed
PAY-0011757,ORD-0011757,Debit Card,124.76,2025-09-12,Failed
PAY-0009819,ORD-0009819,PayPal,1733.3,2026-02-01,Completed
PAY-0006238,ORD-0006238,Debit Card,68.42,2026-07-26,Failed
PAY-0002154,ORD-0002154,PayPal,421.86,2026-05-04,Completed
PAY-0004812,ORD-0004812,PayPal,null,2025-11-16,Completed
PAY-0000436,ORD-0000436,Bank Transfer,920.06,2024-08-20,Completed
PAY-0006388,ORD-0006388,PayPal,3134.96,2024-09-03,Completed
PAY-0000198,ORD-0000198,Credit Card,450.64abc,2026-08-08,Completed
PAY-0009006,ORD-0009006,,5057.59,2026-09-02,Failed
PAY-0001570,ORD-0001570,PayPal,3071.05,"August 11, 2026",Completed
PAY-0009517,ORD-0009517,Bank Transfer,461.75,2026-07-15,Completed
PAY-0008930,ORD-0008930,Debit Card,4011.04,2026-09-06,Refunded
PAY-0003119,ORD-0003119,PayPal,1501.12,2025-12-19,Completed
PAY-0002988,ORD-0002988,Credit Card,1321.0,2026-02-06,Completed
PAY-0008277,ORD-0008277,Credit Card,397.15,2026-09-03,Completed
PAY-0004206,ORD-0004206,PayPal,880.42,2024-09-13,Completed
PAY-0006423,ORD-0006423,Debit Card,799.8,2025-08-11,Failed
PAY-0011863,ORD-0011863,Credit Card,716.93,2026-05-19,Pending
PAY-0005734,ORD-0005734,Credit Card,198.01,2025-09-03,Refunded
PAY-0001273,ORD-0001273,PayPal,265.66,2025-02-03,Failed
PAY-0003211,ORD-0003211,Credit Card,736.24,2026-08-11,Completed
PAY-0002199,ORD-0002199,PayPal,525.45,2026-01-30,Completed
PAY-0007777,ORD-0007777,Debit Card,3857.8,2025-10-16,Completed
PAY-0011639,ORD-0011639,Bank Transfer,282.34,2024-05-14,Completed
PAY-0003709,ORD-0003709,PayPal,1826.84,2026-01-19,Completed
PAY-0011583,ORD-0011583,Debit Card,1046.64,2026-07-09,Completed
PAY-0002057,ORD-0002057,Bank Transfer,2774.52,18-Mar-2026,Pending
PAY-0011824,ORD-0011824,PayPal,1425.51,2023-12-20,Refunded
PAY-0007484,ORD-0007484,,2125.28,2026-03-26,Completed
PAY-0002973,ORD-0002973,Credit Card,1506.0,2024-01-03,Refunded
PAY-0008659,ORD-0008659,Credit Card,1273.85abc,2024-09-27,Completed
PAY-0011984,ORD-0011984,Credit Card,2325.85,2024-12-03,Completed
PAY-0005161,ORD-0923196,Credit Card,1179.11,2026-05-30,Completed
PAY-0009583,ORD-0009583,Credit Card,1643.75abc,2026-08-08,Completed
PAY-0009148,ORD-0009148,Credit Card,3849.06,2026-07-27,Failed
PAY-0009337,ORD-0009337,Gift Card,4207.5,2026-05-22,Completed
PAY-0006331,ORD-0953667,PayPal,119.24,2024-09-29,Failed
PAY-0004960,ORD-0004960,Bank Transfer,1503.42,08/04/2026,Refunded
PAY-0002120,ORD-0002120,PayPal,680.21,2026-05-21,Failed
PAY-0006017,ORD-0006017,Credit Card,2496.21,06/05/2024,Refunded
PAY-0005838,ORD-0005838,Debit Card,1959.21,2026-08-31,Completed
PAY-0000395,ORD-0000395,PayPal,5015.22,2026-06-27,Completed
PAY-0003282,ORD-0003282,Credit Card,2139.16,2025-05-18,Completed
PAY-0008474,ORD-0008474,Credit Card,420.48,2025-12-20,Completed
PAY-0001710,ORD-0001710,Credit Card,3177.94,2026-03-28,Completed
PAY-0004291,ORD-0004291,Credit Card,987.08,2024-12-24,Refunded
PAY-0002228,ORD-0002228,Debit Card,2684.28,2025-04-30,Pending
PAY-0001247,ORD-0001247,PayPal,4067.98,2025-10-05,Failed
PAY-0005489,ORD-0005489,Gift Card,256.9,2025-03-03,Completed
PAY-0005668,ORD-0005668,Credit Card,783.26,2025-03-22,Completed
PAY-0005128,ORD-0005128,Credit Card,844.8,2026-01-21,Failed
PAY-0002374,ORD-0002374,PayPal,223.96,2024-10-05,Completed
PAY-0002406,ORD-0002406,PayPal,2987.03,2026-03-27,Failed
PAY-0001563,ORD-0913165,Gift Card,498.1,2026-08-20,Completed
PAY-0004447,ORD-0004447,Credit Card,4793.46,2024-05-16,Completed
PAY-0007641,ORD-0007641,PayPal,3537.21,2026-09-05,Failed
PAY-0002209,ORD-0002209,PayPal,1543.42,2026-07-24,Completed
PAY-0008922,ORD-0008922,Debit Card,n/a,2024-11-22,Completed
PAY-0011965,ORD-0011965,Credit Card,164.65,2026-08-11,Completed
PAY-0005121,ORD-0005121,Debit Card,50635.46,2026-06-23,Completed
PAY-0000570,ORD-0000570,PayPal,1167.31,2026-02-28,Completed
PAY-0010710,ORD-0010710,PayPal,234.5,2026-01-26,Pending
PAY-0002456,ORD-0002456,,4453.67,2026-08-27,Completed
PAY-0008204,ORD-0008204,Debit Card,113.73,2026-06-16,Completed
PAY-0003067,ORD-0003067,Credit Card,1295.77,2026-07-25,Completed
PAY-0000124,ORD-0000124,Credit Card,1432.15,2026-06-30,Completed
PAY-0004353,ORD-0004353,PayPal,-937.84,2026-07-08,Completed
PAY-0005882,ORD-0005882,Bank Transfer,603.69,2026-03-31,Completed
PAY-0008245,ORD-0008245,Debit Card,1575.86abc,2025-06-27,Completed
PAY-0006949,ORD-0006949,Gift Card,2677.37,2026-09-03,Pending
PAY-0008049,ORD-0008049,Bank Transfer,1805.99,2026-08-22,Completed
PAY-0011432,ORD-0011432,Credit Card,567.38,2026-08-12,Completed
PAY-0009456,ORD-0009456,,1504.28,2026-05-24,Failed
PAY-0005034,ORD-0005034,Credit Card,3312.09,2026-03-07,Completed
PAY-0011930,ORD-0011930,,1915.24,2026-01-27,Completed
PAY-0001061,ORD-0001061,Debit Card,217.97,2025-03-17,Pending
PAY-0011329,ORD-0011329,Gift Card,799.01,2025-01-17,Completed
PAY-0004947,ORD-0004947,PayPal,2002.12,2025-10-08,Failed
PAY-0000099,ORD-0000099,Gift Card,3189.87,20-Apr-2026,Completed
PAY-0011637,ORD-0011637,PayPal,827.49,2026-07-30,Completed
PAY-0005178,ORD-0005178,Credit Card,860.12,2026-01-28,Completed
PAY-0002870,ORD-0002870,Gift Card,439.11,2026-05-04,Pending
PAY-0005030,ORD-0005030,Credit Card,223.54,2026-08-24,Failed
PAY-0003484,ORD-0003484,Credit Card,1289.63,2025-03-30,Pending
PAY-0009798,ORD-0009798,Credit Card,1618.28,2024-11-18,Pending
PAY-0001921,ORD-0001921,Debit Card,1308.32,2026-01-09,Completed
PAY-0005588,ORD-0005588,Debit Card,1450.99,2026-06-05,Completed
PAY-0008488,ORD-0008488,Credit Card,3776.94,2026-07-03,Failed
PAY-0003291,ORD-0003291,Debit Card,1957.33,2024-09-04,Failed
PAY-0010948,ORD-0010948,PayPal,424.37,2026-04-08,Pending
PAY-0007520,ORD-0007520,Gift Card,604.08,2024-06-29,Failed
PAY-0010163,ORD-0010163,Debit Card,1445.31,2026-03-08,Completed
PAY-0004900,ORD-0004900,PayPal,6875.19,2025-11-23,Failed
PAY-0005918,ORD-0005918,Debit Card,4478.82,2026-08-30,Completed
PAY-0002656,ORD-0956391,Credit Card,500.55abc,2025-12-12,Completed
PAY-0006572,ORD-0006572,,1886.96,2026-04-16,Refunded
PAY-0011612,ORD-0011612,PayPal,54.62,2026-03-18,Pending
PAY-0009786,ORD-0009786,Debit Card,908.05,09-Oct-2025,Completed
PAY-0000900,ORD-0000900,Debit Card,1206.76,2025-10-31,Completed
PAY-0009136,ORD-0009136,Credit Card,545.61abc,2026-02-12,Failed
PAY-0002104,ORD-0002104,Debit Card,3541.93,2024-12-21,Completed
PAY-0008757,ORD-0008757,Gift Card,2223.42,2025-12-06,Completed
PAY-0006480,ORD-0006480,Debit Card,372.9,2025-12-21,Completed
PAY-0006087,ORD-0006087,Credit Card,4415.51,2026-02-20,Refunded
PAY-0002103,ORD-0002103,Debit Card,1680.04,2026-07-28,Completed
PAY-0007659,ORD-0007659,Gift Card,425.64,2025-04-01,Completed
PAY-0000838,ORD-0000838,Credit Card,4818.99,2026-06-04,Failed
PAY-0004832,ORD-0004832,Debit Card,3215.02,2026-07-26,Refunded
PAY-0002902,ORD-0002902,Debit Card,969.37,2026-03-16,Completed
PAY-0002015,ORD-0002015,Debit Card,1764.83,2026-06-29,Completed
PAY-0006564,ORD-0006564,Bank Transfer,1726.83,2026-06-26,Failed
PAY-0001290,ORD-0001290,PayPal,2143.05,2025-11-24,Completed
PAY-0002298,ORD-0002298,Credit Card,2421.02,2025-11-20,Failed
PAY-0009168,ORD-0009168,,2080.91,2025-11-14,Completed
PAY-0006669,ORD-0006669,,2460.19,2026-08-17,Completed
PAY-0008864,ORD-0008864,Bank Transfer,1198.26,2025-04-16,Completed
PAY-0008110,ORD-0008110,PayPal,2143.71,2026-06-23,Completed
PAY-0003776,ORD-0003776,PayPal,1635.59,2025-07-24,Pending
PAY-0007304,ORD-0007304,PayPal,2373.04,2026-05-24,Refunded
PAY-0000579,ORD-0000579,,510.38,2026-04-27,Refunded
PAY-0005705,ORD-0005705,Bank Transfer,2249.24,2025-11-30,Completed
PAY-0004743,ORD-0004743,Gift Card,458.79,2026-02-28,Completed
PAY-0002726,ORD-0002726,Gift Card,727.55,2024-12-20,Refunded
PAY-0002293,ORD-0002293,Gift Card,573.68,2025-11-30,Completed
PAY-0007669,ORD-0007669,Credit Card,455.82,2025-12-11,Completed
PAY-0010167,ORD-0010167,Credit Card,908.45,2025-07-10,Completed
PAY-0002382,ORD-0002382,Gift Card,3443.6,2025-10-04,Completed
PAY-0009546,ORD-0009546,Debit Card,2484.48,2026-04-10,Completed
PAY-0007515,ORD-0007515,Debit Card,500.37,2026-01-28,Failed
PAY-0006902,ORD-0006902,PayPal,1377.96,2026-08-25,Completed
PAY-0011653,ORD-0011653,PayPal,1950.12,2026-05-09,Completed
PAY-0007253,ORD-0007253,Credit Card,2507.16,2024-12-05,Completed
PAY-0000059,ORD-0000059,Debit Card,1905.05,2024-10-21,Completed
PAY-0009643,ORD-0009643,Credit Card,13.12,2026-08-22,Completed
PAY-0008505,ORD-0008505,Debit Card,1703.62,2025-11-05,Completed
PAY-0007182,ORD-0007182,Debit Card,1511.84,2025-09-21,Completed
PAY-0004094,ORD-0004094,Gift Card,$1111.66,2026-08-13,Pending
PAY-0005071,ORD-0005071,Credit Card,2543.1,2026-06-27,Completed
PAY-0001826,ORD-0001826,Credit Card,285.02,2025-10-21,Completed
PAY-0007824,ORD-0007824,Credit Card,3451.31,2026-04-26,Failed
PAY-0011043,ORD-0011043,Credit Card,1173.58,2026-05-26,Pending
PAY-0005947,ORD-0005947,Credit Card,923.3,2026-03-04,Completed
PAY-0010245,ORD-0010245,Credit Card,11.35,2024-12-20,Refunded
PAY-0008424,ORD-0008424,Credit Card,1151.14,2024-12-16,Completed
PAY-0010207,ORD-0010207,Credit Card,473.23,2024-04-21,Completed
PAY-0009881,ORD-0009881,PayPal,3306.36,2026-08-30,Completed
PAY-0002170,ORD-0002170,Gift Card,1994.29,2025-10-07,Failed
PAY-0006406,ORD-0006406,PayPal,96.55,2026-09-06,Completed
PAY-0004802,ORD-0004802,Debit Card,2317.11,2026-06-26,Completed
PAY-0008308,ORD-0008308,Debit Card,4616.38,2026-07-17,Pending
PAY-0001470,ORD-0001470,Gift Card,460.44,2025-08-13,Completed
PAY-0006280,ORD-0006280,Credit Card,4087.61,2026-04-02,Completed
PAY-0004259,ORD-0004259,Credit Card,3259.25,2026-03-03,Completed
PAY-0002408,ORD-0002408,Debit Card,295611.46,2026-07-27,Completed
PAY-0001858,ORD-0001858,Bank Transfer,844.5,2026-01-13,Completed
PAY-0007792,ORD-0007792,PayPal,323.0,2026-07-31,Completed
PAY-0009482,ORD-0009482,PayPal,1584.83,2025-04-27,Completed
PAY-0009251,ORD-0009251,Gift Card,835.88,2025-01-09,Pending
PAY-0001080,ORD-0001080,PayPal,$3214.5,2025-09-23,Failed
PAY-0006916,ORD-0006916,Credit Card,2134.55,2025-06-30,Completed
PAY-0001180,ORD-0001180,Debit Card,29125.93,2025-01-16,Completed
PAY-0008322,ORD-0008322,Debit Card,2929.62,2026-06-21,Completed
PAY-0000843,ORD-0000843,Credit Card,178.99,2026-04-20,Completed
PAY-0000414,ORD-0000414,Credit Card,2764.46,2026-03-05,Pending
PAY-0001846,ORD-0001846,PayPal,663.53,2026-06-19,Failed
PAY-0003862,ORD-0003862,Debit Card,5163.32,2025-09-24,Completed
PAY-0006824,ORD-0006824,Debit Card,251.16,2026-04-17,Completed
PAY-0008050,ORD-0008050,Debit Card,96.05,2026-08-15,Failed
PAY-0007454,ORD-0007454,Credit Card,225.45,2026-07-05,Completed
PAY-0001639,ORD-0001639,Credit Card,987.3,2025-10-26,Completed
PAY-0011691,ORD-0011691,PayPal,2477.2,2026-04-23,Completed
PAY-0004329,ORD-0004329,PayPal,623.89,2026-03-11,Completed
PAY-0002031,ORD-0002031,Gift Card,2702.93,2024-07-18,Completed
PAY-0008739,ORD-0008739,Debit Card,869.08,2026-03-20,Completed
PAY-0001943,ORD-0001943,Credit Card,-1815.66,2025-02-13,Completed
PAY-0001547,ORD-0001547,PayPal,326.89,2026-06-24,Pending
PAY-0009420,ORD-0009420,Debit Card,5702.09,2025-09-11,Completed
PAY-0011548,ORD-0011548,Debit Card,2088.71,2025-08-25,Failed
PAY-0003129,ORD-0003129,PayPal,2488.12,2025-12-30,Completed
PAY-0010731,ORD-0010731,PayPal,1172.62,2025-12-21,Completed
PAY-0002169,ORD-0002169,Debit Card,2894.52,2025-11-24,Completed
PAY-0002840,ORD-0002840,Debit Card,1614.89,2024-04-23,Completed
PAY-0008651,ORD-0008651,Credit Card,483.6,2026-04-13,Completed
PAY-0007677,ORD-0007677,Debit Card,1439.34,2025-10-09,Completed
PAY-0003294,ORD-0003294,Credit Card,444.12,2024-10-20,Completed
PAY-0011437,ORD-0011437,Credit Card,2585.66,2025-03-24,Completed
PAY-0002397,ORD-0002397,Credit Card,1511.34,2026-03-07,Completed
PAY-0002200,ORD-0002200,Credit Card,4076.9,2025-12-07,Pending
PAY-0005537,ORD-0005537,Credit Card,2840.47,2026-06-13,Refunded
PAY-0004857,ORD-0004857,Bank Transfer,1506.99,2026-08-14,Completed
PAY-0008875,ORD-0008875,Gift Card,105694.39,2026-01-29,Completed
PAY-0001408,ORD-0001408,Gift Card,2268.55,2024-04-05,Completed
PAY-0002000,ORD-0002000,Credit Card,852.59,2025-06-15,Completed
PAY-0009443,ORD-0009443,Debit Card,2117.59,"November 13, 2025",Completed
PAY-0009525,ORD-0928541,Bank Transfer,2076.45,2024-07-18,Refunded
PAY-0006401,ORD-0006401,PayPal,2714.53,2025-09-13,Failed
PAY-0006967,ORD-0006967,Gift Card,626.98,2024-12-21,Failed
PAY-0004810,ORD-0004810,Debit Card,3262.38,2026-06-14,Completed
PAY-0001901,ORD-0001901,Credit Card,503.55,2026-09-02,Refunded
PAY-0010831,ORD-0010831,Credit Card,1417.4,2025-03-23,Completed
PAY-0002748,ORD-0002748,Credit Card,546.12,2025-12-17,Completed
PAY-0001130,ORD-0001130,Bank Transfer,3623.7,2026-08-20,Completed
PAY-0002077,ORD-0002077,PayPal,2389.07,2025-04-19,Refunded
PAY-0005002,ORD-0005002,Credit Card,712.74,2026-01-30,Pending
PAY-0008713,ORD-0008713,Credit Card,13150.98,"July 23, 2026",Failed
PAY-0003026,ORD-0003026,PayPal,2601.23,2026-05-28,Completed
PAY-0001948,ORD-0001948,PayPal,586.43,2026-08-20,Completed
PAY-0000862,ORD-0000862,Credit Card,2556.52,2026-02-07,Completed
PAY-0011806,ORD-0011806,Credit Card,341.96,2024-09-30,Completed
PAY-0010409,ORD-0010409,Credit Card,1236.26,2025-02-07,Completed
PAY-0006175,ORD-0006175,Credit Card,446.72,2024-01-08,Pending
PAY-0008760,ORD-0008760,Debit Card,2026.47,2025-04-21,Completed
PAY-0000357,ORD-0000357,PayPal,3976.05,2026-05-10,Completed
PAY-0005339,ORD-0005339,PayPal,778.15,2025-07-18,Completed
PAY-0007201,ORD-0007201,Debit Card,1133.34,2025-07-08,Completed
PAY-0003811,ORD-0003811,Credit Card,802.09,2026-02-09,Completed
PAY-0011900,ORD-0011900,Debit Card,321.96,2026-05-27,Completed
PAY-0006831,ORD-0006831,Bank Transfer,2361.48,2024-10-20,Failed
PAY-0005314,ORD-0005314,Debit Card,390.72,2026-04-02,Completed
PAY-0007508,ORD-0007508,Credit Card,5703.49,2026-07-31,Pending
PAY-0003727,ORD-0003727,Credit Card,999.45,2025-07-28,Failed
PAY-0005333,ORD-0005333,Gift Card,228.86,2026-08-19,Completed
PAY-0011802,ORD-0011802,Debit Card,2303.38,2026-07-31,Completed
PAY-0011431,ORD-0011431,Bank Transfer,3591.28,2026-07-25,Completed
PAY-0000028,ORD-0991030,Credit Card,3594.36,2026-08-29,Pending
PAY-0000179,ORD-0000179,Debit Card,1056.67,2026-07-18,Completed
PAY-0011763,ORD-0011763,Credit Card,83.68,2026-08-05,Completed
PAY-0005665,ORD-0005665,Gift Card,121176.33,2025-01-02,Failed
PAY-0009395,ORD-0009395,Credit Card,1249.63,2026-08-03,Refunded
PAY-0000655,ORD-0000655,Debit Card,1970.62,2026-04-15,Refunded
PAY-0006207,ORD-0006207,Bank Transfer,1696.81,2026-04-23,Completed
PAY-0004660,ORD-0004660,Debit Card,4536.3,2026-02-16,Completed
PAY-0009820,ORD-0922693,Credit Card,1964.8,2025-11-29,Refunded
PAY-0011966,ORD-0011966,,996.68,2026-07-26,Completed
PAY-0005911,ORD-0005911,Debit Card,$759.63,2025-04-19,Completed
PAY-0002724,ORD-0002724,Credit Card,2577.88,2026-05-08,Failed
PAY-0005352,ORD-0005352,Debit Card,3621.5,2025-10-10,Pending
PAY-0000620,ORD-0000620,Debit Card,1098.35,2026-03-11,Completed
PAY-0009210,ORD-0009210,Debit Card,562.68,2026-08-02,Completed
PAY-0006605,ORD-0006605,Gift Card,678.45,2025-11-14,Pending
PAY-0011533,ORD-0011533,Gift Card,3425.03,2026-06-15,Completed
PAY-0002987,ORD-0002987,Debit Card,426.96,2025-08-10,Failed
PAY-0003890,ORD-0003890,Gift Card,2523.8,2026-07-09,Pending
PAY-0005682,ORD-0005682,Gift Card,437.66,2026-02-11,Completed
PAY-0004902,ORD-0004902,Debit Card,943.26,2025-10-02,Completed
PAY-0008712,ORD-0008712,Gift Card,5526.15,2026-07-24,Failed
PAY-0008259,ORD-0008259,Gift Card,797.68,2025-11-12,Completed
PAY-0000833,ORD-0000833,Credit Card,2190.89,01-Sep-2025,Completed
PAY-0007403,ORD-0007403,Credit Card,1958.78,2025-04-30,Completed
PAY-0000174,ORD-0000174,,670.7,2026-06-23,Completed
PAY-0006971,ORD-0006971,Credit Card,805.19,2026-07-10,Completed
PAY-0010283,ORD-0010283,Debit Card,45423.15,05/15/2025,Completed
PAY-0003269,ORD-0003269,Debit Card,466.55,2026-04-03,Completed
PAY-0008638,ORD-0008638,Debit Card,2795.9,2026-03-07,Completed
PAY-0002611,ORD-0002611,PayPal,780.91,2026-08-05,Completed
PAY-0005872,ORD-0005872,Debit Card,713.66,2026-06-29,Completed
PAY-0010478,ORD-0010478,Debit Card,404.1,2025-12-14,Completed
PAY-0008555,ORD-0008555,Credit Card,5689.49,2026-08-22,Refunded
PAY-0008066,ORD-0008066,Credit Card,525.4,2025-12-04,Completed
PAY-0002121,ORD-0002121,Credit Card,863.48,2025-06-01,Completed
PAY-0004712,ORD-0004712,Debit Card,703.28,2024-10-19,Failed
PAY-0005382,ORD-0005382,Debit Card,1418.79,2025-06-15,Completed
PAY-0003718,ORD-0003718,PayPal,1230.33,2025-12-20,Completed
PAY-0009610,ORD-0009610,PayPal,2907.65,2025-10-07,Completed
PAY-0004118,ORD-0004118,Debit Card,3349.84,2024-11-18,Refunded
PAY-0005366,ORD-0005366,Debit Card,2366.38,2026-06-08,Completed
PAY-0002151,ORD-0002151,PayPal,2035.82,2026-06-23,Completed
PAY-0006258,ORD-0006258,Gift Card,1617.17,2026-09-05,Completed
PAY-0001065,ORD-0001065,Credit Card,1654.87,2025-09-09,Completed
PAY-0007589,ORD-0007589,Credit Card,124.28,04/30/2025,Completed
PAY-0011122,ORD-0011122,Credit Card,2603.94,2026-08-13,Completed
PAY-0006966,ORD-0006966,Gift Card,465.48,2026-04-20,Pending
PAY-0007690,ORD-0007690,PayPal,1563.11,2026-07-22,Completed
PAY-0010655,ORD-0010655,PayPal,4962.67,2026-01-01,Failed
PAY-0002757,ORD-0002757,Credit Card,562.65,2024-07-08,Completed
PAY-0005132,ORD-0005132,Debit Card,411.64,2024-11-12,Completed
PAY-0000708,ORD-0000708,Credit Card,265.74,2024-11-09,Completed
PAY-0006915,ORD-0006915,Debit Card,294.18,2026-07-29,Completed
PAY-0004922,ORD-0004922,Credit Card,1609.24,2026-06-08,Failed
PAY-0004260,ORD-0004260,Gift Card,771.07,2026-02-20,Completed
PAY-0001495,ORD-0001495,Debit Card,1659.53,2025-04-29,Refunded
PAY-0008784,ORD-0008784,Debit Card,2435.06,2026-01-07,Completed
PAY-0004397,ORD-0004397,Credit Card,1712.58,2026-08-25,Completed
PAY-0000265,ORD-0000265,PayPal,70.04,2026-01-08,Failed
PAY-0006910,ORD-0006910,Credit Card,425.03,2025-04-27,Pending
PAY-0000802,ORD-0000802,Debit Card,2893.19,2024-02-21,Completed
PAY-0009526,ORD-0009526,PayPal,975.25,2026-08-06,Failed
PAY-0008853,ORD-0008853,Credit Card,590.39,2026-04-03,Completed
PAY-0003767,ORD-0003767,PayPal,1111.16,2026-06-19,Completed
PAY-0011787,ORD-0011787,Debit Card,2903.71,2025-10-26,Failed
PAY-0000024,ORD-0000024,Credit Card,552.33,2025-06-13,Failed
PAY-0005477,ORD-0005477,,1390.22,15-Oct-2025,Completed
PAY-0002271,ORD-0002271,Debit Card,3419.27,2023-12-08,Completed
PAY-0011902,ORD-0011902,Bank Transfer,1739.7abc,2026-02-03,Completed
PAY-0002304,ORD-0002304,PayPal,2666.5,2024-12-15,Refunded
PAY-0006454,ORD-0006454,PayPal,2267.41,2024-04-21,Refunded
PAY-0000929,ORD-0000929,Debit Card,130.94,2026-02-06,Refunded
PAY-0008715,ORD-0008715,Gift Card,-564.69,2026-09-04,Completed
PAY-0009832,ORD-0009832,,147.04,2024-12-13,Pending
PAY-0000661,ORD-0000661,,31.68,2025-08-07,Completed
PAY-0003678,ORD-0003678,Debit Card,1289.61,2024-11-23,Completed
PAY-0000707,ORD-0000707,Debit Card,661.11,2026-07-21,Completed
PAY-0011758,ORD-0011758,PayPal,1002.6,2026-07-04,Completed
PAY-0011684,ORD-0011684,Debit Card,53.62,2026-01-28,Completed
PAY-0009520,ORD-0009520,PayPal,1188.9,2025-06-08,Pending
PAY-0001804,ORD-0001804,Gift Card,1882.04,2026-04-14,Failed
PAY-0010358,ORD-0964640,Credit Card,439.85,2024-03-13,Completed
PAY-0003353,ORD-0970439,Debit Card,-762.11,2026-05-16,Completed
PAY-0004635,ORD-0004635,Debit Card,2018.78,2026-03-28,Refunded
PAY-0009110,ORD-0009110,Credit Card,719.2,2025-07-13,Failed
PAY-0007478,ORD-0007478,Credit Card,3959.56,2025-09-26,Completed
PAY-0007835,ORD-0007835,,1690.05,2025-07-18,Completed
PAY-0010786,ORD-0010786,Debit Card,446.56,2026-01-02,Completed
PAY-0005685,ORD-0005685,,1008.79,2026-03-11,Completed
PAY-0005211,ORD-0005211,Credit Card,1405.06,"December 07, 2025",Completed
PAY-0006690,ORD-0006690,Credit Card,51.36,2026-08-23,Failed
PAY-0009030,ORD-0009030,Credit Card,3469.71,2026-01-11,Pending
PAY-0002592,ORD-0985034,Debit Card,2920.2,2026-06-20,Completed
PAY-0004813,ORD-0004813,Debit Card,2178.57,2026-04-20,Pending
PAY-0007122,ORD-0007122,Credit Card,2737.45,2026-07-31,Completed
PAY-0004226,ORD-0004226,Bank Transfer,2347.68,2025-08-28,Refunded
PAY-0011162,ORD-0011162,Credit Card,644.88,2025-06-15,Completed
PAY-0008894,ORD-0008894,PayPal,3909.47,2025-10-19,Completed
PAY-0003477,ORD-0003477,Debit Card,461.84,2025-11-02,Completed
PAY-0009207,ORD-0009207,Credit Card,2249.85,2026-01-19,Completed
PAY-0010010,ORD-0010010,Credit Card,3257.53,2025-12-21,Completed
PAY-0005922,ORD-0005922,Credit Card,292.41,2025-11-04,Pending
PAY-0008116,ORD-0008116,Credit Card,4658.24,2025-02-16,Completed
PAY-0009773,ORD-0009773,Credit Card,1579.46,2026-09-01,Completed
PAY-0011895,ORD-0011895,Bank Transfer,2134.84,2024-05-22,Refunded
PAY-0009519,ORD-0009519,PayPal,315.59,2025-02-02,Failed
PAY-0010267,ORD-0010267,PayPal,29.26,2026-03-24,Refunded
PAY-0003420,ORD-0003420,Gift Card,4895.56,2025-02-17,Completed
PAY-0002568,ORD-0002568,Credit Card,159.75,2025-12-11,Completed
PAY-0001859,ORD-0001859,PayPal,1630.87,2025-09-15,Completed
PAY-0010079,ORD-0010079,Credit Card,1502.28,2026-03-23,Completed
PAY-0010725,ORD-0010725,Debit Card,3016.61,2024-10-14,Pending
PAY-0001066,ORD-0001066,Credit Card,1176.78,2025-03-27,Pending
PAY-0005062,ORD-0005062,Debit Card,1969.36,2025-10-30,Refunded
PAY-0004496,ORD-0004496,Credit Card,379.66,2025-11-27,Refunded
PAY-0005448,ORD-0005448,Debit Card,303.98,2026-05-03,Completed
PAY-0000236,ORD-0000236,PayPal,-1363.59,2026-07-02,Completed
PAY-0007785,ORD-0007785,Credit Card,5588.5,2026-01-10,Completed
PAY-0003246,ORD-0003246,,1374.66,2025-01-10,Completed
PAY-0002829,ORD-0002829,Bank Transfer,48.41,2026-08-27,Completed
PAY-0009817,ORD-0009817,Credit Card,2014.2,"April 06, 2026",Refunded
PAY-0003370,ORD-0003370,Credit Card,51908.3,2026-08-27,Failed
PAY-0011327,ORD-0011327,Debit Card,393.7,2025-02-18,Completed
PAY-0002783,ORD-0002783,Credit Card,240.28,2025-10-21,Completed
PAY-0002721,ORD-0904372,Credit Card,1061.5,2025-12-14,Completed
PAY-0001310,ORD-0001310,Gift Card,1483.71,2026-05-07,Completed
PAY-0003182,ORD-0003182,Credit Card,759.63,2026-04-21,Completed
PAY-0008829,ORD-0008829,Credit Card,1945.53,2026-03-05,Completed
PAY-0002345,ORD-0002345,Credit Card,5939.39,2025-10-24,Completed
PAY-0011676,ORD-0011676,Gift Card,841.04,2025-06-18,Completed
PAY-0004211,ORD-0004211,Debit Card,4280.99,2024-11-15,Failed
PAY-0007973,ORD-0007973,Credit Card,2961.24,2026-09-03,Completed
PAY-0000456,ORD-0000456,Debit Card,1328.66,2025-10-22,Failed
PAY-0005665,ORD-0005665,Gift Card,121176.33,2025-01-02,Failed
PAY-0010416,ORD-0010416,Credit Card,1457.38,"April 10, 2026",Completed
PAY-0005318,ORD-0005318,PayPal,3001.28,2025-08-17,Completed
PAY-0007607,ORD-0007607,Debit Card,357.49,2026-07-25,Completed
PAY-0007604,ORD-0007604,Credit Card,3456.23,2026-08-06,Refunded
PAY-0002223,ORD-0002223,Debit Card,2066.63,2025-11-23,Completed
PAY-0008125,ORD-0008125,Credit Card,2388.38,2025-05-23,Completed
PAY-0001213,ORD-0001213,Credit Card,586.4,2025-12-25,Completed
PAY-0004607,ORD-0004607,Credit Card,461.16,2026-08-14,Completed
PAY-0003410,ORD-0003410,Debit Card,1484.04,2025-11-13,Pending
PAY-0004964,ORD-0004964,Gift Card,1181.14,2026-03-08,Completed
PAY-0008685,ORD-0008685,PayPal,573.29,2026-08-23,Completed
PAY-0009398,ORD-0009398,Credit Card,202.89,2024-12-18,Completed
PAY-0002083,ORD-0002083,Credit Card,3431.91,2026-05-07,Completed
PAY-0009476,ORD-0009476,Debit Card,1947.32,2026-07-09,Completed
PAY-0009930,ORD-0009930,Credit Card,217.0,2026-04-22,Failed
PAY-0001628,ORD-0001628,Credit Card,341.8,2026-04-17,Completed
PAY-0005234,ORD-0005234,Credit Card,207.21,2026-08-21,Completed
PAY-0010092,ORD-0010092,PayPal,563.67,2026-07-20,Completed
PAY-0005711,ORD-0005711,Credit Card,796.92,2026-03-16,Refunded
PAY-0009268,ORD-0009268,Bank Transfer,3152.21,2026-07-18,Failed
PAY-0008333,ORD-0008333,PayPal,11.99,2024-03-18,Completed
PAY-0010265,ORD-0010265,Credit Card,3105.69,2025-09-08,Completed
PAY-0009444,ORD-0009444,Credit Card,127848.82,2025-11-28,Refunded
PAY-0000721,ORD-0000721,PayPal,1022.17,2026-07-14,Completed
PAY-0011303,ORD-0011303,Credit Card,427.64,2026-08-19,Failed
PAY-0010309,ORD-0010309,Debit Card,1524.64,2025-06-18,Failed
PAY-0007139,ORD-0007139,Credit Card,2465.29,2026-07-08,Failed
PAY-0009964,ORD-0009964,Debit Card,1489.3,2025-05-17,Completed
PAY-0003118,ORD-0003118,PayPal,757.94,2026-01-08,Completed
PAY-0000487,ORD-0000487,,1224.07,2026-01-12,Completed
PAY-0004634,ORD-0004634,Credit Card,2811.97,2026-08-29,Completed
PAY-0011536,ORD-0011536,Credit Card,2412.68,2026-09-05,Completed
PAY-0011996,ORD-0011996,Debit Card,387.66,2025-11-19,Completed
PAY-0001287,ORD-0001287,Debit Card,3519.67,2026-05-20,Refunded
PAY-0009700,ORD-0009700,Gift Card,116.09,2026-06-21,Completed
PAY-0011135,ORD-0011135,Credit Card,$1756.75,2025-01-06,Completed
PAY-0006731,ORD-0006731,PayPal,268.1,2026-07-07,Refunded
PAY-0001123,ORD-0001123,Gift Card,1542.17,2026-04-02,Completed
PAY-0004848,ORD-0907531,Credit Card,8244.42,2025-10-30,Completed
PAY-0001662,ORD-0001662,PayPal,382.39,2026-05-23,Completed
PAY-0000732,ORD-0000732,Debit Card,476.73,2025-12-10,Completed
PAY-0002994,ORD-0002994,PayPal,4292.55,2026-02-26,Failed
PAY-0005392,ORD-0005392,PayPal,1752.85,2024-08-15,Pending
PAY-0007212,ORD-0007212,,111.82,2026-07-31,Failed
PAY-0008941,ORD-0008941,Debit Card,4846.26,2026-07-25,Pending
PAY-0010434,ORD-0010434,Debit Card,391.78,2026-01-15,Completed
PAY-0010567,ORD-0010567,PayPal,1877.01,2026-07-23,Completed
PAY-0001548,ORD-0001548,PayPal,1356.74,2026-08-04,Completed
PAY-0001712,ORD-0001712,Debit Card,522.61,2026-03-29,Completed
PAY-0001790,ORD-0001790,Credit Card,2716.85,2025-11-26,Refunded
PAY-0007938,ORD-0007938,Credit Card,94929.47,2025-10-28,Completed
PAY-0009753,ORD-0009753,PayPal,772.32,2026-07-18,Failed
PAY-0008334,ORD-0008334,Credit Card,2443.0,2025-03-28,Completed
PAY-0000191,ORD-0000191,Debit Card,1118.03,2026-08-04,Completed
PAY-0001318,ORD-0001318,Credit Card,1013.96,2025-03-02,Completed
PAY-0009959,ORD-0009959,Credit Card,440.37,2026-07-15,Refunded
PAY-0003576,ORD-0003576,Debit Card,3144.4,2026-05-18,Failed
PAY-0011542,ORD-0011542,Debit Card,2794.59,2025-12-11,Completed
PAY-0010359,ORD-0010359,Credit Card,856.28,2026-06-24,Refunded
PAY-0011736,ORD-0011736,PayPal,-2636.77,2025-11-19,Refunded
PAY-0000777,ORD-0000777,Debit Card,594.69,2025-05-21,Completed
PAY-0004146,ORD-0004146,Credit Card,436.81,2025-02-08,Completed
PAY-0007214,ORD-0007214,Credit Card,3705.87,2026-07-02,Refunded
PAY-0010560,ORD-0010560,Gift Card,451.8,2026-09-03,Completed
PAY-0009170,ORD-0009170,Credit Card,8520.94,2026-07-06,Completed
PAY-0002335,ORD-0002335,Credit Card,165.73,2024-12-31,Completed
PAY-0003820,ORD-0003820,PayPal,1812.32,2026-07-22,Completed
PAY-0000632,ORD-0000632,Credit Card,1539.24,2026-08-02,Completed
PAY-0006085,ORD-0006085,PayPal,1209.51,2026-04-24,Completed
PAY-0006651,ORD-0006651,Debit Card,459.97,2024-05-11,Pending
PAY-0009503,ORD-0009503,Credit Card,760.76,01/03/2026,Completed
PAY-0010982,ORD-0010982,Debit Card,1290.54,2025-02-09,Completed
PAY-0001975,ORD-0001975,Gift Card,3919.79,2025-09-12,Failed
PAY-0003763,ORD-0003763,Gift Card,174.27,2026-04-25,Completed
PAY-0009029,ORD-0009029,Debit Card,1766.82,2024-06-06,Failed
PAY-0001644,ORD-0001644,Bank Transfer,221.46,2026-04-18,Pending
PAY-0008152,ORD-0008152,Debit Card,2552.24,2026-07-07,Failed
PAY-0000663,ORD-0000663,Debit Card,892.29,2025-03-17,Completed
PAY-0001546,ORD-0001546,Credit Card,3177.6,2025-02-19,Completed
PAY-0004998,ORD-0004998,Debit Card,2275.19,2026-01-16,Failed
PAY-0000744,ORD-0000744,Credit Card,2946.99,"October 26, 2024",Pending
PAY-0000792,ORD-0000792,Debit Card,2008.34,2026-03-17,Completed
PAY-0005878,ORD-0005878,PayPal,91.59,2026-08-27,Pending
PAY-0001920,ORD-0001920,Debit Card,3489.31,2025-09-20,Refunded
PAY-0002805,ORD-0002805,PayPal,1333.65,2026-08-20,Completed
PAY-0007722,ORD-0007722,Debit Card,1343.82,2026-06-16,Completed
PAY-0006358,ORD-0006358,Gift Card,264.2,2026-07-11,Completed
PAY-0010171,ORD-0010171,Credit Card,1285.67,2024-12-03,Completed
PAY-0004354,ORD-0004354,PayPal,528.7,2026-05-27,Completed
PAY-0008912,ORD-0008912,Credit Card,4409.85,2025-09-21,Pending
PAY-0004542,ORD-0004542,,1646.08,2026-08-16,Completed
PAY-0008777,ORD-0008777,Credit Card,2699.3,2026-06-14,Failed
PAY-0006522,ORD-0006522,PayPal,371.85,2026-06-01,Completed
PAY-0005563,ORD-0005563,Credit Card,4058.97,2026-02-24,Completed
PAY-0010581,ORD-0010581,Credit Card,1607.4,2025-11-04,Refunded
PAY-0007332,ORD-0007332,Debit Card,217.94,2026-08-17,Failed
PAY-0000795,ORD-0000795,Debit Card,85643.62,2025-07-19,Completed
PAY-0003184,ORD-0003184,Gift Card,3307.26,2026-01-05,Completed
PAY-0011000,ORD-0011000,Credit Card,263.22,2025-10-07,Completed
PAY-0007597,ORD-0007597,Gift Card,2839.43,2024-08-21,Completed
PAY-0008482,ORD-0008482,PayPal,2591.27,2025-09-14,Completed
PAY-0010007,ORD-0010007,Debit Card,620.24,2025-12-29,Completed
PAY-0000518,ORD-0000518,Credit Card,5680.24,2025-09-29,Completed
PAY-0002007,ORD-0002007,Credit Card,933.62,2026-05-21,Failed
PAY-0001829,ORD-0001829,Debit Card,1475.88,2024-11-13,Completed
PAY-0004993,ORD-0004993,Debit Card,342.76,2025-03-17,Completed
PAY-0010613,ORD-0010613,PayPal,2329.53,2025-01-30,Completed
PAY-0003500,ORD-0003500,PayPal,2758.38,2025-12-15,Completed
PAY-0001973,ORD-0001973,,3508.12,2026-04-23,Failed
PAY-0009762,ORD-0009762,PayPal,1111.4,2025-07-09,Failed
PAY-0000261,ORD-0000261,Credit Card,1310.42,2025-12-21,Failed
PAY-0011046,ORD-0011046,Credit Card,574.17,2026-05-19,Failed
PAY-0009484,ORD-0009484,Debit Card,320.05,2026-09-04,Completed
PAY-0004461,ORD-0004461,Gift Card,1274.94,2025-01-31,Completed
PAY-0000975,ORD-0926528,PayPal,-1781.3,2026-07-03,Pending
PAY-0008666,ORD-0008666,Credit Card,251.08,2025-09-11,Completed
PAY-0007075,ORD-0007075,PayPal,2541.34,2026-05-10,Pending
PAY-0010692,ORD-0010692,Credit Card,3225.95,2026-08-11,Completed
PAY-0001356,ORD-0001356,Gift Card,3202.54,2024-10-31,Completed
PAY-0003880,ORD-0902281,Debit Card,4575.2,2026-08-27,Completed
PAY-0010661,ORD-0010661,Credit Card,4398.74,2026-07-30,Completed
PAY-0008397,ORD-0008397,Gift Card,1787.03,2026-08-27,Failed
PAY-0002323,ORD-0002323,Bank Transfer,922.44,2026-08-11,Completed
PAY-0011219,ORD-0011219,Credit Card,-3863.83,2025-05-16,Failed
PAY-0009569,ORD-0009569,Credit Card,81.44,2026-07-16,Completed
PAY-0006643,ORD-0006643,,1950.22,2024-04-07,Pending
PAY-0010635,ORD-0010635,Debit Card,645.11,30-Jul-2025,Completed
PAY-0011392,ORD-0011392,Credit Card,3636.24,2026-09-01,Completed
PAY-0007346,ORD-0007346,Bank Transfer,4055.02,2026-08-27,Completed
PAY-0002423,ORD-0002423,Gift Card,702.1,2024-07-09,Completed
PAY-0005578,ORD-0005578,Gift Card,3162.98,2026-08-22,Completed
PAY-0008372,ORD-0008372,Debit Card,240.4,2024-03-03,Completed
PAY-0001317,ORD-0001317,Debit Card,3770.3,2026-08-23,Completed
PAY-0001275,ORD-0001275,PayPal,4895.51,2026-04-02,Completed
PAY-0009529,ORD-0009529,Debit Card,995.9,2024-01-18,Failed
PAY-0003385,ORD-0003385,Gift Card,691.89,09/03/2026,Refunded
PAY-0011856,ORD-0011856,Debit Card,14.24,2026-01-14,Completed
PAY-0007778,ORD-0007778,Credit Card,217.32,2026-07-03,Refunded
PAY-0010249,ORD-0010249,Credit Card,442.06,2026-02-04,Pending
PAY-0008339,ORD-0008339,Credit Card,86.8,2026-07-27,Completed
PAY-0006954,ORD-0006954,Bank Transfer,210.59,2026-08-05,Completed
PAY-0001063,ORD-0001063,Credit Card,2413.18,2026-05-18,Refunded
PAY-0008238,ORD-0008238,Debit Card,3335.54,2026-07-04,Completed
PAY-0001807,ORD-0001807,Credit Card,422.7,2024-11-19,Refunded
PAY-0003415,ORD-0003415,Credit Card,3148.27,2026-08-05,Completed
PAY-0008576,ORD-0008576,Credit Card,1009.14,2025-04-05,Refunded
PAY-0006399,ORD-0006399,Credit Card,4421.84,2024-06-25,Completed
PAY-0006995,ORD-0006995,Credit Card,698.07,2026-04-22,Refunded
PAY-0010737,ORD-0010737,Gift Card,721.77,2026-03-14,Completed
PAY-0010108,ORD-0010108,Credit Card,1586.63,2026-05-24,Completed
PAY-0005677,ORD-0005677,PayPal,1827.93,2026-02-09,Completed
PAY-0003965,ORD-0003965,Debit Card,3046.67,2026-07-03,Completed
PAY-0000156,ORD-0000156,PayPal,1192.08,2026-04-08,Completed
PAY-0005356,ORD-0005356,Debit Card,297.9,2026-02-01,Completed
PAY-0002362,ORD-0002362,PayPal,556.28,2026-07-23,Completed
PAY-0003973,ORD-0003973,Debit Card,865.42,2026-05-05,Completed
PAY-0000115,ORD-0000115,PayPal,2431.92,2026-08-03,Refunded
PAY-0010946,ORD-0010946,Debit Card,495.81,2025-08-20,Pending
PAY-0003984,ORD-0003984,,2586.26,2025-09-11,Completed
PAY-0011049,ORD-0011049,Credit Card,1542.51,2025-12-26,Completed
PAY-0001034,ORD-0001034,Credit Card,-1234.15,2025-02-15,Completed
PAY-0002274,ORD-0002274,Credit Card,1485.96,2025-02-05,Completed
PAY-0005371,ORD-0005371,Credit Card,2099.3,2026-07-24,Refunded
PAY-0011058,ORD-0927299,PayPal,5227.02,2026-03-10,Failed
PAY-0000186,ORD-0000186,Gift Card,2267.65,2026-04-05,Completed
PAY-0003774,ORD-0003774,Credit Card,741.22,2026-03-13,Completed
PAY-0005354,ORD-0005354,,881.95,2025-12-05,Completed
PAY-0008122,ORD-0008122,Credit Card,1526.44,2026-08-31,Completed
PAY-0003478,ORD-0003478,PayPal,804.37,2026-06-16,Completed
PAY-0009373,ORD-0009373,Credit Card,505.71,2026-06-15,Completed
PAY-0001036,ORD-0001036,,1011.36,2026-06-17,Completed
PAY-0010323,ORD-0010323,Credit Card,869.89,2024-08-25,Failed
PAY-0008986,ORD-0008986,Credit Card,735.06,2026-03-15,Failed
PAY-0011911,ORD-0011911,Debit Card,1788.22,2026-04-02,Completed
PAY-0004639,ORD-0004639,PayPal,6077.72,2025-11-14,Completed
PAY-0004747,ORD-0004747,Credit Card,820.12,2025-02-26,Completed
PAY-0005113,ORD-0005113,Credit Card,894.59,2026-05-09,Completed
PAY-0011622,ORD-0011622,Credit Card,23.21,2025-04-10,Completed
PAY-0006043,ORD-0006043,Credit Card,803.83,2025-07-31,Pending
PAY-0006380,ORD-0006380,PayPal,2518.57,2024-12-02,Completed
PAY-0005447,ORD-0005447,PayPal,471.09,"January 31, 2026",Completed
PAY-0007374,ORD-0007374,Bank Transfer,508.95,2026-09-03,Failed
PAY-0008823,ORD-0008823,Credit Card,2455.56,2026-02-04,Completed
PAY-0003072,ORD-0003072,Debit Card,1735.01,2025-03-30,Completed
PAY-0000150,ORD-0000150,Gift Card,25.8,2026-04-17,Completed
PAY-0010574,ORD-0010574,Debit Card,4510.51,2025-09-14,Completed
PAY-0011388,ORD-0011388,PayPal,3322.95,2024-11-05,Completed
PAY-0002528,ORD-0002528,Credit Card,2202.54,2025-07-02,Completed
PAY-0003806,ORD-0003806,Debit Card,613.91,2026-03-22,Completed
PAY-0002741,ORD-0002741,Credit Card,598.53,2025-01-06,Completed
PAY-0011670,ORD-0011670,Credit Card,304.87,2025-11-19,Failed
PAY-0003243,ORD-0003243,Bank Transfer,1404.06,2025-12-09,Completed
PAY-0006671,ORD-0006671,Gift Card,3464.81,2026-08-04,Completed
PAY-0008431,ORD-0008431,Debit Card,2241.46,2026-04-30,Completed
PAY-0002275,ORD-0002275,Gift Card,710.74,2026-08-17,Refunded
PAY-0006944,ORD-0006944,Gift Card,158.91,2026-07-21,Refunded
PAY-0008814,ORD-0008814,Credit Card,2207.75,2026-05-19,Completed
PAY-0011559,ORD-0011559,Debit Card,1277.8,2026-08-05,Completed
PAY-0004556,ORD-0004556,PayPal,871.15,2026-07-26,Pending
PAY-0008805,ORD-0008805,PayPal,2154.07,2026-02-26,Failed
PAY-0008947,ORD-0008947,PayPal,747.8,2026-06-10,Completed
PAY-0002545,ORD-0002545,Credit Card,2536.61,11-Oct-2025,Completed
PAY-0001176,ORD-0001176,PayPal,368.92,2024-10-28,Completed
PAY-0010805,ORD-0010805,PayPal,1066.62,2026-04-22,Completed
PAY-0002905,ORD-0002905,Debit Card,3235.38,2026-07-26,Completed
PAY-0002548,ORD-0002548,,1420.02,2025-07-29,Completed
PAY-0004110,ORD-0004110,Credit Card,3466.7,2026-05-08,Completed
PAY-0005645,ORD-0005645,Gift Card,1913.08,2026-01-03,Refunded
PAY-0003185,ORD-0003185,PayPal,1125.03,2025-07-31,Completed
PAY-0005266,ORD-0005266,Debit Card,2228.15,2025-03-13,Completed
PAY-0003448,ORD-0003448,Debit Card,3880.64,2026-07-19,Completed
PAY-0002620,ORD-0002620,Credit Card,879.22,2026-09-02,Failed
PAY-0009637,ORD-0009637,Credit Card,464.1,2026-08-29,Completed
PAY-0008819,ORD-0008819,PayPal,4292.95abc,2026-04-06,Completed
PAY-0008657,ORD-0008657,Gift Card,2800.41,2026-04-26,Failed
PAY-0004340,ORD-0004340,Debit Card,863.32,2026-08-06,Pending
PAY-0008136,ORD-0008136,PayPal,1770.4,2024-11-23,Completed
PAY-0002922,ORD-0002922,Debit Card,925.99,2026-02-07,Failed
PAY-0006378,ORD-0006378,PayPal,2376.24,2025-12-27,Completed
PAY-0000644,ORD-0000644,Debit Card,1644.97,2026-05-18,Completed
PAY-0001984,ORD-0001984,PayPal,321.48,2026-08-27,Pending
PAY-0001278,ORD-0001278,Credit Card,6520.11,2024-12-01,Refunded
PAY-0010700,ORD-0010700,Debit Card,1807.04,2025-01-05,Refunded
PAY-0008156,ORD-0008156,PayPal,1656.45,2026-07-16,Pending
PAY-0008104,ORD-0008104,Credit Card,3155.84,2025-09-02,Completed
PAY-0005419,ORD-0005419,Debit Card,842.04,2026-08-11,Completed
PAY-0011304,ORD-0011304,PayPal,694.74,2026-08-28,Completed
PAY-0005215,ORD-0005215,PayPal,1423.55,2025-06-23,Completed
PAY-0011643,ORD-0011643,,343.77,2026-03-09,Completed
PAY-0002026,ORD-0002026,Gift Card,3248.73,2026-03-28,Completed
PAY-0008276,ORD-0008276,Bank Transfer,2571.61,2025-09-25,Completed
PAY-0004637,ORD-0004637,Gift Card,2724.93,2025-12-29,Completed
PAY-0004195,ORD-0004195,Credit Card,504.26,2025-11-14,Completed
PAY-0010454,ORD-0010454,Bank Transfer,178.54,2025-06-08,Failed
PAY-0010756,ORD-0010756,PayPal,2144.55,2025-10-21,Failed
PAY-0003571,ORD-0003571,PayPal,55.05,2026-06-13,Completed
PAY-0006091,ORD-0006091,Credit Card,763.01,2025-04-03,Completed
PAY-0005033,ORD-0005033,PayPal,498.88,2024-12-22,Failed
PAY-0006866,ORD-0006866,Debit Card,4025.42,2026-07-03,Completed
PAY-0009868,ORD-0009868,Credit Card,144779.11,2024-08-10,Completed
PAY-0003929,ORD-0003929,Credit Card,2143.92,2025-09-06,Completed
PAY-0005574,ORD-0005574,Credit Card,2161.79,2026-01-18,Pending
PAY-0002983,ORD-0002983,Credit Card,2457.32,2026-02-25,Completed
PAY-0001351,ORD-0001351,Credit Card,474.14,2026-01-23,Completed
PAY-0009599,ORD-0009599,Credit Card,2607.74,2025-01-28,Completed
PAY-0000298,ORD-0000298,Debit Card,1329.0,2025-07-22,Completed
PAY-0010754,ORD-0010754,Debit Card,1421.62,2024-11-19,Pending
PAY-0003692,ORD-0003692,PayPal,1955.55,2025-11-09,Pending
PAY-0000054,ORD-0000054,Credit Card,1955.25,2025-07-24,Completed
PAY-0003684,ORD-0003684,Debit Card,3849.99,2025-07-17,Completed
PAY-0011440,ORD-0011440,Debit Card,1607.56,2026-08-29,Completed
PAY-0010042,ORD-0010042,Credit Card,3231.03,2026-08-04,Failed
PAY-0002008,ORD-0002008,Credit Card,1380.18,2026-09-03,Completed
PAY-0000491,ORD-0000491,PayPal,1508.88,2025-05-13,Completed
PAY-0002250,ORD-0002250,PayPal,2288.17,2026-06-01,Failed
PAY-0008563,ORD-0008563,Credit Card,4145.89,2026-05-22,Pending
PAY-0006107,ORD-0006107,Debit Card,141.53,2026-09-03,Completed
PAY-0007090,ORD-0007090,Gift Card,1214.22,2024-10-01,Completed
PAY-0002871,ORD-0002871,Gift Card,363.74,2025-09-27,Completed
PAY-0009687,ORD-0009687,Credit Card,999.13,2026-06-13,Completed
PAY-0000467,ORD-0000467,Credit Card,1241.88,2025-12-29,Completed
PAY-0005565,ORD-0005565,Credit Card,1078.68,2024-11-12,Completed
PAY-0000448,ORD-0000448,Credit Card,564.65,2025-11-07,Refunded
PAY-0005594,ORD-0005594,Debit Card,206.13,15-Oct-2025,Completed
PAY-0008446,ORD-0008446,PayPal,2757.84,2025-09-02,Failed
PAY-0005311,ORD-0005311,Credit Card,1011.04,2026-07-23,Completed
PAY-0006592,ORD-0006592,Credit Card,2260.99,2024-05-15,Failed
PAY-0009909,ORD-0009909,Debit Card,2303.54,2025-09-14,Completed
PAY-0004433,ORD-0004433,Gift Card,964.27,2026-09-05,Failed
PAY-0003357,ORD-0003357,Bank Transfer,658.68,2025-11-05,Refunded
PAY-0004214,ORD-0004214,Credit Card,1448.52,16-Mar-2026,Completed
PAY-0006044,ORD-0006044,Credit Card,1469.6,2026-08-04,Failed
PAY-0010393,ORD-0010393,,1317.44,2025-10-28,Completed
PAY-0004668,ORD-0004668,Debit Card,675.72,2026-01-06,Completed
PAY-0004445,ORD-0004445,Credit Card,447.25,2026-04-08,Completed
PAY-0011939,ORD-0011939,Debit Card,2442.72,2026-06-04,Completed
PAY-0000051,ORD-0000051,Credit Card,730.65,04-Sep-2026,Completed
PAY-0006198,ORD-0006198,PayPal,450.02,2026-03-17,Completed
PAY-0006827,ORD-0006827,Credit Card,404.71,2024-10-04,Completed
PAY-0004358,ORD-0004358,Debit Card,135928.82,2026-08-06,Completed
PAY-0004379,ORD-0004379,Credit Card,1554.74,2025-10-31,Completed
PAY-0010408,ORD-0010408,Debit Card,1224.31,2026-02-02,Pending
PAY-0002470,ORD-0002470,Credit Card,1671.48,2025-10-06,Completed
PAY-0004338,ORD-0004338,Gift Card,2214.75,08/12/2026,Completed
PAY-0008186,ORD-0008186,Credit Card,2881.52,2025-08-08,Completed
PAY-0011790,ORD-0011790,Gift Card,1939.43,2026-09-07,Completed
PAY-0009975,ORD-0009975,PayPal,2874.61,2026-06-03,Completed
PAY-0005575,ORD-0005575,Credit Card,1667.55,2026-02-09,Completed
PAY-0008193,ORD-0008193,Credit Card,880.99,2024-03-02,Completed
PAY-0003987,ORD-0003987,Gift Card,2904.36,06/04/2026,Completed
PAY-0005903,ORD-0005903,Credit Card,1783.59,2026-08-08,Completed
PAY-0008190,ORD-0008190,Debit Card,2127.73,2025-12-27,Completed
PAY-0000896,ORD-0000896,Credit Card,1179.13,2025-05-06,Completed
PAY-0008696,ORD-0008696,PayPal,2305.32,2025-10-30,Completed
PAY-0007041,ORD-0007041,Gift Card,2554.01,2026-07-28,Pending
PAY-0011579,ORD-0011579,Gift Card,769.92,2026-07-03,Completed
PAY-0010162,ORD-0010162,Debit Card,2334.53,2025-11-03,Completed
PAY-0006918,ORD-0006918,PayPal,956.07,2024-08-19,Completed
PAY-0008996,ORD-0008996,PayPal,546.86,2025-09-22,Completed
PAY-0001861,ORD-0001861,Credit Card,5203.4,2026-06-01,Refunded
PAY-0009215,ORD-0009215,Credit Card,3335.28,2026-06-10,Completed
PAY-0002187,ORD-0002187,Debit Card,6888.71,2025-05-26,Completed
PAY-0002174,ORD-0002174,Debit Card,2338.93,2025-06-29,Pending
PAY-0004005,ORD-0004005,Debit Card,364.66,2026-07-28,Completed
PAY-0009750,ORD-0009750,,2894.68,2026-04-04,Pending
PAY-0010121,ORD-0010121,Debit Card,116.11,2026-08-14,Failed
PAY-0010838,ORD-0010838,Debit Card,77999.31,2026-03-11,Failed
PAY-0002856,ORD-0002856,Gift Card,575.41,2026-03-07,Completed
PAY-0008508,ORD-0008508,Debit Card,2637.78,2026-04-10,Pending
PAY-0000202,ORD-0000202,Credit Card,296.82,2026-08-20,Completed
PAY-0004748,ORD-0004748,Credit Card,788.58,2026-06-24,Completed
PAY-0001558,ORD-0001558,Credit Card,644.37,2026-03-27,Completed
PAY-0005250,ORD-0005250,Gift Card,1731.75,2024-09-11,Completed
PAY-0008352,ORD-0008352,PayPal,1030.16,2025-02-17,Completed
PAY-0011170,ORD-0011170,PayPal,1752.25,2026-03-17,Completed
PAY-0003794,ORD-0003794,PayPal,1781.22,2026-06-04,Completed
PAY-0007294,ORD-0007294,Credit Card,2163.21,2025-05-13,Pending
PAY-0007461,ORD-0007461,PayPal,2819.35,2026-06-10,Refunded
PAY-0011721,ORD-0011721,Credit Card,1960.81,2026-06-26,Completed
PAY-0006319,ORD-0006319,PayPal,5172.95,2026-08-07,Failed
PAY-0008389,ORD-0008389,Credit Card,175.84,2026-09-02,Completed
PAY-0007779,ORD-0007779,Credit Card,4445.18,2026-02-05,Completed
PAY-0005595,ORD-0005595,Debit Card,350.74,2026-07-09,Failed
PAY-0003714,ORD-0003714,Debit Card,4075.15,2026-07-09,Completed
PAY-0010284,ORD-0010284,Credit Card,2241.46,2026-03-02,Completed
PAY-0005631,ORD-0005631,Gift Card,929.05,2026-09-03,Failed
PAY-0004516,ORD-0004516,Credit Card,3021.2,2026-01-07,Completed
PAY-0003345,ORD-0003345,Credit Card,2520.33,2024-12-27,Failed
PAY-0007745,ORD-0007745,Credit Card,4028.99,2025-03-12,Completed
PAY-0000266,ORD-0000266,,N/A,2026-08-27,Completed
PAY-0006002,ORD-0006002,Credit Card,581.48,2024-12-01,Completed
PAY-0000884,ORD-0000884,Credit Card,1131.14,06/21/2025,Completed
PAY-0003032,ORD-0003032,Credit Card,5263.36,2025-11-13,Completed
PAY-0001246,ORD-0001246,,527.17,2026-09-04,Completed
PAY-0003842,ORD-0003842,Credit Card,1287.96,2026-07-31,Completed
PAY-0002689,ORD-0002689,PayPal,463.01,2026-03-09,Pending
PAY-0001915,ORD-0001915,Debit Card,871.64,2026-05-17,Completed
PAY-0003937,ORD-0003937,Gift Card,2827.56,2025-02-09,Failed
PAY-0004462,ORD-0916068,Debit Card,3665.9,2025-02-07,Pending
PAY-0007415,ORD-0007415,Bank Transfer,690.29,2026-07-11,Pending
PAY-0004885,ORD-0004885,Debit Card,1439.76,2026-06-27,Pending
PAY-0010661,ORD-0010661,Credit Card,4398.74,2026-07-30,Completed
PAY-0001040,ORD-0001040,Credit Card,1333.37,2025-08-16,Refunded
PAY-0002858,ORD-0002858,,1134.19,2026-04-13,Completed
PAY-0000723,ORD-0000723,Credit Card,819.47,2026-03-13,Pending
PAY-0006008,ORD-0006008,Debit Card,1288.99,2025-09-26,Pending
PAY-0007676,ORD-0007676,Gift Card,572.61,2024-05-22,Failed
PAY-0008606,ORD-0008606,Debit Card,304.17,2026-07-17,Failed
PAY-0000330,ORD-0000330,Credit Card,910.74,2026-01-24,Completed
PAY-0010119,ORD-0010119,PayPal,435.31,2026-05-29,Refunded
PAY-0009249,ORD-0009249,Credit Card,148.8,2026-07-20,Pending
PAY-0010990,ORD-0010990,Gift Card,853.74,"January 25, 2026",Refunded
PAY-0008528,ORD-0008528,Credit Card,3132.64,2026-03-02,Completed
PAY-0000585,ORD-0000585,Credit Card,2621.87,2024-09-10,Refunded
PAY-0004629,ORD-0004629,Credit Card,342.05,2026-08-09,Completed
PAY-0007479,ORD-0007479,PayPal,984.72,2026-03-07,Failed
PAY-0003604,ORD-0003604,,5006.52,2025-02-17,Completed
PAY-0005216,ORD-0005216,PayPal,572.28,2026-07-05,Completed
PAY-0007349,ORD-0007349,Credit Card,392.08,2025-01-21,Completed
PAY-0002970,ORD-0002970,Credit Card,1164.76,2025-06-01,Failed
PAY-0001198,ORD-0001198,Credit Card,1665.15,2026-07-27,Refunded
PAY-0004543,ORD-0004543,,3687.6,2026-07-28,Completed
PAY-0010579,ORD-0010579,Debit Card,16.35,2025-08-14,Refunded
PAY-0002045,ORD-0002045,Gift Card,475.59,2026-07-27,Completed
PAY-0002619,ORD-0002619,Credit Card,258.68,2026-03-08,Failed
PAY-0002710,ORD-0002710,Bank Transfer,1307.89,22-Jun-2024,Completed
PAY-0000398,ORD-0992353,Credit Card,2444.6,2026-05-19,Completed
PAY-0011271,ORD-0011271,PayPal,1702.55,2025-10-09,Completed
PAY-0000440,ORD-0000440,Credit Card,1246.68,2026-04-05,Completed
PAY-0001600,ORD-0001600,Debit Card,1150.23,2026-08-07,Completed
PAY-0011700,ORD-0011700,Credit Card,372.73,2024-06-14,Completed
PAY-0000112,ORD-0000112,Credit Card,1156.96,2025-11-10,Completed
PAY-0000136,ORD-0000136,Debit Card,1790.42,2026-09-02,Completed
PAY-0002401,ORD-0002401,Debit Card,2073.54,2025-11-11,Completed
PAY-0002074,ORD-0002074,Debit Card,1241.17,2024-12-19,Completed
PAY-0010256,ORD-0010256,PayPal,770.49,2026-07-04,Failed
PAY-0001738,ORD-0917601,PayPal,3886.62,2026-08-10,Failed
PAY-0003605,ORD-0003605,Credit Card,1860.87,2024-12-02,Completed
PAY-0000089,ORD-0000089,,2050.43,2026-07-07,Pending
PAY-0000094,ORD-0000094,Debit Card,456.48,2026-07-12,Completed
PAY-0008656,ORD-0008656,Debit Card,3383.86,2026-08-22,Completed
PAY-0006836,ORD-0006836,Credit Card,189.54,2025-02-04,Completed
PAY-0010475,ORD-0010475,Debit Card,2195.05,2026-08-11,Completed
PAY-0007753,ORD-0007753,PayPal,1865.45,2025-12-23,Completed
PAY-0007023,ORD-0007023,Gift Card,279.69,2025-03-23,Completed
PAY-0001649,ORD-0001649,,null,2024-12-21,Completed
PAY-0009694,ORD-0009694,Debit Card,2813.1,2024-10-02,Completed
PAY-0002438,ORD-0002438,PayPal,1202.92,2026-03-24,Completed
PAY-0003975,ORD-0003975,PayPal,2957.37,2026-04-02,Failed
PAY-0004350,ORD-0004350,PayPal,369.96,2026-06-06,Completed
PAY-0007820,ORD-0007820,PayPal,656.45,2026-08-14,Pending
PAY-0005839,ORD-0005839,Credit Card,3613.9,2026-02-21,Completed
PAY-0006296,ORD-0006296,Debit Card,2092.14,2024-03-24,Completed
PAY-0002579,ORD-0002579,Credit Card,425.18,2025-08-22,Completed
PAY-0004975,ORD-0004975,Credit Card,1103.64,2026-08-06,Completed
PAY-0002842,ORD-0002842,Bank Transfer,3615.07,2026-03-16,Failed
PAY-0005767,ORD-0005767,Debit Card,2738.84,2026-03-04,Completed
PAY-0006230,ORD-0006230,Credit Card,2933.2,2026-07-05,Completed
PAY-0004630,ORD-0004630,PayPal,90.97,2026-07-25,Refunded
PAY-0006456,ORD-0006456,Debit Card,1381.28,2026-06-04,Refunded
PAY-0000170,ORD-0000170,Credit Card,1005.04,2026-08-06,Pending
PAY-0001935,ORD-0001935,Debit Card,732.66,2025-11-11,Completed
PAY-0010501,ORD-0010501,Credit Card,1361.89,2026-08-29,Completed
PAY-0007985,ORD-0007985,Credit Card,405.12,2026-01-25,Completed
PAY-0005213,ORD-0005213,Credit Card,3419.84,2026-01-12,Completed
PAY-0011797,ORD-0011797,Gift Card,786.52,2026-01-15,Completed
PAY-0000819,ORD-0000819,PayPal,1342.84,2026-09-08,Completed
PAY-0007733,ORD-0007733,,355.23,2026-05-03,Completed
PAY-0000750,ORD-0000750,Debit Card,1677.24,2026-06-15,Pending
PAY-0008459,ORD-0008459,Gift Card,3525.5,2026-01-29,Completed
PAY-0011834,ORD-0011834,Credit Card,1278.24,2026-08-10,Completed
PAY-0006609,ORD-0006609,Gift Card,1120.14,2026-03-02,Failed
PAY-0008994,ORD-0008994,Bank Transfer,3087.81,2026-07-31,Completed
PAY-0000108,ORD-0000108,Credit Card,625.61,2026-04-27,Completed
PAY-0005472,ORD-0005472,PayPal,1259.45,2024-08-06,Failed
PAY-0003266,ORD-0003266,PayPal,336.88,2025-05-14,Failed
PAY-0005073,ORD-0005073,Gift Card,2283.45,2025-03-27,Completed
PAY-0003347,ORD-0003347,Credit Card,2746.97,04/17/2026,Completed
PAY-0006707,ORD-0006707,Debit Card,3438.31,2024-06-26,Pending
PAY-0003190,ORD-0003190,Gift Card,3911.95,2026-08-02,Pending
PAY-0005122,ORD-0005122,Credit Card,2051.85,2026-05-28,Completed
PAY-0007406,ORD-0007406,PayPal,2506.98,2025-09-10,Completed
PAY-0001301,ORD-0971088,Credit Card,1414.05,2026-08-26,Completed
PAY-0003255,ORD-0003255,Credit Card,-1810.94,2024-08-07,Failed
PAY-0004568,ORD-0004568,Debit Card,532.05,2025-05-17,Completed
PAY-0003107,ORD-0003107,Debit Card,5090.12,2026-08-31,Completed
PAY-0001893,ORD-0001893,Debit Card,7107.48,2025-07-16,Completed
PAY-0008952,ORD-0008952,Credit Card,1274.25,2026-09-02,Pending
PAY-0001709,ORD-0001709,Debit Card,1812.43,07/28/2026,Pending
PAY-0006052,ORD-0006052,PayPal,24.49,2026-04-04,Completed
PAY-0004268,ORD-0004268,Gift Card,437.09,2026-08-01,Completed
PAY-0001519,ORD-0001519,Debit Card,2703.16,2026-07-08,Completed
PAY-0010293,ORD-0010293,Bank Transfer,2424.41,2026-06-25,Completed
PAY-0005809,ORD-0005809,PayPal,113744.07,2025-06-12,Completed
PAY-0008296,ORD-0008296,Gift Card,409.66,2026-08-19,Pending
PAY-0006231,ORD-0983725,Debit Card,3945.77,2025-09-07,Completed
PAY-0001330,ORD-0001330,PayPal,14.83,2026-06-11,Completed
PAY-0003174,ORD-0003174,Bank Transfer,1045.95,2026-05-30,Completed
PAY-0000317,ORD-0000317,Credit Card,1698.02,2026-08-07,Pending
PAY-0002960,ORD-0002960,Credit Card,1447.39,29-Jul-2026,Completed
PAY-0009628,ORD-0009628,PayPal,443.98,2025-06-09,Completed
PAY-0010000,ORD-0010000,Credit Card,1006.01,2025-11-24,Failed
PAY-0007126,ORD-0007126,Debit Card,2587.2,2026-09-04,Completed
PAY-0010425,ORD-0010425,PayPal,250.66,2025-12-04,Pending
PAY-0009407,ORD-0009407,Credit Card,540.81,2025-09-28,Failed
PAY-0003285,ORD-0003285,Credit Card,913.66,2025-04-04,Completed
PAY-0006846,ORD-0006846,,785.54,2026-07-12,Completed
PAY-0011844,ORD-0011844,Credit Card,3601.84abc,2024-09-01,Completed
PAY-0003599,ORD-0003599,Debit Card,684.49,2026-08-22,Completed
PAY-0001979,ORD-0001979,Gift Card,895.48,2024-10-26,Failed
PAY-0007264,ORD-0007264,Credit Card,2364.48,2025-07-19,Completed
PAY-0009491,ORD-0009491,Debit Card,78.68,2025-07-29,Pending
PAY-0008981,ORD-0008981,Bank Transfer,248.8,2024-05-12,Completed
PAY-0011263,ORD-0011263,Credit Card,590.66,2025-06-13,Completed
PAY-0010999,ORD-0010999,PayPal,1565.69,2025-12-18,Completed
PAY-0010407,ORD-0010407,Gift Card,1414.67,"November 05, 2025",Completed
PAY-0002834,ORD-0002834,Credit Card,2232.36,2025-02-11,Failed
PAY-0010645,ORD-0010645,PayPal,2342.82,2026-01-14,Completed
PAY-0010394,ORD-0010394,Credit Card,996.76,2025-02-02,Failed
PAY-0011807,ORD-0011807,PayPal,167.1,2026-02-19,Completed
PAY-0002300,ORD-0002300,Debit Card,1499.6,2026-01-11,Failed
PAY-0005308,ORD-0005308,PayPal,1911.27,2025-07-09,Completed
PAY-0007000,ORD-0007000,,819.6,2024-10-06,Refunded
PAY-0002336,ORD-0002336,Credit Card,2270.61,2024-11-05,Failed
PAY-0001695,ORD-0001695,PayPal,693.06,2025-12-12,Completed
PAY-0004610,ORD-0004610,PayPal,266.96,2026-08-06,Completed
PAY-0000114,ORD-0000114,Debit Card,1600.04,2026-07-31,Failed
PAY-0000832,ORD-0000832,Credit Card,3011.93,2026-03-21,Completed
PAY-0011104,ORD-0011104,Debit Card,95.02,2026-03-20,Completed
PAY-0006999,ORD-0006999,PayPal,367.43,2026-01-13,Completed
PAY-0010824,ORD-0010824,Credit Card,$2336.31,2026-08-18,Completed
PAY-0000960,ORD-0000960,Debit Card,1733.51,2026-04-23,Completed
PAY-0006078,ORD-0006078,Gift Card,1600.0,2025-10-25,Completed
PAY-0008157,ORD-0008157,Credit Card,3033.4,2026-06-24,Failed
PAY-0002575,ORD-0002575,Credit Card,2466.73,2025-09-16,Completed
PAY-0006553,ORD-0006553,Debit Card,336.68,2026-08-30,Completed
PAY-0006823,ORD-0006823,Credit Card,949.75,2026-04-13,Failed
PAY-0010842,ORD-0010842,Credit Card,3608.08,2025-10-10,Failed
PAY-0009241,ORD-0009241,Credit Card,730.78,2024-12-29,Pending
PAY-0005175,ORD-0005175,Bank Transfer,442.32,2025-02-24,Completed
PAY-0005405,ORD-0005405,,173.13,2026-05-24,Completed
PAY-0010196,ORD-0010196,PayPal,2779.21,2025-06-19,Completed
PAY-0010017,ORD-0010017,PayPal,1238.54,2025-12-23,Pending
PAY-0008090,ORD-0908341,Debit Card,5312.56,2024-10-02,Completed
PAY-0007870,ORD-0007870,Credit Card,1130.04,2026-09-06,Refunded
PAY-0005037,ORD-0005037,Debit Card,970.53,2026-03-31,Completed
PAY-0003324,ORD-0003324,Bank Transfer,3596.67,2026-01-07,Completed
PAY-0001624,ORD-0001624,Credit Card,534.14,2026-05-20,Completed
PAY-0000921,ORD-0000921,Gift Card,4496.55,2025-04-30,Completed
PAY-0005503,ORD-0005503,Debit Card,606.02,2026-08-17,Completed
PAY-0008297,ORD-0008297,Credit Card,1054.68,2026-05-14,Failed
PAY-0009793,ORD-0009793,,62.19,2026-02-02,Failed
PAY-0003267,ORD-0003267,PayPal,163.39,2026-05-01,Completed
PAY-0009654,ORD-0009654,Credit Card,402.32,2026-08-12,Failed
PAY-0008181,ORD-0008181,Credit Card,751.23,2025-02-02,Refunded
PAY-0008208,ORD-0008208,Debit Card,2655.9,2026-06-06,Completed
PAY-0009466,ORD-0009466,Debit Card,265.58,2026-03-20,Pending
PAY-0002756,ORD-0002756,Debit Card,855.62,2026-08-15,Failed
PAY-0002309,ORD-0002309,Credit Card,735.89,2024-11-26,Failed
PAY-0008331,ORD-0008331,Credit Card,2055.6,2026-03-25,Failed
PAY-0008554,ORD-0008554,Credit Card,1387.58,2026-05-15,Failed
PAY-0003203,ORD-0003203,Debit Card,103.18,2026-07-26,Completed
PAY-0005680,ORD-0005680,PayPal,2154.71,05-Sep-2025,Completed
PAY-0011032,ORD-0928334,Credit Card,1261.26,2026-03-31,Completed
PAY-0006071,ORD-0006071,Credit Card,888.06,2026-03-05,Failed
PAY-0000514,ORD-0000514,Credit Card,8247.93,2025-09-08,Completed
PAY-0009745,ORD-0009745,Debit Card,738.1,2026-05-02,Pending
PAY-0005081,ORD-0005081,Debit Card,$106.66,2025-09-22,Failed
PAY-0006469,ORD-0006469,PayPal,4178.86,2026-07-12,Completed
PAY-0001163,ORD-0001163,Debit Card,2877.96,2026-08-22,Failed
PAY-0003018,ORD-0003018,PayPal,2119.35,2026-08-15,Refunded
PAY-0000718,ORD-0000718,Credit Card,426.51,2026-08-17,Completed
PAY-0001011,ORD-0001011,,978.0,2026-02-28,Completed
PAY-0011503,ORD-0011503,Credit Card,3548.23,2025-10-15,Refunded
PAY-0006191,ORD-0006191,PayPal,135.8,2025-04-19,Completed
PAY-0002593,ORD-0002593,PayPal,371.46,2024-07-13,Completed
PAY-0002751,ORD-0002751,Credit Card,1456.0,2026-09-07,Completed
PAY-0004057,ORD-0004057,Bank Transfer,335.5abc,2024-04-01,Completed
PAY-0007082,ORD-0007082,Debit Card,1379.93,2026-09-08,Completed
PAY-0007800,ORD-0007800,Debit Card,1369.43,2025-12-09,Completed
PAY-0007518,ORD-0007518,PayPal,2191.44,2025-04-06,Completed
PAY-0004718,ORD-0937051,Credit Card,1107.3,2025-05-17,Completed
PAY-0001530,ORD-0001530,Debit Card,1219.19,2026-06-01,Completed
PAY-0005928,ORD-0005928,Credit Card,1565.84,2026-01-28,Completed
PAY-0003106,ORD-0003106,PayPal,81.52,2024-12-20,Completed
PAY-0004497,ORD-0004497,Bank Transfer,746.62,2025-08-23,Refunded
PAY-0009275,ORD-0009275,,1742.16,2026-03-12,Refunded
PAY-0004170,ORD-0004170,Credit Card,1586.1,2025-05-14,Completed
PAY-0010611,ORD-0010611,PayPal,1230.06,2025-10-13,Completed
PAY-0003612,ORD-0003612,Credit Card,2168.37,2026-08-10,Completed
PAY-0002917,ORD-0002917,Debit Card,698.82,2024-04-26,Completed
PAY-0003383,ORD-0003383,Credit Card,2610.79,2025-08-30,Completed
PAY-0004297,ORD-0004297,Credit Card,80909.63,2026-03-19,Completed
PAY-0008096,ORD-0008096,PayPal,2146.08,03/27/2025,Completed
PAY-0009013,ORD-0009013,PayPal,2400.98,2026-08-18,Completed
PAY-0004187,ORD-0004187,Credit Card,607.28,2026-01-07,Pending
PAY-0009513,ORD-0009513,PayPal,1238.87,2026-07-29,Completed
PAY-0001274,ORD-0001274,Credit Card,449.95,2026-08-14,Completed
PAY-0002387,ORD-0002387,Debit Card,448.05,2025-03-22,Completed
PAY-0007704,ORD-0007704,Credit Card,51.79,2025-11-16,Completed
PAY-0006229,ORD-0006229,Debit Card,276.82,2026-06-23,Completed
PAY-0011171,ORD-0011171,PayPal,3895.63,2026-08-15,Completed
PAY-0000815,ORD-0000815,Credit Card,425.49,2025-08-22,Completed
PAY-0003351,ORD-0003351,Debit Card,2992.9,2025-08-08,Failed
PAY-0007638,ORD-0007638,Credit Card,500.27,2026-03-11,Completed
PAY-0003530,ORD-0003530,Debit Card,227.76,2026-07-22,Completed
PAY-0006330,ORD-0006330,Credit Card,145147.75,2026-02-01,Pending
PAY-0000483,ORD-0000483,Debit Card,882.88,2024-11-22,Completed
PAY-0001515,ORD-0001515,Credit Card,2428.27,2026-06-05,Completed
PAY-0002013,ORD-0002013,Credit Card,1310.68,2026-01-29,Completed
PAY-0002581,ORD-0002581,Debit Card,760.1,"July 15, 2026",Failed
PAY-0009357,ORD-0009357,Credit Card,1593.36,2025-01-24,Completed
PAY-0008962,ORD-0008962,Gift Card,845.94,2025-02-06,Completed
PAY-0010264,ORD-0010264,Credit Card,1794.36,2025-10-12,Failed
PAY-0011109,ORD-0011109,Credit Card,1489.3,2024-11-04,Pending
PAY-0007019,ORD-0007019,Credit Card,3903.06,2025-10-19,Failed
PAY-0002690,ORD-0002690,PayPal,3701.27,2025-08-31,Refunded
PAY-0007279,ORD-0007279,PayPal,129.92,2025-12-22,Completed
PAY-0011813,ORD-0011813,PayPal,1072.77,2026-02-04,Completed
PAY-0009800,ORD-0009800,Gift Card,368.6,2026-08-18,Completed
PAY-0006549,ORD-0993764,Debit Card,13.47,2025-07-05,Completed
PAY-0010529,ORD-0010529,Credit Card,3387.39,2026-04-07,Completed
PAY-0004776,ORD-0004776,PayPal,392.58,2025-11-11,Completed
PAY-0005468,ORD-0005468,Credit Card,6927.1,2026-06-01,Completed
PAY-0006367,ORD-0006367,PayPal,1065.37,2026-02-18,Completed
PAY-0002559,ORD-0002559,Debit Card,898.12,2026-01-11,Pending
PAY-0009785,ORD-0009785,Credit Card,1589.91,2026-06-25,Completed
PAY-0004093,ORD-0004093,PayPal,2081.64,2024-11-08,Completed
PAY-0007361,ORD-0007361,Credit Card,762.02,2025-06-10,Completed
PAY-0003058,ORD-0003058,Credit Card,87.29,2026-09-02,Failed
PAY-0002466,ORD-0002466,Credit Card,535.19,2026-07-04,Pending
PAY-0006192,ORD-0006192,Credit Card,1069.64,2025-12-31,Completed
PAY-0011638,ORD-0011638,Credit Card,3526.34,2025-01-11,Pending
PAY-0002166,ORD-0002166,Credit Card,1596.91,"September 01, 2026",Completed
PAY-0001531,ORD-0001531,Debit Card,-394.06,2026-04-01,Completed
PAY-0000598,ORD-0000598,Credit Card,247.72,2026-07-09,Completed
PAY-0003206,ORD-0003206,Credit Card,4246.08,2025-11-19,Failed
PAY-0004899,ORD-0004899,Credit Card,1312.06,2026-08-08,Pending
PAY-0006634,ORD-0006634,Debit Card,1518.65,2025-05-02,Pending
PAY-0002034,ORD-0002034,PayPal,2538.06,2026-04-14,Completed
PAY-0011107,ORD-0011107,Credit Card,1434.99,2026-08-04,Refunded
PAY-0005836,ORD-0956311,Credit Card,835.43,2024-12-25,Completed
PAY-0009724,ORD-0009724,PayPal,2144.88,2026-02-28,Pending
PAY-0008077,ORD-0008077,PayPal,2688.15,2026-01-17,Completed
PAY-0007679,ORD-0007679,Debit Card,139136.28,2025-06-19,Completed
PAY-0010646,ORD-0010646,Credit Card,329.56,2026-07-10,Pending
PAY-0008911,ORD-0008911,PayPal,266.3,2026-08-30,Completed
PAY-0000477,ORD-0000477,Gift Card,241.49,2025-09-14,Failed
PAY-0003623,ORD-0003623,PayPal,5861.65,2026-03-09,Completed
PAY-0010095,ORD-0010095,Credit Card,727.63,2026-06-10,Completed
PAY-0008694,ORD-0008694,PayPal,502.97,2026-09-03,Completed
PAY-0003797,ORD-0003797,Debit Card,131.6,2026-08-18,Completed
PAY-0009531,ORD-0009531,Bank Transfer,1477.6,2026-04-29,Completed
PAY-0005795,ORD-0005795,PayPal,1249.12,07/04/2026,Failed
PAY-0006473,ORD-0006473,Credit Card,3384.13,2026-02-15,Refunded
PAY-0007370,ORD-0007370,Credit Card,229.58,2026-08-21,Completed
PAY-0004702,ORD-0004702,Credit Card,559.84,2026-09-03,Completed
PAY-0009746,ORD-0009746,Credit Card,1205.88,2026-03-26,Pending
PAY-0000131,ORD-0000131,Credit Card,447.15,2026-04-07,Failed
PAY-0004332,ORD-0004332,Credit Card,1259.64,2025-09-05,Completed
PAY-0008395,ORD-0008395,Credit Card,1102.59,2026-05-16,Pending
PAY-0010554,ORD-0010554,Debit Card,2161.4,2026-08-11,Failed
PAY-0010369,ORD-0919763,PayPal,1037.59,2024-11-19,Completed
PAY-0002962,ORD-0002962,Debit Card,2124.24,2025-12-08,Completed
PAY-0001667,ORD-0001667,Debit Card,1273.18,2025-05-01,Completed
PAY-0008386,ORD-0008386,Debit Card,600.15,2026-01-03,Completed
PAY-0007719,ORD-0007719,Gift Card,127.32,2026-07-04,Pending
PAY-0006431,ORD-0006431,PayPal,$2358.01,2025-10-11,Completed
PAY-0010236,ORD-0010236,Credit Card,1210.0,2026-09-03,Completed
PAY-0007432,ORD-0007432,Credit Card,1139.15,2026-03-16,Completed
PAY-0001652,ORD-0001652,Debit Card,1266.76,2026-07-20,Pending
PAY-0000986,ORD-0000986,PayPal,396.27,2025-04-06,Completed
PAY-0005297,ORD-0005297,Debit Card,366.25,2024-12-28,Pending
PAY-0000006,ORD-0000006,Gift Card,3865.56,2026-08-24,Completed
PAY-0005164,ORD-0005164,Credit Card,568.47,2026-08-03,Completed
PAY-0000380,ORD-0000380,PayPal,2824.96,2025-10-22,Completed
PAY-0004235,ORD-0004235,PayPal,3833.58,2026-06-18,Completed
PAY-0001504,ORD-0001504,Debit Card,2856.98,2026-04-27,Completed
PAY-0005544,ORD-0005544,Credit Card,803.95,2025-01-22,Completed
PAY-0006932,ORD-0006932,Credit Card,2983.09,2026-07-11,Refunded
PAY-0006929,ORD-0006929,Debit Card,3784.77,2025-08-13,Refunded
PAY-0010876,ORD-0929665,Credit Card,306.68,2026-07-07,Completed
PAY-0009858,ORD-0009858,Gift Card,513.48,2026-08-28,Completed
PAY-0009370,ORD-0009370,Debit Card,2298.7,2026-02-18,Pending
PAY-0011439,ORD-0011439,Bank Transfer,2363.16,2026-08-01,Completed
PAY-0000219,ORD-0000219,Debit Card,22.04,2026-03-26,Completed
PAY-0002372,ORD-0002372,Debit Card,5630.32,2024-09-27,Refunded
PAY-0003210,ORD-0003210,Credit Card,543.1,2025-09-17,Completed
PAY-0005218,ORD-0005218,,1502.1,2026-09-02,Completed
PAY-0006790,ORD-0006790,Gift Card,2284.89,2026-08-17,Completed
PAY-0003258,ORD-0003258,PayPal,934.31,2026-08-19,Failed
PAY-0005629,ORD-0005629,Debit Card,748.18,2026-03-06,Completed
PAY-0008940,ORD-0008940,Credit Card,2064.42,2024-08-31,Pending
PAY-0000798,ORD-0000798,Credit Card,2586.57,2024-12-19,Failed
PAY-0010008,ORD-0010008,Credit Card,335901.39,2025-07-04,Refunded
PAY-0008551,ORD-0008551,Credit Card,924.24,2026-07-09,Completed
PAY-0010538,ORD-0010538,Credit Card,2062.41,2025-10-31,Completed
PAY-0003416,ORD-0003416,Debit Card,570.42,2026-08-09,Pending
PAY-0003640,ORD-0003640,Credit Card,4784.37,2026-06-13,Completed
PAY-0004707,ORD-0004707,Credit Card,866.9,23-Nov-2025,Failed
PAY-0001653,ORD-0001653,Debit Card,518.86,2025-02-07,Completed
PAY-0008442,ORD-0008442,Credit Card,26.63,2025-12-20,Completed
PAY-0006756,ORD-0006756,Credit Card,3397.78,2026-08-24,Pending
PAY-0008543,ORD-0008543,Credit Card,3093.12,2025-07-27,Pending
PAY-0001797,ORD-0001797,Credit Card,45.51,2026-01-25,Completed
PAY-0009408,ORD-0009408,Credit Card,3048.19,2025-07-18,Failed
PAY-0001965,ORD-0001965,Debit Card,1679.81,2026-01-08,Completed
PAY-0006206,ORD-0006206,PayPal,3618.71,2024-08-29,Completed
PAY-0004985,ORD-0004985,Credit Card,410.46,2026-05-22,Failed
PAY-0009735,ORD-0009735,Credit Card,996.08,2026-08-01,Completed
PAY-0010357,ORD-0010357,Debit Card,24333.34,2026-06-13,Completed
PAY-0010509,ORD-0010509,Debit Card,456.29,2026-04-04,Completed
PAY-0009710,ORD-0009710,Gift Card,3428.7,2024-07-19,Completed
PAY-0006363,ORD-0006363,,702.12,2026-03-02,Completed
PAY-0001917,ORD-0001917,,3529.66,2026-04-04,Completed
PAY-0010606,ORD-0010606,Credit Card,928.28,2025-11-21,Pending
PAY-0006133,ORD-0006133,Debit Card,3166.98,2026-04-06,Failed
PAY-0008166,ORD-0008166,Credit Card,328.53,2025-11-29,Pending
PAY-0007242,ORD-0007242,Credit Card,91.07,2026-06-17,Completed
PAY-0010022,ORD-0010022,Credit Card,1273.21,2026-01-15,Completed
PAY-0005326,ORD-0005326,Credit Card,179.81,2026-08-28,Completed
PAY-0008184,ORD-0008184,Gift Card,789.5,2025-11-01,Failed
PAY-0008557,ORD-0008557,Debit Card,50.0,2026-05-20,Completed
PAY-0001144,ORD-0001144,PayPal,1620.4,2025-12-13,Refunded
PAY-0007561,ORD-0007561,Credit Card,860.54,2025-01-11,Completed
PAY-0008447,ORD-0008447,Credit Card,1887.86,2026-08-01,Refunded
PAY-0010962,ORD-0010962,Credit Card,2304.92,2025-06-17,Completed
PAY-0002191,ORD-0002191,Bank Transfer,588.0,2026-09-06,Pending
PAY-0002709,ORD-0002709,Credit Card,1002.93,2026-01-28,Completed
PAY-0005355,ORD-0005355,Debit Card,3389.88,2024-11-17,Completed
PAY-0001580,ORD-0001580,Credit Card,823.2,2025-05-27,Completed
PAY-0005074,ORD-0005074,Debit Card,27354.78,2026-04-18,Completed
PAY-0005725,ORD-0005725,Gift Card,122.62,2026-07-04,Completed
PAY-0002691,ORD-0002691,Debit Card,185.14,2026-07-12,Completed
PAY-0010918,ORD-0010918,Bank Transfer,106.66,2026-08-30,Completed
PAY-0000301,ORD-0000301,Credit Card,1809.14,2025-07-20,Completed
PAY-0009785,ORD-0009785,Credit Card,1589.91,2026-06-25,Completed
PAY-0010753,ORD-0010753,Debit Card,2252.03,2026-08-29,Completed
PAY-0006580,ORD-0006580,Debit Card,1533.86,2025-03-18,Completed
PAY-0008214,ORD-0008214,,171.73,2026-08-17,Completed
PAY-0003028,ORD-0003028,Debit Card,1521.0,"September 24, 2024",Completed
PAY-0006248,ORD-0006248,Credit Card,938.15,2025-10-16,Completed
PAY-0002833,ORD-0002833,Debit Card,131.89,2026-05-24,Pending
PAY-0003494,ORD-0003494,PayPal,148.61,2024-07-07,Failed
PAY-0011904,ORD-0011904,Credit Card,53875.75,2025-11-04,Failed
PAY-0010136,ORD-0010136,Credit Card,1248.59,2026-08-31,Completed
PAY-0005025,ORD-0005025,Debit Card,1838.29,2025-08-12,Completed
PAY-0006524,ORD-0006524,Credit Card,972.82,2025-10-05,Completed
PAY-0010530,ORD-0010530,PayPal,1861.6,2025-09-22,Refunded
PAY-0000492,ORD-0000492,PayPal,107.77,2026-06-01,Completed
PAY-0004867,ORD-0004867,Credit Card,$735.85,2026-03-19,Completed
PAY-0005844,ORD-0005844,,1200.63,2026-07-28,Completed
PAY-0000783,ORD-0000783,,1162.94,2025-08-19,Completed
PAY-0002878,ORD-0002878,Debit Card,1768.59,2026-07-08,Failed
PAY-0008211,ORD-0008211,PayPal,2421.93,2026-09-04,Failed
PAY-0003309,ORD-0003309,Gift Card,1540.33,2026-08-15,Failed
PAY-0001292,ORD-0001292,Debit Card,1285.7,2026-08-08,Refunded
PAY-0003264,ORD-0003264,Credit Card,223.7,2025-07-21,Pending
PAY-0006758,ORD-0006758,Credit Card,802.32,2025-06-08,Refunded
PAY-0003158,ORD-0003158,Credit Card,251.5,2026-01-19,Refunded
PAY-0000531,ORD-0000531,Debit Card,875.7,2026-03-06,Failed
PAY-0000800,ORD-0000800,Debit Card,529.61,2025-12-15,Completed
PAY-0010118,ORD-0010118,Gift Card,1694.62abc,2026-04-24,Pending
PAY-0010089,ORD-0010089,Bank Transfer,1561.89,2026-05-31,Completed
PAY-0005420,ORD-0005420,Debit Card,548.72,2025-11-30,Failed
PAY-0001505,ORD-0001505,Credit Card,312.98,2026-07-26,Completed
PAY-0005977,ORD-0005977,Debit Card,4215.34,2026-01-16,Completed
PAY-0005547,ORD-0005547,Credit Card,515.76,2026-07-08,Refunded
PAY-0009130,ORD-0009130,Gift Card,541.5,2026-05-16,Failed
PAY-0006434,ORD-0006434,Credit Card,776.34,2025-05-31,Completed
PAY-0002088,ORD-0002088,Bank Transfer,4476.72,2026-04-28,Completed
PAY-0002993,ORD-0995340,Credit Card,2302.8,2026-05-05,Refunded
PAY-0008921,ORD-0008921,Credit Card,769.2,2026-08-29,Completed
PAY-0000588,ORD-0000588,Gift Card,127431.67,2025-09-29,Completed
PAY-0008699,ORD-0008699,Debit Card,483.75,2026-07-27,Completed
PAY-0010977,ORD-0010977,Credit Card,4681.88,2025-07-21,Completed
PAY-0000328,ORD-0000328,Credit Card,1785.27,2026-08-20,Completed
PAY-0010371,ORD-0010371,Credit Card,2133.34,2024-10-29,Failed
PAY-0008064,ORD-0008064,Debit Card,232.24,2024-07-18,Pending
PAY-0001425,ORD-0001425,Credit Card,n/a,2026-03-29,Pending
PAY-0000652,ORD-0000652,Credit Card,1870.74,2026-06-01,Completed
PAY-0008309,ORD-0008309,PayPal,1583.14,2026-01-21,Failed
PAY-0011773,ORD-0011773,Bank Transfer,3411.47,2025-11-30,Failed
PAY-0002692,ORD-0002692,Gift Card,2330.5,2026-08-13,Refunded
PAY-0011624,ORD-0011624,PayPal,3485.21,2025-06-15,Completed
PAY-0007627,ORD-0007627,Debit Card,2945.96,2026-05-25,Pending
PAY-0011353,ORD-0011353,Credit Card,33970.94,2026-08-20,Completed
PAY-0005467,ORD-0005467,Debit Card,1077.08,2025-11-11,Pending
PAY-0008995,ORD-0008995,Gift Card,2036.0,2024-11-04,Failed
PAY-0003740,ORD-0003740,Gift Card,624.96,2026-08-27,Completed
PAY-0009112,ORD-0009112,Gift Card,364.33,2026-02-21,Refunded
PAY-0007218,ORD-0910185,Debit Card,4276.95,2025-09-13,Completed
PAY-0000385,ORD-0000385,Gift Card,2005.59,2026-02-14,Refunded
PAY-0001739,ORD-0001739,Credit Card,1432.62,2024-08-30,Refunded
PAY-0011726,ORD-0011726,Credit Card,2200.2,2025-02-01,Completed
PAY-0004807,ORD-0004807,,1823.42,2026-06-08,Completed
PAY-0001093,ORD-0001093,Debit Card,2300.08,2026-01-06,Completed
PAY-0005766,ORD-0005766,Bank Transfer,791.16,2026-07-16,Completed
PAY-0009611,ORD-0009611,Debit Card,2254.13,2024-10-27,Completed
PAY-0007831,ORD-0007831,Debit Card,2871.3,2026-04-03,Completed
PAY-0003903,ORD-0003903,Credit Card,1460.35,2024-11-06,Completed
PAY-0006095,ORD-0006095,Debit Card,269.9,2025-08-07,Completed
PAY-0006855,ORD-0985553,PayPal,548.48,2026-05-07,Completed
PAY-0007764,ORD-0007764,Credit Card,477.05,2026-01-27,Completed
PAY-0004769,ORD-0004769,Debit Card,2610.94,2026-04-01,Completed
PAY-0010747,ORD-0010747,Debit Card,1463.14,2026-03-08,Completed
PAY-0011995,ORD-0011995,Credit Card,1015.01,2026-08-24,Completed
PAY-0000997,ORD-0000997,Credit Card,4149.26,2024-09-20,Completed
PAY-0006937,ORD-0006937,Credit Card,3427.75,2025-10-20,Refunded
PAY-0002618,ORD-0002618,PayPal,2214.95,2026-03-12,Completed
PAY-0008889,ORD-0008889,PayPal,4223.74,2025-10-25,Completed
PAY-0010084,ORD-0010084,Debit Card,629.52,2025-03-01,Pending
PAY-0010308,ORD-0010308,Debit Card,1324.95,2026-08-31,Failed
PAY-0008514,ORD-0999534,Debit Card,2198.59,2026-08-25,Pending
PAY-0006877,ORD-0006877,PayPal,3915.6,08-Mar-2026,Refunded
PAY-0002826,ORD-0002826,PayPal,1560.71,2025-05-17,Completed
PAY-0001966,ORD-0001966,Credit Card,2307.16,2024-06-13,Failed
PAY-0009413,ORD-0009413,PayPal,2451.85,2026-03-18,Completed
PAY-0007739,ORD-0007739,PayPal,3509.26,2026-08-19,Completed
PAY-0004728,ORD-0004728,Bank Transfer,295.5,2024-08-29,Completed
PAY-0005026,ORD-0005026,PayPal,2948.88,2024-08-14,Completed
PAY-0006171,ORD-0006171,Credit Card,309.61,2026-01-03,Completed
PAY-0007568,ORD-0007568,Debit Card,350.07,2026-08-26,Completed
PAY-0001226,ORD-0001226,PayPal,447.1,2024-05-16,Completed
PAY-0010225,ORD-0010225,,2016.59,2026-05-21,Completed
PAY-0005493,ORD-0005493,,550.0,2024-03-12,Completed
PAY-0010512,ORD-0010512,,103.94,2026-08-29,Refunded
PAY-0010271,ORD-0010271,Bank Transfer,3439.48,2026-04-01,Completed
PAY-0006459,ORD-0006459,Debit Card,2530.77,2026-03-08,Completed
PAY-0001970,ORD-0001970,Credit Card,5260.4,2024-02-27,Completed
PAY-0003277,ORD-0003277,Credit Card,1272.59,2026-02-12,Completed
PAY-0011522,ORD-0011522,PayPal,890.96,2026-08-02,Failed
PAY-0007965,ORD-0007965,PayPal,1691.04,2025-03-29,Completed
PAY-0002116,ORD-0002116,Gift Card,244.36,2026-08-03,Refunded
PAY-0003944,ORD-0003944,PayPal,1352.77,2025-06-16,Completed
PAY-0009625,ORD-0009625,PayPal,2227.1,2026-02-23,Refunded
PAY-0001694,ORD-0001694,Credit Card,1965.3,2026-05-03,Completed
PAY-0009204,ORD-0009204,Credit Card,1908.92,2026-03-13,Completed
PAY-0008036,ORD-0008036,Credit Card,1885.53,2026-02-17,Completed
PAY-0000297,ORD-0000297,Credit Card,1698.67,2025-08-31,Failed
PAY-0003849,ORD-0003849,PayPal,2604.39,2026-04-24,Failed
PAY-0000239,ORD-0000239,PayPal,1634.28,2026-03-07,Refunded
PAY-0000872,ORD-0000872,Gift Card,832.36,2025-12-20,Refunded
PAY-0005434,ORD-0005434,Credit Card,1851.58,2024-07-15,Completed
PAY-0010858,ORD-0010858,Bank Transfer,844.11,2026-08-04,Failed
PAY-0002219,ORD-0002219,PayPal,2483.05,2026-08-17,Completed
PAY-0009731,ORD-0009731,PayPal,1872.6,2026-03-15,Failed
PAY-0006573,ORD-0006573,Gift Card,1888.88,2025-09-12,Completed
PAY-0005894,ORD-0005894,Credit Card,1386.41,2025-05-09,Completed
PAY-0011709,ORD-0011709,Debit Card,2081.6,2026-03-30,Failed
PAY-0007359,ORD-0007359,Credit Card,203.64,2025-10-23,Pending
PAY-0005670,ORD-0005670,PayPal,91491.82,2026-07-31,Completed
PAY-0000645,ORD-0000645,Credit Card,1634.29,2024-08-26,Completed
PAY-0002036,ORD-0002036,PayPal,3372.69,2026-05-29,Failed
PAY-0001612,ORD-0001612,PayPal,2069.3,2026-04-06,Completed
PAY-0003375,ORD-0003375,Credit Card,2390.74,2025-03-31,Completed
PAY-0001101,ORD-0001101,Debit Card,1865.85,2026-06-27,Completed
PAY-0003482,ORD-0003482,Debit Card,1601.87,2025-10-20,Completed
PAY-0002201,ORD-0002201,Credit Card,908.99,2026-09-05,Completed
PAY-0007727,ORD-0007727,Credit Card,3747.78,2024-09-26,Failed
PAY-0000551,ORD-0000551,Debit Card,1464.62,2026-08-09,Completed
PAY-0000163,ORD-0000163,PayPal,825.62,2026-07-04,Completed
PAY-0001253,ORD-0001253,Debit Card,1603.3,2026-08-17,Completed
PAY-0002659,ORD-0002659,,16776.55,2025-12-17,Failed
PAY-0006682,ORD-0006682,Debit Card,2059.2,2025-11-06,Completed
PAY-0002688,ORD-0002688,PayPal,30.53,2026-04-01,Completed
PAY-0005284,ORD-0005284,PayPal,850.59,2025-11-27,Completed
PAY-0009933,ORD-0009933,Debit Card,118.07,2026-03-04,Completed
PAY-0011678,ORD-0011678,,3567.93,2026-04-05,Completed
PAY-0009618,ORD-0009618,Credit Card,4850.82,2026-08-15,Completed
PAY-0001363,ORD-0001363,Debit Card,N/A,2026-08-22,Failed
PAY-0006020,ORD-0006020,Debit Card,2344.86,2025-07-31,Completed
PAY-0001248,ORD-0001248,PayPal,2713.15,2025-12-17,Completed
PAY-0011068,ORD-0011068,Debit Card,1074.24,2025-11-30,Completed
PAY-0006518,ORD-0006518,Credit Card,2384.42,2024-12-03,Completed
PAY-0003691,ORD-0003691,Credit Card,3412.96,2025-07-14,Refunded
PAY-0003343,ORD-0003343,Credit Card,$829.71,2025-11-04,Completed
PAY-0007401,ORD-0007401,Credit Card,692.16,2025-12-10,Completed
PAY-0006131,ORD-0006131,Credit Card,152315.65,2025-10-20,Completed
PAY-0011072,ORD-0011072,Gift Card,2517.94,2026-03-28,Pending
PAY-0001155,ORD-0001155,Debit Card,1926.76,2026-05-14,Completed
PAY-0009915,ORD-0009915,Credit Card,5521.6,2026-03-29,Completed
PAY-0001635,ORD-0001635,Debit Card,2941.7,2026-07-26,Completed
PAY-0009479,ORD-0009479,Debit Card,1942.46,2025-05-16,Pending
PAY-0003998,ORD-0003998,Credit Card,2469.07,2025-11-23,Completed
PAY-0002473,ORD-0002473,Credit Card,2308.71,2026-09-04,Completed
PAY-0004326,ORD-0004326,PayPal,754.98,2026-08-23,Completed
PAY-0007394,ORD-0007394,Credit Card,559.14,2026-08-14,Completed
PAY-0009488,ORD-0936161,Credit Card,null,05/30/2026,Pending
PAY-0005998,ORD-0005998,Credit Card,354.05abc,2026-07-08,Completed
PAY-0005303,ORD-0005303,Credit Card,2730.44,2024-08-21,Completed
PAY-0002964,ORD-0002964,,89.87,2026-07-30,Completed
PAY-0009682,ORD-0009682,Debit Card,117.63,2025-01-29,Refunded
PAY-0010410,ORD-0010410,Credit Card,888.35abc,2026-07-22,Completed
PAY-0006876,ORD-0006876,Debit Card,3216.53,2026-02-25,Completed
PAY-0007219,ORD-0007219,Credit Card,1012.88,2024-12-12,Completed
PAY-0004983,ORD-0004983,,2568.43,2026-03-12,Completed
PAY-0008812,ORD-0008812,Debit Card,203.0,2025-05-02,Failed
PAY-0009162,ORD-0009162,Gift Card,487.58,2026-08-31,Failed
PAY-0011878,ORD-0011878,PayPal,116.19,2026-02-01,Failed
PAY-0011257,ORD-0011257,PayPal,658.4,2025-10-08,Completed
PAY-0004245,ORD-0004245,PayPal,884.33,2025-05-25,Completed
PAY-0002699,ORD-0002699,PayPal,3600.45,2026-01-10,Completed
PAY-0007599,ORD-0007599,Credit Card,1125.12,2024-08-01,Completed
PAY-0005105,ORD-0005105,Bank Transfer,1294.22,2024-11-29,Completed
PAY-0008704,ORD-0008704,Debit Card,319.77,2026-08-01,Completed
PAY-0000799,ORD-0000799,Credit Card,1051.56,2026-03-30,Completed
PAY-0000019,ORD-0000019,Debit Card,1950.56,2025-02-28,Completed
PAY-0003870,ORD-0003870,Credit Card,635.87,2025-06-11,Completed
PAY-0011242,ORD-0011242,,2765.45,2026-03-17,Completed
PAY-0010393,ORD-0010393,,1317.44,2025-10-28,Completed
PAY-0002673,ORD-0002673,Debit Card,381.75,19-Aug-2026,Completed
PAY-0010303,ORD-0010303,Credit Card,1446.0,2026-02-15,Completed
PAY-0000684,ORD-0000684,Debit Card,634.43,2026-08-20,Completed
PAY-0005843,ORD-0005843,Credit Card,93.57,2026-06-14,Failed
PAY-0002617,ORD-0002617,Credit Card,980.1,2026-07-06,Refunded
PAY-0003871,ORD-0003871,Debit Card,2792.18,2025-05-25,Completed
PAY-0010954,ORD-0010954,Credit Card,2334.38,06-Jun-2026,Completed
PAY-0002755,ORD-0002755,Debit Card,824.61,2026-08-01,Completed
PAY-0010979,ORD-0010979,Debit Card,15.16,2026-09-03,Completed
PAY-0006952,ORD-0006952,Gift Card,461.44,2026-09-05,Completed
PAY-0011772,ORD-0011772,Debit Card,555.43,2026-01-31,Failed
PAY-0008063,ORD-0008063,Bank Transfer,383.58,2025-12-12,Completed
PAY-0001058,ORD-0001058,Credit Card,226.98,2025-08-15,Completed
PAY-0004622,ORD-0004622,PayPal,1381.12,2026-01-24,Completed
PAY-0003488,ORD-0003488,Credit Card,1568.64,2026-06-19,Refunded
PAY-0003168,ORD-0003168,Debit Card,1056.05,2025-01-24,Completed
PAY-0009556,ORD-0009556,Gift Card,1821.25,2024-04-03,Failed
PAY-0007078,ORD-0007078,Credit Card,2693.15,2025-10-09,Completed
PAY-0006277,ORD-0006277,Gift Card,935.08,2026-08-27,Completed
PAY-0000951,ORD-0000951,Gift Card,1872.84,2026-08-29,Completed
PAY-0003346,ORD-0003346,Credit Card,3002.85,2024-03-10,Completed
PAY-0010258,ORD-0010258,Credit Card,962.09,2025-07-09,Pending
PAY-0000227,ORD-0000227,PayPal,4374.0,2026-08-24,Failed
PAY-0006726,ORD-0006726,Credit Card,1132.55,2026-04-08,Completed
PAY-0010150,ORD-0010150,Credit Card,2362.23,2025-09-02,Completed
PAY-0006636,ORD-0006636,Credit Card,425.75,2026-07-11,Completed
PAY-0002343,ORD-0002343,Gift Card,101.6,2026-03-10,Completed
PAY-0001809,ORD-0001809,Bank Transfer,78.95,2025-04-12,Pending
PAY-0001766,ORD-0001766,PayPal,6098.76,2026-08-24,Completed
PAY-0011305,ORD-0011305,Debit Card,1847.92,2025-11-18,Completed
PAY-0007151,ORD-0007151,PayPal,574.12,2025-02-03,Completed
PAY-0005450,ORD-0005450,Credit Card,1887.02,2026-04-18,Refunded
PAY-0005426,ORD-0005426,Debit Card,463.27,2025-11-04,Refunded
PAY-0007873,ORD-0007873,Gift Card,22.12,2026-03-31,Completed
PAY-0009118,ORD-0009118,,962.78,2025-06-01,Completed
PAY-0009222,ORD-0009222,PayPal,284.88,2026-08-02,Completed
PAY-0001907,ORD-0001907,Credit Card,880.08,2024-12-06,Completed
PAY-0004753,ORD-0004753,Credit Card,94.97,2025-01-10,Refunded
PAY-0009438,ORD-0009438,Credit Card,1457.06,2026-08-21,Completed
PAY-0010037,ORD-0010037,Credit Card,449.44,2026-08-29,Completed
PAY-0008017,ORD-0008017,Credit Card,4235.99,2026-01-17,Completed
PAY-0010329,ORD-0010329,Credit Card,1506.8,2026-04-21,Completed
PAY-0008370,ORD-0008370,Credit Card,433.38,2026-04-10,Failed
PAY-0009281,ORD-0009281,Debit Card,1443.07,2026-04-18,Completed
PAY-0007721,ORD-0007721,PayPal,unknown,2026-08-01,Completed
PAY-0002386,ORD-0002386,Gift Card,713.74,2026-08-24,Completed
PAY-0010683,ORD-0010683,Credit Card,153.83,2025-03-09,Completed
PAY-0005551,ORD-0005551,Credit Card,2492.8,2025-02-21,Refunded
PAY-0006797,ORD-0962269,PayPal,689.3,2026-04-07,Completed
PAY-0006104,ORD-0006104,Gift Card,933.88,2025-10-18,Failed
PAY-0010440,ORD-0010440,Debit Card,654.4,2026-06-15,Failed
PAY-0005443,ORD-0005443,Debit Card,421.68,2026-06-17,Completed
PAY-0001780,ORD-0001780,PayPal,417.6,2026-08-26,Failed
PAY-0007186,ORD-0007186,Credit Card,4727.25,2024-09-04,Completed
PAY-0000268,ORD-0000268,Credit Card,50516.24,2025-10-23,Completed
PAY-0006787,ORD-0006787,Debit Card,784.18,2025-08-30,Completed
PAY-0011923,ORD-0011923,PayPal,2966.16,2025-04-11,Completed
PAY-0011126,ORD-0011126,Credit Card,16.34,2026-05-14,Completed
PAY-0009600,ORD-0009600,Gift Card,681.82,2026-08-30,Refunded
PAY-0011237,ORD-0011237,Debit Card,5956.39,2026-02-27,Completed
PAY-0008575,ORD-0008575,Credit Card,3219.91,2026-07-27,Completed
PAY-0001108,ORD-0001108,Credit Card,1621.52,2025-01-19,Completed
PAY-0002185,ORD-0002185,Credit Card,3431.89,2024-07-18,Pending
PAY-0007890,ORD-0007890,PayPal,1194.79,2024-12-08,Pending
PAY-0001360,ORD-0001360,Credit Card,2684.63,2025-03-28,Pending
PAY-0007210,ORD-0007210,,767.4,2026-08-10,Refunded
PAY-0003456,ORD-0003456,PayPal,226136.8,2026-06-08,Pending
PAY-0004370,ORD-0004370,Debit Card,281.04,2026-08-03,Failed
PAY-0008722,ORD-0008722,Debit Card,1535.1,2026-06-10,Completed
PAY-0007213,ORD-0007213,Credit Card,380.75,2025-11-27,Completed
PAY-0009135,ORD-0009135,Credit Card,1059.76,2026-08-25,Completed
PAY-0003331,ORD-0003331,Credit Card,542.08,2026-01-08,Completed
PAY-0008388,ORD-0901464,,418.18,2024-11-19,Completed
PAY-0000756,ORD-0000756,Credit Card,1482.72,2025-07-27,Completed
PAY-0004342,ORD-0004342,Credit Card,1231.46,2026-02-26,Failed
PAY-0008164,ORD-0008164,Debit Card,1385.81,2025-04-26,Completed
PAY-0008504,ORD-0008504,PayPal,1924.97,2026-05-10,Failed
PAY-0002899,ORD-0002899,Debit Card,105.42,2026-09-06,Pending
PAY-0008384,ORD-0008384,Credit Card,598.81,2026-08-19,Completed
PAY-0011341,ORD-0011341,Gift Card,659.92,2024-10-28,Completed
PAY-0005370,ORD-0005370,Gift Card,3099.69,2026-04-05,Refunded
PAY-0004662,ORD-0004662,Credit Card,486.23,2026-04-23,Completed
PAY-0007194,ORD-0007194,Debit Card,450.21,2026-01-25,Completed
PAY-0010823,ORD-0010823,Debit Card,2935.6,08/14/2026,Completed
PAY-0000516,ORD-0000516,Credit Card,1730.27,2025-12-13,Completed
PAY-0005989,ORD-0005989,Credit Card,1262.38,2026-06-11,Completed
PAY-0011030,ORD-0011030,Debit Card,1071.39,2024-10-28,Completed
PAY-0001830,ORD-0001830,Credit Card,501.64,2026-07-24,Completed
PAY-0005862,ORD-0005862,PayPal,1257.85,2025-09-18,Completed
PAY-0007648,ORD-0007648,PayPal,3932.87,2025-10-15,Pending
PAY-0006990,ORD-0006990,Credit Card,1220.67,2026-08-21,Completed
PAY-0001366,ORD-0001366,Debit Card,31137.0,2026-08-30,Completed
PAY-0003317,ORD-0003317,Credit Card,7497.0,2025-05-04,Completed
PAY-0004872,ORD-0004872,PayPal,1022.82,2026-07-05,Pending
PAY-0009560,ORD-0009560,PayPal,1671.74,2026-08-19,Failed
PAY-0006641,ORD-0006641,PayPal,1085.52,2026-07-29,Refunded
PAY-0011961,ORD-0011961,Credit Card,1184.81,2026-01-30,Completed
PAY-0006402,ORD-0006402,Credit Card,1316.06,2026-07-15,Failed
PAY-0010503,ORD-0010503,Debit Card,495.46,2025-11-13,Completed
PAY-0010173,ORD-0010173,PayPal,1531.53,2025-11-04,Completed
PAY-0009224,ORD-0009224,PayPal,4071.31,2026-09-01,Failed
PAY-0003280,ORD-0003280,Credit Card,22.4,2025-06-23,Completed
PAY-0006335,ORD-0006335,Credit Card,1318.59,2025-07-11,Completed
PAY-0005372,ORD-0005372,Debit Card,545.7,2026-05-19,Failed
PAY-0009614,ORD-0009614,Debit Card,1725.63,2025-03-31,Completed
PAY-0008320,ORD-0008320,PayPal,795.48,2026-07-03,Refunded
PAY-0008766,ORD-0008766,,2689.64,2025-12-30,Completed
PAY-0011189,ORD-0011189,Credit Card,629.64,2024-09-08,Failed
PAY-0004777,ORD-0004777,,307.47,2025-12-08,Failed
PAY-0009409,ORD-0009409,Debit Card,3029.49,2025-12-07,Completed
PAY-0003992,ORD-0003992,Bank Transfer,3311.54,2026-03-26,Failed
PAY-0006817,ORD-0006817,PayPal,2654.17,2026-02-23,Completed
PAY-0002714,ORD-0002714,Credit Card,1526.4,2025-12-22,Pending
PAY-0001678,ORD-0001678,Debit Card,4327.48,2026-03-24,Completed
PAY-0007762,ORD-0007762,Credit Card,1050.03,2024-12-08,Pending
PAY-0004308,ORD-0004308,Credit Card,3365.08,2025-01-27,Refunded
PAY-0000515,ORD-0000515,Credit Card,-223.82,2026-05-22,Completed
PAY-0003685,ORD-0003685,Credit Card,846.66,2025-12-14,Completed
PAY-0005885,ORD-0005885,Gift Card,1809.97,2026-07-05,Completed
PAY-0003493,ORD-0003493,PayPal,717.68,2026-08-26,Completed
PAY-0010485,ORD-0010485,Credit Card,1032.54,2026-09-03,Failed
PAY-0009572,ORD-0009572,Credit Card,911.6,2026-05-08,Completed
PAY-0000774,ORD-0000774,Credit Card,4486.48,2026-05-30,Failed
PAY-0002208,ORD-0002208,Credit Card,$485.01,2026-05-19,Completed
PAY-0009633,ORD-0009633,Credit Card,5477.6,2024-05-24,Completed
PAY-0011006,ORD-0011006,Credit Card,4766.97,2025-12-26,Refunded
PAY-0000318,ORD-0000318,Debit Card,845.16,2025-09-12,Completed
PAY-0008135,ORD-0008135,Debit Card,2309.52,2026-01-01,Completed
PAY-0002875,ORD-0002875,Credit Card,2579.15,2026-06-21,Completed
PAY-0008748,ORD-0008748,Credit Card,67.04,2025-04-02,Completed
PAY-0007718,ORD-0007718,Gift Card,688.03,2026-05-19,Completed
PAY-0001078,ORD-0001078,Credit Card,139.67,2025-04-24,Refunded
PAY-0003082,ORD-0003082,Credit Card,303.71,2024-12-12,Completed
PAY-0011983,ORD-0011983,Bank Transfer,519.7,2026-09-04,Failed
PAY-0004269,ORD-0004269,Gift Card,3929.85,2026-07-22,Completed
PAY-0010677,ORD-0010677,Credit Card,456.54,2025-11-19,Completed
PAY-0010577,ORD-0010577,PayPal,1070.44,2026-03-29,Failed
PAY-0000292,ORD-0000292,Debit Card,4933.38,2024-05-07,Refunded
PAY-0001903,ORD-0001903,Gift Card,3106.11,2026-01-18,Completed
PAY-0005860,ORD-0005860,Credit Card,5618.38,2026-07-06,Failed
PAY-0003214,ORD-0003214,Debit Card,523.07,2026-08-29,Refunded
PAY-0004407,ORD-0004407,PayPal,275.0,2026-06-15,Failed
PAY-0006582,ORD-0006582,Credit Card,1717.35,2026-07-31,Completed
PAY-0008097,ORD-0008097,Credit Card,1744.71,2026-08-18,Failed
PAY-0000206,ORD-0000206,Credit Card,2822.64,18-Oct-2025,Completed
PAY-0008935,ORD-0008935,PayPal,54129.49,2025-07-05,Completed
PAY-0007956,ORD-0007956,PayPal,1294.65,2026-03-23,Failed
PAY-0001723,ORD-0001723,Debit Card,2693.52,2025-02-04,Completed
PAY-0011803,ORD-0011803,Credit Card,1541.74,25-Jul-2026,Completed
PAY-0001457,ORD-0001457,PayPal,2543.43,2026-05-31,Completed
PAY-0004928,ORD-0004928,Bank Transfer,2198.4,2025-02-27,Refunded
PAY-0008621,ORD-0008621,Debit Card,1713.85,2025-12-06,Completed
PAY-0001648,ORD-0001648,Credit Card,1155.92,2025-09-13,Failed
PAY-0000003,ORD-0000003,Debit Card,1354.84,2026-06-03,Completed
PAY-0008801,ORD-0008801,Debit Card,1271.12,2026-07-09,Failed
PAY-0004735,ORD-0004735,PayPal,1580.25,2024-08-14,Failed
PAY-0004970,ORD-0004970,Credit Card,227.1,2026-07-10,Completed
PAY-0006135,ORD-0006135,Credit Card,3429.94,2026-08-04,Completed
PAY-0011001,ORD-0011001,Debit Card,1603.69,2026-03-12,Completed
PAY-0007737,ORD-0007737,Gift Card,356.85,2026-09-07,Completed
PAY-0011201,ORD-0011201,PayPal,$1112.92,2024-11-17,Completed
PAY-0000731,ORD-0000731,Debit Card,1513.94,2026-01-05,Pending
PAY-0003150,ORD-0003150,Credit Card,1363.14abc,2024-09-03,Completed
PAY-0011497,ORD-0011497,Credit Card,2720.08,2025-09-01,Completed
PAY-0009665,ORD-0009665,Credit Card,890.32abc,2026-04-14,Completed
PAY-0008644,ORD-0008644,PayPal,3780.88,2026-08-12,Refunded
PAY-0003556,ORD-0003556,Credit Card,187.02,2025-06-16,Completed
PAY-0005713,ORD-0005713,Credit Card,1763.24,2025-12-06,Completed
PAY-0001096,ORD-0983876,PayPal,673.58,2025-03-25,Completed
PAY-0009585,ORD-0009585,Gift Card,615.05,2026-03-14,Completed
PAY-0000451,ORD-0000451,PayPal,1651.13,2026-03-01,Completed
PAY-0006048,ORD-0006048,Credit Card,589.92,2026-08-03,Completed
PAY-0010219,ORD-0010219,Credit Card,122.9,2025-11-02,Failed
PAY-0003657,ORD-0003657,Gift Card,179.86,2026-09-04,Failed
PAY-0004029,ORD-0004029,Credit Card,9878.51,2026-05-18,Failed
PAY-0009109,ORD-0009109,Credit Card,N/A,2024-09-07,Completed
PAY-0010734,ORD-0010734,Credit Card,4469.16,2024-04-20,Failed
PAY-0001165,ORD-0001165,Debit Card,2756.41,2024-05-01,Completed
PAY-0011993,ORD-0011993,Debit Card,2024.69,2026-06-08,Completed
PAY-0003008,ORD-0003008,Debit Card,1723.15,2026-09-04,Completed
PAY-0006458,ORD-0006458,Debit Card,5736.29,2025-06-10,Completed
PAY-0007198,ORD-0007198,Debit Card,2710.76,2026-04-22,Completed
PAY-0009897,ORD-0009897,Credit Card,?,2026-07-13,Completed
PAY-0004825,ORD-0004825,Debit Card,648.69,2025-09-19,Completed
PAY-0008566,ORD-0008566,Credit Card,6429.38,2025-03-11,Completed
PAY-0005206,ORD-0005206,Debit Card,2595.83,2026-02-03,Completed
PAY-0007417,ORD-0007417,Debit Card,3843.4,2026-07-06,Completed
PAY-0011445,ORD-0011445,Debit Card,1125.88,2026-07-29,Completed
PAY-0002893,ORD-0002893,,493.12,"July 09, 2026",Refunded
PAY-0006908,ORD-0006908,Credit Card,-711.3,2026-04-14,Completed
PAY-0009551,ORD-0009551,Credit Card,1015.09,2026-05-19,Completed
PAY-0007258,ORD-0007258,Debit Card,3866.77,2025-05-28,Completed
PAY-0006264,ORD-0006264,Credit Card,945.51abc,2026-09-04,Completed
PAY-0005538,ORD-0005538,Credit Card,105341.55,2025-09-10,Refunded
PAY-0007402,ORD-0007402,Credit Card,586.34,2026-06-19,Refunded
PAY-0003976,ORD-0003976,PayPal,587.68,2024-03-15,Pending
PAY-0011557,ORD-0011557,Credit Card,-918.69,2024-06-01,Refunded
PAY-0002953,ORD-0002953,Debit Card,347.64,2025-10-27,Completed
PAY-0009653,ORD-0009653,Debit Card,2524.34,2025-09-20,Failed
PAY-0006578,ORD-0006578,Credit Card,3480.11,2024-08-02,Completed
PAY-0010614,ORD-0010614,Debit Card,771.63,2024-04-02,Completed
PAY-0008014,ORD-0008014,Bank Transfer,2083.38,2026-01-15,Refunded
PAY-0009876,ORD-0009876,Credit Card,-1342.53,2025-08-28,Completed
PAY-0004254,ORD-0004254,Credit Card,3507.92,2026-07-07,Completed
PAY-0006168,ORD-0006168,Credit Card,2237.0,2026-05-30,Completed
PAY-0001346,ORD-0001346,Credit Card,2094.7,2023-10-24,Completed
PAY-0011014,ORD-0011014,,377.35,2026-05-24,Completed
PAY-0000264,ORD-0000264,Credit Card,1377.03,2025-02-23,Completed
PAY-0005881,ORD-0005881,Debit Card,1210.14,2025-04-27,Completed
PAY-0003429,ORD-0003429,Credit Card,2859.64,2026-08-09,Completed
PAY-0006106,ORD-0006106,Debit Card,303.11,2026-04-30,Failed
PAY-0004887,ORD-0004887,Credit Card,2950.35,2025-02-24,Refunded
PAY-0001129,ORD-0001129,Bank Transfer,294.82,2026-08-21,Completed
PAY-0011833,ORD-0011833,Credit Card,618.28,2026-05-03,Completed
PAY-0002950,ORD-0002950,Credit Card,1648.0,2025-06-29,Failed
PAY-0009199,ORD-0009199,PayPal,2931.28,2026-08-22,Completed
PAY-0002244,ORD-0002244,Debit Card,242015.22,2026-04-09,Failed
PAY-0008210,ORD-0008210,Debit Card,5429.78,2025-05-24,Failed
PAY-0011982,ORD-0011982,Debit Card,1388.58,2026-06-25,Completed
PAY-0010332,ORD-0010332,Debit Card,2142.73,2026-07-28,Refunded
PAY-0000415,ORD-0000415,Gift Card,2054.89,2025-04-07,Pending
PAY-0001932,ORD-0001932,Credit Card,2546.82,2025-08-06,Completed
PAY-0002900,ORD-0002900,Credit Card,1291.17,2026-03-26,Completed
PAY-0010902,ORD-0010902,Gift Card,3283.65,03/21/2026,Completed
PAY-0001951,ORD-0001951,Gift Card,1239.76,2026-03-10,Completed
PAY-0003083,ORD-0003083,Gift Card,406.05,2024-11-26,Completed
PAY-0009495,ORD-0009495,Debit Card,584.99,"November 10, 2025",Completed
PAY-0008933,ORD-0008933,,453.35,2024-03-17,Failed
PAY-0000393,ORD-0000393,Credit Card,?,2025-10-01,Completed
PAY-0006533,ORD-0006533,Credit Card,4694.78,2026-02-09,Completed
PAY-0001222,ORD-0001222,Debit Card,1006.82,2026-02-19,Completed
PAY-0007430,ORD-0007430,Debit Card,1087.09,2024-08-04,Completed
PAY-0002032,ORD-0002032,Gift Card,1707.68,2026-08-19,Failed
PAY-0010740,ORD-0010740,Credit Card,1463.57,2026-07-03,Completed
PAY-0008403,ORD-0008403,Debit Card,938.56,2024-10-27,Completed
PAY-0009880,ORD-0009880,Credit Card,4747.28,2025-04-16,Completed
PAY-0000452,ORD-0000452,PayPal,2520.3,2025-10-01,Completed
PAY-0010029,ORD-0010029,Debit Card,147.2,2026-09-03,Completed
PAY-0003897,ORD-0003897,Credit Card,n/a,2026-08-31,Completed
PAY-0006570,ORD-0006570,Credit Card,1535.0,2026-06-05,Failed
PAY-0007055,ORD-0007055,Debit Card,625.37,2025-07-22,Completed
PAY-0003230,ORD-0003230,Bank Transfer,155.04,2026-03-10,Refunded
PAY-0010617,ORD-0010617,PayPal,5954.63,2026-05-28,Completed
PAY-0004786,ORD-0004786,Credit Card,137.17,2026-08-30,Refunded
PAY-0008412,ORD-0008412,Debit Card,5690.11,2026-09-04,Completed
PAY-0002935,ORD-0002935,PayPal,2459.27,2026-07-01,Failed
PAY-0007262,ORD-0007262,Debit Card,461.82,2026-03-14,Completed
PAY-0003894,ORD-0003894,PayPal,6108.42,2025-11-18,Pending
PAY-0002063,ORD-0969035,PayPal,3193.58,2026-06-17,Completed
PAY-0001522,ORD-0001522,Debit Card,2807.07,2026-05-11,Failed
PAY-0008666,ORD-0008666,Credit Card,251.08,2025-09-11,Completed
PAY-0011038,ORD-0011038,Credit Card,981.84,2026-02-15,Failed
PAY-0003983,ORD-0003983,Gift Card,1809.69,2026-07-07,Failed
PAY-0001142,ORD-0001142,Credit Card,1792.45,2026-07-24,Completed
PAY-0003035,ORD-0003035,Credit Card,4199.0,2026-08-03,Failed
PAY-0002142,ORD-0002142,Credit Card,540.25,2026-08-08,Completed
PAY-0010986,ORD-0010986,Debit Card,762.76,2026-09-06,Completed
PAY-0008663,ORD-0008663,Bank Transfer,4600.46,2026-08-10,Refunded
PAY-0006300,ORD-0006300,Debit Card,4773.77,2025-09-25,Completed
PAY-0001762,ORD-0001762,Bank Transfer,287.93,2024-12-04,Completed
PAY-0004249,ORD-0004249,Gift Card,1247.64,2025-07-28,Completed
PAY-0003597,ORD-0003597,Credit Card,243.68,2026-01-18,Failed
PAY-0002630,ORD-0002630,Gift Card,583.83,2026-07-28,Refunded
PAY-0005729,ORD-0005729,Credit Card,4118.12,2025-09-30,Pending
PAY-0005585,ORD-0005585,Credit Card,418.86,2024-12-04,Refunded
PAY-0006935,ORD-0006935,Debit Card,3443.45,2025-05-04,Completed
PAY-0007540,ORD-0007540,Bank Transfer,1976.54,2026-01-28,Completed
PAY-0003198,ORD-0003198,Debit Card,1114.74,2026-08-10,Completed
PAY-0002808,ORD-0002808,Credit Card,338.31,2026-02-23,Failed
PAY-0005628,ORD-0005628,,991.0,2025-09-12,Completed
PAY-0005602,ORD-0005602,PayPal,4230.68,2026-09-04,Completed
PAY-0011563,ORD-0011563,Gift Card,135.35,2026-08-17,Completed
PAY-0006850,ORD-0006850,PayPal,2505.52,2026-01-02,Completed
PAY-0003507,ORD-0003507,PayPal,1300.84,2026-08-11,Completed
PAY-0004373,ORD-0004373,Credit Card,893.98,2026-05-11,Pending
PAY-0001404,ORD-0001404,Bank Transfer,4838.42,2025-04-11,Completed
PAY-0011924,ORD-0011924,Credit Card,3023.97,2024-08-06,Completed
PAY-0007118,ORD-0952632,Debit Card,1199.66,2026-04-04,Failed
PAY-0002750,ORD-0002750,Credit Card,3527.45,2026-09-03,Failed
PAY-0010637,ORD-0010637,Credit Card,1341.9,2026-01-16,Completed
PAY-0007936,ORD-0007936,Debit Card,1494.48,2025-12-05,Completed
PAY-0003923,ORD-0003923,Debit Card,723.44,2024-01-30,Completed
PAY-0001374,ORD-0001374,PayPal,670.45,2026-06-29,Completed
PAY-0004411,ORD-0004411,Credit Card,492.2,2026-07-09,Failed
PAY-0005863,ORD-0005863,PayPal,446.33,2026-01-30,Completed
PAY-0011477,ORD-0011477,Credit Card,658.52,2025-09-17,Completed
PAY-0008218,ORD-0008218,Debit Card,386.93,2026-09-07,Failed
PAY-0008340,ORD-0008340,Credit Card,86.13,2025-11-27,Failed
PAY-0007880,ORD-0007880,Credit Card,1995.68,2025-08-03,Failed
PAY-0005778,ORD-0005778,PayPal,1065.81,2026-07-27,Completed
PAY-0010005,ORD-0010005,,183553.67,2024-12-22,Completed
PAY-0011886,ORD-0011886,Credit Card,9615.23,2026-05-01,Refunded
PAY-0007808,ORD-0007808,PayPal,1122.22,2026-07-10,Completed
PAY-0002442,ORD-0002442,PayPal,2755.0,2024-10-28,Refunded
PAY-0003815,ORD-0947091,Credit Card,2374.2,2026-03-07,Failed
PAY-0010380,ORD-0010380,Credit Card,225.47,2025-10-03,Completed
PAY-0002846,ORD-0002846,Debit Card,383.72,2026-06-24,Completed
PAY-0001631,ORD-0001631,Gift Card,3020.3,2026-07-20,Completed
PAY-0001148,ORD-0001148,PayPal,-1673.81,2025-09-09,Completed
PAY-0004511,ORD-0004511,Gift Card,1374.7,2026-07-21,Completed
PAY-0004563,ORD-0004563,,1522.35,2026-09-08,Completed
PAY-0010830,ORD-0010830,Credit Card,2979.5,2026-03-11,Completed
PAY-0003316,ORD-0003316,Bank Transfer,492.12,2025-06-15,Failed
PAY-0002722,ORD-0002722,PayPal,87.5,2025-12-11,Completed
PAY-0007338,ORD-0007338,PayPal,598.58,2026-08-12,Completed
PAY-0007073,ORD-0007073,Credit Card,1091.86,2025-04-30,Completed
PAY-0007905,ORD-0007905,Bank Transfer,650.86,2025-12-11,Completed
PAY-0009260,ORD-0009260,Credit Card,1800.96,2026-07-12,Pending
PAY-0001561,ORD-0001561,Credit Card,416.49,2026-01-25,Completed
PAY-0000662,ORD-0000662,Credit Card,4061.47,2026-09-01,Refunded
PAY-0004150,ORD-0004150,Bank Transfer,364.11,2026-05-07,Completed
PAY-0005940,ORD-0005940,Credit Card,1523.9,2025-03-20,Refunded
PAY-0010874,ORD-0010874,PayPal,92.22,2026-07-17,Completed
PAY-0008009,ORD-0008009,Debit Card,2860.07,2024-01-28,Refunded
PAY-0000786,ORD-0000786,Credit Card,2237.95,2025-12-03,Completed
PAY-0002908,ORD-0002908,PayPal,2035.92,2025-07-09,Completed
PAY-0003382,ORD-0003382,PayPal,2425.66,2025-11-27,Completed
PAY-0010299,ORD-0010299,Debit Card,2366.48,2026-08-25,Completed
PAY-0010811,ORD-0010811,,564.79,2026-09-02,Completed
PAY-0010040,ORD-0010040,,1045.71,2026-05-12,Completed
PAY-0008765,ORD-0008765,Credit Card,756.15,2026-02-21,Pending
PAY-0003115,ORD-0003115,Debit Card,654.72,2026-04-06,Failed
PAY-0011260,ORD-0011260,Bank Transfer,772.52,2026-06-03,Refunded
PAY-0001892,ORD-0001892,Debit Card,493.94,2026-03-22,Completed
PAY-0006947,ORD-0006947,Bank Transfer,123.0,2025-07-26,Pending
PAY-0001503,ORD-0001503,Credit Card,12.27,2026-03-24,Pending
PAY-0009236,ORD-0009236,Credit Card,574.95,2025-02-06,Completed
PAY-0006901,ORD-0006901,Credit Card,3646.08,2024-09-15,Refunded
PAY-0002539,ORD-0002539,Gift Card,1820.38,2026-05-28,Failed
PAY-0000133,ORD-0000133,Credit Card,1275.3,2026-04-10,Completed
PAY-0003860,ORD-0003860,PayPal,263.24,2026-03-31,Pending
PAY-0005221,ORD-0005221,Credit Card,200.97,"July 05, 2026",Failed
PAY-0001704,ORD-0001704,Gift Card,3737.25,2025-10-11,Failed
PAY-0004048,ORD-0004048,PayPal,799.65,2026-08-31,Completed
PAY-0011380,ORD-0011380,PayPal,324.53,2025-04-07,Completed
PAY-0000634,ORD-0000634,Bank Transfer,2976.5,2025-11-23,Refunded
PAY-0001430,ORD-0001430,Debit Card,1243.35,2024-06-27,Pending
PAY-0003817,ORD-0003817,PayPal,1663.18,2026-01-08,Pending
PAY-0009756,ORD-0009756,Gift Card,654.21,2026-07-08,Completed
PAY-0001835,ORD-0001835,Gift Card,1836.27,2024-10-18,Completed
PAY-0010426,ORD-0010426,Debit Card,721.13,2025-09-09,Pending
PAY-0010490,ORD-0010490,Debit Card,2017.76,2024-12-25,Completed
PAY-0003212,ORD-0003212,Credit Card,894.35,2026-02-12,Failed
PAY-0004907,ORD-0004907,Debit Card,2711.62,2026-08-06,Refunded
PAY-0002409,ORD-0002409,Credit Card,1445.02,2024-10-15,Refunded
PAY-0004286,ORD-0004286,PayPal,976.71,2026-09-05,Failed
PAY-0004850,ORD-0004850,PayPal,1839.2,2026-08-07,Completed
PAY-0001759,ORD-0001759,Debit Card,1231.62,2025-05-12,Completed
PAY-0007324,ORD-0007324,PayPal,2250.75,2026-03-28,Pending
PAY-0007802,ORD-0007802,Bank Transfer,2676.81,2026-01-04,Failed
PAY-0000090,ORD-0000090,Credit Card,981.4,2026-08-08,Completed
PAY-0010815,ORD-0010815,PayPal,1465.26,2025-06-30,Completed
PAY-0009649,ORD-0009649,Credit Card,2266.7,2025-01-12,Completed
PAY-0008778,ORD-0008778,Gift Card,2152.79,2025-04-09,Failed
PAY-0007328,ORD-0007328,Credit Card,724.88,2025-11-15,Completed
PAY-0010035,ORD-0010035,PayPal,$2858.38,2026-08-31,Completed
PAY-0007251,ORD-0007251,Debit Card,3557.82,"October 10, 2025",Completed
PAY-0011691,ORD-0011691,PayPal,2477.2,2026-04-23,Completed
PAY-0001251,ORD-0001251,Debit Card,603.67,2026-05-03,Failed
PAY-0004321,ORD-0004321,PayPal,738.7,2026-02-28,Completed
PAY-0009041,ORD-0009041,,808.8,2026-09-05,Completed
PAY-0009717,ORD-0009717,Credit Card,1234.01,2025-10-22,Completed
PAY-0002630,ORD-0002630,Gift Card,583.83,2026-07-28,Completed
PAY-0004987,ORD-0004987,Debit Card,584.93,2025-11-28,Completed
PAY-0010116,ORD-0010116,Gift Card,2449.37,2025-08-28,Failed
PAY-0005451,ORD-0005451,Debit Card,3859.95,2026-07-17,Failed
PAY-0003030,ORD-0003030,Credit Card,623.48,2026-02-06,Completed
PAY-0000372,ORD-0000372,Debit Card,1367.22,2026-06-26,Completed
PAY-0011769,ORD-0011769,Credit Card,1134.04,2025-03-16,Completed
PAY-0001521,ORD-0001521,Credit Card,4709.7,2026-02-08,Pending
PAY-0005200,ORD-0005200,Debit Card,599.25,2026-07-20,Completed
PAY-0002740,ORD-0002740,Gift Card,629.08,2025-11-23,Completed
PAY-0007580,ORD-0007580,PayPal,919.74,2026-08-30,Failed
PAY-0001572,ORD-0001572,,209.97,2025-07-12,Refunded
PAY-0006146,ORD-0006146,Gift Card,3563.45,2025-12-17,Completed
PAY-0008356,ORD-0008356,Credit Card,610.0,03/12/2026,Completed
PAY-0010143,ORD-0010143,,3723.17,2025-11-29,Refunded
PAY-0000822,ORD-0000822,Credit Card,1293.33,2026-06-15,Failed
PAY-0007184,ORD-0007184,,1035.69,05/27/2025,Completed
PAY-0001824,ORD-0001824,PayPal,870.42,2025-11-26,Completed
PAY-0002140,ORD-0002140,Credit Card,2725.31,2025-12-25,Completed
PAY-0002782,ORD-0002782,Gift Card,1195.74,2026-07-20,Completed
PAY-0006988,ORD-0006988,PayPal,5135.51,2026-03-05,Failed
PAY-0000265,ORD-0000265,PayPal,70.04,2026-01-08,Failed
PAY-0009202,ORD-0009202,Credit Card,356.01,2025-02-13,Completed
PAY-0010817,ORD-0010817,PayPal,462.76,2026-09-06,Refunded
PAY-0008123,ORD-0008123,Debit Card,2980.53,2025-02-10,Completed
PAY-0000245,ORD-0000245,PayPal,655.56,2025-10-29,Completed
PAY-0009552,ORD-0009552,Credit Card,2715.51,2026-06-11,Pending
PAY-0000164,ORD-0000164,Credit Card,578.81,2026-01-25,Completed
PAY-0003830,ORD-0003830,Credit Card,2112.0,2025-02-25,Completed
PAY-0001384,ORD-0001384,Debit Card,3015.5,2025-10-30,Completed
PAY-0002373,ORD-0002373,Gift Card,9478.34,2026-08-09,Completed
PAY-0000253,ORD-0000253,Debit Card,1159.2,2026-07-16,Pending
PAY-0009374,ORD-0009374,PayPal,?,2025-08-21,Refunded
PAY-0002158,ORD-0002158,PayPal,5595.04,2026-09-01,Completed
PAY-0008646,ORD-0008646,Gift Card,805.83,2026-08-29,Pending
PAY-0011957,ORD-0011957,PayPal,2434.04,2026-01-27,Failed
PAY-0009952,ORD-0009952,Debit Card,3316.15,2024-01-29,Failed
PAY-0000753,ORD-0000753,Credit Card,6572.9,2026-04-15,Completed
PAY-0001039,ORD-0001039,,190.78,2025-08-28,Completed
PAY-0005931,ORD-0005931,Gift Card,402.59,2026-07-17,Failed
PAY-0004471,ORD-0937073,Credit Card,5131.29,02-Sep-2026,Failed
PAY-0007426,ORD-0007426,PayPal,189235.75,2025-07-12,Completed
PAY-0009046,ORD-0009046,PayPal,600.96,2024-08-20,Failed
PAY-0001214,ORD-0001214,Credit Card,345.49,2026-06-15,Completed
PAY-0000167,ORD-0000167,Debit Card,1360.98,2026-07-29,Completed
PAY-0001407,ORD-0001407,PayPal,497.82,2026-07-16,Failed
PAY-0002758,ORD-0002758,Credit Card,584.25,2025-11-06,Completed
PAY-0006202,ORD-0006202,Bank Transfer,1207.83,2026-09-02,Completed
PAY-0009776,ORD-0009776,Credit Card,303.25,2025-07-24,Refunded
PAY-0005560,ORD-0005560,Credit Card,358.44,2025-12-03,Pending
PAY-0007994,ORD-0007994,Debit Card,1199.83,2026-08-19,Completed
PAY-0010869,ORD-0010869,Debit Card,3378.75,2025-11-20,Completed
PAY-0001757,ORD-0001757,PayPal,267.94,2026-08-25,Failed
PAY-0001362,ORD-0001362,Credit Card,85.55abc,2025-08-25,Failed
PAY-0009593,ORD-0009593,Credit Card,371209.23,2025-12-29,Failed
PAY-0000570,ORD-0000570,PayPal,1167.31,2026-02-28,Completed
PAY-0007017,ORD-0007017,Debit Card,1561.08,2025-06-08,Completed
PAY-0006409,ORD-0006409,Credit Card,906.82,2026-03-17,Completed
PAY-0009808,ORD-0009808,Credit Card,491.51,2026-06-21,Completed
PAY-0010468,ORD-0010468,Credit Card,430.6,2025-01-23,Completed
PAY-0010708,ORD-0010708,Credit Card,1996.04,2024-10-23,Completed
PAY-0011667,ORD-0011667,Debit Card,1340.72,2024-11-21,Completed
PAY-0007783,ORD-0007783,PayPal,656.35,2025-09-25,Pending
PAY-0006436,ORD-0006436,Debit Card,-57502.57,2026-05-03,Completed
PAY-0002645,ORD-0002645,Gift Card,5002.82,2026-07-04,Completed
PAY-0000760,ORD-0000760,Debit Card,4760.14,2026-09-01,Completed
PAY-0010461,ORD-0010461,Credit Card,618.13,2026-06-26,Completed
PAY-0004513,ORD-0004513,Credit Card,3092.47,2026-06-24,Pending
PAY-0007563,ORD-0007563,Credit Card,664.49,12/19/2024,Completed
PAY-0008392,ORD-0008392,Credit Card,--,2025-11-25,Completed
PAY-0002938,ORD-0002938,Credit Card,541.63,2026-09-03,Completed
PAY-0010034,ORD-0010034,Credit Card,1208.24,2026-08-02,Pending
PAY-0008736,ORD-0008736,PayPal,3247.69,2025-11-07,Failed
PAY-0010533,ORD-0010533,Gift Card,4721.12,2025-04-04,Refunded
PAY-0008598,ORD-0008598,PayPal,524.96,2026-01-24,Completed
PAY-0004500,ORD-0004500,Debit Card,603.86,2026-07-07,Completed
PAY-0009828,ORD-0009828,PayPal,1772.67,2026-04-22,Completed
PAY-0011020,ORD-0011020,Credit Card,2069.74,2026-04-05,Completed
PAY-0002578,ORD-0002578,Credit Card,4111.4,2026-07-06,Completed
PAY-0002020,ORD-0002020,Credit Card,598.76,2025-04-19,Completed
PAY-0001319,ORD-0001319,Debit Card,2094.57,2026-05-23,Refunded
PAY-0010763,ORD-0010763,Debit Card,882.56,2026-08-06,Completed
PAY-0000344,ORD-0000344,Debit Card,3018.68,06/15/2026,Refunded
PAY-0000846,ORD-0000846,Credit Card,488.24,2026-08-04,Pending
PAY-0005455,ORD-0005455,,713.83,2026-08-15,Pending
PAY-0011677,ORD-0011677,Gift Card,946.59,2025-07-30,Failed
PAY-0009431,ORD-0009431,Bank Transfer,653.84,2026-02-07,Completed
PAY-0010777,ORD-0010777,Credit Card,843.29,2026-07-17,Failed
PAY-0002552,ORD-0002552,Debit Card,2343.05,2026-08-29,Failed
PAY-0011267,ORD-0011267,Credit Card,553.83,2026-09-02,Completed
PAY-0004357,ORD-0004357,PayPal,575.36,2026-03-17,Completed
PAY-0010970,ORD-0010970,Debit Card,69656.25,2026-01-21,Completed
PAY-0005304,ORD-0005304,Credit Card,323.36,2025-03-27,Completed
PAY-0007897,ORD-0007897,Credit Card,694.76,2026-06-15,Completed
PAY-0000072,ORD-0000072,Debit Card,4488.65,2026-07-04,Completed
PAY-0000371,ORD-0000371,Debit Card,1297.04,2025-04-20,Completed
PAY-0011256,ORD-0011256,PayPal,2424.0,2026-04-14,Refunded
PAY-0000966,ORD-0000966,Credit Card,387.4,2026-01-11,Completed
PAY-0009956,ORD-0009956,Credit Card,1639.56,2026-08-06,Completed
PAY-0002519,ORD-0002519,Bank Transfer,4316.82,2026-05-21,Completed
PAY-0008098,ORD-0008098,Debit Card,1206.89,2026-05-15,Refunded
PAY-0003947,ORD-0003947,Credit Card,315.32,2026-04-04,Failed
PAY-0005064,ORD-0005064,Credit Card,3910.58,2026-05-20,Completed
PAY-0007547,ORD-0007547,Bank Transfer,1571.12,2026-04-10,Completed
PAY-0011285,ORD-0011285,Credit Card,1809.56,2025-04-15,Refunded
PAY-0003328,ORD-0003328,Debit Card,-7216.1,2026-01-09,Completed
PAY-0001493,ORD-0001493,,1005.74,2026-07-07,Completed
PAY-0007058,ORD-0007058,Credit Card,null,2026-04-26,Pending
PAY-0000535,ORD-0000535,,2911.23,2026-06-27,Completed
PAY-0004738,ORD-0004738,Credit Card,3180.68,2025-11-01,Completed
PAY-0003086,ORD-0003086,Credit Card,248.49,2025-11-01,Completed
PAY-0011197,ORD-0011197,Bank Transfer,931.05,2026-03-11,Failed
PAY-0010545,ORD-0010545,Debit Card,536.12,2026-03-19,Pending
PAY-0005810,ORD-0005810,Gift Card,1911.25,2025-05-27,Completed
PAY-0001573,ORD-0001573,PayPal,292.71,2026-06-16,Completed
PAY-0009987,ORD-0009987,PayPal,1242.84,2024-10-30,Failed
PAY-0009413,ORD-0009413,PayPal,2451.85,2026-03-18,Pending
PAY-0010618,ORD-0010618,Credit Card,1664.59,2024-03-04,Completed
PAY-0010926,ORD-0927151,PayPal,1191.25,2026-06-02,Completed
PAY-0006711,ORD-0006711,,3763.24,2025-04-17,Completed
PAY-0003789,ORD-0003789,Gift Card,10026.79,2025-11-23,Completed
PAY-0003564,ORD-0003564,Debit Card,3043.16,2026-03-26,Completed
PAY-0003595,ORD-0003595,Debit Card,733.6,2026-07-02,Completed
PAY-0007252,ORD-0007252,Debit Card,785.52,2025-03-18,Completed
PAY-0000501,ORD-0000501,PayPal,3351.01,2026-04-16,Completed
PAY-0001128,ORD-0001128,Debit Card,546.6,2025-11-22,Completed
PAY-0008338,ORD-0008338,PayPal,1247.31,2025-02-05,Completed
PAY-0007505,ORD-0007505,Credit Card,2576.89,2024-12-14,Completed
PAY-0008109,ORD-0008109,PayPal,5006.84,2026-03-01,Completed
PAY-0006523,ORD-0006523,PayPal,3406.89,2026-08-26,Pending
PAY-0006956,ORD-0006956,Credit Card,1770.59,2026-05-12,Completed
PAY-0004338,ORD-0004338,Gift Card,2214.75,08/12/2026,Completed
PAY-0011825,ORD-0011825,Debit Card,3291.94,2025-12-09,Completed
PAY-0002591,ORD-0002591,Debit Card,-107.47,2026-08-23,Pending
PAY-0000842,ORD-0000842,PayPal,659.07,2026-08-16,Completed
PAY-0002376,ORD-0002376,PayPal,1319.01,2026-09-03,Completed
PAY-0006003,ORD-0006003,Bank Transfer,586.7,2026-03-16,Completed
PAY-0007403,ORD-0007403,Credit Card,1958.78,2025-04-30,Completed
PAY-0001435,ORD-0001435,Credit Card,1305.44,2024-10-02,Completed
PAY-0009721,ORD-0009721,Credit Card,4655.99,2025-07-23,Refunded
PAY-0004883,ORD-0004883,Debit Card,258.72,2026-03-20,Completed
PAY-0008498,ORD-0008498,,3112.41,2025-10-09,Completed
PAY-0004968,ORD-0004968,PayPal,932.32,2025-10-01,Failed
PAY-0000009,ORD-0000009,Bank Transfer,3313.69,2026-04-26,Completed
PAY-0004403,ORD-0004403,Credit Card,2948.36,2026-02-18,Completed
PAY-0010851,ORD-0010851,PayPal,128.96,2026-06-21,Completed
PAY-0007538,ORD-0007538,Credit Card,4790.41,2025-06-27,Refunded
PAY-0008520,ORD-0008520,Gift Card,79.48,2024-10-03,Failed
PAY-0004111,ORD-0004111,Credit Card,4064.0,2026-07-14,Completed
PAY-0009648,ORD-0009648,PayPal,1389.9,2026-06-10,Completed
PAY-0005732,ORD-0005732,Credit Card,1930.05,2025-09-09,Completed
PAY-0010707,ORD-0010707,Gift Card,1353.11,2025-06-30,Completed
PAY-0010809,ORD-0010809,Credit Card,58.8,2026-08-26,Completed
PAY-0003796,ORD-0003796,Bank Transfer,836.06,2026-02-01,Completed
PAY-0006799,ORD-0006799,Credit Card,222.3,2026-05-14,Completed
PAY-0009329,ORD-0009329,,609.24,2026-01-25,Completed
PAY-0009855,ORD-0009855,Credit Card,458.68,2026-06-23,Completed
PAY-0002597,ORD-0002597,Credit Card,433.06,2026-04-18,Completed
PAY-0002992,ORD-0002992,Credit Card,1278.65,2026-09-03,Failed
PAY-0010836,ORD-0010836,PayPal,2317.9,2026-06-15,Pending
PAY-0011108,ORD-0011108,PayPal,1709.4,2026-06-12,Failed
PAY-0003310,ORD-0003310,Credit Card,2291.2,2026-08-20,Completed
PAY-0008582,ORD-0008582,PayPal,2487.51,2026-05-29,Completed
PAY-0004937,ORD-0004937,Bank Transfer,445.52,2026-08-13,Failed
PAY-0006061,ORD-0006061,Gift Card,3967.91,2026-08-25,Pending
PAY-0010104,ORD-0010104,Debit Card,161.59,2026-06-23,Completed
PAY-0000925,ORD-0000925,Debit Card,3651.16,2026-07-26,Completed
PAY-0002482,ORD-0002482,PayPal,2276.68,2026-09-03,Completed
PAY-0002366,ORD-0002366,Debit Card,3165.11,2025-10-18,Completed
PAY-0011209,ORD-0011209,Credit Card,2906.33,2026-06-20,Completed
PAY-0003756,ORD-0003756,Debit Card,4904.61,2026-01-06,Failed
PAY-0007411,ORD-0007411,Credit Card,569.1,2025-06-23,Completed
PAY-0008144,ORD-0008144,Debit Card,407.28,2025-08-18,Completed
PAY-0000158,ORD-0000158,Debit Card,1245.51,2024-12-26,Failed
PAY-0002800,ORD-0002800,Credit Card,1941.93,2025-07-05,Completed
PAY-0009037,ORD-0009037,Debit Card,300.55,2025-02-14,Completed
PAY-0004068,ORD-0004068,Credit Card,1982.72,2025-11-15,Completed
PAY-0010622,ORD-0010622,PayPal,4710.11,2026-03-05,Completed
PAY-0004788,ORD-0973173,PayPal,N/A,2026-02-27,Completed
PAY-0011176,ORD-0011176,PayPal,711.33,2025-10-27,Completed
PAY-0006153,ORD-0006153,Credit Card,1308.85,2024-07-04,Completed
PAY-0003853,ORD-0003853,Debit Card,631.51,2026-08-02,Completed
PAY-0007167,ORD-0007167,Credit Card,5065.87,2026-04-03,Completed
PAY-0005569,ORD-0005569,Credit Card,3355.72,2025-01-16,Completed
PAY-0002419,ORD-0002419,Credit Card,1194.22,2026-07-24,Completed
PAY-0008982,ORD-0008982,Debit Card,51.58,2026-06-08,Failed
PAY-0001162,ORD-0001162,PayPal,930.78,2026-03-27,Completed
PAY-0005136,ORD-0005136,Debit Card,622.69,2025-08-12,Completed
PAY-0003615,ORD-0003615,Debit Card,3454.41,2024-11-12,Completed
PAY-0002698,ORD-0002698,Debit Card,6006.14,2026-08-24,Completed
PAY-0006765,ORD-0006765,Credit Card,2648.11,2025-10-11,Completed
PAY-0011875,ORD-0011875,Debit Card,1913.0,2024-06-13,Pending
PAY-0009198,ORD-0009198,Credit Card,3638.15,2026-08-21,Failed
PAY-0000147,ORD-0000147,Credit Card,2720.2,2026-05-21,Refunded
PAY-0004055,ORD-0004055,Credit Card,342.62,2026-05-23,Completed
PAY-0000218,ORD-0000218,Credit Card,919.06,2025-08-05,Refunded
PAY-0001701,ORD-0001701,Gift Card,88.69,2025-08-13,Completed
PAY-0003539,ORD-0003539,PayPal,1845.7,2026-09-05,Completed
PAY-0004296,ORD-0004296,PayPal,35.18,2024-05-22,Refunded
PAY-0001201,ORD-0001201,PayPal,742.6,2025-12-11,Completed
PAY-0006745,ORD-0006745,Credit Card,2779.36,2026-06-29,Failed
PAY-0006160,ORD-0006160,Credit Card,4384.1,2026-04-23,Completed
PAY-0004267,ORD-0004267,Debit Card,1202.04,2026-01-11,Failed
PAY-0004827,ORD-0004827,Debit Card,4865.3,2026-08-17,Completed
PAY-0011892,ORD-0011892,Credit Card,597.15,2024-10-31,Completed
PAY-0010881,ORD-0010881,PayPal,981.08,2026-08-06,Completed
PAY-0001494,ORD-0001494,PayPal,17.47,2026-08-23,Completed
PAY-0006497,ORD-0006497,Debit Card,94.4,2026-08-18,Completed
PAY-0007713,ORD-0007713,Bank Transfer,3087.44,2024-12-09,Completed
PAY-0011836,ORD-0011836,Debit Card,3053.62,2025-07-13,Failed
PAY-0011097,ORD-0011097,Credit Card,1234.42,2026-05-19,Completed
PAY-0003272,ORD-0003272,PayPal,518.18,2026-06-22,Pending
PAY-0008257,ORD-0008257,Debit Card,4089.11,2025-06-20,Completed
PAY-0003888,ORD-0003888,Credit Card,1772.18,2026-06-27,Failed
PAY-0007612,ORD-0007612,Debit Card,634.64,2026-08-28,Completed
PAY-0010376,ORD-0010376,Credit Card,654.01,2026-09-01,Completed
PAY-0000669,ORD-0000669,Debit Card,1301.69abc,2025-02-16,Pending
PAY-0003099,ORD-0003099,PayPal,4725.31,2025-08-27,Completed
PAY-0000879,ORD-0000879,Debit Card,377.9,2025-07-01,Pending
PAY-0008633,ORD-0008633,Debit Card,1778.1,2025-11-10,Pending
PAY-0007615,ORD-0007615,PayPal,856.86,2026-09-03,Completed
PAY-0004685,ORD-0004685,Debit Card,2303.29,2026-01-14,Failed
PAY-0001188,ORD-0001188,Debit Card,417.99,2026-07-07,Completed
PAY-0008300,ORD-0008300,PayPal,4127.1,2026-04-02,Failed
PAY-0010718,ORD-0010718,Debit Card,3966.07,01/12/2026,Completed
PAY-0007002,ORD-0007002,PayPal,105.34,2026-08-29,Completed
PAY-0011398,ORD-0011398,Debit Card,2550.12,2025-09-11,Refunded
PAY-0008617,ORD-0008617,Debit Card,751.05,2026-01-10,Completed
PAY-0002658,ORD-0002658,Bank Transfer,500.29,2025-07-09,Failed
PAY-0007887,ORD-0007887,Debit Card,467.98,2025-12-02,Completed
PAY-0009772,ORD-0009772,Debit Card,2033.82,2026-06-28,Completed
PAY-0010558,ORD-0010558,Debit Card,83.67,2026-08-06,Completed
PAY-0010208,ORD-0010208,Credit Card,1022.16,2025-10-10,Completed
PAY-0006442,ORD-0006442,Gift Card,744.16,2025-01-14,Completed
PAY-0000980,ORD-0000980,PayPal,750.31,2026-06-16,Completed
PAY-0007434,ORD-0007434,Credit Card,685.14,2026-08-08,Completed
PAY-0005824,ORD-0005824,Credit Card,598.59,2026-08-01,Pending
PAY-0001458,ORD-0001458,Credit Card,537.3,2026-05-04,Pending
PAY-0001056,ORD-0001056,Debit Card,469.59,2026-06-11,Refunded
PAY-0010222,ORD-0010222,Bank Transfer,-4800.91,2024-05-08,Completed
PAY-0004581,ORD-0004581,Credit Card,2963.34,2026-04-13,Completed
PAY-0008717,ORD-0008717,Debit Card,1047.65,2026-06-28,Completed
PAY-0000593,ORD-0000593,Gift Card,2255.68,2025-11-27,Failed
PAY-0007224,ORD-0007224,PayPal,845.98,2026-06-29,Completed
PAY-0011864,ORD-0011864,Credit Card,2658.55,"February 12, 2026",Failed
PAY-0003921,ORD-0003921,PayPal,2720.0,2025-11-14,Completed
PAY-0006265,ORD-0006265,Debit Card,1840.71,2026-04-29,Failed
PAY-0005020,ORD-0005020,Debit Card,886.36,2025-08-18,Completed
PAY-0004077,ORD-0004077,PayPal,2529.1,2025-09-22,Refunded
PAY-0010832,ORD-0010832,Bank Transfer,136.98,2025-11-15,Completed
PAY-0004921,ORD-0004921,Credit Card,433.73,2026-05-31,Failed
PAY-0004740,ORD-0004740,Bank Transfer,530.13,2025-05-09,Pending
PAY-0004160,ORD-0004160,PayPal,876.93,2026-08-01,Completed
PAY-0004176,ORD-0004176,Debit Card,$1300.05,2026-07-10,Completed
PAY-0005010,ORD-0005010,PayPal,2978.22,2025-06-17,Completed
PAY-0002506,ORD-0002506,Gift Card,549.38,2024-11-20,Completed
PAY-0002966,ORD-0002966,Debit Card,17.31,2026-04-18,Completed
PAY-0009245,ORD-0009245,Debit Card,5991.77,2026-03-20,Completed
PAY-0008568,ORD-0008568,PayPal,933.96,2026-06-30,Completed
PAY-0006529,ORD-0006529,Debit Card,1434.6,2025-04-06,Completed
PAY-0006673,ORD-0006673,Credit Card,6980.46,2026-04-04,Completed
PAY-0011747,ORD-0011747,Debit Card,3415.5,2026-02-15,Failed
PAY-0005992,ORD-0005992,PayPal,124310.26,2024-11-13,Completed
PAY-0004325,ORD-0004325,PayPal,382.89,23-Sep-2025,Pending
PAY-0006487,ORD-0006487,,1306.62,2026-08-27,Failed
PAY-0005561,ORD-0005561,Gift Card,642.05,2026-08-03,Pending
PAY-0004958,ORD-0004958,Debit Card,1012.82,2026-08-19,Completed
PAY-0004336,ORD-0004336,Credit Card,5051.94,2025-09-07,Refunded
PAY-0011774,ORD-0011774,PayPal,20057.69,2026-09-08,Failed
PAY-0005346,ORD-0005346,Credit Card,1142.65,2026-07-24,Completed
PAY-0010230,ORD-0010230,Debit Card,415.98,2025-06-30,Refunded
PAY-0011363,ORD-0011363,Debit Card,4672.38abc,2026-06-02,Pending
PAY-0004364,ORD-0004364,Debit Card,1236.84,2025-10-30,Failed
PAY-0006383,ORD-0006383,PayPal,2228.0,2026-07-05,Completed
PAY-0004979,ORD-0004979,Gift Card,1018.68,2026-04-14,Completed
PAY-0004174,ORD-0004174,Credit Card,91.44,2026-02-13,Completed
PAY-0004412,ORD-0004412,PayPal,735.34,2026-01-22,Completed
PAY-0002068,ORD-0002068,PayPal,464.09,2026-01-19,Failed
PAY-0007225,ORD-0007225,PayPal,79.87,2024-02-19,Completed
PAY-0007183,ORD-0007183,Gift Card,3398.36,2023-12-29,Completed
PAY-0009158,ORD-0009158,Gift Card,4190.61,2026-02-16,Pending
PAY-0000936,ORD-0000936,Gift Card,4134.97,2025-06-28,Completed
PAY-0006584,ORD-0006584,Bank Transfer,3573.1,08/13/2026,Failed
PAY-0007822,ORD-0007822,PayPal,427.42,2025-09-23,Completed
PAY-0008303,ORD-0008303,PayPal,496.06,2026-07-06,Completed
PAY-0004428,ORD-0004428,PayPal,-3296.8,2025-09-14,Pending
PAY-0005194,ORD-0005194,Debit Card,1287.3,2026-08-06,Pending
PAY-0009057,ORD-0009057,Credit Card,600.03,2026-02-09,Completed
PAY-0004482,ORD-0004482,Debit Card,3200.88,2026-07-15,Completed
PAY-0003065,ORD-0003065,,3399.62,2026-05-13,Refunded
PAY-0011627,ORD-0011627,Credit Card,2867.89abc,2026-04-17,Completed
PAY-0002794,ORD-0002794,Credit Card,2825.68,2026-05-05,Completed
PAY-0008327,ORD-0008327,Credit Card,2822.04,2026-04-19,Refunded
PAY-0006749,ORD-0006749,Credit Card,856.73,2026-08-04,Failed
PAY-0004745,ORD-0004745,Credit Card,3128.74,2026-08-06,Completed
PAY-0005693,ORD-0005693,Gift Card,72167.97,2026-07-02,Completed
PAY-0001986,ORD-0001986,Gift Card,483.51,2025-02-07,Pending
PAY-0001751,ORD-0001751,PayPal,5848.59,2026-05-11,Completed
PAY-0003810,ORD-0003810,Credit Card,2055.04,2026-06-11,Completed
PAY-0004913,ORD-0004913,PayPal,1395.96,2024-08-01,Completed
PAY-0010467,ORD-0010467,Debit Card,1862.14,2024-03-20,Completed
PAY-0004034,ORD-0004034,Credit Card,908.47,2026-01-17,Completed
PAY-0004650,ORD-0004650,Debit Card,1831.84,2025-10-21,Pending
PAY-0002635,ORD-0002635,,215.1,2026-09-05,Completed
PAY-0006531,ORD-0006531,Debit Card,23.76,2026-02-01,Completed
PAY-0005887,ORD-0005887,Credit Card,1846.54,2026-08-20,Completed
PAY-0001300,ORD-0001300,Debit Card,1045.89,2026-08-29,Pending
PAY-0005688,ORD-0005688,Credit Card,1516.91,2026-08-14,Completed
PAY-0003239,ORD-0003239,Credit Card,686.52,2026-08-04,Completed
PAY-0006390,ORD-0006390,Credit Card,32.25,2026-03-28,Completed
PAY-0007449,ORD-0007449,Credit Card,241.29,2024-02-25,Completed
PAY-0004283,ORD-0004283,Debit Card,3288.77,2026-02-10,Completed
PAY-0010520,ORD-0010520,PayPal,3996.08,2026-06-11,Completed
PAY-0007190,ORD-0007190,Credit Card,424.88,2026-09-01,Completed
PAY-0003038,ORD-0003038,Debit Card,2871.48,2026-07-31,Failed
PAY-0000401,ORD-0000401,Bank Transfer,33.2,2026-03-18,Completed
PAY-0005090,ORD-0005090,Debit Card,3488.15,2025-06-03,Completed
PAY-0009307,ORD-0009307,PayPal,1492.49,2026-05-01,Completed
PAY-0011685,ORD-0011685,Credit Card,N/A,2026-08-15,Failed
PAY-0005406,ORD-0005406,Debit Card,141.91,2026-08-21,Completed
PAY-0007634,ORD-0007634,Debit Card,3669.46,2025-06-26,Completed
PAY-0009579,ORD-0009579,Credit Card,188.88,2026-06-18,Completed
PAY-0010578,ORD-0010578,Credit Card,1056.7,2026-07-31,Completed
PAY-0008329,ORD-0008329,Credit Card,5587.91,2026-04-25,Failed
PAY-0004092,ORD-0004092,Credit Card,1270.85,2026-08-03,Failed
PAY-0004409,ORD-0004409,Bank Transfer,3552.89,2025-12-29,Pending
PAY-0003308,ORD-0003308,Gift Card,36.71,2026-07-12,Refunded
PAY-0006740,ORD-0006740,Credit Card,3162.54,2025-12-18,Completed
PAY-0004872,ORD-0004872,PayPal,1022.82,2026-07-05,Pending
PAY-0005750,ORD-0005750,Gift Card,5527.66,2026-06-04,Pending
PAY-0004608,ORD-0004608,Credit Card,1233.7,2025-04-24,Completed
PAY-0006575,ORD-0006575,Bank Transfer,1579.08,2026-01-27,Completed
PAY-0005599,ORD-0005599,Gift Card,1145.03,2026-03-20,Completed
PAY-0008597,ORD-0008597,PayPal,2356.68,2026-06-06,Pending
PAY-0002621,ORD-0002621,PayPal,2561.57,2026-08-12,Refunded
PAY-0000914,ORD-0000914,Debit Card,2677.04,06-Jul-2026,Failed
PAY-0001706,ORD-0001706,Credit Card,106.7,2026-04-02,Completed
PAY-0003223,ORD-0003223,Credit Card,5065.33,2026-08-03,Completed
PAY-0000791,ORD-0000791,PayPal,1602.57,2025-11-30,Pending
PAY-0011378,ORD-0011378,PayPal,4265.55,2024-04-30,Pending
PAY-0001540,ORD-0001540,Debit Card,2564.89,2024-01-24,Completed
PAY-0006134,ORD-0006134,Credit Card,1128.56,2026-08-03,Completed
PAY-0003189,ORD-0003189,Credit Card,2666.44,2026-08-26,Refunded
PAY-0003666,ORD-0003666,Debit Card,1563.08,2026-05-17,Failed
PAY-0008967,ORD-0008967,PayPal,6623.25,2026-08-16,Completed
PAY-0001855,ORD-0001855,Credit Card,1159.68,2026-02-13,Completed
PAY-0000161,ORD-0000161,Credit Card,94.64,2026-02-22,Completed
PAY-0006574,ORD-0006574,Debit Card,1140.63,2026-03-26,Completed
PAY-0001782,ORD-0001782,Credit Card,2184.51,2026-07-31,Pending
PAY-0006927,ORD-0006927,Debit Card,854.1,2026-03-26,Failed
PAY-0001312,ORD-0001312,Credit Card,525.21,11/12/2025,Completed
PAY-0007298,ORD-0007298,Credit Card,420.21,2024-06-12,Completed
PAY-0010282,ORD-0010282,Debit Card,1222.38,2025-11-29,Completed
PAY-0005017,ORD-0005017,Debit Card,1410.91,2026-05-03,Completed
PAY-0006462,ORD-0006462,,4757.72,2024-08-06,Completed
PAY-0001285,ORD-0001285,Debit Card,600.68,2026-05-23,Completed
PAY-0011990,ORD-0011990,Credit Card,1558.67,2026-07-20,Completed
PAY-0001664,ORD-0001664,Credit Card,96314.35,2025-07-16,Completed
PAY-0005152,ORD-0005152,Gift Card,2369.71,2025-11-03,Completed
PAY-0006056,ORD-0006056,Gift Card,524.01,2026-05-15,Failed
PAY-0000563,ORD-0000563,Debit Card,269.65,2026-03-12,Pending
PAY-0010587,ORD-0010587,Bank Transfer,613.3,2026-08-28,Completed
PAY-0010801,ORD-0010801,PayPal,370.08,2026-08-08,Completed
PAY-0002861,ORD-0002861,Credit Card,1212.04,2024-06-02,Completed
PAY-0001734,ORD-0001734,Credit Card,2365.66,2026-07-02,Completed
PAY-0005267,ORD-0005267,PayPal,1051.93,2025-04-06,Completed
PAY-0000954,ORD-0000954,Credit Card,1569.75,2026-06-05,Failed
PAY-0006340,ORD-0006340,Credit Card,842.57,2025-04-08,Failed
PAY-0010148,ORD-0010148,PayPal,1513.8,2026-03-07,Completed
PAY-0011654,ORD-0011654,Credit Card,1095.48,2026-05-05,Completed
PAY-0010955,ORD-0010955,PayPal,1689.6,2025-11-28,Failed
PAY-0001406,ORD-0001406,Credit Card,569.74,2026-07-14,Completed
PAY-0000426,ORD-0000426,Credit Card,13.56,2026-09-06,Completed
PAY-0002814,ORD-0002814,Debit Card,1085.78,06/03/2025,Completed
PAY-0005684,ORD-0005684,PayPal,422.61,2026-09-02,Failed
PAY-0008443,ORD-0008443,PayPal,1512.03,2026-04-20,Completed
PAY-0008998,ORD-0008998,Debit Card,7036.74,2025-11-15,Failed
PAY-0004692,ORD-0004692,Credit Card,3227.05,2026-05-03,Failed
PAY-0001190,ORD-0001190,Debit Card,281.9,2025-06-25,Completed
PAY-0009026,ORD-0987784,Bank Transfer,2191.2,2026-06-16,Completed
PAY-0000904,ORD-0000904,Bank Transfer,159.74,2026-06-23,Completed
PAY-0008343,ORD-0008343,Gift Card,1920.06,2025-09-05,Pending
PAY-0000954,ORD-0000954,Credit Card,1569.75,2026-06-05,Pending
PAY-0007205,ORD-0007205,Credit Card,755.04,2025-12-26,Completed
PAY-0004370,ORD-0004370,Debit Card,281.04,2026-08-03,Failed
PAY-0001157,ORD-0001157,Credit Card,2382.62,2026-08-22,Completed
PAY-0001513,ORD-0001513,Debit Card,1837.36,2026-02-18,Completed
PAY-0007327,ORD-0007327,Gift Card,1194.51,2026-08-28,Completed
PAY-0004569,ORD-0004569,Debit Card,3449.5,2024-07-31,Completed
PAY-0004103,ORD-0004103,PayPal,2503.37,2025-08-19,Completed
PAY-0010717,ORD-0010717,Credit Card,2371.95,2026-06-02,Completed
PAY-0005532,ORD-0005532,Debit Card,805.48,2026-08-28,Completed
PAY-0003904,ORD-0003904,Credit Card,281.84,2026-08-27,Completed
PAY-0001537,ORD-0001537,Credit Card,31.9,2026-03-19,Completed
PAY-0005857,ORD-0005857,Credit Card,1576.59,2025-08-03,Completed
PAY-0009751,ORD-0009751,PayPal,15.95,2026-07-16,Completed
PAY-0010157,ORD-0010157,Credit Card,632.08,2026-08-27,Completed
PAY-0004953,ORD-0004953,Bank Transfer,1212.57,2025-02-19,Completed
PAY-0006527,ORD-0006527,Debit Card,3162.03,2026-03-17,Completed
PAY-0009815,ORD-0009815,Debit Card,652.46,2024-04-27,Completed
PAY-0001281,ORD-0001281,Credit Card,3861.27,2026-06-13,Completed
PAY-0010960,ORD-0010960,PayPal,686.55,2025-06-11,Completed
PAY-0006026,ORD-0006026,Debit Card,5192.21,2026-07-28,Completed
PAY-0003741,ORD-0003741,Debit Card,1804.48,2026-09-04,Completed
PAY-0001250,ORD-0001250,Credit Card,1256.54,2026-02-11,Completed
PAY-0004084,ORD-0004084,Debit Card,N/A,2024-09-07,Completed
PAY-0007972,ORD-0007972,PayPal,1651.21,2025-12-08,Failed
PAY-0007626,ORD-0007626,Credit Card,1321.05,2025-11-07,Completed
PAY-0006472,ORD-0006472,Debit Card,910.92,2025-09-08,Completed
PAY-0010507,ORD-0010507,Credit Card,4853.95,2025-12-03,Failed
PAY-0001134,ORD-0001134,Debit Card,944.72,2026-04-17,Completed
PAY-0008142,ORD-0008142,Credit Card,2994.28,2025-08-03,Failed
PAY-0009660,ORD-0009660,Debit Card,4166.61,2026-01-25,Refunded
PAY-0000281,ORD-0000281,Debit Card,1518.91,2026-09-02,Completed
PAY-0010392,ORD-0010392,Credit Card,359.37,2026-05-02,Completed
PAY-0005329,ORD-0005329,Bank Transfer,unknown,2026-05-26,Completed
PAY-0010552,ORD-0010552,Credit Card,3127.96,2026-06-22,Completed
PAY-0003434,ORD-0003434,Debit Card,168.77,2025-07-18,Completed
PAY-0002307,ORD-0002307,Debit Card,114.45,2025-03-01,Refunded
PAY-0011746,ORD-0011746,,180.72,2026-05-08,Pending
PAY-0006639,ORD-0006639,Credit Card,4451.09,2026-03-28,Completed
PAY-0010466,ORD-0010466,Debit Card,438.34,2025-12-18,Completed
PAY-0004974,ORD-0004974,PayPal,4501.68,2026-07-30,Pending
PAY-0008024,ORD-0008024,Gift Card,3313.99,2026-09-04,Completed
PAY-0008866,ORD-0008866,Debit Card,3706.52,2026-08-02,Completed
PAY-0004560,ORD-0004560,PayPal,4649.35,2024-09-30,Completed
PAY-0008146,ORD-0008146,,3736.37,2025-05-21,Completed
PAY-0010564,ORD-0010564,PayPal,1448.08,2026-08-08,Completed
PAY-0009359,ORD-0009359,Gift Card,267.8,2026-08-01,Completed
PAY-0005637,ORD-0005637,Bank Transfer,278.56abc,2024-12-23,Completed
PAY-0004551,ORD-0004551,Debit Card,813.76,2025-06-10,Completed
PAY-0007757,ORD-0007757,Credit Card,532.0,12/30/2025,Completed
PAY-0008538,ORD-0008538,Gift Card,2274.77,2026-08-30,Pending
PAY-0001902,ORD-0001902,Debit Card,3764.03,2026-08-18,Failed
PAY-0008902,ORD-0008902,Debit Card,663.84,2026-05-03,Completed
PAY-0004051,ORD-0004051,Credit Card,1034.78,2025-01-20,Completed
PAY-0007775,ORD-0007775,Gift Card,68.02,2026-08-13,Refunded
PAY-0003806,ORD-0003806,Debit Card,613.91,2026-03-22,Completed
PAY-0007112,ORD-0007112,Bank Transfer,-1097.24,2025-11-22,Failed
PAY-0006747,ORD-0006747,PayPal,3792.16,2025-09-29,Completed
PAY-0001506,ORD-0001506,Gift Card,865.37,2026-08-28,Completed
PAY-0005072,ORD-0005072,Credit Card,1170.28,2024-10-24,Completed
PAY-0007308,ORD-0007308,Debit Card,21161.72,2024-02-28,Failed
PAY-0005171,ORD-0005171,PayPal,3477.78,"August 24, 2026",Refunded
PAY-0001933,ORD-0001933,Debit Card,593.59,2025-05-11,Completed
PAY-0008232,ORD-0008232,Debit Card,1070.86,2026-07-18,Completed
PAY-0005444,ORD-0005444,Debit Card,1412.23,2025-08-12,Pending
PAY-0004499,ORD-0004499,,313.95,2026-08-28,Failed
PAY-0011649,ORD-0011649,Debit Card,503.86,2025-08-14,Completed
PAY-0002226,ORD-0002226,Debit Card,154.71,2025-10-06,Pending
PAY-0008010,ORD-0008010,Credit Card,89933.99,2024-07-28,Completed
PAY-0000643,ORD-0000643,Credit Card,182.67,2025-10-22,Pending
PAY-0008239,ORD-0008239,Credit Card,759.46,"May 14, 2026",Completed
PAY-0002923,ORD-0002923,Debit Card,3480.7,2026-06-30,Completed
PAY-0003407,ORD-0003407,Credit Card,3071.81,2025-06-06,Completed
PAY-0008973,ORD-0008973,Credit Card,1957.47,2026-08-06,Pending
PAY-0001961,ORD-0001961,PayPal,1091.3,2025-12-04,Refunded
PAY-0006652,ORD-0006652,Debit Card,1314.02,2026-06-09,Completed
PAY-0011648,ORD-0011648,Debit Card,3349.68,2024-06-10,Completed
PAY-0011337,ORD-0011337,Credit Card,450.08,2025-12-20,Pending
PAY-0000430,ORD-0000430,PayPal,1351.32,2025-09-22,Completed
PAY-0010327,ORD-0010327,Debit Card,2032.67,2026-07-23,Completed
PAY-0001980,ORD-0001980,Gift Card,4783.48,2026-01-01,Completed
PAY-0005104,ORD-0005104,,247.14,2026-02-08,Completed
PAY-0008199,ORD-0008199,,293.65,2026-08-08,Failed
PAY-0007473,ORD-0007473,Credit Card,453.6,2024-12-01,Completed
PAY-0007922,ORD-0007922,PayPal,82012.76,2026-07-04,Completed
PAY-0011788,ORD-0011788,Credit Card,523.84,2026-07-18,Completed
PAY-0003782,ORD-0003782,Credit Card,780.9,2025-11-26,Completed
PAY-0010300,ORD-0010300,Credit Card,-615.75,2025-01-12,Completed
PAY-0004688,ORD-0004688,PayPal,180.83,2024-05-03,Pending
PAY-0005335,ORD-0005335,PayPal,1862.91,2025-11-20,Completed
PAY-0004334,ORD-0004334,Credit Card,1951.71,2024-10-04,Completed
PAY-0003963,ORD-0003963,Debit Card,591.81,2026-09-06,Completed
PAY-0001713,ORD-0001713,Gift Card,913.99,04/22/2026,Completed
PAY-0007317,ORD-0964460,PayPal,?,2026-09-05,Completed
PAY-0011516,ORD-0011516,PayPal,3921.36,2026-03-14,Completed
PAY-0001130,ORD-0001130,Bank Transfer,3623.7,2026-08-20,Completed
PAY-0008029,ORD-0008029,Credit Card,166.37,2026-04-13,Refunded
PAY-0011519,ORD-0011519,Gift Card,744.8,2026-08-20,Failed
PAY-0003312,ORD-0003312,Credit Card,27.26,2026-08-13,Completed
PAY-0001048,ORD-0001048,Debit Card,854.76,2025-02-18,Completed
PAY-0004175,ORD-0004175,Debit Card,378.0,2026-05-13,Pending
PAY-0006058,ORD-0006058,Credit Card,2497.68,2025-04-07,Completed
PAY-0009827,ORD-0009827,Credit Card,3305.06,2026-03-09,Completed
PAY-0004076,ORD-0004076,Credit Card,4007.97,2026-07-15,Completed
PAY-0001529,ORD-0001529,Debit Card,2207.68,2026-07-01,Completed
PAY-0003873,ORD-0003873,PayPal,1099.07,2026-03-06,Completed
PAY-0008113,ORD-0008113,Gift Card,678.13,2026-03-15,Completed
PAY-0010621,ORD-0010621,PayPal,756.41,2026-08-13,Completed
PAY-0002888,ORD-0002888,,898.4,2026-07-18,Completed
PAY-0004649,ORD-0004649,PayPal,2530.21,2025-07-08,Failed
PAY-0008246,ORD-0008246,Bank Transfer,2030.71abc,2025-12-17,Completed
PAY-0004069,ORD-0004069,PayPal,1128.02,2025-07-10,Completed
PAY-0011767,ORD-0011767,Debit Card,1125.12,2024-09-20,Completed
PAY-0009108,ORD-0009108,Gift Card,1916.2,2026-03-31,Completed
PAY-0008758,ORD-0008758,Credit Card,1662.68,2026-06-15,Completed
PAY-0004273,ORD-0004273,Debit Card,2540.5,2024-12-08,Completed
PAY-0010559,ORD-0010559,Credit Card,1722.0,2026-09-01,Completed
PAY-0004275,ORD-0004275,Credit Card,783.73,2024-08-03,Pending
PAY-0000559,ORD-0000559,PayPal,1419.21,2024-11-30,Completed
PAY-0002149,ORD-0002149,Credit Card,2033.68,2026-02-28,Completed
PAY-0009202,ORD-0009202,Credit Card,356.01,2025-02-13,Completed
PAY-0005202,ORD-0005202,Bank Transfer,1673.53,2025-02-09,Completed
PAY-0001822,ORD-0001822,Credit Card,1580.35,2025-11-10,Completed
PAY-0001770,ORD-0001770,Credit Card,279.84,2026-06-30,Failed
PAY-0011455,ORD-0011455,Credit Card,1197.63,2026-08-24,Completed
PAY-0010707,ORD-0010707,Gift Card,1353.11,2025-06-30,Completed
PAY-0009932,ORD-0009932,Debit Card,$1312.29,2026-02-01,Completed
PAY-0011580,ORD-0011580,Credit Card,1770.59,2026-08-21,Refunded
PAY-0008182,ORD-0008182,Debit Card,6088.2,2025-04-17,Completed
PAY-0000573,ORD-0000573,Gift Card,638.18,2026-08-31,Completed
PAY-0000646,ORD-0000646,Bank Transfer,334.08,"August 19, 2026",Completed
PAY-0001448,ORD-0001448,PayPal,279.96,2026-09-01,Completed
PAY-0007748,ORD-0007748,Debit Card,579.36,2026-05-10,Completed
PAY-0007977,ORD-0007977,Credit Card,2175.72,2026-04-07,Completed
PAY-0005245,ORD-0005245,Credit Card,1020.57abc,2026-09-01,Pending
PAY-0007744,ORD-0007744,Credit Card,2604.24,2025-12-19,Completed
PAY-0006247,ORD-0006247,Gift Card,1180.32,2026-08-29,Completed
PAY-0000089,ORD-0000089,,2050.43,2026-07-07,Failed
PAY-0006597,ORD-0006597,Debit Card,498.7,2026-07-06,Pending
PAY-0011972,ORD-0011972,Credit Card,1279.58,2025-02-22,Completed
PAY-0002868,ORD-0002868,PayPal,2934.31,2025-05-28,Completed
PAY-0002854,ORD-0002854,PayPal,2325.45,2026-03-04,Completed
PAY-0003301,ORD-0003301,Credit Card,3702.3,2026-09-03,Completed
PAY-0003529,ORD-0003529,Debit Card,609.94,2025-07-05,Completed
PAY-0001831,ORD-0001831,Debit Card,1795.61,"April 25, 2026",Failed
PAY-0007805,ORD-0007805,Credit Card,198.32,2023-12-22,Failed
PAY-0007062,ORD-0007062,PayPal,1610.16,2026-06-23,Completed
PAY-0011887,ORD-0011887,Credit Card,474.54,2024-08-01,Completed
PAY-0001098,ORD-0001098,Credit Card,361.5,2026-05-15,Refunded
PAY-0006737,ORD-0006737,PayPal,1819.74,2025-08-04,Failed
PAY-0004452,ORD-0004452,Bank Transfer,150.46,2024-01-21,Completed
PAY-0007056,ORD-0007056,PayPal,3971.87,2026-07-11,Completed
PAY-0000841,ORD-0000841,Debit Card,153.05,2025-07-28,Refunded
PAY-0001771,ORD-0001771,PayPal,1057.95,2025-08-22,Completed
PAY-0000794,ORD-0000794,Credit Card,-1090.87,2026-02-20,Completed
PAY-0010496,ORD-0010496,Credit Card,115.59,2025-12-25,Completed
PAY-0006185,ORD-0006185,Debit Card,3042.47,2026-08-29,Completed
PAY-0010378,ORD-0010378,Credit Card,758.39,2025-09-14,Completed
PAY-0004687,ORD-0004687,PayPal,133.39,2025-06-04,Refunded
PAY-0005288,ORD-0005288,Credit Card,2872.69,2025-03-26,Failed
PAY-0011436,ORD-0011436,Debit Card,6457.5,2026-02-23,Pending
PAY-0003418,ORD-0003418,Credit Card,1226.23,10/04/2024,Failed
PAY-0006326,ORD-0006326,PayPal,310.16,2024-12-18,Completed
PAY-0008387,ORD-0008387,Credit Card,16564.96,2025-07-24,Completed
PAY-0005327,ORD-0005327,Debit Card,3084.46,2026-01-05,Completed
PAY-0008669,ORD-0008669,Credit Card,2267.85,2026-04-05,Completed
PAY-0003799,ORD-0003799,PayPal,1413.35,2026-06-10,Completed
PAY-0003336,ORD-0003336,Credit Card,119.65,2026-03-23,Failed
PAY-0004036,ORD-0004036,Gift Card,1086.84,2025-10-30,Pending
PAY-0007398,ORD-0007398,PayPal,3100.15,2026-07-21,Refunded
PAY-0007954,ORD-0007954,Debit Card,2512.48,2026-04-12,Completed
PAY-0002165,ORD-0002165,Credit Card,933.27,2025-11-25,Completed
PAY-0001977,ORD-0001977,Credit Card,1110.14,2025-05-02,Completed
PAY-0008540,ORD-0008540,Debit Card,28.47,2024-11-18,Refunded
PAY-0009064,ORD-0009064,Gift Card,3894.26,2026-09-05,Completed
PAY-0000329,ORD-0000329,PayPal,1200.71,2026-02-08,Failed
PAY-0008716,ORD-0008716,Credit Card,2191.68,2025-08-28,Pending
PAY-0004104,ORD-0004104,Credit Card,1525.62,2026-06-09,Completed
PAY-0004752,ORD-0004752,Credit Card,1435.3,2025-03-15,Failed
PAY-0007878,ORD-0007878,Debit Card,3285.86,2025-05-26,Pending
PAY-0001529,ORD-0001529,Debit Card,2207.68,2026-07-01,Failed
PAY-0002270,ORD-0002270,Credit Card,15.68,2025-08-14,Refunded
PAY-0000648,ORD-0000648,PayPal,857.96,2026-08-20,Completed
PAY-0002713,ORD-0002713,Debit Card,108798.85,2024-11-26,Completed
PAY-0000631,ORD-0000631,Debit Card,678.72,2025-12-24,Pending
PAY-0009509,ORD-0009509,Debit Card,1575.09,2026-08-19,Completed
PAY-0010658,ORD-0010658,Debit Card,1320.44,2026-07-05,Completed
PAY-0003828,ORD-0003828,Debit Card,465.0,2026-07-02,Completed
PAY-0011190,ORD-0011190,PayPal,1271.02,2026-06-15,Failed
PAY-0005472,ORD-0005472,PayPal,1259.45,2024-08-06,Failed
PAY-0001178,ORD-0001178,PayPal,n/a,2026-01-19,Completed
PAY-0003245,ORD-0003245,Credit Card,3071.05,2025-10-12,Completed
PAY-0009595,ORD-0009595,Credit Card,3995.79,2026-08-08,Failed
PAY-0000996,ORD-0000996,Debit Card,1703.38,2026-04-16,Completed
PAY-0009141,ORD-0009141,Credit Card,1332.13,2025-11-22,Completed
PAY-0006379,ORD-0006379,Credit Card,1345.38,2025-04-15,Pending
PAY-0011714,ORD-0011714,Debit Card,1001.79,2026-07-21,Failed
PAY-0003372,ORD-0003372,Credit Card,25.72,2026-01-25,Completed
PAY-0010803,ORD-0010803,Credit Card,1742.92,2024-06-08,Refunded
PAY-0005777,ORD-0005777,Credit Card,1826.9,2024-12-26,Failed
PAY-0000335,ORD-0000335,Credit Card,215.24,2025-09-11,Completed
PAY-0008226,ORD-0008226,Bank Transfer,799.43,2024-12-24,Refunded
PAY-0004611,ORD-0004611,Debit Card,3696.88,2026-07-27,Pending
PAY-0005526,ORD-0005526,Credit Card,201.31,2024-08-08,Completed
PAY-0009992,ORD-0009992,Debit Card,1354.4,2026-02-12,Failed
PAY-0011078,ORD-0011078,Credit Card,675.6,2024-11-13,Completed
PAY-0008349,ORD-0008349,Credit Card,577.46,2026-03-11,Refunded
PAY-0011719,ORD-0011719,Debit Card,256.94,2026-02-28,Completed
PAY-0001394,ORD-0001394,Credit Card,1510.31,2026-03-13,Completed
PAY-0008294,ORD-0008294,Gift Card,1465.02,2026-05-07,Completed
PAY-0002509,ORD-0002509,PayPal,4160.83,2026-03-12,Completed
PAY-0003076,ORD-0003076,Credit Card,3896.34,2024-11-01,Completed
PAY-0011527,ORD-0011527,Gift Card,482.96,2025-04-05,Refunded
PAY-0007825,ORD-0007825,Credit Card,43.86,2025-12-15,Completed
PAY-0008596,ORD-0008596,PayPal,912.68,2026-06-17,Failed
PAY-0008494,ORD-0008494,Credit Card,379.04,2026-01-06,Completed
PAY-0000919,ORD-0000919,PayPal,4342.7,2025-05-19,Completed
PAY-0007918,ORD-0007918,PayPal,2293.84,2026-02-03,Failed
PAY-0010964,ORD-0010964,Debit Card,845.24,2025-05-27,Completed
PAY-0002422,ORD-0002422,Gift Card,2787.84,2025-12-14,Completed
PAY-0005402,ORD-0005402,Credit Card,-1420.44,2026-01-08,Completed
PAY-0009953,ORD-0009953,Credit Card,7072.36,2026-07-07,Refunded
PAY-0009608,ORD-0925345,Credit Card,3466.62,2025-11-28,Completed
PAY-0002836,ORD-0002836,Gift Card,88.56,2025-03-22,Completed
PAY-0009239,ORD-0009239,Debit Card,1487.32,2026-05-21,Completed
PAY-0004527,ORD-0004527,,12366.59,2024-03-01,Completed
PAY-0009007,ORD-0009007,Debit Card,2482.17,2026-07-20,Completed
PAY-0006511,ORD-0006511,Debit Card,1188.79,2025-07-30,Completed
PAY-0001811,ORD-0001811,,4667.78,2024-09-05,Completed
PAY-0009806,ORD-0009806,Gift Card,562.88,2025-03-28,Completed
PAY-0000922,ORD-0000922,PayPal,225.87,2026-03-06,Completed
PAY-0001788,ORD-0001788,Gift Card,1643.05,2025-03-27,Completed
PAY-0000595,ORD-0000595,PayPal,881.03,2026-04-10,Completed
PAY-0007004,ORD-0007004,Credit Card,2143.5,2025-09-03,Completed
PAY-0010699,ORD-0010699,Debit Card,487.96,2026-04-12,Refunded
PAY-0002328,ORD-0002328,Gift Card,2760.71,2025-07-24,Completed
PAY-0003467,ORD-0003467,Debit Card,2443.76,2026-06-07,Pending
PAY-0006598,ORD-0006598,Debit Card,2543.68,2024-04-19,Completed
PAY-0009584,ORD-0009584,Debit Card,381.61,2026-07-06,Completed
PAY-0002802,ORD-0002802,Credit Card,1534.43,2025-04-09,Completed
PAY-0003016,ORD-0003016,Credit Card,149.72,2026-05-26,Completed
PAY-0010804,ORD-0010804,PayPal,5092.93,2026-05-02,Refunded
PAY-0003374,ORD-0003374,Credit Card,108.47,2026-04-19,Refunded
PAY-0001656,ORD-0001656,PayPal,92.21,2025-10-23,Pending
PAY-0004009,ORD-0004009,Credit Card,192.37,2025-03-06,Failed
PAY-0011371,ORD-0011371,Credit Card,2447.95,2025-03-06,Completed
PAY-0002797,ORD-0002797,,575.16,2025-11-07,Completed
PAY-0000945,ORD-0000945,PayPal,5224.52,2026-01-30,Completed
PAY-0009304,ORD-0009304,Bank Transfer,1395.68,2026-07-31,Completed
PAY-0008486,ORD-0008486,Debit Card,4440.76,2026-07-16,Completed
PAY-0006438,ORD-0006438,Debit Card,2808.68,2025-11-12,Completed
PAY-0011241,ORD-0011241,PayPal,1540.13,2024-06-26,Failed
PAY-0000400,ORD-0000400,Debit Card,2922.15,2026-06-06,Refunded
PAY-0008011,ORD-0008011,Credit Card,260116.27,2026-04-29,Failed
PAY-0002534,ORD-0002534,Debit Card,361.85,2026-07-27,Completed
PAY-0006712,ORD-0006712,Gift Card,2451.46,2026-07-27,Completed
PAY-0011550,ORD-0011550,Credit Card,1219.98,2026-05-27,Completed
PAY-0004774,ORD-0004774,Gift Card,1166.62,2026-07-31,Failed
PAY-0004275,ORD-0004275,Credit Card,783.73,2024-08-03,Pending
PAY-0004858,ORD-0004858,Credit Card,622.84,2025-06-24,Completed
PAY-0003275,ORD-0003275,Credit Card,3121.76,2026-08-13,Completed
PAY-0010596,ORD-0010596,Debit Card,721.11,2025-12-10,Failed
PAY-0002974,ORD-0928843,Credit Card,5561.63,2025-10-01,Completed
PAY-0001526,ORD-0001526,Credit Card,2214.6,2025-01-26,Completed
PAY-0010553,ORD-0010553,Credit Card,1358.34,2026-08-24,Completed
PAY-0007146,ORD-0007146,Credit Card,291.42,2026-05-13,Failed
PAY-0002705,ORD-0002705,Credit Card,1104.21,2026-04-13,Completed
PAY-0004377,ORD-0004377,PayPal,1349.34,2026-07-27,Completed
PAY-0008489,ORD-0008489,Gift Card,1398.54,2026-07-04,Completed
PAY-0010548,ORD-0010548,Debit Card,2817.6,2026-03-30,Completed
PAY-0005096,ORD-0005096,Credit Card,2711.35,2026-03-11,Completed
PAY-0007559,ORD-0007559,Bank Transfer,721.7,2026-02-09,Completed
PAY-0011869,ORD-0011869,PayPal,502.13,2025-07-20,Pending
PAY-0001889,ORD-0001889,Credit Card,125.66,2025-12-29,Failed
PAY-0008072,ORD-0008072,Credit Card,1074.31,2026-08-25,Completed
PAY-0006880,ORD-0006880,Debit Card,1727.05,2026-08-20,Failed
PAY-0003622,ORD-0929704,Credit Card,521.56,2026-08-18,Pending
PAY-0006393,ORD-0006393,PayPal,734.99,2026-06-06,Completed
PAY-0000453,ORD-0000453,Gift Card,484.4,2026-08-16,Refunded
PAY-0005057,ORD-0005057,PayPal,83786.77,12/05/2025,Failed
PAY-0002584,ORD-0002584,Credit Card,3062.54,2024-06-19,Completed
PAY-0004873,ORD-0995828,PayPal,777.3,2026-05-03,Completed
PAY-0000906,ORD-0000906,Debit Card,1173.6,2025-08-17,Completed
PAY-0001802,ORD-0001802,Credit Card,763.4,2025-08-20,Pending
PAY-0009270,ORD-0009270,Bank Transfer,-762.18,2026-03-11,Failed
PAY-0007596,ORD-0007596,PayPal,3295.71,2025-08-12,Completed
PAY-0009377,ORD-0009377,Bank Transfer,241.88,2026-08-13,Completed
PAY-0002135,ORD-0002135,Gift Card,2710.62,2025-03-13,Completed
PAY-0003563,ORD-0003563,Credit Card,4007.5,2026-04-01,Refunded
PAY-0002969,ORD-0002969,PayPal,1983.7,2024-12-16,Completed
PAY-0000018,ORD-0000018,PayPal,2152.91,2026-09-01,Failed
PAY-0004322,ORD-0004322,Credit Card,456.22,2026-07-04,Completed
PAY-0009189,ORD-0942216,Debit Card,289126.75,2026-09-03,Completed
PAY-0011646,ORD-0011646,Debit Card,1206.12,2024-07-28,Completed
PAY-0003627,ORD-0003627,Gift Card,2405.05,2025-12-30,Refunded
PAY-0008088,ORD-0008088,Credit Card,909.71,2026-08-15,Failed
PAY-0005640,ORD-0005640,Bank Transfer,4208.16,2026-07-16,Completed
PAY-0010620,ORD-0010620,Debit Card,2842.2,2026-08-28,Completed
PAY-0010936,ORD-0010936,Credit Card,1584.03,2026-07-21,Pending
PAY-0003925,ORD-0003925,Credit Card,2231.42,"December 14, 2024",Pending
PAY-0003839,ORD-0003839,Gift Card,714.98,2026-09-07,Failed
PAY-0011510,ORD-0011510,,-1472.77,10/18/2025,Refunded
PAY-0004912,ORD-0004912,Gift Card,1859.64,2026-01-14,Pending
PAY-0011893,ORD-0011893,Debit Card,585.42,2026-07-22,Completed
PAY-0011092,ORD-0011092,Debit Card,2809.02,2025-07-01,Completed
PAY-0003588,ORD-0003588,Debit Card,364.78,2024-12-17,Completed
PAY-0002094,ORD-0002094,Debit Card,4309.55,2026-02-26,Completed
PAY-0002075,ORD-0002075,Debit Card,1289.67,2025-01-18,Completed
PAY-0007444,ORD-0007444,Credit Card,152.38,13-Nov-2025,Failed
PAY-0004697,ORD-0004697,Debit Card,1857.09,2026-08-12,Completed
PAY-0006704,ORD-0006704,Credit Card,826.59,2025-03-19,Refunded
PAY-0007803,ORD-0007803,Credit Card,430.77,2024-07-19,Completed
PAY-0004463,ORD-0004463,Credit Card,723.94,2026-07-26,Completed
PAY-0009640,ORD-0009640,Credit Card,56.82,2024-10-11,Completed
PAY-0001195,ORD-0001195,PayPal,3059.7,2026-04-27,Completed
PAY-0011565,ORD-0011565,Debit Card,2421.33,2026-08-19,Completed
PAY-0008552,ORD-0008552,Gift Card,1080.57,2026-04-07,Failed
PAY-0003537,ORD-0003537,Credit Card,2769.0,2026-01-20,Refunded
PAY-0002533,ORD-0002533,Gift Card,3003.62,2026-07-10,Completed
PAY-0005627,ORD-0005627,Bank Transfer,2500.01,2026-04-23,Completed
PAY-0005483,ORD-0005483,PayPal,2371.17,2026-04-24,Refunded
PAY-0008383,ORD-0008383,Debit Card,2532.02,2025-11-23,Completed
PAY-0005131,ORD-0005131,,663.81,2026-07-03,Completed
PAY-0010065,ORD-0010065,Debit Card,688.11,2026-08-27,Completed
PAY-0000560,ORD-0000560,Credit Card,1049.66,2026-04-30,Completed
PAY-0002841,ORD-0002841,Debit Card,192.04,2026-06-27,Completed
PAY-0007235,ORD-0007235,Credit Card,415.86,2025-09-12,Completed
PAY-0010953,ORD-0010953,Debit Card,278.91,2026-07-10,Completed
PAY-0003970,ORD-0003970,Credit Card,78930.49,2025-09-04,Completed
PAY-0008140,ORD-0008140,Credit Card,739.72,2025-07-01,Completed
PAY-0000613,ORD-0000613,PayPal,3037.17,2026-08-23,Completed
PAY-0000778,ORD-0936742,Credit Card,6116.24,2025-01-18,Refunded
PAY-0008763,ORD-0008763,Credit Card,3331.77,2025-04-12,Completed
PAY-0000849,ORD-0000849,Credit Card,$2703.63,2026-03-09,Completed
PAY-0008354,ORD-0008354,Bank Transfer,1291.48,2026-09-05,Completed
PAY-0006945,ORD-0006945,Bank Transfer,1380.64,2026-07-05,Completed
PAY-0008700,ORD-0008700,Credit Card,308.33,2025-12-26,Completed
PAY-0005469,ORD-0946662,Credit Card,2243.09,2025-10-28,Completed
PAY-0007463,ORD-0007463,Credit Card,413.71,2024-07-30,Pending
PAY-0004200,ORD-0004200,,3257.84,2024-10-22,Failed
PAY-0005462,ORD-0005462,Credit Card,111.39,2026-07-07,Completed
PAY-0010813,ORD-0010813,Credit Card,2647.75,2025-02-26,Completed
PAY-0011299,ORD-0011299,PayPal,74.14,2026-01-30,Completed
PAY-0008948,ORD-0008948,Credit Card,702.32,2026-07-02,Completed
PAY-0002754,ORD-0002754,Debit Card,2258.5,2025-04-05,Completed
PAY-0010248,ORD-0010248,Credit Card,1850.19,2026-05-21,Completed
PAY-0002003,ORD-0002003,Debit Card,192.95,2026-08-24,Failed
PAY-0002159,ORD-0002159,Gift Card,1115.2,2025-06-26,Refunded
PAY-0002128,ORD-0002128,Debit Card,-1206.92,2026-09-05,Completed
PAY-0003018,ORD-0003018,PayPal,2119.35,2026-08-15,Completed
PAY-0009282,ORD-0009282,PayPal,1343.01,2026-06-04,Completed
PAY-0005530,ORD-0005530,PayPal,1064.56,2025-02-22,Completed
PAY-0011620,ORD-0011620,Credit Card,82.88,28-Aug-2026,Completed
PAY-0001008,ORD-0001008,Credit Card,214.91,2026-08-20,Completed
PAY-0005695,ORD-0005695,Gift Card,853.54,2024-02-24,Completed
PAY-0000303,ORD-0000303,Credit Card,122.13,2025-03-14,Completed
PAY-0003766,ORD-0003766,Debit Card,1242.51,2026-01-18,Completed
PAY-0004363,ORD-0004363,PayPal,900.97,2024-07-31,Completed
PAY-0007987,ORD-0007987,Credit Card,2149.2,2024-10-29,Completed
PAY-0010745,ORD-0010745,,558.18,2026-06-29,Completed
PAY-0000947,ORD-0000947,Debit Card,1146.08,2024-07-09,Completed
PAY-0009382,ORD-0009382,Credit Card,135.65,2026-06-29,Pending
PAY-0007232,ORD-0007232,Debit Card,1698.94,2026-08-08,Pending
PAY-0008439,ORD-0008439,Debit Card,4092.4,2026-08-04,Completed
PAY-0009211,ORD-0009211,Credit Card,1477.48,2025-12-08,Pending
PAY-0005992,ORD-0005992,PayPal,124310.26,2024-11-13,Completed
PAY-0003273,ORD-0003273,PayPal,4649.35,2025-05-24,Completed
PAY-0000973,ORD-0000973,Debit Card,127.05,2026-02-20,Completed
PAY-0010565,ORD-0010565,PayPal,1733.92,2024-10-09,Completed
PAY-0010043,ORD-0010043,Credit Card,1560.5,2026-07-25,Completed
PAY-0008111,ORD-0008111,PayPal,1310.66,2025-10-29,Completed
PAY-0002441,ORD-0002441,Credit Card,559.38,2026-02-02,Completed
PAY-0004882,ORD-0004882,PayPal,1932.5,2025-10-12,Pending
PAY-0006857,ORD-0006857,Credit Card,1090.87,2025-12-31,Completed
PAY-0001784,ORD-0001784,Debit Card,306.39,2026-03-27,Completed
PAY-0007319,ORD-0007319,Credit Card,2777.15,2026-08-25,Refunded
PAY-0008016,ORD-0008016,Gift Card,870.59,2025-05-15,Completed
PAY-0011318,ORD-0011318,PayPal,5583.18,2025-09-13,Completed
PAY-0004319,ORD-0004319,PayPal,206.24,2025-11-15,Completed
PAY-0006101,ORD-0006101,Credit Card,152.28,2026-02-12,Refunded
PAY-0010482,ORD-0010482,Credit Card,489.16,04-May-2026,Completed
PAY-0000837,ORD-0000837,Credit Card,369.59,2026-05-08,Completed
PAY-0002458,ORD-0002458,Gift Card,4348.42,2026-06-07,Completed
PAY-0011896,ORD-0011896,,567.24,2026-06-18,Failed
PAY-0009657,ORD-0009657,Gift Card,1108.5,2026-03-25,Completed
PAY-0005274,ORD-0966005,PayPal,3552.6,2026-04-19,Failed
PAY-0009191,ORD-0009191,PayPal,574.2,2026-06-10,Completed
PAY-0005820,ORD-0005820,Credit Card,395.5,2026-07-01,Completed
PAY-0004344,ORD-0004344,Credit Card,1190.08,2026-03-31,Pending
PAY-0009498,ORD-0009498,Debit Card,1293.63,2026-08-12,Completed
PAY-0010444,ORD-0010444,Gift Card,332.91,2025-10-01,Completed
PAY-0006475,ORD-0006475,Bank Transfer,1469.1,2025-12-08,Completed
PAY-0007241,ORD-0007241,Debit Card,948.03,2026-03-24,Completed
PAY-0002434,ORD-0002434,Credit Card,754.29,28-Aug-2026,Failed
PAY-0009661,ORD-0009661,PayPal,170.92,2024-12-27,Failed
PAY-0010120,ORD-0010120,Gift Card,740.61,2025-10-20,Pending
PAY-0008834,ORD-0008834,Credit Card,1185.23,2026-06-14,Pending
PAY-0006653,ORD-0006653,Gift Card,126.31,2026-06-02,Pending
PAY-0006622,ORD-0981499,Credit Card,3250.71,2025-09-21,Failed
PAY-0005587,ORD-0005587,Credit Card,2037.12,2025-11-01,Completed
PAY-0004804,ORD-0004804,Gift Card,6921.63,2026-05-25,Completed
PAY-0003095,ORD-0003095,Gift Card,-466.64,2025-03-11,Completed
PAY-0003884,ORD-0003884,Debit Card,229.36,2025-02-13,Completed
PAY-0009846,ORD-0009846,Debit Card,694.43,2025-01-29,Pending
PAY-0008236,ORD-0008236,Debit Card,2159.8,2026-01-04,Completed
PAY-0003591,ORD-0003591,Debit Card,3231.85,2025-10-11,Failed
PAY-0008789,ORD-0008789,Debit Card,2542.36,2026-08-11,Completed
PAY-0006111,ORD-0006111,Credit Card,1871.58,2024-11-22,Completed
PAY-0011496,ORD-0011496,Debit Card,4406.2,2026-07-01,Pending
PAY-0003690,ORD-0003690,Credit Card,834.3,2026-03-21,Completed
PAY-0010688,ORD-0010688,PayPal,673.94,2026-05-22,Failed
PAY-0002775,ORD-0002775,PayPal,957.54,2026-08-12,Completed
PAY-0010502,ORD-0010502,PayPal,535.33,2024-08-23,Failed
PAY-0011545,ORD-0011545,PayPal,1706.62,2026-09-05,Completed
PAY-0002476,ORD-0002476,Debit Card,372.78,2025-05-08,Completed
PAY-0010841,ORD-0010841,Credit Card,5377.04,2026-06-09,Completed
PAY-0001413,ORD-0001413,Bank Transfer,3583.62,2026-08-06,Failed
PAY-0005296,ORD-0005296,PayPal,$3125.39,2026-02-22,Failed
PAY-0000341,ORD-0000341,Gift Card,1021.09,2025-08-31,Completed
PAY-0007176,ORD-0007176,PayPal,894.39,03-Apr-2026,Completed
PAY-0011100,ORD-0011100,PayPal,2024.0,2025-08-13,Completed
PAY-0006842,ORD-0006842,Credit Card,1603.92,2025-05-02,Completed
PAY-0007436,ORD-0007436,PayPal,2535.72,2026-05-27,Completed
PAY-0007574,ORD-0007574,Credit Card,3539.4,2026-07-17,Completed
PAY-0000854,ORD-0000854,Credit Card,434.13,"November 18, 2025",Failed
PAY-0000616,ORD-0000616,PayPal,2463.98,2025-07-26,Completed
PAY-0008287,ORD-0008287,Debit Card,1443.61,2026-06-03,Completed
PAY-0000106,ORD-0000106,PayPal,773.62,2025-05-08,Failed
PAY-0008413,ORD-0008413,Credit Card,5524.83,2025-10-17,Refunded
PAY-0008914,ORD-0008914,Credit Card,267.9,2026-05-14,Completed
PAY-0003274,ORD-0003274,Credit Card,1204.99,2025-12-10,Completed
PAY-0007427,ORD-0007427,Gift Card,2037.92,2025-04-30,Completed
PAY-0010051,ORD-0010051,Credit Card,$2005.51,2025-09-23,Failed
PAY-0006595,ORD-0006595,Credit Card,2994.72,2025-04-18,Completed
PAY-0007546,ORD-0007546,Gift Card,802.49,2026-02-07,Completed
PAY-0005978,ORD-0005978,Debit Card,649.93,2026-08-01,Completed
PAY-0008620,ORD-0008620,Gift Card,12.43,2025-04-30,Completed
PAY-0009918,ORD-0009918,PayPal,427.72,2026-05-04,Completed
PAY-0007643,ORD-0007643,Gift Card,108596.78,2025-05-23,Failed
PAY-0007929,ORD-0007929,Debit Card,175.74,06/20/2024,Completed
PAY-0002550,ORD-0002550,Credit Card,1252.75,2025-12-14,Completed
PAY-0001381,ORD-0001381,PayPal,5311.76,2025-10-19,Pending
PAY-0010025,ORD-0010025,Debit Card,374.21,2025-10-27,Completed
PAY-0002332,ORD-0002332,PayPal,1191.6,2025-10-06,Failed
PAY-0006051,ORD-0006051,Debit Card,1035.8,2026-09-03,Completed
PAY-0008576,ORD-0008576,Credit Card,1009.14,2025-04-05,Refunded
PAY-0009175,ORD-0009175,,2428.17,2024-10-30,Completed
PAY-0004917,ORD-0004917,Gift Card,1789.02,2026-04-09,Completed
PAY-0005387,ORD-0005387,PayPal,2647.82,2025-08-24,Completed
PAY-0006025,ORD-0907321,PayPal,533.78,2025-05-14,Completed
PAY-0005672,ORD-0005672,Debit Card,1028.56,2025-12-01,Completed
PAY-0006960,ORD-0006960,Debit Card,973.04,2026-08-05,Completed
PAY-0001705,ORD-0001705,Credit Card,1044.88,2026-02-22,Completed
PAY-0000233,ORD-0000233,Gift Card,3459.42,2026-04-09,Completed
PAY-0007160,ORD-0007160,Debit Card,616.37,2025-05-07,Completed
PAY-0006197,ORD-0006197,,2217.93,04/12/2026,Completed
PAY-0010003,ORD-0010003,Credit Card,3045.98,2026-02-18,Completed
PAY-0006705,ORD-0006705,Debit Card,3518.74,2026-06-24,Failed
PAY-0000803,ORD-0000803,PayPal,2565.19,2026-01-08,Completed
PAY-0008436,ORD-0008436,Debit Card,716.02,2024-06-10,Refunded
PAY-0004193,ORD-0004193,PayPal,216.14,2026-07-07,Completed
PAY-0007120,ORD-0007120,Bank Transfer,112170.23,2024-06-20,Failed
PAY-0000142,ORD-0000142,Debit Card,1301.08,"April 17, 2025",Completed
PAY-0000331,ORD-0000331,,776.65,2026-07-03,Failed
PAY-0000612,ORD-0000612,Debit Card,2805.1,2025-11-23,Completed
PAY-0010448,ORD-0010448,Debit Card,471.51,2026-09-05,Pending
PAY-0008564,ORD-0008564,Credit Card,469.76,2026-05-01,Completed
PAY-0002203,ORD-0002203,Debit Card,416.29,2025-09-19,Failed
PAY-0004600,ORD-0004600,PayPal,407.64,2024-05-04,Completed
PAY-0000993,ORD-0000993,Debit Card,915.54,2023-12-01,Completed
PAY-0005767,ORD-0005767,Debit Card,2738.84,2026-03-04,Pending
PAY-0002971,ORD-0002971,Credit Card,1504.7,2026-05-28,Completed
PAY-0004437,ORD-0004437,,5703.67,2026-09-06,Completed
PAY-0000695,ORD-0000695,Credit Card,663.03,2026-02-06,Completed
PAY-0009936,ORD-0009936,PayPal,466.71,2026-03-31,Refunded
PAY-0001576,ORD-0001576,,3076.12,2026-05-13,Completed
PAY-0007966,ORD-0007966,Debit Card,632.04,2026-08-25,Completed
PAY-0006814,ORD-0006814,Bank Transfer,2242.83,2024-12-24,Pending
PAY-0011321,ORD-0011321,Gift Card,1284.63,2025-09-09,Refunded
PAY-0012000,ORD-0012000,Bank Transfer,167.79,2026-08-13,Completed
PAY-0007554,ORD-0007554,Debit Card,810.44,2026-09-06,Failed
PAY-0006313,ORD-0006313,Debit Card,309.96,2026-03-05,Completed
PAY-0008230,ORD-0008230,Gift Card,2066.22,2026-07-28,Completed
PAY-0011287,ORD-0011287,Gift Card,1054.24,2026-07-09,Completed
PAY-0003655,ORD-0003655,Credit Card,890.38,2026-05-30,Completed
PAY-0001613,ORD-0001613,Credit Card,4098.24,2026-08-02,Completed
PAY-0008891,ORD-0008891,Credit Card,2939.52,2026-01-16,Completed
PAY-0011811,ORD-0011811,PayPal,1088.68,2024-11-11,Completed
PAY-0010828,ORD-0010828,Gift Card,2254.76,2026-04-10,Completed
PAY-0000964,ORD-0000964,Credit Card,908.27,2026-05-07,Completed
PAY-0005396,ORD-0005396,PayPal,3653.47,2026-07-15,Completed
PAY-0004328,ORD-0004328,Credit Card,1313.38,2026-02-06,Failed
PAY-0000390,ORD-0000390,Credit Card,1949.11,2025-09-16,Completed
PAY-0000373,ORD-0000373,PayPal,3791.54,2026-01-03,Failed
PAY-0003227,ORD-0003227,Debit Card,-3344.12,2026-04-01,Completed
PAY-0005433,ORD-0005433,Bank Transfer,4817.0,2024-11-02,Completed
PAY-0008946,ORD-0008946,Credit Card,707.28,2026-07-22,Pending
PAY-0003801,ORD-0003801,Debit Card,825.18,2025-09-21,Completed
PAY-0001143,ORD-0001143,PayPal,425.58,2026-08-25,Completed
PAY-0011602,ORD-0011602,Debit Card,5400.78,2026-07-20,Completed
PAY-0008780,ORD-0008780,Bank Transfer,4636.65,2026-06-28,Failed
PAY-0005053,ORD-0005053,Credit Card,3078.6,2025-06-08,Failed
PAY-0009197,ORD-0009197,PayPal,93.58,2025-03-31,Completed
PAY-0001004,ORD-0001004,Debit Card,1095.2,2026-06-02,Completed
PAY-0002204,ORD-0002204,Debit Card,646.55,2026-06-21,Completed
PAY-0007431,ORD-0007431,Credit Card,833.32,2026-03-12,Pending
PAY-0004115,ORD-0004115,Debit Card,4902.9,2026-08-19,Completed
PAY-0002912,ORD-0002912,Credit Card,1907.04,2026-04-03,Refunded
PAY-0007545,ORD-0007545,Credit Card,3230.24,2025-09-20,Completed
PAY-0007460,ORD-0007460,PayPal,1220.47,2026-07-05,Completed
PAY-0001234,ORD-0001234,Bank Transfer,3786.23,2026-07-10,Completed
PAY-0002514,ORD-0002514,Debit Card,1640.9,2025-08-18,Completed
PAY-0004504,ORD-0004504,Debit Card,609.65,18-May-2026,Failed
PAY-0008791,ORD-0008791,PayPal,765.06,2026-07-17,Refunded
PAY-0003952,ORD-0003952,PayPal,2542.82,2025-07-01,Refunded
PAY-0007399,ORD-0007399,Debit Card,2581.92,2026-07-30,Completed
PAY-0007493,ORD-0007493,PayPal,4200.88,2026-06-09,Completed
PAY-0005332,ORD-0005332,PayPal,155.98,2026-06-03,Completed
PAY-0004365,ORD-0004365,Debit Card,1187.76,2026-07-10,Completed
PAY-0007345,ORD-0994740,Debit Card,600.23,2026-07-14,Completed
PAY-0009542,ORD-0009542,PayPal,1898.98,2026-01-13,Completed
PAY-0007821,ORD-0007821,Debit Card,1682.36,2026-01-10,Completed
PAY-0003052,ORD-0003052,PayPal,554.53,2025-02-14,Completed
PAY-0002582,ORD-0002582,Credit Card,1436.0,2025-12-23,Completed
PAY-0011270,ORD-0011270,Debit Card,846.63,2025-07-21,Pending
PAY-0001581,ORD-0001581,Credit Card,372.43,2026-06-17,Completed
PAY-0011656,ORD-0011656,PayPal,319.02,2024-08-30,Completed
PAY-0003452,ORD-0003452,Gift Card,167.4,2025-08-22,Completed
PAY-0007548,ORD-0007548,Credit Card,3137.22,2026-07-22,Completed
PAY-0000578,ORD-0000578,Debit Card,709.85,2026-05-26,Completed
PAY-0001126,ORD-0001126,Debit Card,1948.21,2025-06-07,Completed
PAY-0004140,ORD-0004140,Credit Card,112.29,2024-12-19,Pending
PAY-0004795,ORD-0004795,Credit Card,4029.06,2026-08-14,Completed
PAY-0007874,ORD-0007874,Gift Card,393.78,2026-03-25,Failed
PAY-0011657,ORD-0011657,Gift Card,2112.26,2025-05-04,Completed
PAY-0002252,ORD-0002252,Debit Card,100.18,2026-05-01,Refunded
PAY-0011994,ORD-0011994,PayPal,2442.81,2024-05-20,Completed
PAY-0010879,ORD-0010879,Credit Card,226.78,08-May-2025,Refunded
PAY-0008782,ORD-0008782,Debit Card,6199.53,2025-11-12,Failed
PAY-0005925,ORD-0005925,PayPal,667.97,2024-04-21,Completed
PAY-0007570,ORD-0007570,Credit Card,1638.02,2023-11-10,Completed
PAY-0004159,ORD-0004159,Credit Card,285.81,2026-01-25,Completed
PAY-0001375,ORD-0001375,PayPal,1626.35,2026-06-10,Failed
PAY-0002723,ORD-0002723,Debit Card,261.15,2026-07-13,Completed
PAY-0010676,ORD-0010676,Debit Card,1262.95,2026-05-26,Refunded
PAY-0001439,ORD-0001439,Credit Card,3114.28,2024-11-15,Failed
PAY-0001668,ORD-0001668,Debit Card,436.13,2026-03-31,Completed
PAY-0000603,ORD-0000603,Credit Card,6651.4,2025-04-14,Completed
PAY-0011876,ORD-0011876,PayPal,2372.04,2025-04-23,Completed
PAY-0005820,ORD-0005820,Credit Card,395.5,2026-07-01,Completed
PAY-0005589,ORD-0005589,Credit Card,2172.85,2025-10-04,Completed
PAY-0005397,ORD-0005397,Bank Transfer,-1879.0,2026-05-25,Completed
PAY-0010988,ORD-0010988,Credit Card,202.8,2026-03-28,Completed
PAY-0004022,ORD-0004022,PayPal,1290.71,2026-07-15,Completed
PAY-0010670,ORD-0010670,Credit Card,3561.53,2025-10-09,Completed
PAY-0009277,ORD-0009277,PayPal,1663.32,2026-07-09,Completed
PAY-0000269,ORD-0000269,Credit Card,887.82,17-Mar-2026,Completed
PAY-0001243,ORD-0001243,,513.2,2026-01-09,Failed
PAY-0008860,ORD-0008860,Debit Card,5190.15,2026-07-27,Completed
PAY-0008779,ORD-0008779,Debit Card,5161.95,2025-02-03,Completed
PAY-0001471,ORD-0001471,Credit Card,1130.45,2025-05-05,Refunded
PAY-0009523,ORD-0009523,Bank Transfer,2507.28,2026-06-03,Completed
PAY-0002598,ORD-0002598,Credit Card,853.58,2024-06-29,Pending
PAY-0001085,ORD-0001085,Credit Card,13.86,2025-09-28,Completed
PAY-0010946,ORD-0010946,Debit Card,495.81,2025-08-20,Completed
PAY-0000801,ORD-0000801,PayPal,4453.65,2026-02-22,Completed
PAY-0000971,ORD-0000971,Gift Card,688.74,2026-07-03,Pending
PAY-0004750,ORD-0004750,Debit Card,3539.11,2026-03-02,Completed
PAY-0005427,ORD-0005427,Credit Card,3660.88,2026-01-24,Completed
PAY-0006709,ORD-0006709,PayPal,1794.5,2026-06-01,Completed
PAY-0006737,ORD-0006737,PayPal,1819.74,2025-08-04,Failed
PAY-0007640,ORD-0007640,Gift Card,1602.78,2026-08-18,Completed
PAY-0006676,ORD-0006676,Bank Transfer,681.2,2026-07-27,Completed
PAY-0005091,ORD-0005091,Credit Card,1954.58,2024-10-20,Completed
PAY-0000590,ORD-0000590,PayPal,1065.46,2025-01-21,Failed
PAY-0000204,ORD-0000204,Debit Card,1473.44,2026-05-04,Completed
PAY-0001783,ORD-0001783,Credit Card,$851.39,2026-08-16,Completed
PAY-0010642,ORD-0010642,Credit Card,4837.03,2025-05-04,Failed
PAY-0011810,ORD-0011810,Debit Card,1862.77,2025-03-28,Completed
PAY-0004144,ORD-0004144,PayPal,77.55,2025-10-24,Completed
PAY-0010634,ORD-0010634,Credit Card,869.67,2025-05-26,Failed
PAY-0001227,ORD-0001227,Gift Card,1089.62,2026-09-02,Completed
PAY-0011831,ORD-0011831,Debit Card,2036.16,"February 26, 2026",Completed
PAY-0004468,ORD-0004468,Debit Card,4625.0,2026-08-03,Completed
PAY-0004939,ORD-0004939,Debit Card,424.24,2026-09-05,Completed
PAY-0002819,ORD-0002819,Debit Card,977.76,2026-01-19,Completed
PAY-0003876,ORD-0003876,PayPal,335.81,2025-08-30,Completed
PAY-0007834,ORD-0007834,Credit Card,228.31,2026-07-25,Completed
PAY-0002341,ORD-0002341,Debit Card,4028.48,2025-10-25,Failed
PAY-0007288,ORD-0007288,Bank Transfer,4717.17,2026-08-13,Completed
PAY-0009160,ORD-0009160,Credit Card,136.66,2025-03-29,Refunded
PAY-0005776,ORD-0005776,PayPal,563.54,2024-09-08,Completed
PAY-0000145,ORD-0000145,Debit Card,1993.5,2026-08-24,Completed
PAY-0003771,ORD-0003771,PayPal,2472.23,2025-10-19,Pending
PAY-0006879,ORD-0006879,Credit Card,832.0,2025-03-07,Completed
PAY-0011857,ORD-0011857,Credit Card,75.68,2025-10-29,Failed
PAY-0007611,ORD-0007611,Credit Card,36080.11,2026-05-19,Completed
PAY-0008076,ORD-0008076,Debit Card,1437.26,2026-05-12,Failed
PAY-0006780,ORD-0006780,Credit Card,914.3,2025-10-22,Completed
PAY-0002838,ORD-0997632,PayPal,643.32,2026-03-03,Refunded
PAY-0008100,ORD-0008100,Debit Card,3774.77,2026-04-19,Completed
PAY-0007031,ORD-0007031,Debit Card,3291.05,2026-06-16,Completed
PAY-0002541,ORD-0002541,Bank Transfer,769.36,2026-06-29,Completed
PAY-0009050,ORD-0009050,Gift Card,n/a,2026-01-05,Completed
PAY-0004778,ORD-0004778,Credit Card,211.37,2025-10-20,Completed
PAY-0005740,ORD-0005740,Credit Card,6367.84,2026-08-19,Completed
PAY-0006848,ORD-0006848,Gift Card,3087.87,2026-07-06,Completed
PAY-0006505,ORD-0006505,,1956.0,2026-07-16,Pending
PAY-0001894,ORD-0001894,Debit Card,-443.32,2026-01-06,Completed
PAY-0007636,ORD-0007636,Credit Card,3330.81,2026-06-20,Completed
PAY-0001145,ORD-0001145,PayPal,800.89,2025-08-24,Completed
PAY-0008567,ORD-0008567,PayPal,3264.4,2026-07-06,Completed
PAY-0001197,ORD-0001197,Credit Card,1861.89,2026-09-02,Completed
PAY-0008496,ORD-0008496,Debit Card,389.55,2026-06-12,Completed
PAY-0011474,ORD-0011474,PayPal,367.74,2026-06-07,Pending
PAY-0007057,ORD-0007057,PayPal,1747.76,2025-10-08,Failed
PAY-0000016,ORD-0000016,Credit Card,48.89,2026-08-07,Failed
PAY-0000468,ORD-0000468,Gift Card,309.96,02/16/2025,Completed
PAY-0003739,ORD-0003739,Credit Card,2567.74,2026-04-12,Completed
PAY-0005828,ORD-0005828,Debit Card,1528.33,2026-09-05,Refunded
PAY-0009080,ORD-0009080,Debit Card,1431.96,2026-07-01,Completed
PAY-0009774,ORD-0009774,Credit Card,720.98,2025-09-03,Refunded
PAY-0011695,ORD-0011695,Gift Card,371.25,2024-12-31,Failed
PAY-0007743,ORD-0007743,Credit Card,5632.13,2024-11-02,Completed
PAY-0006074,ORD-0006074,Debit Card,1484.02,2024-09-06,Pending
PAY-0002558,ORD-0002558,PayPal,3072.61,2025-11-14,Failed
PAY-0001675,ORD-0001675,Credit Card,5346.24,2025-07-16,Completed
PAY-0005917,ORD-0005917,PayPal,1816.09,2025-07-24,Completed
PAY-0008581,ORD-0008581,Credit Card,194.82,2026-08-29,Failed
PAY-0000763,ORD-0000763,Debit Card,420.63,2025-12-02,Completed
PAY-0006215,ORD-0006215,PayPal,2032.28,2025-06-10,Completed
PAY-0006140,ORD-0006140,Credit Card,152114.31,2026-01-23,Completed
PAY-0005936,ORD-0005936,Bank Transfer,1187.7,2026-08-08,Completed
PAY-0002023,ORD-0002023,PayPal,1549.62,2026-05-03,Completed
PAY-0001744,ORD-0001744,PayPal,3686.3,2026-02-26,Completed
PAY-0000606,ORD-0000606,Debit Card,609.38,2025-11-10,Completed
PAY-0002940,ORD-0002940,Credit Card,390.35,2024-11-22,Completed
PAY-0003499,ORD-0003499,Credit Card,3243.85,2026-01-19,Failed
PAY-0000903,ORD-0000903,PayPal,3886.11,25-Jan-2026,Completed
PAY-0009705,ORD-0009705,Credit Card,698.46,2025-11-21,Completed
PAY-0006637,ORD-0006637,Bank Transfer,1127.3,2024-06-30,Completed
PAY-0010933,ORD-0010933,Credit Card,644.12,2026-08-02,Failed
PAY-0002570,ORD-0002570,Credit Card,7303.63,2024-10-05,Completed
PAY-0001274,ORD-0001274,Credit Card,449.95,2026-08-14,Refunded
PAY-0001568,ORD-0001568,PayPal,4330.29,2025-08-12,Completed
PAY-0005849,ORD-0005849,PayPal,430.42,2026-08-17,Completed
PAY-0005123,ORD-0005123,Gift Card,1722.37,2026-05-19,Completed
PAY-0009439,ORD-0009439,Debit Card,1355.56,2026-06-16,Completed
PAY-0011053,ORD-0011053,Debit Card,4390.18,2025-06-01,Completed
PAY-0007843,ORD-0007843,Credit Card,264.2,2026-01-19,Completed
PAY-0002976,ORD-0002976,Debit Card,28218.92,2026-08-12,Failed
PAY-0003160,ORD-0003160,Gift Card,2139.47,2026-02-12,Failed
PAY-0001863,ORD-0001863,Credit Card,4086.4,2026-06-07,Completed
PAY-0005437,ORD-0005437,Debit Card,757.07,2025-04-12,Pending
PAY-0009506,ORD-0009506,Credit Card,66.5,2024-01-02,Failed
PAY-0010301,ORD-0010301,PayPal,1053.06,2025-08-13,Completed
PAY-0003902,ORD-0003902,PayPal,2459.26,2026-02-07,Completed
PAY-0007275,ORD-0007275,Credit Card,4520.73,2026-06-06,Completed
PAY-0010907,ORD-0010907,PayPal,860.01,2026-08-09,Pending
PAY-0001819,ORD-0001819,Debit Card,737.39abc,2025-08-04,Pending
PAY-0007653,ORD-0007653,Debit Card,1144.71,2026-08-19,Failed
PAY-0005056,ORD-0005056,Debit Card,2105.41,2025-10-26,Completed
PAY-0010110,ORD-0010110,Credit Card,5192.01,2026-01-27,Completed
PAY-0007113,ORD-0007113,Credit Card,1265.69,2025-11-29,Refunded
PAY-0001453,ORD-0001453,Debit Card,805.45,2026-03-05,Refunded
PAY-0009161,ORD-0009161,PayPal,2720.9,2025-09-21,Completed
PAY-0008643,ORD-0008643,PayPal,197.56,2026-05-03,Completed
PAY-0005197,ORD-0005197,Debit Card,1695.62,2026-07-27,Completed
PAY-0008295,ORD-0008295,Credit Card,-5136.62,2026-06-14,Failed
PAY-0009117,ORD-0009117,Debit Card,1572.34,2026-03-09,Completed
PAY-0000715,ORD-0000715,Debit Card,2019.2,2026-07-15,Completed
PAY-0005611,ORD-0005611,Credit Card,3149.74,2026-05-10,Completed
PAY-0010616,ORD-0010616,Debit Card,1358.42,2025-03-02,Pending
PAY-0006770,ORD-0006770,Credit Card,184.99,2026-06-03,Completed
PAY-0011306,ORD-0011306,Credit Card,550.86,2026-03-20,Completed
PAY-0008328,ORD-0008328,Gift Card,442.49,2026-01-08,Failed
PAY-0008078,ORD-0008078,Credit Card,370.9,2026-05-15,Refunded
PAY-0003271,ORD-0003271,Credit Card,1547.51,2025-06-11,Completed
PAY-0000784,ORD-0000784,PayPal,2977.34,2026-04-26,Failed
PAY-0011740,ORD-0011740,Gift Card,3690.8,2026-04-24,Refunded
PAY-0001194,ORD-0001194,Debit Card,993.38,2024-09-23,Completed
PAY-0003535,ORD-0003535,Credit Card,4193.53,2025-05-28,Completed
PAY-0011799,ORD-0011799,Debit Card,513.63,2025-08-29,Completed
PAY-0005446,ORD-0005446,PayPal,3114.49,2026-08-29,Completed
PAY-0003036,ORD-0003036,Gift Card,298.14,2025-03-06,Completed
PAY-0007504,ORD-0007504,Credit Card,935.76,2025-03-02,Failed
PAY-0005712,ORD-0005712,Debit Card,1694.8,2026-06-11,Completed
PAY-0004134,ORD-0004134,Credit Card,3125.72,2026-02-15,Completed
PAY-0007326,ORD-0007326,Credit Card,2324.01,2024-01-15,Completed
PAY-0011702,ORD-0011702,Gift Card,1749.54,2026-07-01,Completed
PAY-0006648,ORD-0006648,PayPal,125.44,2026-07-08,Completed
PAY-0004859,ORD-0004859,PayPal,1141.8,2026-08-19,Failed
PAY-0003823,ORD-0003823,Credit Card,3654.95,2023-11-22,Failed
PAY-0009831,ORD-0009831,Credit Card,926.53,2025-05-27,Refunded
PAY-0009972,ORD-0009972,Debit Card,1440.41,2024-08-10,Completed
PAY-0003705,ORD-0003705,Gift Card,978.13,2026-08-10,Completed
PAY-0004066,ORD-0004066,PayPal,193.95,2025-11-29,Completed
PAY-0004871,ORD-0004871,PayPal,1064.02,2025-03-01,Completed
PAY-0005831,ORD-0005831,Credit Card,2245.14,2025-12-19,Completed
PAY-0004227,ORD-0004227,Credit Card,1239.06,2026-05-25,Completed
PAY-0009567,ORD-0009567,Credit Card,168.4,2026-01-05,Completed
PAY-0006660,ORD-0006660,Credit Card,935.98,2026-07-23,Completed
PAY-0001323,ORD-0001323,,1927.24,2025-10-08,Failed
PAY-0008892,ORD-0008892,Bank Transfer,796.14,2026-05-17,Completed
PAY-0008720,ORD-0008720,Debit Card,2203.6,2026-08-24,Completed
PAY-0005319,ORD-0005319,,4966.9,2025-12-04,Failed
PAY-0005983,ORD-0005983,Credit Card,1242.88,2026-08-29,Failed
PAY-0003569,ORD-0003569,PayPal,4848.12,2026-06-12,Completed
PAY-0010126,ORD-0010126,Gift Card,1146.17,2025-07-10,Pending
PAY-0011703,ORD-0011703,,477.35,2025-09-06,Completed
PAY-0004887,ORD-0004887,Credit Card,2950.35,2025-02-24,Refunded
PAY-0003521,ORD-0003521,PayPal,4363.65,2025-11-22,Completed
PAY-0000887,ORD-0000887,PayPal,1365.34,2025-08-04,Completed
PAY-0011576,ORD-0011576,Credit Card,124.55,2026-03-04,Refunded
PAY-0003208,ORD-0003208,Debit Card,1226.72,2026-04-19,Completed
PAY-0008427,ORD-0008427,Credit Card,893.07,2025-02-18,Completed
PAY-0009577,ORD-0009577,Credit Card,796.48,2025-10-15,Failed
PAY-0010674,ORD-0010674,PayPal,785.12,2026-08-01,Failed
PAY-0011717,ORD-0011717,Credit Card,2544.72,2025-06-07,Pending
PAY-0009920,ORD-0009920,Bank Transfer,1744.12,2025-11-21,Completed
PAY-0005825,ORD-0005825,,1299.98,2025-04-16,Refunded
PAY-0009942,ORD-0009942,Gift Card,4902.7,2025-10-08,Completed
PAY-0009273,ORD-0009273,Debit Card,1328.6,2026-06-28,Failed
PAY-0004436,ORD-0004436,Debit Card,773.47,2025-06-09,Failed
PAY-0009193,ORD-0009193,Debit Card,756.28,2025-05-20,Completed
PAY-0001364,ORD-0001364,Credit Card,967.87,2024-06-27,Refunded
PAY-0002655,ORD-0002655,Debit Card,2183.71,2026-03-21,Completed
PAY-0011723,ORD-0011723,Debit Card,1150.22,2024-08-07,Completed
PAY-0011881,ORD-0011881,Credit Card,2145.6,2026-01-15,Completed
PAY-0006502,ORD-0006502,,3107.67,2025-11-23,Completed
PAY-0006387,ORD-0934927,Debit Card,918.63,2024-06-17,Refunded
PAY-0010218,ORD-0010218,Gift Card,321.5,2026-01-19,Completed
PAY-0008892,ORD-0008892,Bank Transfer,796.14,2026-05-17,Completed
PAY-0005756,ORD-0005756,Credit Card,3839.84,2026-07-08,Completed
PAY-0006094,ORD-0006094,Debit Card,614.16,2026-09-06,Completed
PAY-0009957,ORD-0009957,Credit Card,1472.42,2024-10-10,Completed
PAY-0006977,ORD-0006977,Bank Transfer,28798.91,2026-03-30,Completed
PAY-0006271,ORD-0006271,Credit Card,6209.32,2026-03-29,Pending
PAY-0009194,ORD-0009194,Gift Card,4041.24,2026-02-07,Completed
PAY-0004186,ORD-0004186,PayPal,2195.64,2026-04-23,Completed
PAY-0003248,ORD-0003248,Credit Card,3772.76,2025-09-11,Completed
PAY-0001304,ORD-0001304,Debit Card,3005.46,2026-02-14,Completed
PAY-0005903,ORD-0005903,Credit Card,1783.59,2026-08-08,Completed
PAY-0004532,ORD-0004532,Credit Card,388.91,2026-06-24,Completed
PAY-0009063,ORD-0009063,Debit Card,3455.91,2025-10-11,Failed
PAY-0007231,ORD-0007231,PayPal,211.68,2025-12-25,Pending
PAY-0005177,ORD-0005177,Debit Card,473.22,2026-04-30,Completed
PAY-0002873,ORD-0002873,Debit Card,914.61,2026-02-15,Completed
PAY-0010795,ORD-0010795,Bank Transfer,539.54,2026-07-05,Completed
PAY-0002465,ORD-0002465,Debit Card,1138.96,2026-07-17,Failed
PAY-0004534,ORD-0004534,Credit Card,2494.12,2026-05-05,Completed
PAY-0010127,ORD-0010127,Bank Transfer,2603.2,2025-03-23,Failed
PAY-0002242,ORD-0002242,Credit Card,2537.68,2026-05-14,Completed
PAY-0008664,ORD-0008664,Credit Card,1193.95,"July 31, 2026",Refunded
PAY-0000138,ORD-0000138,Bank Transfer,2120.63,03/27/2026,Pending
PAY-0005399,ORD-0005399,Debit Card,1249.6,2025-12-23,Completed
PAY-0005633,ORD-0005633,Credit Card,105.32,2026-02-07,Pending
PAY-0011294,ORD-0011294,Credit Card,3207.26,2025-08-29,Completed
PAY-0001707,ORD-0001707,Debit Card,237.56,2025-11-14,Failed
PAY-0010834,ORD-0010834,Bank Transfer,2627.71,2024-07-06,Pending
PAY-0006412,ORD-0006412,Credit Card,2227.9,2025-01-26,Refunded
PAY-0010654,ORD-0010654,Credit Card,626.54,2026-05-22,Completed
PAY-0007005,ORD-0007005,PayPal,615.24,2026-01-16,Completed
PAY-0003596,ORD-0003596,Credit Card,$559.58,2025-05-26,Completed
PAY-0003360,ORD-0003360,Debit Card,1914.95,2026-07-09,Completed
PAY-0009364,ORD-0009364,Credit Card,2141.64,2026-07-17,Completed
PAY-0010489,ORD-0010489,Bank Transfer,1636.46,2026-04-05,Completed
PAY-0005877,ORD-0005877,,1293.78,2024-06-01,Failed
PAY-0011207,ORD-0011207,Credit Card,2728.69,2026-05-30,Completed
PAY-0002018,ORD-0002018,Debit Card,755.73,2024-01-18,Completed
PAY-0011731,ORD-0011731,Debit Card,880.6,2026-05-24,Completed
PAY-0011998,ORD-0011998,Debit Card,5814.14,2026-07-22,Completed
PAY-0008271,ORD-0008271,Credit Card,3125.42,2026-05-12,Completed
PAY-0005942,ORD-0005942,Debit Card,2732.68,2025-04-10,Completed
PAY-0004467,ORD-0004467,Credit Card,2726.11,2024-07-02,Completed
PAY-0006030,ORD-0006030,Credit Card,388.29,2026-04-15,Completed
PAY-0005691,ORD-0005691,Debit Card,191.94,2026-07-23,Pending
PAY-0010471,ORD-0010471,Credit Card,7761.69,2026-09-04,Completed
PAY-0002462,ORD-0002462,Credit Card,1976.11,2025-12-28,Completed
PAY-0001910,ORD-0001910,Debit Card,1034.55,2025-11-23,Completed
PAY-0005388,ORD-0005388,PayPal,522.71,2026-04-25,Completed
PAY-0000892,ORD-0000892,Credit Card,2579.37,2025-12-28,Refunded
PAY-0011226,ORD-0906371,Gift Card,1046.41,2024-12-24,Completed
PAY-0005544,ORD-0005544,Credit Card,803.95,2025-01-22,Completed
PAY-0009999,ORD-0009999,Debit Card,2682.38,2026-05-26,Pending
PAY-0002297,ORD-0002297,PayPal,90.37,2026-07-20,Completed
PAY-0004535,ORD-0004535,PayPal,2022.96,2023-11-30,Completed
PAY-0000770,ORD-0000770,PayPal,3262.77,11-Feb-2025,Completed
PAY-0006377,ORD-0006377,Credit Card,1472.36,2025-01-28,Completed
PAY-0007282,ORD-0007282,Credit Card,642.27,2026-09-04,Completed
PAY-0003164,ORD-0927255,PayPal,2721.44,2025-01-16,Completed
PAY-0008627,ORD-0008627,Bank Transfer,3720.73,2024-06-08,Pending
PAY-0004626,ORD-0004626,Bank Transfer,592.19,2026-05-15,Completed
PAY-0006613,ORD-0006613,Debit Card,N/A,2025-10-21,Completed
PAY-0006440,ORD-0006440,Credit Card,328.79,2026-08-26,Refunded
PAY-0011952,ORD-0011952,Bank Transfer,418.84,2026-03-21,Completed
PAY-0003505,ORD-0003505,,1663.72,2025-09-04,Completed
PAY-0003077,ORD-0003077,PayPal,1095.15,2025-10-12,Pending
PAY-0002449,ORD-0002449,Credit Card,1546.46,2024-08-17,Failed
PAY-0000821,ORD-0000821,Gift Card,3398.85,2026-08-01,Completed
PAY-0001279,ORD-0001279,,996.4,2026-07-21,Failed
PAY-0002851,ORD-0002851,Bank Transfer,2748.3,2026-05-23,Pending
PAY-0007393,ORD-0007393,,666.08,2024-10-09,Completed
PAY-0006007,ORD-0006007,Credit Card,801.4,2024-11-03,Completed
PAY-0011157,ORD-0995652,Credit Card,4003.96,2026-05-03,Failed
PAY-0008534,ORD-0008534,Debit Card,1217.2,2026-07-27,Completed
PAY-0001873,ORD-0001873,Credit Card,319.68,2026-03-22,Failed
PAY-0004585,ORD-0004585,Credit Card,3144.64,2026-07-01,Completed
PAY-0010915,ORD-0010915,Credit Card,51.21,"May 28, 2025",Completed
PAY-0006009,ORD-0006009,PayPal,1235.78,2026-05-27,Refunded
PAY-0003670,ORD-0003670,Gift Card,3104.11,2023-12-31,Completed
PAY-0003292,ORD-0003292,PayPal,3583.17,2026-07-03,Completed
PAY-0005524,ORD-0005524,Credit Card,n/a,2025-10-19,Completed
PAY-0004082,ORD-0004082,Credit Card,948.09,2025-10-06,Pending
PAY-0004212,ORD-0004212,PayPal,1433.1,2026-07-08,Completed
PAY-0006931,ORD-0006931,Credit Card,2943.38,2024-09-19,Completed
PAY-0005623,ORD-0005623,Debit Card,2594.57,2026-05-19,Completed
PAY-0009757,ORD-0009757,Credit Card,241.02,2026-06-24,Failed
PAY-0010991,ORD-0010991,Debit Card,3955.76,2026-07-18,Completed
PAY-0001313,ORD-0001313,Credit Card,991.95,2024-12-21,Failed
PAY-0009187,ORD-0009187,PayPal,2169.12,2026-01-25,Refunded
PAY-0006755,ORD-0006755,PayPal,819.89,2026-08-09,Pending
PAY-0004249,ORD-0004249,Gift Card,1247.64,2025-07-28,Completed
PAY-0002566,ORD-0002566,Debit Card,3795.16,2026-03-05,Completed
PAY-0002181,ORD-0002181,Debit Card,191241.95,2025-12-29,Completed
PAY-0010571,ORD-0010571,Debit Card,1666.31,16-Jun-2026,Completed
PAY-0000694,ORD-0000694,Debit Card,2006.82,2026-09-05,Failed
PAY-0003112,ORD-0003112,Credit Card,717.5,2026-06-03,Completed
PAY-0002451,ORD-0002451,Debit Card,53079.55,2025-06-20,Completed
PAY-0003059,ORD-0003059,Credit Card,35.0,2026-08-14,Completed
PAY-0005613,ORD-0005613,Credit Card,913.37,2026-03-10,Failed
PAY-0010789,ORD-0010789,Credit Card,2541.46,2026-04-01,Completed
PAY-0005935,ORD-0005935,PayPal,4061.62,2025-03-16,Pending
PAY-0009774,ORD-0009774,Credit Card,720.98,2025-09-03,Refunded
PAY-0005600,ORD-0005600,Credit Card,2375.91,2026-02-27,Completed
PAY-0010480,ORD-0010480,PayPal,5022.34,2025-08-08,Completed
PAY-0005438,ORD-0005438,Debit Card,995.86,2024-06-30,Failed
PAY-0011997,ORD-0011997,Credit Card,693.91,2026-01-13,Completed
PAY-0010893,ORD-0010893,Gift Card,1406.91,2026-08-19,Completed
PAY-0000507,ORD-0000507,Debit Card,1363.5,2026-02-13,Refunded
PAY-0000484,ORD-0000484,Credit Card,1547.43,2025-12-15,Pending
PAY-0004721,ORD-0004721,Credit Card,102.12,2026-02-18,Completed
PAY-0008391,ORD-0008391,Debit Card,1642.4,2026-07-12,Refunded
PAY-0003000,ORD-0003000,Credit Card,426.65,2026-07-30,Completed
PAY-0001584,ORD-0001584,,1192.44,2026-06-23,Failed
PAY-0011351,ORD-0011351,Debit Card,1431.74,2026-02-20,Failed
PAY-0001271,ORD-0001271,Debit Card,728.73,2025-08-24,Failed
PAY-0011149,ORD-0011149,Credit Card,2971.44,2026-08-28,Pending
PAY-0009595,ORD-0009595,Credit Card,3995.79,2026-08-08,Failed
PAY-0003910,ORD-0003910,Debit Card,1388.7abc,2024-08-19,Completed
PAY-0000132,ORD-0000132,Credit Card,465.08,2026-07-13,Completed
PAY-0006242,ORD-0006242,Gift Card,871.03,2026-04-06,Completed
PAY-0006245,ORD-0006245,Bank Transfer,81.69,2025-10-30,Pending
PAY-0003299,ORD-0003299,,2570.38,2025-11-21,Completed
PAY-0006181,ORD-0006181,Bank Transfer,$615.33,2025-05-26,Completed
PAY-0003137,ORD-0003137,Debit Card,1597.26,2024-12-01,Failed
PAY-0008984,ORD-0008984,Gift Card,165.92,2025-08-18,Completed
PAY-0011847,ORD-0011847,PayPal,1863.99,2025-03-25,Completed
PAY-0007625,ORD-0007625,Credit Card,1578.44,06-Aug-2026,Pending
PAY-0001456,ORD-0001456,Credit Card,24.54,2026-04-09,Pending
PAY-0005738,ORD-0005738,Credit Card,1816.5,2026-08-23,Completed
PAY-0005850,ORD-0005850,Credit Card,1772.44,2025-12-18,Completed
PAY-0000946,ORD-0000946,Debit Card,3936.85,2024-05-17,Failed
PAY-0000180,ORD-0000180,Credit Card,911.76,2025-01-26,Completed
PAY-0004932,ORD-0004932,PayPal,1617.63,2025-10-20,Refunded
PAY-0001324,ORD-0001324,Debit Card,1191.23,2026-03-18,Completed
PAY-0003318,ORD-0003318,Gift Card,352.24,2026-03-31,Completed
PAY-0002050,ORD-0002050,Credit Card,1451.35,2025-04-15,Completed
PAY-0001647,ORD-0001647,PayPal,656.95,2025-12-10,Completed
PAY-0001730,ORD-0001730,Debit Card,639.26,2026-02-07,Completed
PAY-0007923,ORD-0007923,Credit Card,1431.2,2025-12-21,Completed
PAY-0005853,ORD-0005853,Debit Card,415.61,2024-11-25,Pending
PAY-0001415,ORD-0001415,Debit Card,113.18,2025-08-01,Completed
PAY-0008583,ORD-0008583,Debit Card,351.47,2024-12-31,Completed
PAY-0002770,ORD-0002770,Credit Card,351.53,2026-07-27,Completed
PAY-0007693,ORD-0007693,Debit Card,1196.83,02-Dec-2025,Completed
PAY-0008677,ORD-0008677,Credit Card,584.45,2026-05-07,Completed
PAY-0009851,ORD-0009851,PayPal,1218.76,2026-03-15,Completed
PAY-0011111,ORD-0011111,Debit Card,3164.33,2025-12-22,Completed
PAY-0009548,ORD-0009548,PayPal,466.42,2026-01-06,Failed
PAY-0006858,ORD-0006858,Credit Card,297.89,2025-12-08,Completed
PAY-0004035,ORD-0004035,Credit Card,3451.2,2025-04-01,Failed
PAY-0004739,ORD-0004739,,525.52,2026-06-13,Completed
PAY-0005663,ORD-0005663,Debit Card,582.14,2025-05-25,Failed
PAY-0010521,ORD-0010521,Debit Card,1712.45,2026-09-02,Completed
PAY-0002405,ORD-0002405,PayPal,500.31,2025-07-01,Completed
PAY-0009954,ORD-0009954,Debit Card,2079.84,2026-03-21,Failed
PAY-0006376,ORD-0006376,PayPal,738.86,2026-04-03,Completed
PAY-0011916,ORD-0988979,Credit Card,710.36,2026-07-22,Failed
PAY-0011027,ORD-0011027,Credit Card,731.46,2026-07-01,Completed
PAY-0008280,ORD-0008280,Gift Card,932.17,2026-06-25,Completed
PAY-0010595,ORD-0010595,Debit Card,922.73,2026-09-01,Refunded
PAY-0001946,ORD-0001946,PayPal,4024.71,2026-08-30,Failed
PAY-0005111,ORD-0005111,PayPal,2148.78,2024-04-04,Completed
PAY-0004779,ORD-0004779,PayPal,889.04,2025-07-19,Completed
PAY-0001853,ORD-0001853,,35.88,2025-05-30,Completed
PAY-0001264,ORD-0001264,Credit Card,3419.04,2026-06-24,Completed
PAY-0000385,ORD-0000385,Gift Card,2005.59,2026-02-14,Completed
PAY-0008518,ORD-0008518,Credit Card,1476.49,2026-07-19,Completed
PAY-0009400,ORD-0009400,Bank Transfer,2298.13,2025-06-23,Completed
PAY-0011447,ORD-0011447,PayPal,1545.74,2025-07-14,Refunded
PAY-0001161,ORD-0001161,Gift Card,2042.95,2026-06-18,Completed
PAY-0008745,ORD-0008745,Debit Card,4425.2,2026-05-24,Pending
PAY-0003895,ORD-0003895,Credit Card,2505.05,2026-06-19,Completed
PAY-0002255,ORD-0002255,Credit Card,-3026.25,2026-08-17,Completed
PAY-0010773,ORD-0010773,Bank Transfer,574.2,2025-08-09,Completed
PAY-0007951,ORD-0007951,Credit Card,505.6,2025-10-17,Completed
PAY-0001244,ORD-0001244,Bank Transfer,1787.68,2026-05-19,Completed
PAY-0003417,ORD-0003417,Gift Card,432.52,2024-06-26,Completed
PAY-0006445,ORD-0006445,Debit Card,3476.16,2025-12-31,Completed
PAY-0006700,ORD-0006700,Credit Card,82.22,2024-07-11,Completed
PAY-0002493,ORD-0002493,,1922.45,2026-06-22,Completed
PAY-0000069,ORD-0000069,Credit Card,24.97,2025-11-26,Completed
PAY-0005373,ORD-0005373,Debit Card,39.84,2026-08-29,Pending
PAY-0001329,ORD-0001329,Credit Card,129.15,2025-03-12,Refunded
PAY-0001908,ORD-0001908,Credit Card,3741.65,2026-08-31,Completed
PAY-0006762,ORD-0006762,Debit Card,2769.01,2026-01-10,Pending
PAY-0003986,ORD-0936157,Bank Transfer,$427.46,2025-04-05,Completed
PAY-0006729,ORD-0006729,Debit Card,858.95,2026-07-19,Completed
PAY-0002789,ORD-0002789,Debit Card,90207.49,2026-08-17,Completed
PAY-0005012,ORD-0005012,Debit Card,416.36,2026-07-04,Completed
PAY-0004643,ORD-0004643,Credit Card,1404.61,2026-06-15,Completed
PAY-0004903,ORD-0004903,Credit Card,1446.62,2026-08-01,Completed
PAY-0002201,ORD-0002201,Credit Card,908.99,2026-09-05,Pending
PAY-0003532,ORD-0003532,Debit Card,1778.19,09/07/2026,Completed
PAY-0001405,ORD-0001405,Credit Card,2680.03,2025-11-29,Pending
PAY-0000604,ORD-0000604,Debit Card,1273.9,2024-09-14,Completed
PAY-0000173,ORD-0000173,PayPal,957.09,2025-12-29,Completed
PAY-0006875,ORD-0006875,Credit Card,889.01,2025-02-09,Refunded
PAY-0002211,ORD-0002211,Credit Card,1579.23,2024-05-24,Completed
PAY-0008242,ORD-0008242,Credit Card,1249.72,2025-12-18,Refunded
PAY-0000988,ORD-0000988,Credit Card,1129.7,2025-12-29,Completed
PAY-0001212,ORD-0001212,PayPal,1949.29,2025-05-12,Completed
PAY-0000885,ORD-0000885,Debit Card,unknown,2026-08-22,Failed
PAY-0008178,ORD-0008178,Debit Card,972.4,2024-07-07,Failed
PAY-0007067,ORD-0007067,Credit Card,1269.02,2026-01-29,Completed
PAY-0010192,ORD-0010192,Debit Card,378.81,"April 09, 2025",Refunded
PAY-0000224,ORD-0000224,Debit Card,3635.95,2024-10-29,Completed
PAY-0001681,ORD-0001681,Credit Card,2535.55,2026-08-25,Completed
PAY-0008346,ORD-0008346,Credit Card,1686.06,2026-01-10,Completed
PAY-0000146,ORD-0000146,Credit Card,570.54,2026-07-25,Completed
PAY-0007501,ORD-0007501,Credit Card,1911.0,2025-12-14,Completed
PAY-0003390,ORD-0003390,Debit Card,3011.02,2026-02-03,Completed
PAY-0011921,ORD-0011921,Credit Card,4874.24,2023-12-27,Completed
PAY-0001418,ORD-0001418,Debit Card,3385.56,2026-08-27,Completed
PAY-0007158,ORD-0007158,Debit Card,1328.49,2026-05-03,Completed
PAY-0003772,ORD-0003772,Credit Card,2232.52,2026-03-03,Completed
PAY-0001767,ORD-0001767,Gift Card,4353.76,2025-06-03,Pending
PAY-0004854,ORD-0004854,,264.54,"July 04, 2026",Completed
PAY-0004107,ORD-0004107,Credit Card,41612.24,2025-08-08,Refunded
PAY-0007048,ORD-0007048,,1688.56,2025-01-27,Completed
PAY-0001509,ORD-0001509,Debit Card,674.4,2026-05-02,Completed
PAY-0007594,ORD-0007594,Credit Card,4053.56,2026-08-31,Completed
PAY-0007382,ORD-0007382,Debit Card,336.88,2025-11-28,Completed
PAY-0004242,ORD-0004242,Credit Card,7342.88,2026-08-26,Completed
PAY-0005689,ORD-0005689,Credit Card,285.24,2026-02-25,Completed
PAY-0010180,ORD-0010180,Debit Card,3221.56,2025-07-23,Completed
PAY-0007142,ORD-0007142,Credit Card,2904.2,2026-06-08,Completed
PAY-0002495,ORD-0002495,Credit Card,1499.77,2026-05-19,Completed
PAY-0007418,ORD-0007418,Debit Card,1133.65,2026-06-07,Completed
PAY-0003930,ORD-0003930,Credit Card,1524.75,2026-01-03,Pending
PAY-0001291,ORD-0001291,PayPal,2172.88,2026-06-11,Completed
PAY-0005456,ORD-0956531,Debit Card,563.25,2025-01-12,Completed
PAY-0000552,ORD-0000552,Debit Card,3335.39,2025-06-06,Completed
PAY-0010305,ORD-0010305,Credit Card,2964.41,2026-05-29,Failed
PAY-0011202,ORD-0011202,Gift Card,1555.76,2026-03-06,Completed
PAY-0006730,ORD-0006730,PayPal,624.63,2026-06-16,Refunded
PAY-0000627,ORD-0000627,Credit Card,1995.27,2025-11-09,Completed
PAY-0000225,ORD-0000225,Credit Card,1765.35,"November 25, 2025",Completed
PAY-0009943,ORD-0009943,Credit Card,723.44,2026-03-11,Completed
PAY-0006545,ORD-0006545,PayPal,1713.54,2024-04-30,Completed
PAY-0003583,ORD-0003583,Debit Card,3538.13,2026-05-29,Completed
PAY-0002774,ORD-0002774,Credit Card,1183.55,2025-05-09,Completed
PAY-0011331,ORD-0011331,PayPal,207.37,2026-02-16,Completed
PAY-0006344,ORD-0006344,Credit Card,569.51,2025-02-23,Failed
PAY-0008420,ORD-0008420,Credit Card,200.45,2026-07-06,Completed
PAY-0005941,ORD-0005941,PayPal,442.0,2026-08-23,Refunded
PAY-0006989,ORD-0006989,PayPal,1381.03,2026-08-07,Completed
PAY-0005322,ORD-0005322,Credit Card,94.36,2026-04-06,Completed
PAY-0010932,ORD-0010932,Credit Card,3059.64,2026-01-29,Pending
PAY-0005699,ORD-0005699,Gift Card,4527.86,2026-09-08,Completed
PAY-0008461,ORD-0008461,Credit Card,3015.55,2026-07-22,Completed
PAY-0000355,ORD-0000355,Debit Card,766.4,2026-04-04,Failed
PAY-0011414,ORD-0011414,Credit Card,1953.32,2024-04-02,Completed
PAY-0000923,ORD-0000923,Credit Card,649.04,2026-05-29,Completed
PAY-0002867,ORD-0002867,Gift Card,99720.02,2026-01-15,Failed
PAY-0009263,ORD-0009263,Credit Card,130.91,2025-10-15,Completed
PAY-0007020,ORD-0007020,Credit Card,3026.07,2024-11-06,Completed
PAY-0002675,ORD-0002675,PayPal,1113.68,2026-03-05,Completed
PAY-0000193,ORD-0000193,Credit Card,734.08,2026-02-01,Failed
PAY-0004198,ORD-0004198,Credit Card,2683.75,2026-08-04,Failed
PAY-0006631,ORD-0006631,Debit Card,252.81,2025-04-19,Failed
PAY-0006254,ORD-0006254,Credit Card,1175.95,2025-10-10,Completed
PAY-0002999,ORD-0002999,Debit Card,2275.94,2025-10-21,Refunded
PAY-0008977,ORD-0008977,Debit Card,2638.3,2024-12-17,Completed
PAY-0008274,ORD-0008274,PayPal,458.57,2026-09-05,Completed
PAY-0010691,ORD-0010691,Debit Card,1096.76,2025-12-14,Completed
PAY-0004826,ORD-0004826,Credit Card,3648.79,2026-05-03,Pending
PAY-0003003,ORD-0003003,Debit Card,2711.09,2025-03-25,Completed
PAY-0001611,ORD-0001611,Debit Card,2051.09,2024-11-27,Pending
PAY-0011682,ORD-0011682,PayPal,504.29,2026-09-04,Completed
PAY-0008293,ORD-0008293,Gift Card,365.2,2026-05-23,Completed
PAY-0007763,ORD-0007763,Credit Card,2185.08,2025-06-24,Refunded
PAY-0003625,ORD-0003625,Credit Card,1095.66,2026-04-05,Completed
PAY-0003049,ORD-0003049,PayPal,2277.73,2025-06-04,Completed
PAY-0007662,ORD-0007662,Credit Card,116.91,2026-08-21,Completed
PAY-0000773,ORD-0000773,Gift Card,4233.68,2026-06-14,Completed
PAY-0007272,ORD-0007272,,344.51,2026-07-31,Completed
PAY-0010752,ORD-0010752,PayPal,2621.06,"February 25, 2024",Completed
PAY-0003702,ORD-0003702,Gift Card,2249.83,2025-08-23,Completed
PAY-0002648,ORD-0002648,PayPal,3871.65,2026-06-17,Failed
PAY-0003234,ORD-0003234,Debit Card,2330.27,2026-09-04,Pending
PAY-0005257,ORD-0005257,Debit Card,2289.85,2026-08-06,Pending
PAY-0010971,ORD-0010971,Credit Card,-1795.44,2026-01-25,Completed
PAY-0010347,ORD-0010347,Bank Transfer,2988.69,2025-10-15,Completed
PAY-0009482,ORD-0009482,PayPal,1584.83,2025-04-27,Completed
PAY-0003956,ORD-0003956,Debit Card,1032.33,2024-04-15,Completed
PAY-0002913,ORD-0002913,Credit Card,2784.12,2026-08-25,Completed
PAY-0004266,ORD-0004266,Credit Card,637.41,2024-02-01,Completed
PAY-0010328,ORD-0010328,Credit Card,1886.34,2026-08-12,Completed
PAY-0010473,ORD-0010473,,1972.45,2025-10-12,Completed
PAY-0002123,ORD-0975754,Debit Card,4767.17,2025-09-24,Pending
PAY-0003697,ORD-0003697,PayPal,2124.33,2025-11-04,Failed
PAY-0010437,ORD-0010437,Bank Transfer,481.06,2024-11-26,Refunded
PAY-0006410,ORD-0006410,Credit Card,530.53,2026-08-16,Pending
PAY-0007832,ORD-0007832,Credit Card,964.44,2026-01-29,Completed
PAY-0003675,ORD-0003675,Credit Card,208.19,2025-10-11,Failed
PAY-0004316,ORD-0004316,Gift Card,395.44,2025-07-17,Failed
PAY-0009096,ORD-0009096,PayPal,376.14,2026-08-31,Refunded
PAY-0002904,ORD-0002904,Gift Card,4749.5,2026-05-11,Failed
PAY-0000692,ORD-0000692,Bank Transfer,422.05,2026-08-29,Completed
PAY-0003922,ORD-0003922,Credit Card,2497.06,2026-03-30,Completed
PAY-0001341,ORD-0001341,PayPal,2525.53,2026-03-11,Pending
PAY-0000850,ORD-0000850,Credit Card,910.41,2026-08-30,Completed
PAY-0010772,ORD-0010772,Credit Card,742.07,2026-05-27,Pending
PAY-0006984,ORD-0006984,Gift Card,963.1,2025-08-08,Completed
PAY-0003844,ORD-0003844,Credit Card,1415.2,2026-08-05,Failed
PAY-0007216,ORD-0966843,Credit Card,412.13,2026-08-11,Completed
PAY-0011251,ORD-0011251,,1119.12,2025-09-04,Failed
PAY-0002282,ORD-0002282,Credit Card,273.24,2025-11-11,Completed
PAY-0007976,ORD-0007976,PayPal,5016.05,2026-07-07,Completed
PAY-0000702,ORD-0000702,Debit Card,480.31,2026-08-01,Completed
PAY-0005260,ORD-0005260,PayPal,2596.58,2026-08-04,Completed
PAY-0004172,ORD-0004172,Gift Card,96.95,2026-02-21,Completed
PAY-0007717,ORD-0007717,Debit Card,--,2026-02-23,Pending
PAY-0010498,ORD-0010498,Credit Card,2575.34,2026-05-23,Completed
PAY-0002942,ORD-0002942,Credit Card,1062.41,2026-07-23,Refunded
PAY-0000867,ORD-0000867,Debit Card,413.89,2025-08-08,Failed
PAY-0004044,ORD-0004044,Bank Transfer,534.59,2025-02-22,Completed
PAY-0008410,ORD-0008410,Credit Card,2630.76,2026-03-17,Completed
PAY-0000853,ORD-0000853,Bank Transfer,804.53,2026-03-26,Completed
PAY-0011486,ORD-0011486,Credit Card,604.23,2026-05-26,Completed
PAY-0003005,ORD-0003005,PayPal,1682.13,2026-07-22,Completed
PAY-0007784,ORD-0007784,,2044.83,2024-07-06,Completed
PAY-0008393,ORD-0008393,Credit Card,2260.95,2025-11-17,Completed
PAY-0003338,ORD-0003338,PayPal,365.84,2026-06-21,Completed
PAY-0011361,ORD-0011361,PayPal,1488.02,2026-08-14,Refunded
PAY-0003572,ORD-0003572,Debit Card,2656.3,2026-06-07,Failed
PAY-0011086,ORD-0011086,Gift Card,1005.12,2026-08-26,Failed
PAY-0009325,ORD-0009325,PayPal,2461.6,2026-07-08,Completed
PAY-0005430,ORD-0005430,Debit Card,1084.76,2026-02-13,Completed
PAY-0006912,ORD-0946757,Debit Card,620.45,08-Mar-2025,Completed
PAY-0010667,ORD-0010667,Credit Card,458.86,2025-07-04,Completed
PAY-0011266,ORD-0011266,PayPal,353.4,2024-09-28,Completed
PAY-0002801,ORD-0002801,PayPal,1759.43,2026-05-16,Completed
PAY-0003732,ORD-0003732,Debit Card,2567.8,2026-04-26,Completed
PAY-0003373,ORD-0003373,PayPal,1269.01,2026-02-10,Completed
PAY-0004675,ORD-0004675,PayPal,544.94,2026-08-16,Refunded
PAY-0000927,ORD-0000927,PayPal,2133.88,2025-03-03,Completed
PAY-0008980,ORD-0008980,Credit Card,618.92,2025-02-22,Completed
PAY-0010816,ORD-0010816,Credit Card,1739.55,2026-05-19,Pending
PAY-0009460,ORD-0009460,PayPal,2552.55,2025-02-02,Completed
PAY-0003062,ORD-0003062,PayPal,202.18,2026-06-18,Completed
PAY-0002198,ORD-0002198,PayPal,929.52,"December 15, 2025",Failed
PAY-0010311,ORD-0010311,Debit Card,649.58,2026-06-06,Completed
PAY-0002818,ORD-0002818,Credit Card,147.61,2026-02-22,Failed
PAY-0008906,ORD-0008906,Credit Card,1800.32,07/16/2026,Completed
PAY-0009470,ORD-0009470,Credit Card,113.93,2026-08-03,Completed
PAY-0005601,ORD-0005601,PayPal,422.38,2025-03-21,Refunded
PAY-0011785,ORD-0011785,Debit Card,26.15,2026-05-10,Completed
PAY-0007635,ORD-0007635,Debit Card,1021.34,2026-07-11,Failed
PAY-0000408,ORD-0000408,Credit Card,6999.07,2026-05-26,Completed
PAY-0004107,ORD-0004107,Credit Card,41612.24,2025-08-08,Refunded
PAY-0001966,ORD-0001966,Credit Card,2307.16,2024-06-13,Failed
PAY-0011071,ORD-0011071,Debit Card,1891.12,2025-10-12,Refunded
PAY-0002487,ORD-0002487,Credit Card,269.88,2025-10-28,Completed
PAY-0004859,ORD-0004859,PayPal,1141.8,2026-08-19,Failed
PAY-0003215,ORD-0003215,Gift Card,1838.37,2026-02-14,Completed
PAY-0001403,ORD-0001403,PayPal,3907.12,2024-05-03,Completed
PAY-0011707,ORD-0011707,PayPal,551.27,2026-05-18,Failed
PAY-0011827,ORD-0011827,Credit Card,1274.1,2025-04-21,Completed
PAY-0006739,ORD-0006739,Credit Card,229.83,2026-05-28,Failed
PAY-0010317,ORD-0010317,Gift Card,N/A,2024-10-11,Completed
PAY-0009087,ORD-0009087,Credit Card,1100.38,2026-07-08,Completed
PAY-0006698,ORD-0006698,Gift Card,412.74,2025-08-21,Completed
PAY-0009453,ORD-0009453,PayPal,3388.7,2025-12-24,Failed
PAY-0008544,ORD-0008544,PayPal,1275.88,2026-03-29,Completed
PAY-0005679,ORD-0005679,Credit Card,1406.52,2025-11-13,Completed
PAY-0011369,ORD-0011369,Credit Card,4584.4,2025-02-21,Pending
PAY-0011974,ORD-0011974,Credit Card,138.48abc,2026-09-06,Completed
PAY-0007489,ORD-0007489,Credit Card,2782.87,2025-09-06,Completed
PAY-0006942,ORD-0006942,Credit Card,90.83,2025-09-20,Completed
PAY-0007314,ORD-0007314,Debit Card,985.84,2025-04-26,Refunded
PAY-0007135,ORD-0007135,PayPal,834.36,2025-09-10,Completed
PAY-0010244,ORD-0010244,Debit Card,200.36,2026-04-10,Failed
PAY-0007386,ORD-0007386,Credit Card,2046.43,2026-09-01,Failed
PAY-0004164,ORD-0004164,Credit Card,2579.56,2025-09-02,Completed
PAY-0006484,ORD-0006484,Credit Card,116.4,2026-02-13,Failed
PAY-0010235,ORD-0010235,Debit Card,1788.75,2026-09-05,Completed
PAY-0000677,ORD-0000677,Credit Card,188.21,2025-12-09,Refunded
PAY-0006516,ORD-0006516,Credit Card,1034.95,2026-07-14,Completed
PAY-0006864,ORD-0006864,Credit Card,143.34,2026-01-31,Refunded
PAY-0008865,ORD-0008865,Credit Card,1317.51,2026-06-30,Refunded
PAY-0001054,ORD-0001054,Credit Card,630.81,2026-05-22,Completed
PAY-0005328,ORD-0005328,PayPal,21.85,2026-09-03,Refunded
PAY-0002143,ORD-0002143,Credit Card,2736.45,2024-07-25,Completed
PAY-0001812,ORD-0001812,Credit Card,5071.55,2025-07-13,Completed
PAY-0002461,ORD-0002461,Credit Card,207.09,2024-10-15,Completed
PAY-0000948,ORD-0000948,Credit Card,1072.08,2024-11-09,Completed
PAY-0000448,ORD-0000448,Credit Card,564.65,2025-11-07,Completed
PAY-0010685,ORD-0010685,Debit Card,1174.45,2025-07-31,Failed
PAY-0001692,ORD-0001692,Credit Card,3127.38,2026-08-20,Completed
PAY-0011249,ORD-0011249,Credit Card,2358.32,2026-09-02,Completed
PAY-0002650,ORD-0002650,Debit Card,$1627.52,2026-08-25,Completed
PAY-0000032,ORD-0000032,Credit Card,594.35,2026-03-03,Completed
PAY-0010362,ORD-0010362,Credit Card,2346.46,2026-04-17,Failed
PAY-0010993,ORD-0010993,Bank Transfer,3286.46,2024-04-13,Completed
PAY-0007624,ORD-0007624,Credit Card,2892.8,08-Jun-2026,Completed
PAY-0001215,ORD-0001215,PayPal,1168.74,"August 23, 2026",Refunded
PAY-0001877,ORD-0001877,Debit Card,928.49,2026-03-08,Completed
PAY-0001938,ORD-0912414,Gift Card,1072.09,2026-04-14,Refunded
PAY-0006282,ORD-0006282,Debit Card,1094.62,2025-07-06,Completed
PAY-0000529,ORD-0000529,Gift Card,7228.86,2025-11-29,Completed
PAY-0011945,ORD-0011945,PayPal,447.89,2025-05-19,Completed
PAY-0009421,ORD-0009421,Credit Card,3784.8,2025-12-18,Completed
PAY-0002248,ORD-0002248,,2779.42,2026-02-22,Pending
PAY-0006141,ORD-0006141,Debit Card,2609.25,2024-09-02,Refunded
PAY-0004508,ORD-0004508,PayPal,492.37,2024-12-10,Completed
PAY-0011737,ORD-0011737,Credit Card,4569.13,2024-12-01,Completed
PAY-0004869,ORD-0004869,Debit Card,643.91,2026-07-14,Completed
PAY-0010176,ORD-0010176,Gift Card,4846.88,2026-01-31,Completed
PAY-0011617,ORD-0011617,Gift Card,$6833.89,2025-10-17,Completed
PAY-0009056,ORD-0009056,Debit Card,2264.27,2026-08-31,Completed
PAY-0009496,ORD-0009496,Gift Card,2054.37,2025-08-03,Refunded
PAY-0000930,ORD-0000930,Debit Card,307.46,2026-01-20,Completed
PAY-0008185,ORD-0008185,Credit Card,3975.79,2024-10-26,Pending
PAY-0009423,ORD-0009423,Debit Card,383.04,02/18/2026,Failed
PAY-0004614,ORD-0004614,,1091.16,2026-01-23,Completed
PAY-0008249,ORD-0008249,Gift Card,804.01,2025-06-27,Failed
PAY-0002821,ORD-0002821,,2582.78,2025-09-30,Completed
PAY-0007083,ORD-0007083,Debit Card,434.36,2026-04-01,Completed
PAY-0000157,ORD-0000157,Debit Card,884.48,2026-08-22,Completed
PAY-0010555,ORD-0010555,,5587.66,2025-09-03,Completed
PAY-0005285,ORD-0005285,Debit Card,1519.92,2025-12-21,Failed
PAY-0011389,ORD-0011389,Bank Transfer,3081.4,2026-07-25,Completed
PAY-0000601,ORD-0000601,Bank Transfer,3014.82,2026-06-23,Completed
PAY-0002467,ORD-0002467,Credit Card,435.8,2026-07-30,Completed
PAY-0004148,ORD-0004148,Debit Card,245.0,2026-09-04,Completed
PAY-0000831,ORD-0000831,Debit Card,688.77,2026-08-10,Failed
PAY-0005698,ORD-0005698,Debit Card,1215.41,2025-02-19,Completed
PAY-0009233,ORD-0009233,Credit Card,645.6,2026-06-28,Completed
PAY-0011484,ORD-0011484,Gift Card,5199.3,2025-12-09,Completed
PAY-0008290,ORD-0008290,Credit Card,572.3abc,2026-01-04,Completed
PAY-0008681,ORD-0008681,Credit Card,4231.62,2026-08-11,Completed
PAY-0011642,ORD-0011642,Credit Card,2738.32,2026-07-09,Completed
PAY-0011040,ORD-0011040,Debit Card,3080.9,"June 04, 2026",Completed
PAY-0011163,ORD-0011163,Bank Transfer,2260.21,2025-06-29,Completed
PAY-0003192,ORD-0003192,PayPal,3605.42,2026-08-15,Completed
PAY-0005043,ORD-0005043,Gift Card,111.67,2026-05-25,Failed
PAY-0003209,ORD-0003209,Gift Card,314.75,2026-02-09,Completed
PAY-0007665,ORD-0007665,Gift Card,1335.01,2026-06-30,Completed
PAY-0003489,ORD-0003489,Debit Card,6487.6,2025-12-03,Completed
PAY-0009931,ORD-0009931,Bank Transfer,2436.44,2025-12-14,Pending
PAY-0003476,ORD-0003476,Credit Card,971.4,2026-03-13,Completed
PAY-0008161,ORD-0008161,Credit Card,1761.67,01/27/2026,Completed
PAY-0009981,ORD-0009981,Gift Card,1038.42,2026-03-10,Completed
PAY-0006795,ORD-0006795,Credit Card,1397.49,2025-01-29,Completed
PAY-0009656,ORD-0009656,Debit Card,1500.32,2024-07-13,Failed
PAY-0009704,ORD-0009704,PayPal,199803.59,2026-06-06,Completed
PAY-0009581,ORD-0009581,Gift Card,1436.32,2025-07-19,Completed
PAY-0007845,ORD-0007845,Debit Card,577.02,2026-04-10,Completed
PAY-0000685,ORD-0000685,Credit Card,421.12,2025-09-07,Completed
PAY-0011631,ORD-0011631,Credit Card,2298.31,2025-05-03,Completed
PAY-0007284,ORD-0007284,Debit Card,4356.45,2024-05-07,Pending
PAY-0004023,ORD-0004023,,1224.88,2025-08-25,Completed
PAY-0010044,ORD-0010044,Bank Transfer,1334.81,2026-02-09,Failed
PAY-0002371,ORD-0002371,Gift Card,2674.28,2023-10-17,Completed
PAY-0010335,ORD-0010335,PayPal,1214.07,2026-05-15,Refunded
PAY-0009238,ORD-0009238,Credit Card,907.08,2026-06-05,Completed
PAY-0004108,ORD-0004108,Credit Card,2880.69,2024-09-30,Completed
PAY-0000866,ORD-0000866,,470.96,2026-07-17,Completed
PAY-0005956,ORD-0005956,Credit Card,184.51,2025-12-15,Completed
PAY-0010185,ORD-0010185,Credit Card,1652.2,2025-03-17,Completed
PAY-0003194,ORD-0003194,PayPal,874.9,2026-04-28,Completed
PAY-0001622,ORD-0001622,PayPal,54.27,"September 23, 2024",Completed
PAY-0003594,ORD-0003594,Credit Card,1202.53,2026-02-24,Refunded
PAY-0011603,ORD-0011603,Credit Card,451.04,26-Jul-2026,Failed
PAY-0006321,ORD-0006321,PayPal,1437.88,2026-08-19,Completed
PAY-0008647,ORD-0008647,Credit Card,1156.15,2024-11-30,Completed
PAY-0004909,ORD-0004909,Credit Card,2544.8,2026-05-27,Pending
PAY-0007921,ORD-0007921,Credit Card,609.57,2024-06-15,Completed
PAY-0004756,ORD-0004756,Credit Card,619.13,10/24/2025,Pending
PAY-0002612,ORD-0002612,Bank Transfer,698.44,2025-11-24,Completed
PAY-0007927,ORD-0007927,Credit Card,463.34,2026-05-05,Completed
PAY-0002490,ORD-0002490,Debit Card,310.82,2025-09-14,Completed
PAY-0011829,ORD-0011829,,2669.68,2026-01-28,Completed
PAY-0010370,ORD-0010370,Credit Card,3865.46,2026-08-10,Completed
PAY-0004054,ORD-0004054,Debit Card,8393.93,2025-09-12,Completed
PAY-0005407,ORD-0005407,Debit Card,3700.3,2026-07-30,Completed
PAY-0005383,ORD-0005383,Credit Card,972.25,2025-12-12,Refunded
PAY-0006240,ORD-0006240,Debit Card,2175.89,2026-07-11,Failed
PAY-0003726,ORD-0003726,PayPal,2190.77,2026-08-28,Completed
PAY-0000857,ORD-0000857,PayPal,2019.62,2026-05-06,Refunded
PAY-0008904,ORD-0008904,Debit Card,716.58,2024-07-11,Completed
PAY-0003402,ORD-0996738,,932.38,2026-08-10,Pending
PAY-0005022,ORD-0005022,Debit Card,2981.56,2026-05-31,Completed
PAY-0007428,ORD-0007428,Gift Card,2584.98,2025-05-16,Failed
PAY-0003102,ORD-0003102,Credit Card,5676.92,2026-03-07,Completed
PAY-0002742,ORD-0002742,,837.8,2025-07-01,Completed
PAY-0011308,ORD-0011308,Credit Card,1282.51,2026-01-25,Completed
PAY-0011024,ORD-0011024,Credit Card,585.7,2026-07-25,Completed
PAY-0011173,ORD-0011173,Debit Card,477.73,2026-05-10,Completed
PAY-0005607,ORD-0005607,Gift Card,646.7,2026-08-29,Completed
PAY-0001031,ORD-0001031,PayPal,1077.4,2026-02-07,Completed
PAY-0002155,ORD-0002155,PayPal,971.74,2026-08-14,Completed
PAY-0004711,ORD-0004711,Debit Card,2321.66,2025-11-24,Completed
PAY-0005678,ORD-0005678,Credit Card,726.05,2026-06-19,Completed
PAY-0009965,ORD-0009965,Gift Card,1145.5,2026-04-17,Completed
PAY-0010515,ORD-0010515,Debit Card,114.59,2025-12-13,Completed
PAY-0006427,ORD-0006427,Debit Card,7137.83,2026-09-05,Failed
PAY-0008367,ORD-0008367,Credit Card,2242.34,2026-07-09,Failed
PAY-0004078,ORD-0004078,Credit Card,764.18,2026-01-29,Completed
PAY-0004510,ORD-0004510,Debit Card,577.76,2026-02-10,Refunded
PAY-0009818,ORD-0933393,Credit Card,693.72,2026-07-16,Completed
PAY-0009355,ORD-0009355,Debit Card,1797.18,2026-05-02,Completed
PAY-0002166,ORD-0002166,Credit Card,1596.91,"September 01, 2026",Completed
PAY-0005019,ORD-0005019,Bank Transfer,3622.04,2025-01-17,Failed
PAY-0010749,ORD-0010749,Credit Card,3814.05,2025-02-25,Completed
PAY-0006672,ORD-0006672,Credit Card,3512.38,2026-07-07,Failed
PAY-0011819,ORD-0011819,PayPal,41.3,2026-04-05,Pending
PAY-0007455,ORD-0007455,Debit Card,1232.57,2026-08-07,Completed
PAY-0002670,ORD-0002670,Credit Card,1905.35,2026-01-09,Completed
PAY-0005781,ORD-0005781,Debit Card,1645.79,2025-03-21,Pending
PAY-0008326,ORD-0008326,Credit Card,506.22,2025-06-14,Refunded
PAY-0005280,ORD-0005280,Gift Card,639.79,2026-07-16,Failed
PAY-0009697,ORD-0009697,Debit Card,482.74,2025-09-01,Completed
PAY-0010524,ORD-0010524,Debit Card,2555.28,2026-06-27,Completed
PAY-0001147,ORD-0001147,Debit Card,4594.52,2026-03-06,Failed
PAY-0002004,ORD-0002004,Bank Transfer,380.43,2026-01-31,Completed
PAY-0009471,ORD-0009471,Debit Card,98.43,2025-09-09,Completed
PAY-0008228,ORD-0008228,,518.15,2026-04-10,Completed
PAY-0005076,ORD-0005076,Debit Card,2656.81,2025-01-07,Completed
PAY-0007305,ORD-0007305,Credit Card,103.29,2026-07-17,Completed
PAY-0008786,ORD-0008786,Credit Card,1899.3,2025-03-22,Pending
PAY-0001109,ORD-0001109,PayPal,968.55,2024-07-24,Completed
PAY-0007694,ORD-0007694,Debit Card,66.5,2026-08-21,Completed
PAY-0001574,ORD-0001574,Gift Card,631.92,2024-09-03,Completed
PAY-0001260,ORD-0001260,Credit Card,3077.29,2025-03-07,Completed
PAY-0001387,ORD-0001387,Credit Card,2346.4,2026-04-26,Completed
PAY-0004767,ORD-0004767,Credit Card,2437.62,2025-07-13,Completed
PAY-0001640,ORD-0001640,Debit Card,739.19,2026-08-11,Completed
PAY-0002161,ORD-0002161,Credit Card,2287.76,2024-07-31,Completed
PAY-0009457,ORD-0009457,Debit Card,463.2,2026-09-03,Failed
PAY-0009086,ORD-0009086,Credit Card,1325.66,2026-08-05,Pending
PAY-0007203,ORD-0007203,Debit Card,679.0,2026-04-08,Completed
PAY-0008263,ORD-0008263,Credit Card,3109.55,2025-05-13,Completed
PAY-0002824,ORD-0002824,Credit Card,2280.69,2026-09-07,Completed
PAY-0009494,ORD-0009494,Bank Transfer,1367.26,2026-06-28,Completed
PAY-0002370,ORD-0002370,PayPal,652.2,2026-08-02,Completed
PAY-0006004,ORD-0006004,Debit Card,31717.76,2026-06-23,Completed
PAY-0001886,ORD-0001886,Bank Transfer,4660.12,2026-01-06,Completed
PAY-0000442,ORD-0000442,Debit Card,535.65,2026-05-10,Completed
PAY-0003554,ORD-0003554,Credit Card,2232.14,2025-11-20,Failed
PAY-0001708,ORD-0001708,Gift Card,681.96,2026-03-24,Completed
PAY-0011566,ORD-0011566,PayPal,3548.59,2026-02-03,Completed
PAY-0002737,ORD-0002737,Debit Card,551.31,2025-08-08,Pending
PAY-0005943,ORD-0005943,Credit Card,1642.56,2026-05-08,Pending
PAY-0008359,ORD-0008359,Bank Transfer,18643.63,2024-12-07,Completed
PAY-0002258,ORD-0002258,Debit Card,4102.84,"January 01, 2026",Completed
PAY-0006761,ORD-0006761,Debit Card,1533.76,2026-07-16,Completed
PAY-0003069,ORD-0003069,Debit Card,3860.98,2026-08-31,Failed
PAY-0009994,ORD-0009994,Credit Card,1090.66,2026-02-03,Completed
PAY-0009201,ORD-0009201,Credit Card,264.3,2025-12-18,Completed
PAY-0010762,ORD-0010762,Credit Card,1724.55,2026-06-21,Completed
PAY-0008406,ORD-0008406,PayPal,1201.66,01-May-2026,Completed
PAY-0005165,ORD-0005165,Bank Transfer,5170.34,2025-08-14,Completed
PAY-0005246,ORD-0005246,PayPal,135.97,2025-08-29,Completed
PAY-0005761,ORD-0005761,Gift Card,259.82,2025-09-28,Completed
PAY-0004209,ORD-0004209,PayPal,618.16,2025-12-03,Completed
PAY-0000319,ORD-0000319,PayPal,2127.85,2025-06-23,Refunded
PAY-0008288,ORD-0008288,Credit Card,4546.23,2025-10-21,Completed
PAY-0001229,ORD-0001229,Credit Card,1853.3,2024-11-27,Completed
PAY-0000026,ORD-0000026,Gift Card,4246.97,2026-08-12,Completed
PAY-0006488,ORD-0006488,Credit Card,230.12,2026-07-06,Completed
PAY-0011083,ORD-0011083,Credit Card,3471.58,2026-01-16,Completed
PAY-0009028,ORD-0009028,PayPal,1249.74,2026-06-11,Completed
PAY-0000924,ORD-0000924,Gift Card,3086.15,2026-08-24,Completed
PAY-0002133,ORD-0002133,Debit Card,6606.4abc,2025-03-10,Completed
PAY-0003296,ORD-0003296,Debit Card,196.29,2026-09-01,Completed
PAY-0009561,ORD-0009561,Credit Card,1160.06,2026-03-17,Completed
PAY-0000008,ORD-0000008,Debit Card,null,2026-07-01,Completed
PAY-0000079,ORD-0000079,Debit Card,2517.28,2026-02-23,Completed
PAY-0009795,ORD-0009795,Credit Card,2376.12,2026-08-19,Completed
PAY-0006246,ORD-0006246,Debit Card,1076.27,2025-05-08,Completed
PAY-0003020,ORD-0003020,Credit Card,2346.47,2026-07-26,Completed
PAY-0004326,ORD-0004326,PayPal,754.98,2026-08-23,Completed
PAY-0001133,ORD-0001133,PayPal,1052.85,08/03/2026,Completed
PAY-0008429,ORD-0008429,Credit Card,320.74,2026-06-09,Completed
PAY-0003327,ORD-0003327,,2634.05,2025-11-11,Pending
PAY-0003667,ORD-0003667,Gift Card,2438.95,2026-01-31,Completed
PAY-0008378,ORD-0008378,,1383.63,2026-03-28,Completed
PAY-0010920,ORD-0010920,PayPal,1207.94,2026-03-04,Completed
PAY-0000637,ORD-0000637,Credit Card,850.7,2026-04-10,Completed
PAY-0005482,ORD-0005482,Credit Card,359.17,2025-01-16,Completed
PAY-0008577,ORD-0008577,Debit Card,403.62,2026-02-11,Completed
PAY-0005364,ORD-0964998,Credit Card,678.18,2026-06-25,Completed
PAY-0007204,ORD-0007204,Debit Card,1233.78,2025-10-21,Pending
PAY-0003446,ORD-0003446,Credit Card,661.18,2026-06-17,Completed
PAY-0000348,ORD-0000348,Credit Card,1157.8,"December 10, 2024",Refunded
PAY-0000402,ORD-0000402,Debit Card,3784.72,2026-04-18,Failed
PAY-0011636,ORD-0011636,Credit Card,2420.67,2025-07-06,Failed
PAY-0006193,ORD-0006193,Credit Card,5439.43,2025-10-26,Completed
PAY-0000782,ORD-0000782,Debit Card,3604.24,2025-09-13,Completed
PAY-0002951,ORD-0002951,Credit Card,112.74,2026-03-08,Completed
PAY-0011509,ORD-0011509,Credit Card,3582.5,2025-04-09,Completed
PAY-0005847,ORD-0005847,,1069.12,2026-07-01,Completed
PAY-0009507,ORD-0009507,Credit Card,637.55,2026-08-18,Completed
PAY-0000958,ORD-0000958,Debit Card,2575.25,2026-04-22,Completed
PAY-0002565,ORD-0002565,Credit Card,733.89,2025-10-10,Completed
PAY-0004006,ORD-0004006,Debit Card,163.3,07/30/2025,Failed
PAY-0008330,ORD-0008330,PayPal,700.38,"August 17, 2026",Completed
PAY-0004285,ORD-0004285,Gift Card,262.28,2026-05-21,Completed
PAY-0005660,ORD-0005660,PayPal,-1736.12,2026-07-05,Refunded
PAY-0004347,ORD-0004347,Credit Card,1926.04,2026-04-12,Completed
PAY-0000166,ORD-0000166,Credit Card,null,2026-07-07,Failed
PAY-0000524,ORD-0000524,,2534.32,2025-04-17,Pending
PAY-0003365,ORD-0003365,Debit Card,297.14,2025-08-18,Completed
PAY-0006089,ORD-0006089,Debit Card,1462.45,2025-03-07,Completed
PAY-0003541,ORD-0003541,Gift Card,3184.73,2026-03-24,Pending
PAY-0009693,ORD-0009693,PayPal,1737.55,2026-04-19,Pending
PAY-0005673,ORD-0005673,Credit Card,1707.55,2025-05-14,Completed
PAY-0003001,ORD-0003001,Credit Card,353.15,2026-04-19,Completed
PAY-0003335,ORD-0003335,Credit Card,1150.24,2026-05-22,Completed
PAY-0009299,ORD-0009299,Bank Transfer,408.26,2024-02-03,Completed
PAY-0002845,ORD-0002845,Credit Card,1000.16,2025-08-19,Completed
PAY-0009723,ORD-0009723,Debit Card,396.2,2026-08-11,Pending
PAY-0000503,ORD-0000503,PayPal,1530.3,2026-03-06,Completed
PAY-0009911,ORD-0009911,Credit Card,315.22,2025-03-14,Completed
PAY-0010082,ORD-0010082,Debit Card,237.18,2026-06-04,Completed
PAY-0008522,ORD-0008522,Gift Card,3698.96,2026-08-22,Completed
PAY-0000662,ORD-0000662,Credit Card,4061.47,2026-09-01,Completed
PAY-0009627,ORD-0009627,Credit Card,706.47,2026-03-03,Completed
PAY-0002937,ORD-0962511,Debit Card,3631.95,2025-07-07,Completed
PAY-0003601,ORD-0003601,Debit Card,1325.36,2024-10-09,Completed
PAY-0011348,ORD-0011348,Credit Card,755.27,2026-07-12,Failed
PAY-0000128,ORD-0000128,Debit Card,1285.83,2026-09-01,Completed
PAY-0005424,ORD-0005424,Credit Card,1596.86abc,2026-07-20,Completed
PAY-0004280,ORD-0004280,Credit Card,141.25,2026-02-12,Completed
PAY-0001949,ORD-0001949,PayPal,992.8,2026-06-08,Failed
PAY-0005579,ORD-0005579,Credit Card,1954.23,2025-10-08,Completed
PAY-0002058,ORD-0002058,PayPal,1392.68,2026-08-01,Completed
PAY-0008890,ORD-0008890,Gift Card,1520.38,2025-08-14,Completed
PAY-0011081,ORD-0011081,Debit Card,829.83,2026-06-07,Failed
PAY-0003419,ORD-0003419,Credit Card,419.99,2026-07-28,Failed
PAY-0009807,ORD-0009807,,2720.14,21-May-2026,Refunded
PAY-0004785,ORD-0004785,PayPal,462.79,2026-08-17,Completed
PAY-0010937,ORD-0010937,Credit Card,42861.79,2026-08-30,Pending
PAY-0007092,ORD-0007092,Credit Card,$986.78,2024-08-27,Completed
PAY-0000209,ORD-0000209,Debit Card,101.65,2024-05-16,Completed
PAY-0001753,ORD-0001753,Debit Card,2587.15,2025-10-10,Completed
PAY-0002897,ORD-0002897,Credit Card,889.95,2025-05-13,Failed
PAY-0010528,ORD-0010528,Debit Card,3466.82,2026-03-09,Refunded
PAY-0001055,ORD-0001055,Credit Card,2260.23,2026-08-22,Completed
PAY-0009176,ORD-0009176,Debit Card,2459.67,2025-07-05,Completed
PAY-0009716,ORD-0009716,PayPal,2244.14,2026-08-24,Completed
PAY-0004533,ORD-0004533,Debit Card,507.39,2025-09-22,Pending
PAY-0007819,ORD-0007819,PayPal,1449.09,2026-07-18,Completed
PAY-0007997,ORD-0007997,Bank Transfer,1161.87,2024-10-29,Completed
PAY-0003669,ORD-0003669,Credit Card,unknown,2026-06-17,Completed
PAY-0003242,ORD-0003242,Gift Card,1658.6,2025-03-10,Completed
PAY-0001315,ORD-0001315,Credit Card,4721.34,2026-04-27,Completed
PAY-0010517,ORD-0010517,Gift Card,400.54,2025-09-19,Failed
PAY-0006560,ORD-0006560,PayPal,489.27,2025-06-10,Completed
PAY-0005509,ORD-0005509,Credit Card,4457.04,2025-12-26,Completed
PAY-0008641,ORD-0008641,PayPal,139.25,2026-05-18,Refunded
PAY-0000647,ORD-0000647,PayPal,2082.83,2026-01-27,Completed
PAY-0009296,ORD-0009296,Credit Card,98073.06,2025-10-25,Completed
PAY-0006906,ORD-0006906,Debit Card,1473.4,2026-07-09,Completed
PAY-0010469,ORD-0010469,Credit Card,1045.36,2026-05-14,Completed
PAY-0007865,ORD-0007865,Credit Card,2748.61,2025-09-10,Completed
PAY-0004025,ORD-0004025,Credit Card,2811.56,2026-08-15,Completed
PAY-0000807,ORD-0000807,Credit Card,4231.39,2025-03-01,Pending
PAY-0006851,ORD-0006851,Credit Card,442.28,2026-07-04,Failed
PAY-0001905,ORD-0001905,Debit Card,10.16,2025-05-12,Failed
PAY-0003677,ORD-0003677,Bank Transfer,1206.73,2026-08-28,Completed
PAY-0005247,ORD-0005247,Bank Transfer,318.97,2026-08-22,Completed
PAY-0011205,ORD-0011205,Credit Card,4601.44,28-Jul-2026,Completed
PAY-0001884,ORD-0001884,Credit Card,1300.45,2026-06-13,Completed
PAY-0010543,ORD-0010543,Credit Card,847.17,2025-12-16,Pending
PAY-0008485,ORD-0008485,Credit Card,1890.62,2026-06-07,Completed
PAY-0005031,ORD-0005031,Credit Card,2808.6,2024-10-24,Completed
PAY-0010632,ORD-0010632,Debit Card,11.74,2025-08-02,Completed
PAY-0009863,ORD-0009863,Debit Card,329.48,2026-03-10,Completed
PAY-0005876,ORD-0005876,Credit Card,594.36abc,2025-02-15,Pending
PAY-0006801,ORD-0006801,Debit Card,344.71,2025-11-07,Completed
PAY-0007249,ORD-0007249,Debit Card,784.32,2024-11-13,Completed
PAY-0003302,ORD-0003302,Bank Transfer,1019.99,2026-06-06,Pending
PAY-0008316,ORD-0008316,Credit Card,1016.75,07/22/2026,Failed
PAY-0009742,ORD-0009742,Credit Card,5302.91,2025-12-28,Completed
PAY-0000610,ORD-0000610,PayPal,601.27,2026-03-20,Completed
PAY-0003717,ORD-0003717,Credit Card,813.22,2025-06-27,Completed
PAY-0006117,ORD-0006117,Debit Card,1186.02,2024-08-02,Completed
PAY-0011427,ORD-0011427,Debit Card,1139.08,2026-02-05,Completed
PAY-0004244,ORD-0004244,Debit Card,295.74,2026-08-25,Refunded
PAY-0010261,ORD-0010261,Credit Card,2588.31,2026-03-09,Completed
PAY-0007470,ORD-0007470,Credit Card,103.44,2026-07-18,Completed
PAY-0002394,ORD-0002394,PayPal,1834.41,2025-11-06,Completed
PAY-0010887,ORD-0010887,Credit Card,628.88,2026-08-20,Refunded
PAY-0000688,ORD-0000688,Gift Card,1828.71,2026-07-11,Completed
PAY-0007726,ORD-0007726,Credit Card,925.3abc,2026-01-05,Completed
PAY-0004881,ORD-0004881,Credit Card,3185.9,2025-11-24,Refunded
PAY-0002475,ORD-0002475,Credit Card,2651.05,2026-07-20,Completed
PAY-0009791,ORD-0009791,PayPal,3165.83,2025-05-03,Refunded
PAY-0004102,ORD-0004102,Credit Card,966.66,2026-04-22,Failed
PAY-0009601,ORD-0009601,Credit Card,2056.24,2026-06-22,Completed
PAY-0002085,ORD-0002085,,1750.51,2026-01-08,Completed
PAY-0010599,ORD-0010599,Credit Card,1699.14,2025-06-23,Completed
PAY-0007806,ORD-0007806,Gift Card,81.01,2024-10-15,Failed
PAY-0009741,ORD-0009741,Credit Card,928.99,2025-01-04,Failed
PAY-0011565,ORD-0011565,Debit Card,2421.33,2026-08-19,Completed
PAY-0003256,ORD-0003256,Credit Card,815.48,2025-10-31,Completed
PAY-0007422,ORD-0007422,PayPal,633.57,2025-06-20,Completed
PAY-0000254,ORD-0000254,Credit Card,1281.15,2025-09-11,Refunded
PAY-0005905,ORD-0005905,Credit Card,5088.12,2025-02-24,Completed
PAY-0010808,ORD-0010808,Credit Card,12087.82,2025-11-26,Completed
PAY-0009671,ORD-0009671,PayPal,1314.69,2026-07-22,Failed
PAY-0005003,ORD-0005003,Debit Card,1390.19,2026-08-22,Completed
PAY-0011771,ORD-0011771,PayPal,470.4,2024-12-26,Completed
PAY-0003400,ORD-0003400,Bank Transfer,2594.5,2026-04-09,Refunded
PAY-0002647,ORD-0002647,Debit Card,373.08,2026-07-04,Completed
PAY-0005317,ORD-0005317,Credit Card,744.86,2026-07-09,Completed
PAY-0011309,ORD-0011309,,5237.54,"June 23, 2026",Completed
PAY-0003738,ORD-0003738,Credit Card,1444.8,04-Aug-2026,Refunded
PAY-0000779,ORD-0000779,Debit Card,1440.34,2026-04-28,Completed
PAY-0007280,ORD-0007280,Credit Card,1699.05,2025-11-25,Completed
PAY-0010693,ORD-0010693,Debit Card,3945.59,2026-08-18,Completed
PAY-0006939,ORD-0006939,Credit Card,3217.52,2025-09-16,Failed
PAY-0000710,ORD-0000710,PayPal,2865.1,2025-10-10,Completed
PAY-0001369,ORD-0001369,Credit Card,3910.48,2026-04-17,Completed
PAY-0008679,ORD-0008679,Gift Card,4616.91,2026-06-24,Completed
PAY-0007429,ORD-0007429,PayPal,84.24,2026-03-15,Pending
PAY-0000633,ORD-0000633,Debit Card,3359.82,2026-03-13,Completed
PAY-0010702,ORD-0010702,Debit Card,2019.34,2025-05-12,Completed
PAY-0007740,ORD-0007740,Gift Card,5105.55,2024-09-04,Failed
PAY-0004052,ORD-0004052,Credit Card,457.27,2025-05-21,Refunded
PAY-0003261,ORD-0003261,PayPal,436.6,2025-05-26,Completed
PAY-0002736,ORD-0002736,Debit Card,1244.2,2025-06-22,Completed
PAY-0010128,ORD-0010128,Credit Card,971.69,2025-10-24,Failed
PAY-0010115,ORD-0010115,Debit Card,3402.79,2026-08-02,Completed
PAY-0007789,ORD-0007789,Credit Card,1246.27,2026-07-14,Completed
PAY-0009044,ORD-0009044,Bank Transfer,234737.07,04/25/2026,Failed
PAY-0007259,ORD-0007259,Credit Card,432.17,2025-09-11,Pending
PAY-0001912,ORD-0001912,Debit Card,943.45,2026-08-12,Refunded
PAY-0011119,ORD-0011119,Credit Card,2058.94,2025-01-07,Completed
PAY-0000044,ORD-0000044,Credit Card,2570.2,2026-08-10,Completed
PAY-0002179,ORD-0002179,Debit Card,1002.94,2026-03-29,Completed
PAY-0009688,ORD-0009688,Gift Card,460.02,2026-09-06,Completed
PAY-0010800,ORD-0010800,PayPal,213.4,2026-05-06,Completed
PAY-0007453,ORD-0007453,Bank Transfer,1350.71,2025-04-20,Completed
PAY-0011901,ORD-0011901,Debit Card,1316.76,2026-02-03,Completed
PAY-0004695,ORD-0004695,PayPal,3161.55,2026-08-12,Completed
PAY-0007354,ORD-0007354,Debit Card,986.1,2026-01-11,Completed
PAY-0006870,ORD-0006870,Credit Card,3754.31,2026-06-24,Completed
PAY-0003202,ORD-0003202,Credit Card,14.52,2026-04-26,Completed
PAY-0001924,ORD-0001924,Debit Card,2362.7,2024-04-20,Completed
PAY-0011195,ORD-0011195,PayPal,855.75,2025-09-18,Failed
PAY-0002285,ORD-0002285,Credit Card,102.62,2024-07-11,Completed
PAY-0004032,ORD-0004032,Credit Card,231.68,2025-05-30,Completed
PAY-0003094,ORD-0003094,Credit Card,3755.99,2026-08-08,Completed
PAY-0007243,ORD-0007243,Debit Card,256.72,2026-08-12,Completed
PAY-0007487,ORD-0007487,Credit Card,1191.5,"September 01, 2026",Completed
PAY-0003746,ORD-0003746,Debit Card,2766.16,2025-08-16,Completed
PAY-0011713,ORD-0011713,Debit Card,473.34,2026-09-06,Completed
PAY-0004946,ORD-0004946,Debit Card,444.41,2025-06-07,Completed
PAY-0009295,ORD-0009295,Debit Card,10049.03,2026-06-08,Pending
PAY-0000083,ORD-0000083,Gift Card,2187.63,2025-06-11,Completed
PAY-0000279,ORD-0000279,Debit Card,318.67,2026-07-29,Failed
PAY-0000455,ORD-0000455,Credit Card,529.62,2026-05-19,Completed
PAY-0009100,ORD-0009100,Debit Card,107.86,2026-08-13,Completed
PAY-0010295,ORD-0010295,PayPal,21.51,2024-09-04,Failed
PAY-0011085,ORD-0011085,Debit Card,248.4,2026-04-03,Failed
PAY-0004323,ORD-0004323,Bank Transfer,1238.2,2024-05-23,Failed
PAY-0009530,ORD-0966297,PayPal,1085.08,2025-09-28,Completed
PAY-0009768,ORD-0009768,Credit Card,653.6,2026-07-30,Pending
PAY-0003130,ORD-0003130,Credit Card,973.9,2025-08-11,Completed
PAY-0002022,ORD-0002022,PayPal,1067.31,2026-09-04,Failed
PAY-0003217,ORD-0003217,Debit Card,1218.51,2026-04-24,Completed
PAY-0004312,ORD-0004312,Credit Card,626.2,2026-05-01,Completed
PAY-0002266,ORD-0002266,Credit Card,705.95,2024-07-24,Completed
PAY-0001009,ORD-0001009,Debit Card,3161.44,2026-08-22,Completed
PAY-0005100,ORD-0005100,Debit Card,4411.78,2026-05-24,Completed
PAY-0011248,ORD-0011248,PayPal,625.27,2024-12-30,Completed
PAY-0002311,ORD-0002311,Debit Card,1319.43,2026-08-09,Refunded
PAY-0003114,ORD-0003114,Debit Card,1736.53,2026-08-24,Refunded
PAY-0002494,ORD-0002494,Credit Card,3697.47,2026-08-31,Failed
PAY-0004258,ORD-0004258,PayPal,3056.97,2025-02-14,Failed
PAY-0009784,ORD-0009784,PayPal,1039.95,2026-08-22,Completed
PAY-0004429,ORD-0004429,Credit Card,1481.39,2026-08-13,Failed
PAY-0000594,ORD-0000594,Credit Card,436.72,2024-12-08,Completed
PAY-0004518,ORD-0004518,PayPal,181.47,2025-05-30,Completed
PAY-0009474,ORD-0009474,Bank Transfer,327.6,21-Dec-2025,Pending
PAY-0005790,ORD-0005790,,2618.34,2026-06-07,Completed
PAY-0008149,ORD-0008149,Credit Card,47.88,2026-04-17,Completed
PAY-0000035,ORD-0000035,Credit Card,16193.46,2026-06-12,Completed
PAY-0011279,ORD-0011279,PayPal,1184.12,2026-03-29,Completed
PAY-0001176,ORD-0001176,PayPal,368.92,2024-10-28,Completed
PAY-0004831,ORD-0004831,Debit Card,327.52,2024-11-10,Completed
PAY-0005598,ORD-0005598,Credit Card,1266.02,2025-06-04,Completed
PAY-0011526,ORD-0011526,Debit Card,135082.11,2026-01-11,Completed
PAY-0003836,ORD-0003836,Credit Card,?,2025-12-11,Pending
PAY-0005934,ORD-0005934,Credit Card,94629.62,2025-10-26,Refunded
PAY-0001992,ORD-0001992,Credit Card,2650.63,2026-02-20,Completed
PAY-0002853,ORD-0002853,Debit Card,n/a,2026-09-04,Failed
PAY-0011724,ORD-0011724,PayPal,1124.78,2025-04-10,Completed
PAY-0000977,ORD-0000977,Credit Card,2988.28,2026-01-31,Failed
PAY-0005621,ORD-0005621,Bank Transfer,596.24,2026-08-01,Completed
PAY-0003573,ORD-0003573,PayPal,381.71,2025-09-13,Completed
PAY-0000511,ORD-0000511,PayPal,2728.94,2026-05-11,Completed
PAY-0005804,ORD-0005804,PayPal,2038.51,2026-06-21,Completed
PAY-0002303,ORD-0002303,Credit Card,1442.4,2026-03-01,Completed
PAY-0003914,ORD-0003914,Credit Card,1127.66,2025-10-27,Completed
PAY-0011368,ORD-0011368,Credit Card,2447.26,2025-04-11,Failed
PAY-0011661,ORD-0011661,Debit Card,1821.68,2026-07-28,Pending
PAY-0005248,ORD-0005248,Credit Card,3816.14,2026-07-12,Completed
PAY-0001186,ORD-0001186,Credit Card,2196.1,2026-06-02,Completed
PAY-0001474,ORD-0001474,Debit Card,550.19,2025-06-08,Completed
PAY-0009934,ORD-0009934,PayPal,1182.06,2025-03-28,Completed
PAY-0009508,ORD-0009508,Bank Transfer,2089.19,2026-03-22,Completed
PAY-0003453,ORD-0003453,Debit Card,1996.0,2024-10-07,Failed
PAY-0010609,ORD-0010609,Credit Card,4115.2,01-Apr-2025,Pending
PAY-0007931,ORD-0007931,Gift Card,3054.53,2025-05-01,Completed
PAY-0005173,ORD-0005173,Bank Transfer,2157.92,2025-04-15,Completed
PAY-0000985,ORD-0000985,Bank Transfer,737.21,2026-05-31,Completed
PAY-0006972,ORD-0006972,Debit Card,1109.22,2026-05-25,Completed
PAY-0011373,ORD-0011373,Gift Card,4160.18,2025-03-05,Completed
PAY-0005069,ORD-0005069,Credit Card,$609.49,2025-05-15,Completed
PAY-0004460,ORD-0004460,Debit Card,574.87,2026-08-18,Completed
PAY-0000223,ORD-0000223,,742.9,2025-12-26,Completed
PAY-0001006,ORD-0001006,Credit Card,465.57,2026-09-03,Completed
PAY-0009217,ORD-0009217,PayPal,2172.7,2026-01-06,Completed
PAY-0007970,ORD-0007970,Debit Card,206.78,2025-04-10,Completed
PAY-0009487,ORD-0009487,Credit Card,1426.81,2025-06-13,Completed
PAY-0007585,ORD-0007585,Credit Card,2103.78,2026-05-21,Completed
PAY-0011338,ORD-0011338,Bank Transfer,1790.16,2025-11-05,Completed
PAY-0008254,ORD-0008254,Gift Card,281.12,2026-08-19,Refunded
PAY-0002029,ORD-0002029,,510.4,2024-05-10,Completed
PAY-0001001,ORD-0001001,Credit Card,-918.37,2026-06-03,Failed
PAY-0008079,ORD-0008079,Credit Card,1258.73,2026-06-26,Completed
PAY-0011413,ORD-0011413,Credit Card,710.42,2025-11-11,Completed
PAY-0006611,ORD-0006611,Debit Card,669.16,2026-04-09,Completed
PAY-0002590,ORD-0002590,Credit Card,1406.82,2025-11-01,Completed
PAY-0008642,ORD-0008642,Credit Card,108.66,2024-12-26,Completed
PAY-0009859,ORD-0009859,Credit Card,638.27,2025-03-10,Completed
PAY-0009440,ORD-0009440,,167.63,2025-10-23,Refunded
PAY-0011423,ORD-0011423,Credit Card,587.96,06/09/2025,Completed
PAY-0000374,ORD-0000374,PayPal,1556.28,2026-04-15,Completed
PAY-0003700,ORD-0003700,Credit Card,2241.16,2026-07-05,Completed
PAY-0010925,ORD-0010925,,3202.9,2026-04-06,Completed
PAY-0004330,ORD-0981551,Credit Card,2396.0,2025-07-17,Completed
PAY-0001072,ORD-0001072,Credit Card,2338.5,2026-03-25,Completed
PAY-0008993,ORD-0008993,Credit Card,217.91,2026-07-31,Completed
PAY-0001545,ORD-0001545,Debit Card,6421.36,2026-08-17,Completed
PAY-0008910,ORD-0008910,PayPal,696.76,2025-07-10,Pending
PAY-0003760,ORD-0003760,,462.24,2024-02-13,Completed
PAY-0002990,ORD-0002990,Gift Card,2374.75,2025-11-14,Completed
PAY-0000252,ORD-0000252,Debit Card,4304.44,2025-01-05,Completed
PAY-0007246,ORD-0007246,Debit Card,1630.09,2026-01-08,Failed
PAY-0006970,ORD-0006970,Credit Card,1391.94,2026-01-15,Completed
PAY-0002614,ORD-0002614,Debit Card,257.0,2024-09-05,Completed
PAY-0001377,ORD-0001377,Credit Card,$962.17,2026-04-18,Refunded
PAY-0001882,ORD-0001882,Debit Card,2743.6,2026-08-31,Completed
PAY-0001359,ORD-0001359,Credit Card,685.47,2026-06-17,Completed
PAY-0010153,ORD-0010153,Credit Card,2049.76,2026-03-03,Pending
PAY-0000591,ORD-0000591,Debit Card,3770.63,2026-07-27,Completed
PAY-0005684,ORD-0005684,PayPal,422.61,2026-09-02,Refunded
PAY-0003964,ORD-0003964,Debit Card,931.63,2026-05-06,Completed
PAY-0010182,ORD-0984683,PayPal,2886.6,2025-03-26,Refunded
PAY-0006815,ORD-0006815,Credit Card,610.53,2026-04-01,Failed
PAY-0001592,ORD-0001592,PayPal,2060.58,2026-07-14,Completed
PAY-0004434,ORD-0004434,Debit Card,601.38,2026-08-14,Refunded
PAY-0002182,ORD-0002182,PayPal,1150.23,2026-07-27,Refunded
PAY-0009262,ORD-0009262,Debit Card,3644.35,2026-07-03,Failed
PAY-0000895,ORD-0958375,Credit Card,979.35,2025-09-23,Completed
PAY-0009838,ORD-0009838,Credit Card,2783.58,2025-07-11,Refunded
PAY-0006752,ORD-0006752,PayPal,426.01,2026-07-28,Completed
PAY-0009927,ORD-0009927,Credit Card,5752.54,2024-09-16,Completed
PAY-0010312,ORD-0929513,PayPal,2502.28,2026-08-12,Completed
PAY-0004466,ORD-0004466,Credit Card,1554.55,2024-03-14,Failed
PAY-0009098,ORD-0009098,Credit Card,3081.21,2025-10-05,Completed
PAY-0004981,ORD-0004981,Debit Card,1422.74,2026-08-08,Failed
PAY-0001082,ORD-0001082,PayPal,4667.46,17-Nov-2025,Refunded
PAY-0000177,ORD-0000177,Debit Card,661.7,2026-06-03,Completed
PAY-0004969,ORD-0004969,PayPal,2498.53,2026-07-23,Completed
PAY-0008266,ORD-0008266,Credit Card,179.79,2025-10-05,Refunded
PAY-0006016,ORD-0006016,Gift Card,1375.66,2025-08-01,Completed
PAY-0003297,ORD-0003297,Credit Card,1190.61,2026-03-17,Completed
PAY-0010412,ORD-0010412,Credit Card,3890.13,07/07/2026,Completed
PAY-0006521,ORD-0006521,Credit Card,200.76,2026-06-16,Failed
PAY-0008401,ORD-0008401,Credit Card,921.59,2026-01-09,Refunded
PAY-0000667,ORD-0000667,Debit Card,692.6,2026-02-03,Completed
PAY-0000650,ORD-0000650,Debit Card,4181.98,2025-11-13,Refunded
PAY-0008201,ORD-0008201,PayPal,$2086.08,2026-02-27,Pending
PAY-0006754,ORD-0006754,Credit Card,2436.85,2026-04-12,Completed
PAY-0005765,ORD-0005765,PayPal,439.67,2024-09-17,Completed
PAY-0003932,ORD-0003932,PayPal,1630.55,2026-09-05,Completed
PAY-0005136,ORD-0005136,Debit Card,622.69,2025-08-12,Completed
PAY-0010793,ORD-0010793,Credit Card,100.02,2026-02-28,Completed
PAY-0008273,ORD-0008273,Credit Card,680.76,2025-12-31,Completed
PAY-0007171,ORD-0007171,Gift Card,1133.42,2025-10-28,Pending
PAY-0005417,ORD-0005417,Debit Card,1390.98,2026-07-24,Completed
PAY-0002435,ORD-0002435,Credit Card,591.77,2025-07-02,Failed
PAY-0000428,ORD-0000428,Debit Card,1744.07,2026-06-30,Completed
PAY-0002037,ORD-0002037,Gift Card,5335.03,2026-07-04,Completed
PAY-0007657,ORD-0007657,Debit Card,777.97,2026-08-24,Completed
PAY-0001223,ORD-0001223,PayPal,4988.47,2025-09-25,Completed
PAY-0000223,ORD-0000223,,742.9,2025-12-26,Completed
PAY-0006535,ORD-0006535,,976.87,"December 01, 2025",Completed
PAY-0004691,ORD-0004691,Debit Card,455.45,2025-05-29,Failed
PAY-0000117,ORD-0000117,Credit Card,239.3,2025-10-14,Completed
PAY-0001987,ORD-0001987,Debit Card,26245.47,2025-07-13,Completed
PAY-0003097,ORD-0003097,Debit Card,513.75,2026-07-08,Failed
PAY-0003617,ORD-0003617,Gift Card,1697.49,2025-09-08,Completed
PAY-0008725,ORD-0008725,PayPal,857.62,2026-07-24,Refunded
PAY-0002955,ORD-0002955,PayPal,2178.48,2024-09-10,Completed
PAY-0002816,ORD-0908155,PayPal,3532.7,2024-07-22,Completed
PAY-0010882,ORD-0010882,Credit Card,1300.14,2025-04-01,Completed
PAY-0005306,ORD-0005306,Bank Transfer,79.85,2025-08-06,Failed
PAY-0010172,ORD-0010172,Debit Card,137.42,2026-09-06,Completed
PAY-0003818,ORD-0003818,PayPal,4004.14,2026-07-28,Failed
PAY-0002134,ORD-0002134,Debit Card,2911.08,2026-04-14,Completed
PAY-0003658,ORD-0003658,Debit Card,549.15,2026-06-26,Failed
PAY-0005727,ORD-0005727,PayPal,1626.7,2025-12-04,Completed
PAY-0000418,ORD-0000418,Debit Card,320602.8,2024-05-24,Failed
PAY-0001820,ORD-0001820,Debit Card,3814.36,2026-07-02,Failed
PAY-0000441,ORD-0000441,PayPal,3059.36,2026-07-11,Completed
PAY-0003009,ORD-0003009,PayPal,1244.93,06/03/2026,Completed
PAY-0006924,ORD-0006924,Bank Transfer,1375.98,2026-08-03,Completed
PAY-0011118,ORD-0011118,Credit Card,3117.4,2026-03-16,Completed
PAY-0009390,ORD-0009390,Credit Card,1869.91,2025-12-25,Failed
PAY-0006177,ORD-0006177,PayPal,789.39,2026-06-21,Refunded
PAY-0000221,ORD-0000221,Debit Card,1147.41,2026-08-12,Refunded
PAY-0010957,ORD-0010957,Credit Card,38.26,2024-12-16,Completed
PAY-0009857,ORD-0009857,Debit Card,102.55,2026-07-17,Refunded
PAY-0008553,ORD-0008553,Credit Card,1331.96,2026-08-02,Failed
PAY-0011117,ORD-0011117,Debit Card,496.33,2025-10-26,Completed
PAY-0008409,ORD-0008409,PayPal,4182.11,2026-07-24,Completed
PAY-0003907,ORD-0003907,Credit Card,1991.48,2026-04-26,Completed
PAY-0000152,ORD-0000152,Credit Card,3983.24,2026-07-29,Completed
PAY-0008044,ORD-0008044,Credit Card,4943.79,2026-06-01,Pending
PAY-0002727,ORD-0002727,Gift Card,1214.84,2026-04-04,Failed
PAY-0000422,ORD-0000422,Credit Card,6002.14,2025-09-01,Completed
PAY-0004760,ORD-0004760,Credit Card,3078.81,2026-08-14,Refunded
PAY-0003633,ORD-0003633,Debit Card,2309.61,2026-04-12,Completed
PAY-0001969,ORD-0001969,Debit Card,1189.19,2026-01-10,Failed
PAY-0010124,ORD-0010124,Credit Card,312.58,2025-12-25,Completed
PAY-0011039,ORD-0011039,PayPal,17136.43,2026-08-16,Completed
PAY-0010398,ORD-0010398,Credit Card,2849.72,2026-09-05,Completed
PAY-0011088,ORD-0011088,Debit Card,613.14,2026-08-24,Pending
PAY-0008849,ORD-0008849,Credit Card,414.51,2024-04-08,Refunded
PAY-0011659,ORD-0011659,PayPal,3054.25,2025-01-30,Completed
PAY-0003807,ORD-0003807,PayPal,1422.5,2026-03-13,Completed
PAY-0008803,ORD-0008803,Credit Card,2072.04,2024-09-28,Refunded
PAY-0005006,ORD-0005006,Credit Card,844.46,2025-09-25,Completed
PAY-0006692,ORD-0006692,Debit Card,1393.02,2025-03-30,Pending
PAY-0008348,ORD-0008348,Credit Card,2237.44,2025-06-21,Completed
PAY-0004262,ORD-0004262,Debit Card,786.42,2026-09-02,Refunded
PAY-0005855,ORD-0005855,Gift Card,239.1,2026-07-04,Completed
PAY-0008089,ORD-0008089,Debit Card,632.26,2024-07-25,Completed
PAY-0006993,ORD-0006993,Credit Card,338.14,2025-03-08,Refunded
PAY-0008853,ORD-0008853,Credit Card,590.39,2026-04-03,Completed
PAY-0001590,ORD-0001590,Bank Transfer,3277.72,2025-03-05,Completed
PAY-0005957,ORD-0005957,Credit Card,3129.28,2026-05-16,Refunded
PAY-0010696,ORD-0010696,Credit Card,1830.45,2026-08-18,Completed
PAY-0008247,ORD-0008247,Debit Card,968.38,2026-02-03,Failed
PAY-0008907,ORD-0008907,PayPal,$5096.2,2024-04-17,Completed
PAY-0003795,ORD-0003795,Credit Card,1373.16,10-Jul-2026,Refunded
PAY-0003481,ORD-0003481,Credit Card,?,2025-04-27,Failed
PAY-0002192,ORD-0002192,Debit Card,332256.9,2026-07-16,Failed
PAY-0009091,ORD-0009091,Gift Card,241.12,2026-03-25,Completed
PAY-0006418,ORD-0006418,Debit Card,1560.06,2026-08-01,Completed
PAY-0007706,ORD-0007706,Credit Card,4708.24,2026-06-15,Completed
PAY-0009000,ORD-0009000,PayPal,141.45,2025-06-23,Completed
PAY-0002625,ORD-0002625,Credit Card,342.13,2026-02-17,Completed
PAY-0000621,ORD-0000621,Credit Card,1063.56,2025-08-19,Failed
PAY-0005127,ORD-0970653,PayPal,2671.44,2026-09-05,Completed
PAY-0010665,ORD-0010665,Credit Card,690.32,2025-12-02,Completed
PAY-0010776,ORD-0010776,Credit Card,1142.92,2026-05-12,Completed
PAY-0000719,ORD-0000719,Credit Card,753.62,2025-08-15,Completed
PAY-0003423,ORD-0003423,PayPal,2903.54,2024-05-06,Completed
PAY-0005787,ORD-0005787,Credit Card,6738.54,2025-09-25,Completed
PAY-0003514,ORD-0003514,PayPal,2485.24,2026-08-28,Completed
PAY-0001800,ORD-0001800,Credit Card,643.94abc,2026-04-22,Completed
PAY-0000470,ORD-0933860,Debit Card,1934.52,2025-10-13,Completed
PAY-0008546,ORD-0008546,Bank Transfer,54.62,2025-07-09,Refunded
PAY-0011583,ORD-0011583,Debit Card,1046.64,2026-07-09,Completed
PAY-0011332,ORD-0011332,Credit Card,1902.62,2025-12-23,Completed
PAY-0003610,ORD-0003610,PayPal,240.5,2026-04-15,Completed
PAY-0007724,ORD-0007724,PayPal,176.12,02/09/2025,Failed
PAY-0011064,ORD-0011064,Credit Card,1997.61,2025-11-16,Completed
PAY-0005779,ORD-0005779,Credit Card,3417.54,2026-06-01,Failed
PAY-0004742,ORD-0004742,Debit Card,2752.51,2026-06-14,Completed
PAY-0001336,ORD-0001336,Credit Card,448.69,2025-05-24,Completed
PAY-0006311,ORD-0006311,Gift Card,626.43,2025-04-11,Refunded
PAY-0011461,ORD-0011461,PayPal,650.84,2026-07-05,Completed
PAY-0011890,ORD-0011890,Credit Card,3546.93,2026-07-12,Completed
PAY-0005045,ORD-0005045,Debit Card,716.54,2025-11-20,Completed
PAY-0001722,ORD-0001722,PayPal,2483.86,2026-08-08,Refunded
PAY-0007525,ORD-0007525,Debit Card,3222.35,2025-12-03,Completed
PAY-0005488,ORD-0005488,PayPal,756.03,2025-01-17,Completed
PAY-0006695,ORD-0006695,Credit Card,2339.38,2025-05-10,Completed
PAY-0007174,ORD-0007174,Credit Card,949.85,2026-02-22,Completed
PAY-0009475,ORD-0009475,Credit Card,2711.43,2026-05-31,Failed
PAY-0010156,ORD-0010156,PayPal,1424.95,2024-03-10,Completed
PAY-0004845,ORD-0004845,Credit Card,1080.04,2026-09-03,Pending
PAY-0000306,ORD-0000306,Credit Card,2198.55,2025-05-15,Completed
PAY-0001460,ORD-0001460,PayPal,2994.15,2025-08-18,Pending
PAY-0003139,ORD-0003139,Credit Card,2732.35,2025-10-16,Completed
PAY-0008264,ORD-0008264,,45.34,2026-08-30,Failed
PAY-0004470,ORD-0004470,PayPal,659.98,2025-06-01,Completed
PAY-0011411,ORD-0011411,Credit Card,695.64,2025-07-02,Completed
PAY-0011386,ORD-0011386,Credit Card,642.39,2025-10-17,Completed
PAY-0004971,ORD-0004971,Debit Card,1411.67,2025-11-10,Completed
PAY-0005150,ORD-0005150,,293.98,2026-09-01,Completed
PAY-0008872,ORD-0008872,,471.48,2023-10-21,Refunded
PAY-0005016,ORD-0005016,Gift Card,581.23,2024-12-24,Completed
PAY-0001555,ORD-0001555,PayPal,253.46,2026-03-15,Completed
PAY-0010929,ORD-0010929,PayPal,958.09,2026-04-09,Failed
PAY-0004904,ORD-0004904,Credit Card,487.97,2026-06-15,Completed
PAY-0007630,ORD-0007630,Debit Card,1105.54,2025-12-17,Completed
PAY-0001005,ORD-0001005,PayPal,418.5,2026-05-12,Refunded
PAY-0006174,ORD-0977263,Debit Card,1468.17,2026-07-02,Completed
PAY-0008968,ORD-0008968,Credit Card,719.55,2024-10-11,Failed
PAY-0005460,ORD-0005460,Debit Card,4938.7,2025-11-30,Completed
PAY-0004231,ORD-0004231,Credit Card,881.44,2026-01-30,Completed
PAY-0000011,ORD-0000011,Credit Card,4849.51,2026-03-13,Completed
PAY-0008511,ORD-0008511,Debit Card,2375.56,2026-06-21,Completed
PAY-0003534,ORD-0003534,Gift Card,4538.48,2025-12-09,Pending
PAY-0009140,ORD-0009140,Credit Card,2677.7,2026-05-16,Completed
PAY-0002998,ORD-0002998,Credit Card,2464.58,2026-07-09,Refunded
PAY-0004476,ORD-0004476,PayPal,1021.21abc,2026-08-23,Pending
PAY-0011568,ORD-0011568,Bank Transfer,1802.32,2026-08-26,Refunded
PAY-0006826,ORD-0006826,Credit Card,2474.0,2024-03-18,Completed
PAY-0005459,ORD-0005459,PayPal,322.89,2026-01-13,Completed
PAY-0004833,ORD-0004833,Debit Card,275.04,2026-08-03,Completed
PAY-0000876,ORD-0000876,Credit Card,1139.19abc,2026-06-11,Failed
PAY-0006657,ORD-0006657,Gift Card,3581.05,2025-10-31,Pending
PAY-0011415,ORD-0011415,Credit Card,967.36,2025-06-23,Completed
PAY-0002609,ORD-0002609,,2151.32,2025-06-07,Completed
PAY-0002249,ORD-0002249,Gift Card,2372.28,2026-02-10,Completed
PAY-0005974,ORD-0005974,PayPal,1521.23,2026-08-29,Completed
PAY-0001845,ORD-0001845,Gift Card,4250.94,2025-06-17,Failed
PAY-0008839,ORD-0008839,Credit Card,242.97,2026-05-26,Failed
PAY-0008900,ORD-0008900,Debit Card,2654.26,2025-04-13,Completed
PAY-0008684,ORD-0008684,Debit Card,885.15,2026-03-25,Completed
PAY-0004327,ORD-0004327,Credit Card,4480.94,2026-05-02,Completed
PAY-0011981,ORD-0011981,PayPal,5744.61,2026-04-22,Failed
PAY-0006665,ORD-0006665,Credit Card,1742.82,2025-06-01,Completed
PAY-0003175,ORD-0003175,PayPal,52451.43,2026-05-20,Completed
PAY-0007805,ORD-0007805,Credit Card,198.32,2023-12-22,Failed
PAY-0003988,ORD-0003988,Credit Card,$2689.85,2026-03-15,Completed
PAY-0006926,ORD-0006926,Credit Card,554.61,2025-01-23,Completed
PAY-0010045,ORD-0010045,Bank Transfer,1326.01,2026-05-05,Completed
PAY-0008255,ORD-0008255,Credit Card,1669.06,2025-02-10,Pending
PAY-0002646,ORD-0002646,Debit Card,2944.82,2026-08-31,Completed
PAY-0000242,ORD-0000242,PayPal,2340.88,2025-01-06,Completed
PAY-0009669,ORD-0009669,Credit Card,3146.45,2026-07-09,Completed
PAY-0002505,ORD-0002505,Credit Card,2002.48,2026-06-16,Completed
PAY-0011784,ORD-0011784,Credit Card,1260.43,2026-03-16,Completed
PAY-0010064,ORD-0010064,PayPal,457.59,2026-07-20,Completed
PAY-0008060,ORD-0008060,Gift Card,1292.38,2026-07-15,Completed
PAY-0008848,ORD-0008848,Credit Card,2454.37,2026-05-23,Pending
PAY-0009730,ORD-0009730,Credit Card,335.55,2026-02-20,Refunded
PAY-0007642,ORD-0007642,,2990.72,2026-09-05,Failed
PAY-0006261,ORD-0006261,PayPal,728.53,2025-09-25,Completed
PAY-0011868,ORD-0011868,Gift Card,968.94,2026-06-28,Completed
PAY-0009015,ORD-0009015,PayPal,449.39,2026-06-18,Completed
PAY-0003151,ORD-0003151,PayPal,198.67,2026-06-26,Completed
PAY-0003050,ORD-0003050,Credit Card,745.19,2025-05-10,Refunded
PAY-0006666,ORD-0006666,Bank Transfer,13.0,2026-02-07,Completed
PAY-0007390,ORD-0007390,,1995.41,2026-08-01,Completed
PAY-0003496,ORD-0003496,Debit Card,437.75,2025-08-01,Completed
PAY-0011184,ORD-0011184,Credit Card,513.77,2026-09-02,Completed
PAY-0000539,ORD-0000539,Debit Card,2628.21,2025-08-03,Completed
PAY-0008473,ORD-0008473,Debit Card,961.38,2024-10-11,Pending
PAY-0008859,ORD-0008859,PayPal,6639.94,2026-02-16,Completed
PAY-0007107,ORD-0007107,Credit Card,1050.65,2025-05-28,Pending
PAY-0005890,ORD-0005890,Gift Card,887.63,2025-11-01,Pending
PAY-0007037,ORD-0007037,Debit Card,4478.73,2024-10-10,Completed
PAY-0007057,ORD-0007057,PayPal,1747.76,2025-10-08,Completed
PAY-0004980,ORD-0004980,PayPal,2803.8,2025-08-12,Completed
PAY-0003109,ORD-0003109,PayPal,2111.36,2026-08-25,Pending
PAY-0007452,ORD-0007452,Credit Card,411.74,2026-04-07,Completed
PAY-0006983,ORD-0006983,Gift Card,1481.0,2026-07-05,Completed
PAY-0006953,ORD-0006953,Debit Card,591.74,2026-01-01,Completed
PAY-0009079,ORD-0009079,,1905.15,2026-06-11,Completed
PAY-0006233,ORD-0006233,PayPal,156.7,2026-05-07,Failed
PAY-0003405,ORD-0003405,Bank Transfer,340.1,2025-06-15,Completed
PAY-0009425,ORD-0009425,Credit Card,2440.18,2026-08-26,Pending
PAY-0004895,ORD-0004895,Credit Card,456.32,2026-02-14,Completed
PAY-0005722,ORD-0005722,Credit Card,2148.62,2025-09-13,Refunded
PAY-0004469,ORD-0004469,Credit Card,6017.44,2026-06-21,Pending
PAY-0008023,ORD-0008023,Credit Card,43.56,2026-01-17,Failed
PAY-0011021,ORD-0011021,Debit Card,207.15,2025-05-18,Refunded
PAY-0007623,ORD-0007623,Credit Card,4515.17,2026-05-10,Refunded
PAY-0011214,ORD-0011214,Debit Card,735.04,2024-09-24,Failed
PAY-0009348,ORD-0009348,Credit Card,1052.89,2025-10-23,Failed
PAY-0005089,ORD-0005089,Debit Card,625.17,2026-07-15,Completed
PAY-0004080,ORD-0004080,Credit Card,2067.77,2026-01-26,Completed
PAY-0008632,ORD-0008632,Debit Card,2244.6,2025-01-22,Failed
PAY-0009636,ORD-0009636,,2350.32,2025-06-07,Completed
PAY-0003638,ORD-0003638,,276.9,2024-08-21,Completed
PAY-0004529,ORD-0004529,PayPal,1713.9,2025-05-04,Completed
PAY-0003688,ORD-0003688,Debit Card,5240.7,2026-02-05,Completed
PAY-0009812,ORD-0009812,Credit Card,2663.25,2026-04-04,Completed
PAY-0003022,ORD-0003022,PayPal,225.15,2026-05-10,Refunded
PAY-0008580,ORD-0008580,,2024.19,2025-04-17,Completed
PAY-0010363,ORD-0010363,Credit Card,1942.78,2025-01-29,Completed
PAY-0001469,ORD-0001469,Credit Card,603.66,2026-04-09,Completed
PAY-0006662,ORD-0006662,Debit Card,1729.92,2026-05-23,Completed
PAY-0002288,ORD-0002288,Credit Card,1219.16,2025-03-10,Completed
PAY-0010028,ORD-0010028,Credit Card,190.07,2026-06-11,Completed
PAY-0001434,ORD-0001434,Credit Card,4181.08,2026-02-19,Completed
PAY-0004069,ORD-0004069,PayPal,1128.02,2025-07-10,Completed
PAY-0011232,ORD-0011232,Gift Card,4712.52,2026-06-16,Failed
PAY-0007270,ORD-0007270,Credit Card,3199.13,2026-01-16,Completed
PAY-0004426,ORD-0004426,Debit Card,1306.49,2026-05-26,Refunded
PAY-0008281,ORD-0008281,Debit Card,2036.16,2025-04-09,Completed
PAY-0007747,ORD-0007747,Gift Card,597.1,2025-10-04,Failed
PAY-0011971,ORD-0011971,Debit Card,1804.09,2025-10-08,Completed
PAY-0009734,ORD-0009734,PayPal,2155.07,2025-08-13,Failed
PAY-0000025,ORD-0000025,Debit Card,398.08,2026-01-17,Completed
PAY-0003037,ORD-0003037,PayPal,3113.9,2025-11-28,Refunded
PAY-0000810,ORD-0000810,Credit Card,558.11,2025-06-02,Failed
PAY-0002021,ORD-0002021,Credit Card,713.84,2026-04-11,Completed
PAY-0007661,ORD-0007661,,13833.49,2026-07-24,Completed
PAY-0003503,ORD-0003503,Debit Card,879.88,2026-04-11,Completed
PAY-0010168,ORD-0010168,PayPal,565.56,2025-10-25,Completed
PAY-0006948,ORD-0006948,Gift Card,1157.54,2025-05-24,Completed
PAY-0000284,ORD-0000284,Gift Card,915.18,2026-07-23,Completed
PAY-0010850,ORD-0010850,Credit Card,1198.69,2025-06-23,Refunded
PAY-0009598,ORD-0009598,Debit Card,2227.51,2026-01-31,Pending
PAY-0010083,ORD-0010083,Credit Card,1580.45,2026-02-19,Completed
PAY-0009242,ORD-0009242,Credit Card,700.87,2025-12-08,Completed
PAY-0011313,ORD-0011313,Credit Card,1279.16,2026-07-03,Completed
PAY-0008099,ORD-0008099,Gift Card,1926.52,2024-01-03,Refunded
PAY-0009998,ORD-0009998,Credit Card,2351.88,2024-02-04,Completed
PAY-0010381,ORD-0010381,Debit Card,1429.1,2025-03-23,Pending
PAY-0003458,ORD-0003458,Debit Card,4469.81abc,2024-01-16,Completed
PAY-0004098,ORD-0004098,Credit Card,4400.74,2025-04-09,Completed
PAY-0004126,ORD-0004126,Debit Card,1800.74,2026-02-22,Completed
PAY-0001017,ORD-0001017,Credit Card,1089.45,2025-10-05,Failed
PAY-0001991,ORD-0001991,Credit Card,3668.1,2026-05-28,Pending
PAY-0010963,ORD-0010963,Credit Card,390.84,2026-03-10,Pending
PAY-0006221,ORD-0006221,Credit Card,2466.1,2026-07-12,Pending
PAY-0006802,ORD-0006802,Credit Card,4223.04,2025-07-21,Completed
PAY-0010765,ORD-0010765,PayPal,4170.21,"January 30, 2026",Completed
PAY-0004768,ORD-0004768,Credit Card,1980.32,2025-03-26,Completed
PAY-0008073,ORD-0008073,Credit Card,3839.49,2026-04-29,Pending
PAY-0008155,ORD-0008155,Debit Card,1377.1,2025-10-24,Completed
PAY-0007696,ORD-0007696,Credit Card,2294.39,2026-03-10,Completed
PAY-0001745,ORD-0001745,Credit Card,1448.46,2026-07-25,Refunded
PAY-0003898,ORD-0003898,Credit Card,1177.9,2026-06-09,Completed
PAY-0001524,ORD-0001524,Gift Card,632.84,2026-04-05,Completed
PAY-0009809,ORD-0009809,PayPal,1017.36,2026-08-28,Completed
PAY-0006769,ORD-0006769,Debit Card,1243.02,2026-06-20,Failed
PAY-0006092,ORD-0006092,Credit Card,624.98,2026-09-03,Failed
PAY-0002486,ORD-0002486,PayPal,4746.97,2025-09-07,Refunded
PAY-0011464,ORD-0011464,Credit Card,541.91,2024-10-13,Failed
PAY-0003325,ORD-0003325,PayPal,368.38,2025-11-10,Completed
PAY-0007901,ORD-0007901,Debit Card,803.92,2025-08-08,Failed
PAY-0004892,ORD-0004892,Debit Card,2368.32,2026-04-12,Pending
PAY-0002365,ORD-0002365,PayPal,689.32,2026-08-15,Failed
PAY-0006905,ORD-0006905,Gift Card,279.57,2024-05-14,Completed
PAY-0006274,ORD-0006274,Credit Card,5672.92,2025-01-02,Completed
PAY-0005190,ORD-0005190,PayPal,2532.12,2026-09-01,Completed
PAY-0004997,ORD-0004997,Debit Card,852.84,2026-08-05,Completed
PAY-0009179,ORD-0009179,PayPal,910.75,2026-08-19,Completed
PAY-0011544,ORD-0011544,Debit Card,2995.38,2025-10-18,Completed
PAY-0009288,ORD-0009288,Debit Card,2176.05,2025-01-24,Completed
PAY-0011281,ORD-0011281,Credit Card,144.87,2025-09-16,Completed
PAY-0002860,ORD-0002860,Debit Card,318.35,2025-09-11,Completed
PAY-0000730,ORD-0000730,Gift Card,2346.25,2026-08-20,Completed
PAY-0010217,ORD-0010217,,197.18,2026-02-05,Completed
PAY-0000788,ORD-0000788,PayPal,356.28,2026-05-17,Completed
PAY-0010368,ORD-0010368,Credit Card,499.09,2026-01-13,Completed
PAY-0003626,ORD-0003626,PayPal,897.08,2026-04-21,Completed
PAY-0009978,ORD-0009978,Credit Card,774.72,"January 23, 2026",Completed
PAY-0008680,ORD-0008680,Credit Card,1199.46,2025-04-11,Refunded
PAY-0007687,ORD-0007687,PayPal,854.3,2024-11-05,Completed
PAY-0006021,ORD-0006021,Debit Card,3889.34,2026-08-28,Refunded
PAY-0007571,ORD-0007571,Credit Card,3269.25,2025-01-26,Pending
PAY-0007475,ORD-0007475,PayPal,$3673.12,2025-08-11,Completed
PAY-0000616,ORD-0000616,PayPal,2463.98,2025-07-26,Completed
PAY-0010625,ORD-0010625,Debit Card,421.14,2024-10-20,Completed
PAY-0011552,ORD-0967580,PayPal,5018.89,2026-06-03,Pending
PAY-0009720,ORD-0009720,PayPal,530.81,2025-01-16,Failed
PAY-0010856,ORD-0010856,Debit Card,2024.87,2025-12-02,Completed
PAY-0006257,ORD-0006257,Credit Card,413.93,2026-03-30,Refunded
PAY-0007229,ORD-0007229,Credit Card,90.06,2026-09-05,Refunded
PAY-0001173,ORD-0001173,Gift Card,689.3,2024-08-27,Completed
PAY-0004681,ORD-0004681,PayPal,$770.1,2026-08-20,Pending
PAY-0011134,ORD-0011134,Credit Card,1687.33,2026-08-29,Completed
PAY-0000141,ORD-0000141,Credit Card,1833.82,2025-07-11,Completed
PAY-0005458,ORD-0005458,Credit Card,958.14,02-Sep-2026,Pending
PAY-0006738,ORD-0006738,PayPal,111.21,2025-11-21,Failed
PAY-0011212,ORD-0011212,Credit Card,3001.71,2026-04-27,Completed
PAY-0008730,ORD-0008730,Credit Card,308.65,2024-10-15,Completed
PAY-0004414,ORD-0004414,Credit Card,2101.58,2026-05-01,Failed
PAY-0011529,ORD-0011529,Credit Card,411.64,2025-04-17,Completed
PAY-0001643,ORD-0001643,Credit Card,2974.52,"June 13, 2026",Completed
PAY-0002437,ORD-0002437,Debit Card,86.6,2026-08-18,Failed
PAY-0008926,ORD-0008926,PayPal,1439.48,2024-03-21,Completed
PAY-0010253,ORD-0010253,,4864.53,2025-05-12,Failed
PAY-0008433,ORD-0902762,Debit Card,1406.37,2026-05-25,Completed
PAY-0008637,ORD-0008637,PayPal,288.35,2025-04-22,Completed
PAY-0004797,ORD-0004797,Bank Transfer,129.27,2026-05-25,Pending
PAY-0010272,ORD-0010272,PayPal,573.55,2026-06-28,Completed
PAY-0004839,ORD-0004839,Debit Card,5161.58,2026-05-17,Completed
PAY-0005897,ORD-0005897,PayPal,1350.35,2026-06-14,Completed
PAY-0009208,ORD-0009208,Debit Card,1955.95,2025-03-02,Completed
PAY-0003387,ORD-0003387,Gift Card,423.57,2024-10-08,Failed
PAY-0011018,ORD-0011018,PayPal,1844.17,2026-08-19,Completed
PAY-0001862,ORD-0001862,Debit Card,2012.93,2025-01-10,Failed
PAY-0010291,ORD-0010291,Debit Card,602.3,2025-12-11,Completed
PAY-0004015,ORD-0004015,Credit Card,2155.29,2024-04-21,Refunded
PAY-0003967,ORD-0003967,PayPal,1861.52,2026-08-09,Completed
PAY-0007440,ORD-0007440,Debit Card,576.43,2026-08-17,Completed
PAY-0011585,ORD-0011585,Debit Card,393.01,2026-04-06,Completed
PAY-0007038,ORD-0007038,Bank Transfer,415.57,2026-03-01,Completed
PAY-0004522,ORD-0004522,Debit Card,644.59,2025-12-27,Completed
PAY-0000911,ORD-0000911,Credit Card,24.99,2025-09-09,Pending
PAY-0011630,ORD-0011630,Credit Card,3276.1,2025-03-03,Completed
PAY-0001583,ORD-0001583,Debit Card,5653.06,2025-10-21,Completed
PAY-0005048,ORD-0005048,Credit Card,1040.38,2026-04-10,Completed
PAY-0002183,ORD-0002183,Credit Card,398.08,2026-01-16,Completed
PAY-0003263,ORD-0003263,Credit Card,191.47,2026-08-16,Completed
PAY-0009861,ORD-0009861,Credit Card,3487.41,2026-08-03,Completed
PAY-0000178,ORD-0000178,Credit Card,233.34,27-Jan-2025,Failed
PAY-0000812,ORD-0000812,Bank Transfer,410.45,2026-08-29,Completed
PAY-0008506,ORD-0008506,Bank Transfer,3038.88,2026-03-12,Failed
PAY-0001823,ORD-0001823,Credit Card,3292.79,2025-01-15,Pending
PAY-0007306,ORD-0007306,PayPal,1561.66,07/13/2025,Completed
PAY-0005067,ORD-0005067,Credit Card,3759.37,2026-02-25,Completed
PAY-0004598,ORD-0004598,Debit Card,1583.73,2026-02-20,Completed
PAY-0010099,ORD-0010099,Gift Card,2580.63,2025-01-28,Failed
PAY-0006064,ORD-0006064,PayPal,99.58,2026-02-12,Completed
PAY-0006604,ORD-0006604,Bank Transfer,363.7,2025-11-22,Completed
PAY-0011044,ORD-0011044,Bank Transfer,2976.94,2025-04-20,Completed
PAY-0000699,ORD-0000699,Debit Card,1243.88,2026-09-04,Completed
PAY-0003636,ORD-0003636,Debit Card,558.75,2026-04-07,Completed
PAY-0009659,ORD-0009659,PayPal,2121.34,2026-02-26,Completed
PAY-0011567,ORD-0011567,PayPal,717.2,2026-03-20,Completed
PAY-0000294,ORD-0000294,Debit Card,267.43,2026-02-27,Completed
PAY-0011300,ORD-0011300,Debit Card,1616.24,2026-02-09,Completed
PAY-0006862,ORD-0006862,Bank Transfer,701.75,2026-05-27,Completed
PAY-0010158,ORD-0010158,Credit Card,3436.22,2026-04-09,Pending
PAY-0009073,ORD-0009073,Bank Transfer,4758.2abc,2026-01-03,Completed
PAY-0009692,ORD-0009692,PayPal,2078.22,2026-07-17,Completed
PAY-0002102,ORD-0002102,Bank Transfer,796.64,2025-11-01,Completed
PAY-0006142,ORD-0006142,Gift Card,-2745.32,2026-08-05,Completed
PAY-0006125,ORD-0006125,Gift Card,$553.09,2026-08-22,Failed
PAY-0004422,ORD-0004422,Credit Card,646.7,2026-07-13,Completed
PAY-0001870,ORD-0001870,Debit Card,3715.55,2026-04-21,Failed
PAY-0008507,ORD-0008507,Debit Card,644.78,2025-12-10,Refunded
PAY-0009053,ORD-0009053,Credit Card,2199.22,2026-06-30,Refunded
PAY-0004526,ORD-0004526,Debit Card,3904.62,2025-06-22,Refunded
PAY-0005730,ORD-0005730,Debit Card,14.92,2025-12-07,Completed
PAY-0002090,ORD-0002090,Gift Card,11.13,2026-09-04,Completed
PAY-0007318,ORD-0007318,Gift Card,309.08,18-Sep-2025,Completed
PAY-0010202,ORD-0010202,Bank Transfer,1176.18,2026-07-23,Completed
PAY-0003491,ORD-0003491,Credit Card,5408.09,2024-10-10,Pending
PAY-0007104,ORD-0007104,PayPal,2796.74,2026-08-07,Completed
PAY-0006421,ORD-0006421,Gift Card,839.6,2026-09-07,Completed
PAY-0006369,ORD-0006369,Bank Transfer,1293.84,2025-09-29,Completed
PAY-0003025,ORD-0003025,Credit Card,2840.5,2026-01-24,Pending
PAY-0004234,ORD-0004234,Credit Card,1608.54,2025-06-22,Completed
PAY-0003188,ORD-0003188,Credit Card,634.43,2026-08-20,Completed
PAY-0010418,ORD-0010418,Debit Card,5510.52,2026-04-23,Completed
PAY-0002162,ORD-0002162,Bank Transfer,2850.32,2026-03-24,Completed
PAY-0006392,ORD-0006392,Debit Card,2676.45,2026-06-18,Completed
PAY-0007010,ORD-0007010,Gift Card,659.3,2026-08-15,Pending
PAY-0009866,ORD-0009866,Debit Card,608.95,2026-05-25,Completed
PAY-0010590,ORD-0010590,Credit Card,521.58,"June 30, 2026",Completed
PAY-0000421,ORD-0000421,PayPal,2459.49,2025-07-13,Completed
PAY-0002718,ORD-0002718,Credit Card,3975.52,2026-03-08,Failed
PAY-0002616,ORD-0918644,Debit Card,50.21,2024-04-21,Completed
PAY-0007051,ORD-0007051,Debit Card,349.57,2026-07-10,Completed
PAY-0003196,ORD-0003196,Credit Card,4232.54,2024-12-15,Completed
PAY-0009629,ORD-0009629,Gift Card,1008.3,2025-06-05,Completed
PAY-0007180,ORD-0007180,Gift Card,2027.72,2025-07-22,Failed
PAY-0008707,ORD-0008707,Credit Card,2545.74,2025-11-08,Completed
PAY-0006151,ORD-0006151,Debit Card,89414.09,2025-04-19,Completed
PAY-0002795,ORD-0002795,Bank Transfer,1676.97,2025-09-11,Completed
PAY-0011004,ORD-0011004,Gift Card,2299.34,2024-09-25,Pending
PAY-0007978,ORD-0007978,Credit Card,2752.22,2026-08-26,Pending
PAY-0006485,ORD-0006485,Debit Card,371.64,2025-12-30,Pending
PAY-0004045,ORD-0004045,Credit Card,735.64,2025-05-27,Completed
PAY-0006974,ORD-0006974,Credit Card,171.43,2024-12-12,Completed
PAY-0003525,ORD-0003525,Bank Transfer,604.02,2025-06-15,Completed
PAY-0008885,ORD-0008885,Credit Card,96.28,"December 28, 2025",Completed
PAY-0002432,ORD-0002432,Credit Card,1246.22,2025-08-22,Refunded
PAY-0006478,ORD-0006478,,1118.96,2025-11-06,Failed
PAY-0009844,ORD-0009844,Credit Card,240.58,2026-07-01,Completed
PAY-0003378,ORD-0003378,Credit Card,2821.72,2026-07-15,Completed
PAY-0004492,ORD-0004492,Credit Card,3591.93,2026-06-23,Completed
PAY-0011989,ORD-0011989,Credit Card,587.59,2026-03-10,Completed
PAY-0001303,ORD-0001303,Debit Card,723.9,2024-04-26,Completed
PAY-0010949,ORD-0010949,PayPal,874.37,2025-12-25,Completed
PAY-0002887,ORD-0002887,Credit Card,1876.01,2025-09-14,Refunded
PAY-0008103,ORD-0008103,PayPal,1893.27,2025-03-24,Completed
PAY-0004870,ORD-0004870,PayPal,2536.0,2026-01-25,Completed
PAY-0011710,ORD-0011710,Credit Card,1796.68,2025-12-08,Completed
PAY-0001050,ORD-0001050,Credit Card,1589.35,2026-02-26,Completed
PAY-0003431,ORD-0003431,PayPal,219.3,2026-03-23,Refunded
PAY-0000949,ORD-0000949,Debit Card,5425.46,2025-12-16,Pending
PAY-0008688,ORD-0008688,PayPal,1900.75,2024-11-19,Completed
PAY-0006640,ORD-0006640,Credit Card,1236.04,2026-08-12,Completed
PAY-0007728,ORD-0007728,PayPal,5232.09,2025-12-31,Failed
PAY-0006783,ORD-0006783,Credit Card,759.1,2026-01-16,Completed
PAY-0000195,ORD-0000195,Debit Card,902.1,2026-01-18,Completed
PAY-0007542,ORD-0007542,PayPal,524.9,2025-01-14,Completed
PAY-0006539,ORD-0006539,PayPal,973.1,2025-10-23,Completed
PAY-0004410,ORD-0004410,Debit Card,897.88,2026-01-28,Completed
PAY-0005471,ORD-0005471,Credit Card,628.42,2024-04-22,Refunded
PAY-0008363,ORD-0008363,Debit Card,589.13,2026-05-29,Completed
PAY-0011950,ORD-0011950,Credit Card,4711.44,2025-12-22,Completed
PAY-0000808,ORD-0000808,Debit Card,972.21,2024-02-10,Failed
PAY-0002569,ORD-0002569,Credit Card,401.36,2026-01-23,Completed
PAY-0009405,ORD-0009405,Credit Card,154.8,2026-02-25,Completed
PAY-0007603,ORD-0007603,Debit Card,772.74,2026-08-13,Completed
PAY-0010732,ORD-0010732,Debit Card,1167.19,2026-02-13,Pending
PAY-0010573,ORD-0010573,Credit Card,3258.99,01-Sep-2026,Completed
PAY-0006746,ORD-0006746,Debit Card,2325.38,2026-06-13,Completed
PAY-0010046,ORD-0010046,PayPal,1558.0,2025-11-11,Completed
PAY-0006361,ORD-0006361,Credit Card,507.5,2026-06-02,Completed
PAY-0002980,ORD-0002980,Debit Card,1150.67,2026-08-02,Failed
PAY-0011623,ORD-0011623,Bank Transfer,519.85,2025-04-15,Refunded
PAY-0004836,ORD-0004836,Credit Card,1397.77,2025-05-12,Completed
PAY-0005702,ORD-0005702,Credit Card,678.86,2025-07-25,Refunded
PAY-0007336,ORD-0007336,Debit Card,234.4,2026-05-05,Failed
PAY-0001956,ORD-0001956,Credit Card,3473.97,2026-07-26,Completed
PAY-0010492,ORD-0010492,Debit Card,7033.75,2026-01-26,Pending
PAY-0004664,ORD-0004664,Credit Card,5378.6,2026-03-09,Failed
PAY-0009227,ORD-0009227,Gift Card,14.94,2025-11-13,Completed
PAY-0006534,ORD-0956168,Credit Card,914.93,2025-10-25,Failed
PAY-0005653,ORD-0005653,Gift Card,1108.44,2025-12-27,Completed
PAY-0011553,ORD-0011553,Gift Card,3663.35,2026-02-14,Completed
PAY-0004817,ORD-0004817,Credit Card,3205.67,2025-10-16,Failed
PAY-0011367,ORD-0011367,Gift Card,443.34,2025-12-29,Failed
PAY-0009227,ORD-0009227,Gift Card,14.94,2025-11-13,Completed
PAY-0009023,ORD-0009023,Gift Card,1764.18,2025-03-16,Completed
PAY-0008441,ORD-0931360,Credit Card,5841.32,2026-08-20,Failed
PAY-0009666,ORD-0009666,Credit Card,5536.29,2026-06-11,Failed
PAY-0010727,ORD-0010727,Bank Transfer,420.71,2026-06-30,Completed
PAY-0005086,ORD-0005086,Credit Card,1424.15,2026-05-17,Completed
PAY-0009652,ORD-0009652,Gift Card,1380.97,2026-07-29,Completed
PAY-0007069,ORD-0007069,PayPal,1844.71,2026-01-12,Completed
PAY-0002762,ORD-0002762,Gift Card,-922.04,2026-04-06,Completed
PAY-0005273,ORD-0005273,Credit Card,858.11,2026-08-26,Completed
PAY-0010399,ORD-0010399,Debit Card,3606.25,2026-09-02,Completed
PAY-0003167,ORD-0003167,Gift Card,2922.38,2025-11-19,Failed
PAY-0011495,ORD-0011495,Credit Card,507.46,"July 22, 2026",Completed
PAY-0001833,ORD-0001833,PayPal,1400.3,2026-01-09,Completed
PAY-0004303,ORD-0004303,PayPal,1938.82,2026-02-17,Completed
PAY-0008196,ORD-0008196,Debit Card,1748.97,2026-05-17,Pending
PAY-0007852,ORD-0007852,Credit Card,488.66,2025-03-13,Completed
PAY-0003265,ORD-0003265,Gift Card,701.6,2026-01-01,Completed
PAY-0008244,ORD-0008244,Credit Card,2071.37,2025-10-07,Completed
PAY-0011276,ORD-0011276,Credit Card,982.05,2025-06-06,Failed
PAY-0006070,ORD-0006070,Credit Card,966.49,2026-07-28,Completed
PAY-0010673,ORD-0010673,Debit Card,895.28,2024-07-03,Completed
PAY-0001015,ORD-0001015,PayPal,440.59,2026-01-12,Completed
PAY-0008510,ORD-0008510,Credit Card,873.43,2025-08-24,Failed
PAY-0009604,ORD-0009604,Credit Card,2911.04,2025-05-04,Completed
PAY-0006251,ORD-0006251,Debit Card,1447.78,2026-07-07,Failed
PAY-0001764,ORD-0001764,Credit Card,1768.24,2025-02-16,Completed
PAY-0011366,ORD-0011366,Debit Card,3977.79,2023-12-04,Failed
PAY-0010639,ORD-0010639,PayPal,2400.57,2026-07-12,Failed
PAY-0003247,ORD-0003247,Gift Card,3388.21,2025-12-27,Completed
PAY-0003641,ORD-0003641,Credit Card,1742.83,2025-07-03,Completed
PAY-0003972,ORD-0003972,Credit Card,2732.97,2025-09-07,Completed
PAY-0000220,ORD-0000220,Gift Card,3560.86,2024-10-29,Failed
PAY-0003110,ORD-0003110,Gift Card,510.19,2026-01-14,Completed
PAY-0003829,ORD-0003829,PayPal,5604.71,2025-12-06,Completed
PAY-0001184,ORD-0001184,Debit Card,3337.17,2026-06-25,Completed
PAY-0011730,ORD-0011730,Gift Card,376.85,2025-12-27,Completed
PAY-0011781,ORD-0011781,Debit Card,94.16,2025-07-05,Completed
PAY-0005058,ORD-0005058,Credit Card,736.36,2026-03-04,Completed
PAY-0008603,ORD-0008603,Debit Card,525.98,2026-08-14,Completed
PAY-0001057,ORD-0001057,PayPal,295.84,2025-07-08,Refunded
PAY-0007839,ORD-0007839,Credit Card,1174.17,2026-09-03,Refunded
PAY-0005140,ORD-0005140,PayPal,592.39,2026-01-29,Completed
PAY-0000978,ORD-0000978,Credit Card,1167.26,2025-01-20,Completed
PAY-0010592,ORD-0010592,Debit Card,948.24,27-Aug-2026,Completed
PAY-0003578,ORD-0003578,PayPal,773.33,2025-11-19,Failed
PAY-0001868,ORD-0001868,PayPal,120.78,2026-09-03,Completed
PAY-0002338,ORD-0002338,PayPal,887.3,2024-08-09,Completed
PAY-0006490,ORD-0006490,Credit Card,633.61,2026-02-28,Completed
PAY-0005516,ORD-0005516,Debit Card,1012.92,2025-11-13,Completed
PAY-0001711,ORD-0001711,Credit Card,2646.96,2026-01-26,Refunded
PAY-0002184,ORD-0002184,Bank Transfer,4414.64,2026-02-07,Completed
PAY-0004512,ORD-0004512,Credit Card,2193.47,2026-08-30,Failed
PAY-0002215,ORD-0002215,PayPal,100.88,24-Apr-2026,Completed
PAY-0005701,ORD-0005701,PayPal,1912.8,2024-06-19,Completed
PAY-0009305,ORD-0009305,Credit Card,1696.55,2026-08-26,Completed
PAY-0000865,ORD-0000865,PayPal,4059.4,2025-04-07,Completed
PAY-0007341,ORD-0007341,Credit Card,920.59,2026-05-14,Refunded
PAY-0005556,ORD-0005556,Debit Card,736.55,2023-12-02,Completed
PAY-0002603,ORD-0002603,Credit Card,3854.98,2026-08-18,Refunded
PAY-0009401,ORD-0009401,Debit Card,379.91,2025-12-09,Completed
PAY-0010242,ORD-0010242,PayPal,3635.11,2025-03-02,Completed
PAY-0011515,ORD-0011515,PayPal,814.6,2025-07-06,Completed
PAY-0003289,ORD-0003289,Debit Card,602.21,2026-07-20,Completed
PAY-0002626,ORD-0002626,Credit Card,3747.33,2024-02-10,Pending
PAY-0002424,ORD-0002424,Gift Card,1786.72,2024-07-07,Completed
PAY-0003183,ORD-0003183,Credit Card,4007.37,2026-09-04,Failed
PAY-0008519,ORD-0008519,Bank Transfer,1310.24,2025-09-07,Pending
PAY-0011512,ORD-0011512,Credit Card,2340.16,2026-06-18,Completed
PAY-0000389,ORD-0000389,Bank Transfer,423.3,2026-08-11,Refunded
PAY-0009458,ORD-0009458,Credit Card,692.69,2026-01-26,Failed
PAY-0011850,ORD-0011850,PayPal,6419.71,2025-09-02,Completed
PAY-0001297,ORD-0001297,Credit Card,3201.1,2025-12-13,Completed
PAY-0009303,ORD-0009303,PayPal,1756.54,2026-08-24,Completed
PAY-0007077,ORD-0007077,Credit Card,2281.49,2025-04-10,Completed
PAY-0011629,ORD-0011629,Credit Card,787.3,2025-07-25,Completed
PAY-0009882,ORD-0009882,,4544.89,2025-03-01,Completed
PAY-0000030,ORD-0000030,Gift Card,3102.64,2025-05-25,Refunded
PAY-0010774,ORD-0010774,Credit Card,230.72,2026-06-21,Completed
PAY-0009085,ORD-0009085,Credit Card,1975.9,2024-09-24,Completed
PAY-0009146,ORD-0009146,Credit Card,3948.81,2026-07-30,Completed
PAY-0003824,ORD-0003824,Credit Card,679.92,2025-08-04,Failed
PAY-0008593,ORD-0008593,Debit Card,767.57,2026-09-07,Completed
PAY-0008815,ORD-0008815,Credit Card,2727.81,2026-09-06,Completed
PAY-0001462,ORD-0001462,Debit Card,423.94,2025-11-27,Failed
PAY-0006886,ORD-0006886,Debit Card,82.94,2026-03-23,Completed
PAY-0000704,ORD-0000704,Gift Card,4048.5,2026-08-25,Completed
PAY-0000474,ORD-0000474,Credit Card,37.38,2026-03-11,Failed
PAY-0005823,ORD-0005823,Credit Card,158.92,2025-06-12,Pending
PAY-0002963,ORD-0002963,Credit Card,1700.24,2026-06-27,Completed
PAY-0003785,ORD-0003785,Credit Card,56.39,2026-08-03,Completed
PAY-0006291,ORD-0006291,PayPal,1050.57,2026-05-24,Completed
PAY-0000407,ORD-0000407,Credit Card,2715.28,08/25/2026,Completed
PAY-0009068,ORD-0009068,Debit Card,193.25,2025-12-17,Completed
PAY-0000243,ORD-0000243,Credit Card,3847.02,2026-03-02,Completed
PAY-0008634,ORD-0008634,Credit Card,881.0,2025-09-29,Completed
PAY-0001337,ORD-0001337,Gift Card,1734.02,2024-11-30,Completed
PAY-0010442,ORD-0010442,Credit Card,1435.42,2025-09-29,Failed
PAY-0004733,ORD-0004733,Debit Card,1233.01,2025-07-16,Failed
PAY-0006327,ORD-0006327,Credit Card,1325.1,2025-09-05,Completed
PAY-0000727,ORD-0000727,Gift Card,1359.02,2025-04-11,Completed
PAY-0004683,ORD-0004683,Debit Card,3102.92,2024-10-31,Completed
PAY-0006356,ORD-0006356,Gift Card,4900.59,2026-04-26,Failed
PAY-0003861,ORD-0003861,Credit Card,1464.41,2024-09-09,Refunded
PAY-0005088,ORD-0005088,Credit Card,1036.64,2026-06-24,Completed
PAY-0006807,ORD-0006807,Credit Card,4682.02,2026-07-24,Completed
PAY-0001619,ORD-0001619,PayPal,1743.84,2026-08-18,Failed
PAY-0011334,ORD-0011334,Debit Card,3438.05,2026-08-09,Refunded
PAY-0011152,ORD-0011152,,3506.45,2026-08-03,Completed
PAY-0006270,ORD-0006270,Bank Transfer,906.94,2025-11-07,Completed
PAY-0009664,ORD-0009664,Credit Card,1148.37,2026-07-02,Refunded
PAY-0007366,ORD-0007366,Debit Card,2508.08,2025-10-08,Pending
PAY-0007856,ORD-0007856,Credit Card,1662.35,"June 03, 2026",Failed
PAY-0008304,ORD-0008304,Credit Card,5221.32,2026-08-23,Completed
PAY-0006567,ORD-0006567,Credit Card,441.94,2025-04-15,Completed
PAY-0008923,ORD-0008923,Credit Card,1987.27,2026-08-17,Completed
PAY-0008526,ORD-0008526,Credit Card,1494.85,2025-02-04,Completed
PAY-0005415,ORD-0005415,PayPal,2686.08,2026-08-24,Completed
PAY-0010144,ORD-0010144,Gift Card,2513.6,2026-09-05,Refunded
PAY-0007217,ORD-0007217,PayPal,1930.0,2026-06-08,Completed
PAY-0002739,ORD-0002739,Credit Card,6537.72,2026-03-24,Pending
PAY-0004136,ORD-0004136,,-567.36,2025-09-06,Refunded
PAY-0008093,ORD-0008093,PayPal,2308.89,2026-06-04,Completed
PAY-0003479,ORD-0003479,Gift Card,1432.3,2025-03-15,Pending
PAY-0009489,ORD-0009489,Credit Card,345.82,2025-09-26,Pending
PAY-0008796,ORD-0008796,PayPal,1446.17,2025-02-17,Failed
PAY-0011011,ORD-0011011,,423.43,2026-08-10,Pending
PAY-0006620,ORD-0006620,Debit Card,827.5,2026-08-23,Completed
PAY-0000056,ORD-0000056,Credit Card,1249.69,2026-05-10,Completed
PAY-0009177,ORD-0009177,Credit Card,493.27,2026-03-05,Completed
PAY-0011830,ORD-0011830,PayPal,351.4,2025-05-26,Completed
PAY-0010871,ORD-0010871,Debit Card,1835.54,"February 15, 2026",Completed
PAY-0005102,ORD-0005102,Debit Card,3492.88,2025-12-21,Completed
PAY-0011571,ORD-0011571,Credit Card,1509.33,2026-04-30,Completed
PAY-0000314,ORD-0000314,Bank Transfer,2078.55,10-May-2026,Completed
PAY-0003254,ORD-0003254,PayPal,647.53,2026-02-15,Failed
PAY-0002096,ORD-0002096,Credit Card,3284.21,2026-07-08,Completed
PAY-0000274,ORD-0000274,Credit Card,1047.27,2026-06-22,Pending
PAY-0007722,ORD-0007722,Debit Card,1343.82,2026-06-16,Completed
PAY-0002586,ORD-0002586,PayPal,330.03,2026-02-03,Completed
PAY-0002843,ORD-0002843,Credit Card,1105.63,2026-05-03,Completed
PAY-0000690,ORD-0000690,Gift Card,2394.21,2025-11-22,Failed
PAY-0008604,ORD-0008604,Debit Card,1518.48,2026-03-03,Failed
PAY-0010239,ORD-0010239,Debit Card,2612.05,2026-07-11,Completed
PAY-0002759,ORD-0002759,Gift Card,196.88,2026-04-30,Completed
PAY-0007906,ORD-0007906,Credit Card,839.76,2025-10-01,Failed
PAY-0007798,ORD-0007798,Credit Card,480.07,2025-10-31,Completed
PAY-0006690,ORD-0006690,Credit Card,51.36,2026-08-23,Failed
PAY-0010662,ORD-0010662,PayPal,980.52,2026-02-24,Completed
PAY-0009138,ORD-0009138,Credit Card,2068.31,2024-10-10,Failed
PAY-0006110,ORD-0006110,Credit Card,873.65,2026-04-04,Failed
PAY-0002644,ORD-0002644,Debit Card,2479.1,2025-07-10,Failed
PAY-0001629,ORD-0001629,PayPal,817.65,2026-08-21,Completed
PAY-0006784,ORD-0006784,Gift Card,903.62,2025-01-29,Completed
PAY-0008691,ORD-0008691,Bank Transfer,2097.02,2025-11-08,Completed
PAY-0009240,ORD-0009240,Debit Card,4949.07abc,2024-08-01,Completed
PAY-0007896,ORD-0007896,Bank Transfer,342.39,2025-11-28,Failed
PAY-0008726,ORD-0008726,PayPal,2556.96,2026-06-03,Completed
PAY-0009428,ORD-0009428,Credit Card,1528.32,2026-08-14,Refunded
PAY-0009512,ORD-0009512,PayPal,106.46,2025-12-28,Completed
PAY-0010612,ORD-0010612,Credit Card,677.87,2026-05-25,Failed
PAY-0002413,ORD-0002413,Debit Card,-5377.46,2024-06-18,Completed
PAY-0000870,ORD-0962079,Credit Card,437.12,"February 24, 2026",Completed
PAY-0005174,ORD-0005174,Debit Card,2689.52,"July 12, 2024",Completed
PAY-0007962,ORD-0007962,Gift Card,3701.4,2026-08-05,Refunded
PAY-0007771,ORD-0983329,PayPal,1637.07,2026-07-24,Completed
PAY-0007435,ORD-0007435,Bank Transfer,306.72,2025-08-23,Pending
PAY-0009442,ORD-0009442,Bank Transfer,1740.68,2026-08-17,Completed
PAY-0003581,ORD-0003581,,2570.46,2026-08-05,Completed
PAY-0011517,ORD-0011517,Credit Card,17.26,2026-09-04,Refunded
PAY-0006386,ORD-0006386,Debit Card,6526.52,2026-01-27,Refunded
PAY-0004546,ORD-0004546,Debit Card,2381.49,2025-01-27,Completed
PAY-0001725,ORD-0001725,Gift Card,3981.32,2026-09-07,Failed
PAY-0003216,ORD-0003216,Credit Card,3380.01,04/14/2025,Completed
PAY-0010834,ORD-0010834,Bank Transfer,2627.71,2024-07-06,Pending
PAY-0009646,ORD-0009646,Credit Card,1020.05,2026-01-15,Pending
PAY-0000587,ORD-0000587,PayPal,unknown,2026-07-14,Completed
PAY-0011628,ORD-0011628,Debit Card,1300.24,2024-12-05,Failed
PAY-0000189,ORD-0000189,Debit Card,1587.02,2025-04-15,Completed
PAY-0010231,ORD-0010231,Credit Card,1260.74,2026-07-29,Pending
PAY-0003887,ORD-0003887,Gift Card,7692.43,2026-05-22,Completed
PAY-0009510,ORD-0009510,Credit Card,1075.49,2026-07-31,Completed
PAY-0008031,ORD-0008031,Credit Card,2602.5,2025-04-30,Failed
PAY-0004351,ORD-0004351,Debit Card,1469.26,2026-08-05,Failed
PAY-0006940,ORD-0006940,PayPal,2912.99,"March 27, 2026",Completed
PAY-0005724,ORD-0005724,Debit Card,7694.86,2024-07-21,Completed
PAY-0004999,ORD-0004999,Credit Card,1378.2,2026-05-17,Failed
PAY-0006216,ORD-0006216,Credit Card,947.16,2026-08-15,Completed
PAY-0011668,ORD-0011668,Credit Card,1540.53,2026-03-26,Failed
PAY-0009156,ORD-0009156,Debit Card,3033.44,2026-03-19,Completed
PAY-0003108,ORD-0003108,Debit Card,2656.67,2025-01-17,Completed
PAY-0010319,ORD-0010319,PayPal,1839.42,2026-06-30,Completed
PAY-0006557,ORD-0006557,PayPal,1007.3,2025-08-26,Refunded
PAY-0006950,ORD-0006950,Debit Card,4408.36,2026-08-18,Completed
PAY-0002314,ORD-0002314,Debit Card,2482.31,2025-12-22,Failed
PAY-0007161,ORD-0007161,Debit Card,549.72,2026-08-03,Completed
PAY-0008547,ORD-0008547,PayPal,555.46,2025-10-30,Completed
PAY-0011967,ORD-0011967,Debit Card,459.7,2025-11-13,Completed
PAY-0009247,ORD-0009247,Credit Card,668.52,06/22/2026,Completed
PAY-0010107,ORD-0010107,Credit Card,1914.13,2026-08-25,Completed
PAY-0002428,ORD-0917109,Debit Card,863.19,2025-01-07,Failed
PAY-0002562,ORD-0912692,Debit Card,565.65,2026-08-01,Pending
PAY-0002384,ORD-0002384,Debit Card,322.87,2026-08-15,Completed
PAY-0000267,ORD-0000267,Debit Card,-1114.74,2026-09-02,Refunded
PAY-0006847,ORD-0006847,,3433.26,2025-12-15,Completed
PAY-0011254,ORD-0011254,PayPal,1330.66,2024-08-20,Completed
PAY-0009448,ORD-0009448,Credit Card,7577.72,2024-03-22,Completed
PAY-0010891,ORD-0010891,PayPal,158.61,2026-08-14,Failed
PAY-0002310,ORD-0002310,,1037.62,2025-06-21,Failed
PAY-0007086,ORD-0007086,Credit Card,1120.15,2026-09-07,Completed
PAY-0008888,ORD-0008888,Credit Card,37.81,2026-03-30,Completed
PAY-0004640,ORD-0004640,Debit Card,2886.02,2024-09-29,Completed
PAY-0006716,ORD-0006716,Credit Card,1982.65,2026-03-10,Failed
PAY-0004425,ORD-0922692,Debit Card,940.16,2026-07-09,Completed
PAY-0011024,ORD-0011024,Credit Card,585.7,2026-07-25,Completed
PAY-0000614,ORD-0000614,Debit Card,1898.75,2025-09-29,Pending
PAY-0000625,ORD-0000625,Credit Card,1255.2,2026-01-23,Completed
PAY-0006057,ORD-0006057,Credit Card,941.05,2024-11-02,Refunded
PAY-0010405,ORD-0010405,,2389.55,2025-08-16,Completed
PAY-0002156,ORD-0002156,Credit Card,17.28,2026-08-01,Completed
PAY-0003624,ORD-0003624,Debit Card,421.41,2025-10-29,Completed
PAY-0007490,ORD-0983496,PayPal,2404.22,2026-04-22,Refunded
PAY-0002606,ORD-0002606,PayPal,1315.09,2026-02-11,Completed
PAY-0004091,ORD-0004091,Credit Card,46.44,2026-04-17,Failed
PAY-0000883,ORD-0000883,Credit Card,3744.45,2026-07-21,Completed
PAY-0000765,ORD-0000765,PayPal,2971.38,2026-09-02,Completed
PAY-0009402,ORD-0009402,Credit Card,1891.84,2026-04-15,Failed
PAY-0009707,ORD-0009707,Credit Card,739.61,30-Mar-2026,Completed
PAY-0006635,ORD-0006635,Gift Card,2945.16,2026-08-29,Failed
PAY-0007959,ORD-0007959,Gift Card,4441.23,06/02/2025,Completed
PAY-0004300,ORD-0004300,Gift Card,$2581.37,2026-05-14,Completed
PAY-0003376,ORD-0003376,Credit Card,356.61,2026-09-06,Completed
PAY-0007572,ORD-0007572,PayPal,963.05,2026-01-09,Completed
PAY-0011400,ORD-0011400,Gift Card,981.11,2026-07-10,Completed
PAY-0003856,ORD-0003856,Debit Card,198.07,2026-01-26,Completed
PAY-0003213,ORD-0003213,Gift Card,4411.92,2026-06-12,Completed
PAY-0001245,ORD-0001245,Gift Card,47.58,2026-08-05,Completed
PAY-0001918,ORD-0001918,,1782.36,2024-09-29,Completed
PAY-0001437,ORD-0001437,Gift Card,1164.89,2025-11-16,Completed
PAY-0009695,ORD-0009695,PayPal,3222.25,2025-12-10,Completed
PAY-0006157,ORD-0006157,Debit Card,1480.9,2025-10-06,Completed
PAY-0006654,ORD-0006654,Debit Card,649.66,2026-04-11,Completed
PAY-0009924,ORD-0009924,Credit Card,2731.22,2026-08-09,Completed
PAY-0006127,ORD-0006127,Credit Card,5051.02,2026-07-02,Failed
PAY-0005728,ORD-0005728,Gift Card,3246.64,2026-08-20,Completed
PAY-0001533,ORD-0001533,PayPal,3853.48,2026-07-13,Completed
PAY-0003320,ORD-0003320,Debit Card,6579.41,2026-07-04,Refunded
PAY-0001099,ORD-0001099,Bank Transfer,539.76,2025-04-20,Failed
PAY-0008252,ORD-0008252,Debit Card,2934.0,2025-08-09,Refunded
PAY-0011009,ORD-0011009,PayPal,284.66,2025-11-29,Failed
PAY-0000532,ORD-0000532,PayPal,98.61,2025-02-26,Completed
PAY-0000334,ORD-0000334,Credit Card,283.23,2025-12-19,Completed
PAY-0004288,ORD-0004288,PayPal,182.44,2026-07-09,Completed
PAY-0005343,ORD-0005343,Credit Card,1149.81,2026-06-20,Completed
PAY-0005080,ORD-0005080,PayPal,n/a,2026-06-20,Completed
PAY-0006853,ORD-0006853,Debit Card,unknown,2024-12-02,Refunded
PAY-0011360,ORD-0011360,Credit Card,640.47,2026-06-11,Completed
PAY-0005568,ORD-0005568,Credit Card,5046.66,2025-11-19,Pending
PAY-0000998,ORD-0000998,Credit Card,557.95,2025-03-24,Completed
PAY-0008002,ORD-0008002,PayPal,1731.11,"June 25, 2026",Completed
PAY-0004861,ORD-0004861,Credit Card,2976.34,2026-07-08,Completed
PAY-0004151,ORD-0004151,Credit Card,2037.13,2026-09-02,Completed
PAY-0011035,ORD-0011035,PayPal,423.3,2026-05-05,Completed
PAY-0000040,ORD-0991907,Debit Card,480.8,2025-09-21,Failed
PAY-0011485,ORD-0011485,Credit Card,263.0,2025-02-01,Completed
PAY-0004253,ORD-0004253,Credit Card,3258.71,2026-05-03,Completed
PAY-0010262,ORD-0010262,PayPal,590.03,2026-07-02,Completed
PAY-0002893,ORD-0002893,,493.12,"July 09, 2026",Refunded
PAY-0004787,ORD-0004787,PayPal,1076.37,2025-01-08,Completed
PAY-0002931,ORD-0002931,PayPal,612.75,12-Jul-2026,Refunded
PAY-0003733,ORD-0003733,PayPal,2330.47,2025-03-21,Completed
PAY-0007848,ORD-0007848,Gift Card,2939.75,2026-01-30,Completed
PAY-0008929,ORD-0008929,PayPal,508.48,2025-09-23,Failed
PAY-0004205,ORD-0004205,Credit Card,$1239.91,2025-11-12,Refunded
PAY-0004404,ORD-0004404,PayPal,773.54,2026-08-16,Pending
PAY-0002396,ORD-0984484,Debit Card,1410.56,2026-03-23,Completed
PAY-0006886,ORD-0006886,Debit Card,82.94,2026-03-23,Completed
PAY-0005330,ORD-0005330,Debit Card,3448.03,2026-07-26,Completed
PAY-0008285,ORD-0008285,Gift Card,955.33,2026-04-29,Refunded
PAY-0002357,ORD-0002357,PayPal,3178.85,2026-08-12,Completed
PAY-0009839,ORD-0009839,Credit Card,678.74,2026-05-17,Completed
PAY-0003708,ORD-0003708,Credit Card,4620.02,2026-04-23,Completed
PAY-0002203,ORD-0002203,Debit Card,416.29,2025-09-19,Completed
PAY-0009804,ORD-0009804,Gift Card,835.1,2026-03-14,Completed
PAY-0008085,ORD-0008085,Debit Card,1089.42,2025-06-09,Refunded
PAY-0005301,ORD-0005301,Credit Card,882.69,2024-12-26,Refunded
PAY-0001934,ORD-0001934,Credit Card,4878.72,2026-09-02,Completed
PAY-0002876,ORD-0002876,Credit Card,3800.8,2025-12-11,Completed
PAY-0011888,ORD-0011888,Gift Card,2092.18,"April 26, 2025",Completed
PAY-0001520,ORD-0001520,Credit Card,2944.2,2026-06-13,Pending
PAY-0010270,ORD-0010270,Credit Card,303.24,2026-03-21,Completed
PAY-0001168,ORD-0001168,Debit Card,1168.7,2026-07-14,Completed
PAY-0010220,ORD-0010220,Debit Card,269.45,2026-07-27,Failed
PAY-0008961,ORD-0008961,Bank Transfer,1200.56,2026-03-09,Completed
PAY-0005440,ORD-0005440,Debit Card,372.01,2026-05-02,Completed
PAY-0008824,ORD-0952999,Gift Card,1202.02,2026-06-24,Completed
PAY-0006785,ORD-0006785,Debit Card,2034.31,2026-07-12,Completed
PAY-0008916,ORD-0008916,PayPal,894.25,08/05/2026,Completed
PAY-0004657,ORD-0004657,Debit Card,2711.88,2026-08-19,Completed
PAY-0001950,ORD-0001950,Credit Card,2732.88,2026-09-04,Refunded
PAY-0011093,ORD-0011093,Credit Card,1649.5,2026-05-31,Pending
PAY-0000957,ORD-0000957,Debit Card,226.61,2025-08-23,Completed
PAY-0002114,ORD-0002114,Credit Card,1917.16,2025-09-22,Pending
PAY-0002017,ORD-0002017,Debit Card,3219.65,2024-09-19,Completed
PAY-0003322,ORD-0003322,Credit Card,635.21,2025-02-02,Pending
PAY-0007857,ORD-0007857,Credit Card,2085.72,2026-06-05,Completed
PAY-0010093,ORD-0010093,Credit Card,4786.15,2025-02-14,Completed
PAY-0003885,ORD-0003885,Credit Card,85.15,2024-01-20,Completed
PAY-0009152,ORD-0009152,Credit Card,1354.42,2026-04-28,Refunded
PAY-0007957,ORD-0007957,Bank Transfer,222.34,2024-02-20,Completed
PAY-0000349,ORD-0000349,Credit Card,2002.32,2026-08-15,Completed
PAY-0001964,ORD-0001964,Debit Card,1505.29,2026-03-20,Completed
PAY-0007749,ORD-0007749,Gift Card,3525.62,2026-05-27,Refunded
PAY-0000651,ORD-0000651,Credit Card,600.13,2025-02-25,Completed
PAY-0007941,ORD-0007941,Credit Card,1137.61,2026-06-19,Completed
PAY-0010961,ORD-0010961,PayPal,2124.78,2026-08-27,Completed
PAY-0003337,ORD-0003337,PayPal,348.23,2024-09-19,Refunded
PAY-0005186,ORD-0005186,Credit Card,2310.39,2026-09-07,Completed
PAY-0011764,ORD-0011764,Gift Card,488.84,2026-02-04,Completed
PAY-0002657,ORD-0002657,Credit Card,7433.82,2026-08-14,Completed
PAY-0011476,ORD-0011476,Credit Card,513.79,2026-04-10,Completed
PAY-0009796,ORD-0009796,Gift Card,2590.6,2025-09-23,Completed
PAY-0011562,ORD-0011562,Credit Card,1679.54,2026-08-21,Completed
PAY-0007290,ORD-0007290,Bank Transfer,3778.03,2026-09-06,Refunded
PAY-0006514,ORD-0982601,Credit Card,2728.83,2026-05-16,Completed
PAY-0009212,ORD-0009212,Credit Card,2193.36,2026-02-04,Failed
PAY-0000881,ORD-0000881,Credit Card,601.17,08/12/2026,Completed
PAY-0000100,ORD-0000100,Credit Card,6053.66,2024-09-28,Completed
PAY-0009769,ORD-0009769,PayPal,1990.2,2025-09-17,Refunded
PAY-0002857,ORD-0002857,Debit Card,30226.26,2026-06-09,Completed
PAY-0011521,ORD-0011521,Credit Card,1663.59,2026-09-02,Refunded
PAY-0002919,ORD-0002919,Gift Card,1353.61,2024-11-22,Failed
PAY-0000427,ORD-0000427,Debit Card,601.5,2026-02-08,Pending
PAY-0007188,ORD-0007188,PayPal,72.22,2026-05-31,Refunded
PAY-0002477,ORD-0002477,Credit Card,1614.81,2026-07-29,Completed
PAY-0005523,ORD-0005523,PayPal,77.81,2025-07-27,Completed
PAY-0009823,ORD-0009823,PayPal,2522.52,2026-08-05,Completed
PAY-0007373,ORD-0007373,Debit Card,--,2025-11-04,Pending
PAY-0005342,ORD-0005342,PayPal,2270.52,2026-07-08,Pending
PAY-0010572,ORD-0010572,Credit Card,710.68,2025-04-21,Completed
PAY-0009469,ORD-0009469,Gift Card,6886.08,2026-06-14,Failed
PAY-0006084,ORD-0006084,Credit Card,392.61,2026-06-24,Completed
PAY-0004073,ORD-0004073,,2537.34,2025-10-12,Failed
PAY-0006971,ORD-0006971,Credit Card,805.19,2026-07-10,Completed
PAY-0000737,ORD-0000737,Credit Card,4536.25,2024-11-22,Completed
PAY-0009995,ORD-0009995,Credit Card,817.84,2026-09-05,Completed
PAY-0002060,ORD-0002060,PayPal,$171.48,2026-08-10,Completed
PAY-0001299,ORD-0001299,Credit Card,787.64,2024-06-29,Completed
PAY-0002009,ORD-0002009,Credit Card,3566.87abc,2025-02-09,Completed
PAY-0005277,ORD-0005277,Debit Card,1104.9,2025-12-30,Completed
PAY-0011016,ORD-0011016,Credit Card,595.92,2026-06-01,Completed
PAY-0010837,ORD-0010837,Debit Card,2376.2,2023-12-07,Refunded
PAY-0007686,ORD-0007686,Credit Card,$817.28,2025-07-03,Failed
PAY-0004674,ORD-0004674,,2834.67,2024-04-26,Failed
PAY-0004489,ORD-0004489,PayPal,3200.49,2026-04-12,Completed
PAY-0002716,ORD-0002716,Credit Card,1411.6,2026-04-27,Completed
PAY-0011217,ORD-0011217,Debit Card,2607.95,2025-09-19,Completed
PAY-0008950,ORD-0008950,Credit Card,263.23,2026-03-13,Completed
PAY-0005558,ORD-0005558,Credit Card,2972.67,01-Jan-2026,Refunded
PAY-0005895,ORD-0005895,PayPal,432.78,2025-10-14,Pending
PAY-0007125,ORD-0007125,Debit Card,330.32,2026-07-13,Failed
PAY-0007595,ORD-0007595,PayPal,2640.85,2026-07-05,Completed
PAY-0011712,ORD-0011712,Debit Card,3738.41,2026-08-27,Failed
PAY-0001199,ORD-0001199,Debit Card,897.01,2024-08-31,Pending
PAY-0004171,ORD-0004171,Debit Card,6374.19,2026-03-29,Completed
PAY-0004050,ORD-0004050,Credit Card,3185.62,2026-01-31,Failed
PAY-0009354,ORD-0009354,Credit Card,1314.57,2026-09-02,Completed
PAY-0003392,ORD-0003392,Gift Card,2013.65,2025-10-17,Completed
PAY-0006981,ORD-0006981,PayPal,3852.88,2024-01-27,Completed
PAY-0002239,ORD-0002239,Credit Card,-286.82,2026-09-07,Completed
PAY-0002492,ORD-0002492,Gift Card,265.29,2026-01-30,Refunded
PAY-0011749,ORD-0011749,Credit Card,3226.5,2025-03-10,Refunded
PAY-0008018,ORD-0008018,Credit Card,1311.58,2026-09-01,Completed
PAY-0008641,ORD-0008641,PayPal,139.25,2026-05-18,Pending
PAY-0007363,ORD-0007363,PayPal,5491.24,2025-03-02,Completed
PAY-0001079,ORD-0001079,Credit Card,1592.71,2024-05-25,Refunded
PAY-0010134,ORD-0010134,PayPal,2160.18,2025-04-23,Completed
PAY-0010600,ORD-0010600,,1273.41,2025-12-04,Completed
PAY-0001343,ORD-0001343,Credit Card,2434.71,2025-12-16,Completed
PAY-0000185,ORD-0000185,Debit Card,614.1,2026-02-21,Completed
PAY-0000814,ORD-0000814,Debit Card,3936.6,2026-05-25,Refunded
PAY-0007565,ORD-0007565,Credit Card,468.92,2026-07-18,Completed
PAY-0010653,ORD-0010653,Credit Card,74.11,2026-02-27,Failed
PAY-0007302,ORD-0007302,PayPal,312.28,2026-03-16,Failed
PAY-0003840,ORD-0003840,Credit Card,1431.32,2025-03-30,Completed
PAY-0005620,ORD-0005620,PayPal,399.3,2025-05-25,Completed
PAY-0004605,ORD-0004605,PayPal,2560.98,2025-04-15,Completed
PAY-0000256,ORD-0000256,Gift Card,796.44,2024-07-29,Completed
PAY-0006714,ORD-0006714,Credit Card,4249.25,2026-09-05,Completed
PAY-0004124,ORD-0004124,Debit Card,398.36,2025-09-10,Refunded
PAY-0010872,ORD-0010872,Gift Card,5025.83,2025-05-04,Completed
PAY-0005764,ORD-0005764,PayPal,2327.7,2025-03-12,Refunded
PAY-0005607,ORD-0005607,Gift Card,646.7,2026-08-29,Completed
PAY-0000196,ORD-0000196,PayPal,5178.76,2025-10-30,Completed
PAY-0009983,ORD-0009983,Credit Card,1277.66,2026-08-15,Completed
PAY-0001562,ORD-0001562,Debit Card,1959.78,2026-08-16,Pending
PAY-0001018,ORD-0001018,Bank Transfer,120.97,2026-04-29,Failed
PAY-0004512,ORD-0004512,Credit Card,2193.47,2026-08-30,Completed
PAY-0007709,ORD-0007709,Gift Card,3782.36,2026-07-02,Completed
PAY-0003533,ORD-0003533,Bank Transfer,1861.28,2025-11-16,Completed
PAY-0007530,ORD-0007530,Debit Card,3595.94,2026-08-26,Pending
PAY-0003821,ORD-0003821,Gift Card,?,2026-08-20,Completed
PAY-0005906,ORD-0005906,PayPal,3952.77,2025-08-24,Completed
PAY-0011687,ORD-0955351,PayPal,443.0,2026-06-25,Refunded
PAY-0002679,ORD-0002679,Debit Card,2259.52,2024-09-03,Failed
PAY-0006996,ORD-0006996,Debit Card,103.38,2025-08-01,Completed
PAY-0007539,ORD-0007539,Credit Card,-1569.81,2026-07-30,Completed
PAY-0004040,ORD-0004040,Debit Card,534.72,2026-08-27,Completed
PAY-0000557,ORD-0000557,Gift Card,1738.69,2025-10-11,Completed
PAY-0005522,ORD-0005522,Debit Card,1409.42,2026-06-06,Completed
PAY-0008462,ORD-0008462,Credit Card,750.93,2025-11-26,Completed
PAY-0010494,ORD-0010494,Bank Transfer,935.24,2025-09-30,Pending
PAY-0002680,ORD-0002680,Debit Card,3781.27,2026-03-26,Completed
PAY-0011598,ORD-0011598,Credit Card,763.02,2026-08-27,Refunded
PAY-0000771,ORD-0000771,Gift Card,2650.44,2025-02-10,Completed
PAY-0001832,ORD-0001832,Gift Card,652.18,2026-07-01,Failed
PAY-0011789,ORD-0011789,Credit Card,3395.2,2024-11-11,Completed
PAY-0008826,ORD-0008826,Credit Card,511.0,2026-02-26,Failed
PAY-0003207,ORD-0003207,Credit Card,94.62,2025-02-23,Completed
PAY-0001798,ORD-0001798,Debit Card,456.25,2025-10-26,Pending
PAY-0011218,ORD-0011218,Credit Card,3220.6,2026-06-22,Completed
PAY-0002704,ORD-0002704,Credit Card,445.5,2025-05-04,Completed
PAY-0001143,ORD-0001143,PayPal,425.58,2026-08-25,Completed
PAY-0010016,ORD-0010016,Debit Card,1086.92,2026-08-15,Completed
PAY-0006272,ORD-0006272,PayPal,4308.6,2024-09-02,Completed
PAY-0011147,ORD-0011147,PayPal,325.88,2026-03-05,Completed
PAY-0011572,ORD-0011572,Gift Card,406.26,2026-07-12,Failed
PAY-0003637,ORD-0003637,Credit Card,1867.64,2026-02-03,Completed
PAY-0007409,ORD-0007409,Debit Card,917.8,2025-04-24,Completed
PAY-0008337,ORD-0008337,PayPal,827.92,2026-01-17,Completed
PAY-0009528,ORD-0009528,Bank Transfer,1711.84,2026-02-10,Completed
PAY-0007333,ORD-0007333,Gift Card,2312.88,02-Sep-2026,Pending
PAY-0006555,ORD-0006555,Gift Card,5179.2,2026-02-12,Completed
PAY-0010424,ORD-0010424,PayPal,1040.91,2026-03-28,Completed
PAY-0011253,ORD-0011253,PayPal,2442.5,2026-06-12,Completed
PAY-0000828,ORD-0000828,PayPal,2120.92,2026-04-29,Refunded
PAY-0008292,ORD-0008292,Gift Card,2351.25,2026-03-07,Completed
PAY-0001114,ORD-0001114,Credit Card,469.52,2024-12-04,Failed
PAY-0001827,ORD-0001827,Debit Card,2404.56,2024-07-03,Pending
PAY-0007295,ORD-0007295,Debit Card,2765.14,2025-09-06,Failed
PAY-0007742,ORD-0007742,PayPal,677.64,2026-08-29,Completed
PAY-0010975,ORD-0010975,Debit Card,1151.79,2025-04-07,Completed
PAY-0008493,ORD-0008493,Credit Card,985.15,2025-12-09,Completed
PAY-0002172,ORD-0002172,Credit Card,131.32,2024-06-09,Completed
PAY-0005331,ORD-0005331,Credit Card,943.01,2024-04-29,Completed
PAY-0008355,ORD-0008355,Bank Transfer,1306.61,2025-12-24,Completed
PAY-0002333,ORD-0002333,Gift Card,1135.9,2026-08-19,Completed
PAY-0000950,ORD-0000950,,1628.64,2026-03-30,Refunded
PAY-0000369,ORD-0000369,Credit Card,4133.78,2026-01-13,Completed
PAY-0009559,ORD-0009559,Credit Card,313.86,2026-01-29,Refunded
PAY-0003969,ORD-0003969,PayPal,1381.55,2026-08-02,Pending
PAY-0002996,ORD-0002996,Debit Card,747.12,2026-05-23,Completed
PAY-0010657,ORD-0010657,Credit Card,413.19,2024-09-02,Failed
PAY-0000888,ORD-0000888,Credit Card,1774.51,2026-06-18,Completed
PAY-0005555,ORD-0005555,PayPal,785.42,2026-01-15,Completed
PAY-0009371,ORD-0009371,Debit Card,2144.5,2026-06-30,Completed
PAY-0011161,ORD-0011161,PayPal,444.95,2026-08-22,Refunded
PAY-0004382,ORD-0004382,Credit Card,1003.52,2026-07-31,Failed
PAY-0001357,ORD-0001357,PayPal,3559.6,2024-06-10,Completed
PAY-0005818,ORD-0005818,Gift Card,302.03,2026-01-09,Completed
PAY-0000406,ORD-0000406,PayPal,68.92,2025-10-19,Failed
PAY-0002368,ORD-0002368,Credit Card,2005.83,2025-04-20,Completed
PAY-0006336,ORD-0006336,PayPal,1551.06,2026-08-08,Refunded
PAY-0006811,ORD-0006811,Gift Card,459.19,2026-07-08,Completed
PAY-0006542,ORD-0006542,PayPal,3055.37,2024-11-01,Failed
PAY-0011383,ORD-0011383,Debit Card,1567.06,2026-09-01,Completed
PAY-0010623,ORD-0010623,Debit Card,3352.45,2026-02-01,Completed
PAY-0005789,ORD-0005789,PayPal,621.59,2026-09-05,Completed
PAY-0008399,ORD-0008399,Gift Card,226.49,2026-06-08,Completed
PAY-0008177,ORD-0008177,PayPal,764.37,2026-07-13,Completed
PAY-0000399,ORD-0000399,Gift Card,527.78,2025-12-04,Completed
PAY-0006430,ORD-0006430,Debit Card,1251.53,2025-08-10,Pending
PAY-0006775,ORD-0006775,Credit Card,315.18,2025-01-27,Completed
PAY-0003295,ORD-0003295,Debit Card,1387.25,2026-04-18,Failed
PAY-0009886,ORD-0009886,,-1015.89,2026-04-09,Completed
PAY-0002115,ORD-0002115,Credit Card,3142.79,2025-11-20,Completed
PAY-0005952,ORD-0005952,Credit Card,617.67,2025-09-14,Completed
PAY-0005867,ORD-0005867,Credit Card,582.49,2025-11-01,Completed
PAY-0006357,ORD-0006357,Credit Card,1940.12,2026-05-02,Completed
PAY-0009740,ORD-0009740,Debit Card,4858.43,2024-09-06,Failed
PAY-0010446,ORD-0010446,PayPal,2329.34,2025-06-24,Completed
PAY-0006856,ORD-0006856,Debit Card,981.76,2026-05-02,Completed
PAY-0008845,ORD-0008845,Credit Card,3896.22,2025-07-15,Failed
PAY-0001412,ORD-0001412,PayPal,1286.8,2025-08-23,Completed
PAY-0011186,ORD-0011186,Credit Card,785.52,2026-06-20,Completed
PAY-0009454,ORD-0009454,Credit Card,5039.71,2026-02-28,Completed
PAY-0005403,ORD-0005403,,381.59,2026-01-11,Completed
PAY-0011903,ORD-0011903,PayPal,188.96,2026-05-04,Refunded
PAY-0003991,ORD-0003991,PayPal,1940.55,2026-04-10,Completed
PAY-0011779,ORD-0011779,Debit Card,3801.55,2025-02-05,Completed
PAY-0005021,ORD-0005021,Credit Card,3149.7,2026-06-29,Refunded
PAY-0001429,ORD-0001429,Debit Card,-1852.8,2026-08-16,Completed
PAY-0001575,ORD-0001575,Credit Card,363.64,2025-11-01,Completed
PAY-0000974,ORD-0000974,Gift Card,1978.68,2025-04-18,Completed
PAY-0002804,ORD-0002804,Bank Transfer,2394.88,2025-05-12,Pending
PAY-0002751,ORD-0002751,Credit Card,1456.0,2026-09-07,Completed
PAY-0005042,ORD-0005042,Credit Card,2805.73,2026-06-14,Pending
PAY-0001240,ORD-0001240,Credit Card,1287.65,2025-09-23,Completed
PAY-0005189,ORD-0005189,Credit Card,117.66,2026-03-16,Completed
PAY-0011743,ORD-0011743,PayPal,1539.66,"October 03, 2025",Pending
PAY-0007025,ORD-0007025,Debit Card,147.25,2025-12-10,Completed
PAY-0009314,ORD-0009314,Debit Card,3088.8,2025-12-01,Completed
PAY-0002119,ORD-0002119,PayPal,85004.24,2026-07-23,Completed
PAY-0000359,ORD-0000359,Debit Card,361.58,2026-08-17,Completed
PAY-0000293,ORD-0000293,Credit Card,1458.2,2026-04-13,Completed
PAY-0005848,ORD-0005848,Credit Card,2674.11,2025-11-04,Failed
PAY-0002355,ORD-0002355,Bank Transfer,5190.4,2024-05-15,Completed
PAY-0011181,ORD-0011181,PayPal,724.03,2025-07-05,Completed
PAY-0006432,ORD-0006432,Credit Card,--,2026-01-20,Refunded
PAY-0002306,ORD-0002306,Bank Transfer,3670.96,2026-02-22,Failed
PAY-0002859,ORD-0002859,Gift Card,145.34,2026-02-23,Completed
PAY-0008232,ORD-0008232,Debit Card,1070.86,2026-07-18,Completed
PAY-0006309,ORD-0006309,Credit Card,2180.92,2025-10-05,Completed
PAY-0006938,ORD-0006938,Credit Card,1634.4,2026-04-10,Completed
PAY-0005888,ORD-0005888,Credit Card,378.81,2025-12-20,Pending
PAY-0008698,ORD-0008698,Credit Card,1569.58,2026-07-15,Pending
PAY-0011065,ORD-0011065,Debit Card,3480.4,2025-02-06,Completed
PAY-0002108,ORD-0002108,PayPal,1015.67,2025-10-21,Failed
PAY-0005704,ORD-0005704,Credit Card,657.04,2024-08-10,Completed
PAY-0010819,ORD-0010819,Credit Card,423.99,2025-03-28,Completed
PAY-0004196,ORD-0004196,,4245.69,2025-11-14,Failed
PAY-0011272,ORD-0011272,Credit Card,268.61abc,2026-03-07,Completed
PAY-0003193,ORD-0003193,Debit Card,3504.75,2026-06-27,Completed
PAY-0007339,ORD-0007339,Bank Transfer,1809.86,2026-08-24,Completed
PAY-0008955,ORD-0008955,Credit Card,144.33,2025-05-20,Completed
PAY-0004366,ORD-0004366,PayPal,2592.78,2025-08-05,Completed
PAY-0006452,ORD-0006452,Credit Card,3368.11abc,2026-03-14,Pending
PAY-0011589,ORD-0011589,Bank Transfer,1812.1,2026-02-04,Completed
PAY-0005298,ORD-0005298,,56.17,2026-05-10,Completed
PAY-0008942,ORD-0008942,PayPal,2625.99,2025-02-06,Completed
PAY-0009804,ORD-0009804,Gift Card,835.1,2026-03-14,Failed
PAY-0010147,ORD-0010147,Credit Card,91.98,"January 18, 2026",Completed
PAY-0003792,ORD-0003792,Debit Card,4350.58,2025-12-01,Completed
PAY-0009631,ORD-0009631,,44.44,2025-08-23,Completed
PAY-0000580,ORD-0000580,Credit Card,3627.54,2025-09-30,Pending
PAY-0008310,ORD-0008310,Debit Card,702.26,2025-10-11,Completed
PAY-0001737,ORD-0001737,Credit Card,4343.4,2026-09-06,Completed
PAY-0009980,ORD-0009980,Debit Card,282.46,2026-06-03,Completed
PAY-0001272,ORD-0001272,Debit Card,634.79,2026-08-12,Refunded
PAY-0006965,ORD-0006965,Credit Card,691.87,2026-05-19,Completed
PAY-0005769,ORD-0005769,Credit Card,546.71,2026-07-11,Failed
PAY-0006532,ORD-0006532,Debit Card,1855.98,2026-06-27,Completed
PAY-0006946,ORD-0006946,Credit Card,2476.71,2026-03-19,Completed
PAY-0004703,ORD-0004703,Credit Card,3060.2,2024-12-17,Completed
PAY-0004762,ORD-0004762,PayPal,6256.98,2024-08-19,Completed
PAY-0000446,ORD-0000446,Credit Card,1079.87,2025-11-26,Completed
PAY-0008614,ORD-0008614,Debit Card,1007.08,2025-02-05,Failed
PAY-0002638,ORD-0002638,PayPal,385.14,2026-08-04,Refunded
PAY-0006914,ORD-0006914,Credit Card,103.24abc,2025-07-30,Completed
PAY-0008723,ORD-0008723,Debit Card,1024.59,2025-01-11,Failed
PAY-0001111,ORD-0001111,,3435.09,2026-08-28,Completed
PAY-0011328,ORD-0011328,PayPal,584.57,2025-11-26,Completed
PAY-0005235,ORD-0005235,Gift Card,7080.1,2025-11-03,Completed
PAY-0008470,ORD-0008470,PayPal,1645.96,2025-08-14,Failed
PAY-0002138,ORD-0002138,Credit Card,1669.57,2026-02-14,Completed
PAY-0002536,ORD-0002536,Debit Card,365.31,2024-05-03,Completed
PAY-0009554,ORD-0009554,Debit Card,1951.48,2025-05-02,Pending
PAY-0009411,ORD-0009411,Credit Card,1313.14,2024-08-18,Completed
PAY-0003113,ORD-0003113,PayPal,353.62,2026-08-16,Failed
PAY-0002147,ORD-0002147,Credit Card,4411.95,2024-12-27,Completed
PAY-0006078,ORD-0006078,Gift Card,1600.0,2025-10-25,Completed
PAY-0004180,ORD-0004180,Debit Card,375.2,2026-01-31,Completed
PAY-0002118,ORD-0002118,Debit Card,2164.63,2026-04-05,Completed
PAY-0007309,ORD-0007309,Credit Card,461.65,2026-09-02,Completed
PAY-0007755,ORD-0007755,PayPal,37.85,2024-11-15,Completed
PAY-0004874,ORD-0004874,Debit Card,847.46,22-Aug-2025,Pending
PAY-0003354,ORD-0003354,Credit Card,1608.97,2025-07-26,Pending
PAY-0004736,ORD-0004736,Credit Card,1667.4,2026-03-16,Completed
PAY-0003163,ORD-0003163,Credit Card,703.68,2026-08-23,Failed
PAY-0008121,ORD-0008121,Debit Card,479.04,2026-08-27,Completed
PAY-0011898,ORD-0011898,Bank Transfer,2257.09,2026-07-31,Completed
PAY-0004420,ORD-0004420,Debit Card,1599.2,2026-05-29,Completed
PAY-0004192,ORD-0004192,Debit Card,1361.0,2024-12-15,Completed
PAY-0000586,ORD-0000586,PayPal,1610.6,2026-03-01,Failed
PAY-0008379,ORD-0008379,Credit Card,276.94,2025-05-24,Pending
PAY-0007823,ORD-0007823,Bank Transfer,574.72,2025-01-07,Completed
PAY-0003882,ORD-0003882,Credit Card,1201.86,2024-01-05,Completed
PAY-0001097,ORD-0001097,PayPal,4872.89,2026-07-15,Completed
PAY-0005103,ORD-0005103,PayPal,317.44,2026-06-20,Completed
PAY-0004453,ORD-0004453,PayPal,949.88,2025-12-23,Completed
PAY-0008047,ORD-0008047,Credit Card,1234.14,2026-08-01,Completed
PAY-0009070,ORD-0009070,Debit Card,759.08,2024-11-02,Failed
PAY-0004552,ORD-0004552,Gift Card,574.03abc,2026-04-07,Completed
PAY-0002820,ORD-0002820,PayPal,1838.98,2026-09-02,Failed
PAY-0001962,ORD-0001962,Credit Card,560.9,2025-12-23,Pending
PAY-0001594,ORD-0001594,Debit Card,1102.84,2025-06-04,Completed
PAY-0002731,ORD-0002731,Debit Card,652.53,2025-07-04,Completed
PAY-0009521,ORD-0009521,Credit Card,1113.26,2025-08-10,Completed
PAY-0006892,ORD-0006892,PayPal,2111.6,2025-11-28,Pending
PAY-0006014,ORD-0006014,Debit Card,361.28,2026-07-28,Failed
PAY-0008560,ORD-0008560,PayPal,391.26,2025-11-02,Completed
PAY-0007537,ORD-0007537,Gift Card,2620.38,2026-06-29,Completed
PAY-0007863,ORD-0007863,Credit Card,2684.73,2025-04-23,Failed
PAY-0007381,ORD-0007381,Debit Card,2629.15,2026-04-28,Failed
PAY-0005491,ORD-0005491,Gift Card,907.06,2025-11-20,Refunded
PAY-0000629,ORD-0000629,Credit Card,2108.82,2026-05-12,Completed
PAY-0002830,ORD-0002830,Credit Card,1750.49,2026-09-01,Completed
PAY-0009874,ORD-0009874,Debit Card,653.53,2026-05-09,Pending
PAY-0000520,ORD-0000520,PayPal,4518.59,2026-07-24,Failed
PAY-0011325,ORD-0011325,Bank Transfer,3509.94,2025-12-07,Completed
PAY-0008364,ORD-0008364,Credit Card,933.48,2025-09-14,Completed
PAY-0003565,ORD-0003565,Debit Card,3657.5,2024-10-25,Failed
PAY-0004557,ORD-0004557,Debit Card,5880.22,2026-04-11,Refunded
PAY-0007925,ORD-0007925,Credit Card,212.76,2026-08-20,Completed
PAY-0003422,ORD-0003422,Credit Card,933.95,2026-04-08,Completed
PAY-0001666,ORD-0001666,Credit Card,283.96,2026-06-23,Completed
PAY-0000155,ORD-0000155,Credit Card,3773.0,2026-07-30,Failed
PAY-0002813,ORD-0002813,Credit Card,242.78,2025-08-11,Failed
PAY-0011809,ORD-0011809,Credit Card,2780.49,2025-08-08,Completed
PAY-0007149,ORD-0007149,PayPal,274.75,2025-01-24,Completed
PAY-0009009,ORD-0009009,PayPal,3615.73,2026-05-14,Completed
PAY-0002792,ORD-0002792,Debit Card,2961.31,2026-02-27,Completed
PAY-0004918,ORD-0004918,Credit Card,892.35,2026-03-10,Failed
PAY-0000312,ORD-0000312,Credit Card,3158.72,2026-08-27,Completed
PAY-0008235,ORD-0008235,Debit Card,109266.47,2026-08-26,Completed
PAY-0000918,ORD-0000918,Bank Transfer,865.73,2025-04-07,Completed
PAY-0010539,ORD-0010539,Debit Card,232.46,2026-02-20,Completed
PAY-0006105,ORD-0006105,Debit Card,55908.68,2026-07-01,Pending
PAY-0000891,ORD-0000891,Credit Card,180.7,2026-05-13,Completed
PAY-0006393,ORD-0006393,PayPal,734.99,2026-06-06,Completed
PAY-0009097,ORD-0009097,Debit Card,2948.12,2026-07-09,Failed
PAY-0010569,ORD-0010569,Credit Card,3590.98,2025-09-20,Completed
PAY-0011549,ORD-0011549,Credit Card,801.89,2025-02-09,Refunded
PAY-0011778,ORD-0011778,Credit Card,1100.62,2025-10-16,Failed
PAY-0006001,ORD-0006001,Credit Card,729.12,2026-07-08,Failed
PAY-0006559,ORD-0006559,Credit Card,3091.27,2026-08-11,Completed
PAY-0002100,ORD-0002100,Debit Card,9320.33,2025-02-14,Refunded
PAY-0009331,ORD-0009331,Credit Card,480.6,2025-11-09,Completed
PAY-0001815,ORD-0001815,Credit Card,7536.55,2024-10-19,Pending
PAY-0007588,ORD-0007588,Credit Card,1124.5,2026-05-16,Completed
PAY-0006633,ORD-0006633,Gift Card,1032.78,2026-05-30,Completed
PAY-0003471,ORD-0003471,Credit Card,108.61,2026-05-03,Completed
PAY-0000712,ORD-0000712,Credit Card,2781.16,06-Jan-2026,Completed
PAY-0002681,ORD-0002681,Debit Card,5795.69,2026-06-04,Completed
PAY-0008129,ORD-0008129,PayPal,944.74,2025-11-13,Refunded
PAY-0007123,ORD-0007123,Credit Card,1201.05,2026-09-05,Failed
PAY-0004615,ORD-0004615,Credit Card,5106.91,2026-08-20,Completed
PAY-0000893,ORD-0000893,Credit Card,1188.91,2024-10-23,Failed
PAY-0010351,ORD-0010351,Debit Card,1429.71,2026-08-28,Completed
PAY-0007238,ORD-0007238,Credit Card,2011.1,2026-09-01,Completed
PAY-0009335,ORD-0009335,Credit Card,1322.27,2025-01-20,Completed
PAY-0003330,ORD-0003330,PayPal,358.23,2026-08-31,Pending
PAY-0007715,ORD-0007715,PayPal,109.67,2026-03-09,Pending
PAY-0010439,ORD-0010439,Debit Card,3676.73,2024-12-28,Failed
PAY-0007828,ORD-0007828,Credit Card,421.79,2026-08-04,Failed
PAY-0004263,ORD-0004263,Credit Card,1922.88,2026-07-09,Completed
PAY-0005902,ORD-0005902,Credit Card,571.9,2026-08-10,Completed
PAY-0001372,ORD-0001372,Credit Card,1854.88,2026-08-05,Completed
PAY-0004086,ORD-0004086,Debit Card,81885.06,2025-07-04,Pending
PAY-0010855,ORD-0010855,Debit Card,111.88,2026-03-29,Refunded
PAY-0001218,ORD-0001218,PayPal,2472.17,2025-06-09,Pending
PAY-0001971,ORD-0001971,Debit Card,2258.08,2025-06-19,Completed
PAY-0006492,ORD-0006492,PayPal,2526.98,2026-01-24,Pending
PAY-0000602,ORD-0000602,Debit Card,297.29,2026-06-21,Completed
PAY-0003701,ORD-0003701,Credit Card,219.5,2025-07-26,Pending
PAY-0008615,ORD-0008615,Credit Card,1491.9,2025-09-05,Completed
PAY-0009301,ORD-0009301,Credit Card,1348.27,2026-02-09,Completed
PAY-0002747,ORD-0002747,Credit Card,1095.16,2026-06-05,Completed
PAY-0003073,ORD-0003073,Credit Card,2938.71,2026-01-25,Completed
PAY-0011817,ORD-0939153,Debit Card,518.44,2025-07-23,Completed
PAY-0003339,ORD-0003339,Debit Card,4035.22,2024-05-26,Completed
PAY-0001049,ORD-0001049,Credit Card,4557.95,2026-01-13,Completed
PAY-0011872,ORD-0011872,Credit Card,3729.53,2026-01-23,Completed
PAY-0007130,ORD-0007130,Debit Card,2948.01,2024-10-25,Completed
PAY-0000970,ORD-0000970,Credit Card,873.32,2025-04-22,Failed
PAY-0006426,ORD-0006426,Gift Card,2294.59,2026-06-18,Completed
PAY-0004822,ORD-0004822,PayPal,641.95,2026-02-10,Completed
PAY-0005762,ORD-0005762,Debit Card,769.0,2025-02-21,Completed
PAY-0011335,ORD-0011335,Gift Card,1603.68,2026-01-13,Refunded
PAY-0009759,ORD-0009759,Debit Card,502.48,2024-09-10,Completed
PAY-0007862,ORD-0007862,PayPal,165.03,2026-05-08,Completed
PAY-0000649,ORD-0000649,Debit Card,2907.24,2025-12-06,Completed
PAY-0009623,ORD-0009623,Debit Card,808.43,2025-05-08,Completed
PAY-0005741,ORD-0005741,Gift Card,2125.12,2026-03-06,Failed
PAY-0011340,ORD-0011340,PayPal,287.52,2026-07-04,Pending
PAY-0003158,ORD-0003158,Credit Card,251.5,2026-01-19,Refunded
PAY-0007637,ORD-0007637,Credit Card,562.69,2026-05-27,Refunded
PAY-0008976,ORD-0008976,Debit Card,219.26,2026-08-18,Completed
PAY-0006843,ORD-0006843,Debit Card,273.38,2026-05-13,Completed
PAY-0001382,ORD-0001382,Credit Card,2589.8,2025-01-29,Completed
PAY-0009092,ORD-0009092,Gift Card,631.74,2026-08-08,Completed
PAY-0008843,ORD-0008843,Credit Card,943.98,2025-08-19,Pending
PAY-0001926,ORD-0001926,Debit Card,1370.54,09/01/2025,Pending
PAY-0006211,ORD-0006211,PayPal,646.83,2024-10-08,Pending
PAY-0006576,ORD-0006576,Debit Card,4351.46,2026-07-22,Pending
PAY-0010027,ORD-0010027,Credit Card,2608.66,2026-05-04,Completed
PAY-0008899,ORD-0008899,Credit Card,6223.71,2025-12-13,Completed
PAY-0001074,ORD-0001074,PayPal,569.1,2026-03-12,Completed
PAY-0001914,ORD-0001914,Gift Card,2768.24,2024-08-28,Completed
PAY-0000691,ORD-0000691,PayPal,2031.51,2026-08-30,Completed
PAY-0000127,ORD-0000127,Credit Card,14.63,2026-02-25,Completed
PAY-0001209,ORD-0001209,Gift Card,$1068.46,2026-08-31,Completed
PAY-0011121,ORD-0011121,Credit Card,721.08,2026-08-19,Pending
PAY-0010831,ORD-0010831,Credit Card,1417.4,2025-03-23,Completed
PAY-0004754,ORD-0004754,PayPal,301.9,2026-05-17,Completed
PAY-0000844,ORD-0000844,Bank Transfer,505.52,2026-05-24,Completed
PAY-0000210,ORD-0000210,Gift Card,1124.02,2026-04-30,Completed
PAY-0001224,ORD-0001224,PayPal,655.95,04-Jul-2026,Pending
PAY-0000276,ORD-0000276,Credit Card,2279.44,2026-08-07,Completed
PAY-0010452,ORD-0010452,Credit Card,1872.99,2026-08-16,Failed
PAY-0005816,ORD-0005816,Debit Card,3258.98,2024-08-20,Completed
PAY-0002537,ORD-0002537,Debit Card,1765.4,2026-05-27,Completed
PAY-0006065,ORD-0006065,Bank Transfer,1108.17,2026-06-30,Completed
PAY-0006150,ORD-0006150,Gift Card,1244.28,2025-10-13,Completed
PAY-0008291,ORD-0008291,Credit Card,1249.04,2026-03-23,Completed
PAY-0003864,ORD-0003864,Gift Card,653.66,2026-08-01,Completed
PAY-0008240,ORD-0008240,Credit Card,2810.95,2026-06-08,Completed
PAY-0005159,ORD-0005159,,1327.42,"August 23, 2026",Completed
PAY-0008918,ORD-0008918,Debit Card,222.02,2026-09-04,Failed
PAY-0010607,ORD-0010607,Credit Card,526.03,2026-07-14,Completed
PAY-0011708,ORD-0011708,,825.59,2025-09-07,Failed
PAY-0010470,ORD-0010470,Credit Card,1474.91,2026-07-14,Completed
PAY-0002553,ORD-0002553,Debit Card,4750.82,2026-06-08,Completed
PAY-0003854,ORD-0003854,PayPal,1197.28,2026-02-16,Completed
PAY-0006955,ORD-0006955,Credit Card,1966.63,2025-10-18,Completed
PAY-0011652,ORD-0011652,PayPal,2210.79,2026-08-29,Completed
PAY-0001177,ORD-0001177,Bank Transfer,1075.05,07/25/2025,Failed
PAY-0010680,ORD-0010680,PayPal,1572.38,2025-05-17,Pending
PAY-0002379,ORD-0002379,Credit Card,163.96,2025-08-17,Completed
PAY-0002725,ORD-0002725,Debit Card,2938.62,2026-09-04,Refunded
PAY-0010794,ORD-0010794,Credit Card,-502.98,2025-10-26,Completed
PAY-0006760,ORD-0006760,PayPal,$5074.94,2026-03-30,Refunded
PAY-0010884,ORD-0010884,PayPal,3125.11,2026-08-28,Completed
PAY-0000536,ORD-0000536,PayPal,1513.13,2026-08-17,Completed
PAY-0004929,ORD-0004929,Debit Card,1248.06,2026-09-05,Failed
PAY-0007975,ORD-0007975,Credit Card,186.8,2025-09-20,Completed
PAY-0000088,ORD-0000088,Credit Card,248.96,2026-09-03,Completed
PAY-0001484,ORD-0001484,Credit Card,2687.09,08-Apr-2026,Completed
PAY-0002874,ORD-0002874,PayPal,2274.46,2025-09-25,Pending
PAY-0003040,ORD-0003040,Debit Card,400.52,2024-07-25,Completed
PAY-0010039,ORD-0010039,Debit Card,47.81,2026-08-25,Completed
PAY-0006301,ORD-0006301,Debit Card,936.94,2025-04-11,Failed
PAY-0001557,ORD-0001557,PayPal,952.51,04/24/2025,Completed
PAY-0011433,ORD-0011433,Gift Card,1049.25,10/26/2025,Completed
PAY-0008572,ORD-0008572,Credit Card,3037.06,2026-07-24,Completed
PAY-0011608,ORD-0011608,Debit Card,776.64,2024-05-19,Completed
PAY-0008105,ORD-0008105,Credit Card,5712.36,2026-06-15,Completed
PAY-0009946,ORD-0009946,Debit Card,2772.0,2026-05-16,Pending
PAY-0011450,ORD-0011450,PayPal,--,2026-01-31,Completed
PAY-0002356,ORD-0002356,Credit Card,2198.69abc,2025-08-16,Completed
PAY-0011826,ORD-0011826,Debit Card,1775.91,2025-07-16,Failed
PAY-0004669,ORD-0004669,Debit Card,467.77,2026-06-28,Completed
PAY-0004828,ORD-0004828,Credit Card,1929.89,2026-03-23,Completed
PAY-0001674,ORD-0001674,Gift Card,1133.84,2024-11-13,Refunded
PAY-0000310,ORD-0000310,Debit Card,1042.66,2025-10-17,Refunded
PAY-0000169,ORD-0000169,Debit Card,1568.45,2026-08-25,Completed
PAY-0001217,ORD-0001217,Debit Card,1926.76,2026-07-03,Completed
PAY-0008028,ORD-0008028,Credit Card,1401.2,2026-06-29,Completed
PAY-0011569,ORD-0011569,Debit Card,687.9,2026-08-10,Completed
PAY-0011680,ORD-0011680,Credit Card,55491.79,2026-06-16,Pending
PAY-0006552,ORD-0006552,PayPal,502.52,2026-03-30,Completed
PAY-0008058,ORD-0008058,PayPal,2263.46,2025-09-26,Completed
PAY-0000713,ORD-0000713,Gift Card,4425.84,2026-08-02,Completed
PAY-0011688,ORD-0011688,PayPal,3362.73,2025-02-24,Pending
PAY-0011469,ORD-0011469,PayPal,804.93,2025-11-13,Completed
PAY-0005398,ORD-0005398,Credit Card,1553.47,2024-12-24,Completed
PAY-0007999,ORD-0007999,PayPal,4130.37,2024-07-01,Completed
PAY-0002815,ORD-0002815,Debit Card,709.58,2025-10-19,Completed
PAY-0002225,ORD-0002225,Credit Card,480.13,2026-08-28,Failed
PAY-0004961,ORD-0004961,Gift Card,?,2026-07-11,Completed
PAY-0009596,ORD-0009596,Credit Card,2233.34,2026-07-07,Completed
PAY-0010015,ORD-0010015,Debit Card,2137.2,2026-07-30,Completed
PAY-0002847,ORD-0002847,Debit Card,3013.79,2026-01-01,Completed
PAY-0002070,ORD-0002070,Bank Transfer,669.85,2026-06-15,Completed
PAY-0000496,ORD-0000496,Debit Card,2681.61,2025-02-06,Completed
PAY-0006038,ORD-0006038,Credit Card,3716.6,2026-04-23,Completed
PAY-0005576,ORD-0005576,PayPal,619.22,2026-02-19,Completed
PAY-0000564,ORD-0000564,Credit Card,1486.87,2026-09-01,Completed
PAY-0008852,ORD-0008852,Debit Card,1115.67,2025-11-30,Completed
PAY-0005515,ORD-0005515,Debit Card,2600.87,2026-08-13,Completed
PAY-0002372,ORD-0002372,Debit Card,5630.32,2024-09-27,Refunded
PAY-0003089,ORD-0003089,,109.28,2026-04-07,Completed
PAY-0006293,ORD-0006293,PayPal,472.45,2026-07-20,Completed
PAY-0006932,ORD-0006932,Credit Card,2983.09,2026-07-11,Refunded
PAY-0001499,ORD-0001499,Debit Card,2127.17,2025-12-16,Completed
PAY-0011250,ORD-0011250,,1857.09,2026-07-28,Completed
PAY-0003225,ORD-0003225,Credit Card,1595.14,2025-11-28,Refunded
PAY-0005742,ORD-0005742,Credit Card,2534.95,2025-06-24,Completed
PAY-0010088,ORD-0010088,Debit Card,2877.47,2025-12-11,Completed
PAY-0008312,ORD-0008312,PayPal,547.4,2026-09-03,Completed
PAY-0002936,ORD-0002936,PayPal,1416.48,2025-07-06,Failed
PAY-0005686,ORD-0005686,Gift Card,3814.96,2026-06-19,Completed
PAY-0001461,ORD-0001461,,3305.69,2025-03-19,Completed
PAY-0008953,ORD-0008953,Credit Card,2611.9,2025-05-10,Completed
PAY-0006526,ORD-0006526,Debit Card,1058.43,2025-10-07,Refunded
PAY-0010401,ORD-0010401,Credit Card,512.61,2024-12-11,Completed
PAY-0003033,ORD-0003033,Gift Card,1179.62,2026-06-04,Refunded
PAY-0009658,ORD-0009658,Debit Card,592.6,2024-07-06,Failed
PAY-0006543,ORD-0006543,Debit Card,1282.59,2026-07-05,Failed
PAY-0010633,ORD-0010633,Credit Card,2926.9,2025-11-02,Refunded
PAY-0007445,ORD-0007445,Credit Card,918.54,2026-05-03,Completed
PAY-0010166,ORD-0010166,Debit Card,402.85,2025-05-23,Completed
PAY-0009607,ORD-0009607,PayPal,550.51,2026-08-21,Completed
PAY-0009787,ORD-0009787,Bank Transfer,804.52,2026-08-14,Failed
PAY-0007930,ORD-0007930,Credit Card,484.98,2026-04-26,Completed
PAY-0001602,ORD-0001602,PayPal,2499.84,2026-06-21,Completed
PAY-0011012,ORD-0011012,PayPal,3082.88,2026-05-10,Completed
PAY-0011221,ORD-0011221,PayPal,187572.2,2026-08-18,Completed
PAY-0003152,ORD-0003152,PayPal,1180.38,2024-04-11,Refunded
PAY-0006218,ORD-0006218,,1250.4,2024-01-31,Completed
PAY-0007664,ORD-0007664,Debit Card,2884.03,2026-05-13,Completed
PAY-0009219,ORD-0009219,Credit Card,2319.44,2024-11-08,Refunded
PAY-0006506,ORD-0006506,Credit Card,235376.16,2026-04-23,Completed
PAY-0005389,ORD-0005389,PayPal,1013.78,2025-01-24,Completed
PAY-0000489,ORD-0000489,Debit Card,1395.45,2026-08-08,Refunded
PAY-0003872,ORD-0003872,Credit Card,640.17,2026-07-08,Completed
PAY-0009632,ORD-0009632,Credit Card,2813.72,2026-05-01,Completed
PAY-0009625,ORD-0009625,PayPal,2227.1,2026-02-23,Pending
PAY-0003262,ORD-0003262,Gift Card,675.75,2026-07-12,Completed
PAY-0001802,ORD-0001802,Credit Card,763.4,2025-08-20,Pending
PAY-0004438,ORD-0004438,Credit Card,731.6,2026-08-19,Completed
PAY-0004474,ORD-0004474,Credit Card,1981.78,2025-11-30,Completed
PAY-0004199,ORD-0004199,Credit Card,620.84,2026-04-10,Completed
PAY-0001338,ORD-0001338,Credit Card,791.64,2026-06-09,Pending
PAY-0004392,ORD-0004392,Credit Card,2879.95,2025-09-16,Completed
PAY-0007618,ORD-0007618,PayPal,1893.05,2026-01-02,Completed
PAY-0002693,ORD-0002693,Credit Card,660.03,2025-10-01,Failed
PAY-0000259,ORD-0000259,Debit Card,31.0,2026-03-01,Failed
PAY-0011478,ORD-0011478,Debit Card,2165.93,2025-10-27,Failed
PAY-0008083,ORD-0008083,PayPal,1566.77,2025-10-31,Completed
PAY-0004718,ORD-0937051,Credit Card,1107.3,2025-05-17,Completed
PAY-0006909,ORD-0006909,Credit Card,736.75,2026-08-04,Completed
PAY-0008621,ORD-0008621,Debit Card,1713.85,2025-12-06,Refunded
PAY-0007609,ORD-0007609,PayPal,2189.0,2026-04-20,Refunded
PAY-0006686,ORD-0006686,PayPal,2187.7,2025-10-27,Completed
PAY-0010594,ORD-0010594,Debit Card,664.46,2025-09-18,Completed
PAY-0002061,ORD-0002061,PayPal,257.48,2026-09-06,Completed
PAY-0010968,ORD-0010968,Credit Card,1429.71abc,2026-07-06,Failed
PAY-0006813,ORD-0006813,Credit Card,80.35,2026-06-06,Completed
PAY-0005955,ORD-0005955,Credit Card,133762.45,2025-02-23,Pending
PAY-0011066,ORD-0011066,Credit Card,85.54,2026-03-26,Completed
PAY-0004039,ORD-0004039,Credit Card,1587.83,2026-01-22,Completed
PAY-0010388,ORD-0010388,Gift Card,181.92,2026-08-11,Completed
PAY-0006471,ORD-0006471,Credit Card,1908.99,2025-06-26,Completed
PAY-0008502,ORD-0937468,Gift Card,1567.04,2026-04-06,Completed
PAY-0001116,ORD-0001116,Credit Card,1631.52,2025-09-09,Completed
PAY-0001320,ORD-0001320,Debit Card,46.42,2025-04-17,Completed
PAY-0007797,ORD-0007797,PayPal,2129.44,2026-07-06,Failed
PAY-0010400,ORD-0010400,Gift Card,50.97,2026-09-04,Failed
PAY-0004097,ORD-0004097,,47.17,2024-09-04,Failed
PAY-0003620,ORD-0003620,PayPal,225.48,2026-08-06,Failed
PAY-0009106,ORD-0009106,Debit Card,230.06,2024-11-08,Refunded
PAY-0011759,ORD-0011759,,2459.05,2025-10-11,Completed
PAY-0006577,ORD-0006577,Credit Card,829.46,2025-07-31,Refunded
PAY-0001452,ORD-0001452,Gift Card,4736.13,2026-06-03,Refunded
PAY-0007606,ORD-0007606,Credit Card,432.12,2026-07-10,Completed
PAY-0011187,ORD-0011187,Credit Card,558.14,2026-07-14,Completed
PAY-0006543,ORD-0006543,Debit Card,1282.59,2026-07-05,Completed
PAY-0004770,ORD-0004770,Gift Card,910.31,2026-01-22,Completed
PAY-0004202,ORD-0004202,Bank Transfer,1340.32,2025-10-18,Completed
PAY-0005390,ORD-0005390,Credit Card,291.25,2025-08-27,Failed
PAY-0000058,ORD-0000058,Credit Card,1009.43,2026-03-30,Completed
PAY-0003598,ORD-0003598,Credit Card,965.66,2025-04-28,Completed
PAY-0000192,ORD-0000192,Credit Card,317.89,2026-05-09,Failed
PAY-0002443,ORD-0002443,Bank Transfer,unknown,2026-03-12,Failed
PAY-0007065,ORD-0007065,Credit Card,4277.89,2025-08-09,Completed
PAY-0007387,ORD-0007387,Credit Card,71831.46,2025-04-11,Failed
PAY-0002283,ORD-0002283,Credit Card,794.2,2026-07-23,Failed
PAY-0011137,ORD-0011137,Debit Card,656.8,2026-02-20,Completed
PAY-0004670,ORD-0004670,Credit Card,1766.6,"July 06, 2026",Completed
PAY-0011942,ORD-0011942,Debit Card,1774.8,2026-07-17,Completed
PAY-0002777,ORD-0002777,Credit Card,1361.76abc,2026-08-05,Completed
PAY-0011645,ORD-0011645,Credit Card,1120.44,2026-03-06,Completed
PAY-0002817,ORD-0002817,Debit Card,148.44,2025-10-18,Completed
PAY-0003221,ORD-0003221,Gift Card,782.44,2025-12-02,Failed
PAY-0004484,ORD-0004484,Debit Card,2963.48,2024-10-14,Completed
PAY-0003788,ORD-0003788,PayPal,1679.52,2026-09-03,Completed
PAY-0005719,ORD-0005719,Debit Card,1253.4,2026-01-24,Pending
PAY-0011492,ORD-0011492,Credit Card,540.81,2024-12-22,Completed
PAY-0004571,ORD-0004571,Credit Card,37.06,2026-01-09,Completed
PAY-0010814,ORD-0010814,Credit Card,683.44,2025-07-27,Pending
PAY-0004173,ORD-0004173,Credit Card,1655.59,"August 27, 2026",Failed
PAY-0001454,ORD-0001454,Credit Card,680.59,2026-07-24,Failed
PAY-0001974,ORD-0001974,Debit Card,12385.08,2025-10-16,Completed
PAY-0000672,ORD-0000672,Credit Card,2034.45,2026-08-10,Completed
PAY-0009612,ORD-0009612,Gift Card,3146.14,2025-07-01,Completed
PAY-0001684,ORD-0001684,Credit Card,5165.63,2025-12-25,Pending
PAY-0006154,ORD-0006154,Debit Card,146.62,2026-04-17,Failed
PAY-0011136,ORD-0011136,Debit Card,2214.19,2024-12-28,Completed
PAY-0006603,ORD-0006603,Credit Card,?,2026-07-07,Failed
PAY-0009084,ORD-0009084,Gift Card,3566.97,2026-02-17,Completed
PAY-0010709,ORD-0010709,Credit Card,707.89,2026-03-02,Completed
PAY-0011310,ORD-0011310,PayPal,1859.07,2024-12-24,Completed
PAY-0011148,ORD-0011148,PayPal,166.12,2026-08-10,Completed
PAY-0002028,ORD-0002028,Credit Card,5839.59,2026-06-12,Refunded
PAY-0008919,ORD-0008919,PayPal,260.5,2026-04-10,Completed
PAY-0008944,ORD-0008944,Credit Card,1053.96,2026-04-26,Completed
PAY-0007220,ORD-0007220,PayPal,846.78,2025-09-23,Completed
PAY-0008267,ORD-0008267,PayPal,1273.26,2026-05-29,Completed
PAY-0000194,ORD-0000194,Credit Card,525.93,2025-06-29,Pending
PAY-0002685,ORD-0002685,Credit Card,304506.27,2024-12-06,Failed
PAY-0005758,ORD-0005758,Debit Card,15960.2,2024-12-18,Completed
PAY-0004295,ORD-0004295,Debit Card,3837.53,2025-01-19,Refunded
PAY-0008071,ORD-0008071,Credit Card,334.36,2024-03-29,Completed
PAY-0006317,ORD-0006317,Credit Card,1887.35,2026-02-06,Refunded
PAY-0002812,ORD-0002812,Debit Card,147.21,2024-04-08,Completed
PAY-0005413,ORD-0005413,Credit Card,3013.9,2024-04-29,Pending
PAY-0001399,ORD-0001399,PayPal,581.17,2026-07-15,Completed
PAY-0003859,ORD-0003859,PayPal,1348.76,2024-09-08,Pending
PAY-0000299,ORD-0000299,PayPal,3674.71,2024-12-05,Failed
PAY-0005282,ORD-0005282,PayPal,520.47,2026-01-24,Completed
PAY-0000469,ORD-0000469,Debit Card,229.49,2026-04-24,Pending
PAY-0009699,ORD-0009699,PayPal,481.4,2026-07-03,Refunded
PAY-0004064,ORD-0004064,Credit Card,4728.1,2026-08-15,Completed
PAY-0010423,ORD-0010423,Debit Card,2883.06,2025-10-02,Failed
PAY-0011262,ORD-0011262,Credit Card,25.44,2026-08-28,Completed
PAY-0007215,ORD-0007215,PayPal,1147.07,2026-06-02,Completed
PAY-0001117,ORD-0973655,Debit Card,2429.4,2026-04-16,Completed
PAY-0010535,ORD-0010535,Credit Card,1099.27,2026-08-09,Completed
PAY-0003606,ORD-0003606,PayPal,3266.41,2026-05-05,Failed
PAY-0000439,ORD-0000439,Gift Card,1215.94,2025-07-05,Completed
PAY-0001725,ORD-0001725,Gift Card,3981.32,2026-09-07,Pending
PAY-0007949,ORD-0007949,Gift Card,114.86,2025-08-27,Pending
PAY-0001052,ORD-0001052,Gift Card,1515.5,2026-02-16,Refunded
PAY-0010536,ORD-0010536,Debit Card,111217.58,2026-05-09,Completed
PAY-0003893,ORD-0003893,Debit Card,700.58,2026-05-27,Completed
PAY-0002253,ORD-0002253,Credit Card,732.81,2025-05-14,Completed
PAY-0001658,ORD-0001658,Debit Card,1477.76,2026-05-26,Completed
PAY-0010568,ORD-0010568,Bank Transfer,561.19,2025-05-19,Completed
PAY-0001019,ORD-0001019,Credit Card,1380.67,2025-09-29,Completed
PAY-0007001,ORD-0007001,PayPal,941.08,2026-07-31,Refunded
PAY-0006149,ORD-0006149,Debit Card,1518.57,2026-04-29,Completed
PAY-0002267,ORD-0002267,Debit Card,3709.0,2026-04-29,Completed
PAY-0005859,ORD-0005859,Debit Card,3291.22,2026-08-06,Completed
PAY-0001717,ORD-0001717,,917.74,2024-09-05,Completed
PAY-0004578,ORD-0004578,PayPal,436.65,2025-04-21,Failed
PAY-0000295,ORD-0000295,PayPal,57657.67,2025-12-20,Completed
PAY-0000351,ORD-0000351,Debit Card,1645.73,2026-07-14,Completed
PAY-0007176,ORD-0007176,PayPal,894.39,03-Apr-2026,Completed
PAY-0003942,ORD-0003942,Gift Card,1558.25,2026-02-09,Pending
PAY-0001498,ORD-0001498,PayPal,2318.77,2026-06-29,Completed
PAY-0002674,ORD-0002674,Debit Card,2326.3,2026-06-20,Completed
PAY-0009341,ORD-0009341,Credit Card,3821.99,2025-09-19,Completed
PAY-0000216,ORD-0000216,Credit Card,1343.43,2026-08-30,Completed
PAY-0010161,ORD-0010161,PayPal,5819.41,2025-07-04,Completed
PAY-0011219,ORD-0011219,Credit Card,-3863.83,2025-05-16,Pending
PAY-0002678,ORD-0002678,PayPal,960.52,2026-07-31,Completed
PAY-0003231,ORD-0003231,PayPal,1299.64,2026-03-02,Completed
PAY-0011561,ORD-0011561,Credit Card,2616.36,2026-05-16,Completed
PAY-0004394,ORD-0004394,Gift Card,2303.8,2026-05-04,Completed
PAY-0001166,ORD-0001166,PayPal,$352.06,2026-08-30,Completed
PAY-0001395,ORD-0001395,Credit Card,4018.48,2026-02-01,Completed
PAY-0011291,ORD-0011291,Gift Card,1351.9,2026-01-26,Completed
PAY-0007098,ORD-0007098,,1827.54,2025-11-20,Pending
PAY-0003487,ORD-0003487,Gift Card,1744.12,2026-03-14,Completed
PAY-0011593,ORD-0011593,Bank Transfer,240.11,2026-04-17,Failed
PAY-0007222,ORD-0007222,Debit Card,6024.78,2026-03-11,Failed
PAY-0009485,ORD-0009485,PayPal,2994.85,2025-07-31,Completed
PAY-0000498,ORD-0000498,PayPal,244.07,2025-12-28,Completed
PAY-0009368,ORD-0926151,Gift Card,744.57,2026-01-05,Completed
PAY-0007786,ORD-0007786,Credit Card,2367.41,"May 16, 2025",Completed
PAY-0000982,ORD-0000982,Debit Card,15370.32,2025-12-08,Completed
PAY-0007329,ORD-0007329,Gift Card,2467.54,2026-07-21,Completed
PAY-0003066,ORD-0003066,Credit Card,5052.86,"November 30, 2025",Completed
PAY-0002180,ORD-0002180,Debit Card,1287.59,2025-11-04,Failed
PAY-0004498,ORD-0004498,Bank Transfer,468.8,2026-07-07,Pending
PAY-0001837,ORD-0001837,Credit Card,244.56,2024-06-24,Completed
PAY-0009841,ORD-0009841,Debit Card,950.37,2025-05-04,Refunded
PAY-0000231,ORD-0000231,Credit Card,936.99,2025-04-12,Failed
PAY-0000479,ORD-0000479,Credit Card,3119.82,2026-06-15,Completed
PAY-0001697,ORD-0001697,Credit Card,2573.9,2024-05-26,Pending
PAY-0007170,ORD-0007170,PayPal,2241.23,2026-07-28,Completed
PAY-0007064,ORD-0007064,Debit Card,1663.4,2026-07-19,Failed
PAY-0002749,ORD-0002749,PayPal,487.88,21-Dec-2024,Completed
PAY-0009229,ORD-0009229,PayPal,unknown,2026-07-14,Pending
PAY-0006986,ORD-0006986,Gift Card,1124.37,2026-02-04,Completed
PAY-0011556,ORD-0011556,Credit Card,3083.38,2025-09-10,Completed
PAY-0005889,ORD-0005889,PayPal,3040.05,2025-07-23,Completed
PAY-0007016,ORD-0007016,Debit Card,256765.56,2025-01-14,Refunded
PAY-0008735,ORD-0008735,Credit Card,1108.27,2025-12-17,Completed
PAY-0008570,ORD-0008570,Credit Card,52.88,2026-01-02,Failed
PAY-0002501,ORD-0002501,Debit Card,1542.05,2026-03-01,Completed
PAY-0010927,ORD-0010927,Credit Card,1731.96,2026-01-16,Completed
PAY-0002054,ORD-0002054,Gift Card,1786.88,2024-06-05,Completed
PAY-0011613,ORD-0011613,Gift Card,4471.95,2025-09-22,Failed
PAY-0009394,ORD-0009394,Debit Card,1779.95,2026-04-06,Completed
PAY-0009779,ORD-0009779,Gift Card,1096.0,2025-07-31,Failed
PAY-0001211,ORD-0001211,Credit Card,1089.14,2025-05-09,Pending
PAY-0004955,ORD-0004955,Credit Card,2812.27,2025-01-03,Completed
PAY-0002269,ORD-0002269,PayPal,2084.8,2026-01-07,Completed
PAY-0005755,ORD-0005755,PayPal,3298.67,2026-03-06,Completed
PAY-0010232,ORD-0010232,PayPal,995.92,2026-07-09,Completed
PAY-0005571,ORD-0005571,Credit Card,968.32,2026-06-25,Refunded
PAY-0006464,ORD-0006464,Debit Card,2616.57,2026-03-28,Completed
PAY-0010068,ORD-0010068,PayPal,448.85,2026-08-27,Completed
PAY-0011491,ORD-0011491,PayPal,179.37,2026-04-25,Completed
PAY-0010384,ORD-0010384,Credit Card,5071.8,2025-04-25,Completed
PAY-0007858,ORD-0007858,PayPal,55.04,2025-05-21,Completed
PAY-0007051,ORD-0007051,Debit Card,349.57,2026-07-10,Refunded
PAY-0011878,ORD-0011878,PayPal,116.19,2026-02-01,Pending
PAY-0001632,ORD-0001632,Credit Card,575.47,2025-09-22,Completed
PAY-0000561,ORD-0000561,Credit Card,3057.09,2026-04-27,Failed
PAY-0011600,ORD-0011600,Credit Card,2129.52,2025-04-09,Completed
PAY-0006504,ORD-0006504,PayPal,15.61,2025-12-22,Completed
PAY-0003105,ORD-0003105,Gift Card,414.12,2026-06-26,Completed
PAY-0000465,ORD-0000465,Credit Card,204.56,2024-12-02,Completed
PAY-0005692,ORD-0005692,,1040.22,2025-02-08,Completed
PAY-0004315,ORD-0004315,,221.4,2026-07-03,Completed
PAY-0006090,ORD-0006090,PayPal,4177.71,2026-06-01,Pending
PAY-0010067,ORD-0974876,Debit Card,4059.33,2026-05-28,Pending
PAY-0003999,ORD-0003999,Debit Card,3546.51,2026-08-13,Pending
PAY-0009040,ORD-0009040,Credit Card,99.88,2026-05-24,Completed
PAY-0003047,ORD-0003047,Gift Card,91.75,2025-11-16,Completed
PAY-0011301,ORD-0011301,Gift Card,481.23,2026-03-29,Refunded
PAY-0003934,ORD-0003934,Gift Card,3125.28,2026-08-29,Completed
PAY-0000940,ORD-0000940,Credit Card,1250.36,2026-07-27,Completed
PAY-0010647,ORD-0010647,Credit Card,3192.38,2024-03-28,Completed
PAY-0002217,ORD-0002217,Credit Card,4391.88,2025-06-10,Completed
PAY-0002615,ORD-0002615,Debit Card,753.18,2026-07-13,Completed
PAY-0011082,ORD-0011082,Credit Card,1580.21,2024-11-07,Failed
PAY-0010500,ORD-0010500,Debit Card,884.57,02-Oct-2025,Completed
PAY-0009154,ORD-0009154,Debit Card,1155.65,2024-06-11,Completed
PAY-0008458,ORD-0008458,Credit Card,3590.75,2025-11-25,Failed
PAY-0010909,ORD-0010909,Debit Card,$4051.85,08/29/2026,Completed
PAY-0009706,ORD-0009706,Credit Card,1140.91,2025-11-11,Failed
PAY-0005545,ORD-0005545,Debit Card,1037.13,2026-08-05,Completed
PAY-0009291,ORD-0009291,Credit Card,5492.26,2025-07-29,Refunded
PAY-0001680,ORD-0001680,PayPal,2387.89,2025-06-21,Refunded
PAY-0009231,ORD-0009231,Debit Card,5924.81,2026-02-19,Completed
PAY-0009226,ORD-0009226,Credit Card,880.53,2026-03-29,Pending
PAY-0001958,ORD-0001958,PayPal,3747.96,2026-08-21,Completed
PAY-0011228,ORD-0011228,PayPal,584.76,2026-06-26,Failed
PAY-0004888,ORD-0004888,Credit Card,5436.5,2026-08-24,Completed
PAY-0005999,ORD-0005999,Credit Card,1398.0,2025-12-16,Completed
PAY-0003676,ORD-0003676,Gift Card,4153.53,2026-07-15,Completed
PAY-0009582,ORD-0009582,Credit Card,n/a,2026-06-05,Refunded
PAY-0003977,ORD-0003977,Gift Card,2315.93,2026-04-14,Completed
PAY-0009971,ORD-0009971,,6254.4,2026-07-29,Completed
PAY-0005309,ORD-0005309,Credit Card,3878.24,2026-08-29,Completed
PAY-0009093,ORD-0009093,PayPal,1584.0,2025-11-20,Completed
PAY-0010422,ORD-0010422,PayPal,4327.4,2025-07-12,Completed
PAY-0000781,ORD-0000781,Bank Transfer,$1281.81,2024-08-20,Refunded
PAY-0007172,ORD-0007172,Debit Card,526.51,2025-01-19,Completed
PAY-0006208,ORD-0006208,Bank Transfer,4753.56,2024-01-08,Completed
PAY-0005914,ORD-0005914,Debit Card,1663.16,2025-12-27,Pending
PAY-0006332,ORD-0006332,,1410.27,2026-03-01,Completed
PAY-0011446,ORD-0011446,Credit Card,1179.38,2025-08-28,Completed
PAY-0007889,ORD-0007889,Credit Card,1096.48,2026-08-20,Completed
PAY-0002668,ORD-0002668,Debit Card,2783.56,2026-05-09,Completed
PAY-0003878,ORD-0003878,Bank Transfer,908.12,2024-12-15,Completed
PAY-0002110,ORD-0002110,PayPal,4911.12,2025-10-11,Completed
PAY-0005083,ORD-0005083,Credit Card,4945.26,2026-08-02,Failed
PAY-0004223,ORD-0004223,PayPal,1468.23,2026-04-14,Completed
PAY-0008497,ORD-0008497,Debit Card,3711.56,2026-07-30,Pending
PAY-0001718,ORD-0001718,PayPal,1800.63,2024-07-27,Completed
PAY-0007967,ORD-0007967,Credit Card,165.27,2026-06-16,Completed
PAY-0006267,ORD-0006267,Gift Card,110.39,2025-08-15,Completed
PAY-0009932,ORD-0009932,Debit Card,$1312.29,2026-02-01,Completed
PAY-0001947,ORD-0001947,Credit Card,1189.71,2025-08-11,Refunded
PAY-0007979,ORD-0007979,Debit Card,263.21,2024-11-04,Completed
PAY-0005733,ORD-0005733,Credit Card,122.62,2026-08-24,Completed
PAY-0004168,ORD-0004168,Gift Card,1360.23,2026-03-31,Completed
PAY-0009902,ORD-0009902,PayPal,1262.57,2026-09-02,Completed
PAY-0011116,ORD-0011116,Debit Card,590.28,2025-10-09,Completed
PAY-0010406,ORD-0010406,Credit Card,1004.86,2026-07-17,Failed
PAY-0011822,ORD-0011822,Credit Card,392573.58,2026-04-28,Completed
PAY-0009182,ORD-0009182,Debit Card,2501.45,2026-06-04,Completed
PAY-0003682,ORD-0003682,Credit Card,1440.86,2026-07-22,Completed
PAY-0007009,ORD-0964749,Debit Card,$1295.12,2026-07-04,Completed
PAY-0010769,ORD-0010769,Debit Card,3758.35,2024-07-09,Pending
PAY-0010080,ORD-0010080,Debit Card,258.84,2026-05-16,Completed
PAY-0008799,ORD-0008799,Debit Card,421.8,2025-04-08,Completed
PAY-0008511,ORD-0008511,Debit Card,2375.56,2026-06-21,Completed
PAY-0009094,ORD-0009094,Debit Card,3507.4,2025-08-22,Completed
PAY-0002892,ORD-0002892,Debit Card,1069.3,2025-09-24,Refunded
PAY-0004261,ORD-0004261,Credit Card,35.56,2025-01-26,Failed
PAY-0007156,ORD-0007156,Credit Card,1316.69,2025-12-25,Completed
PAY-0004952,ORD-0004952,Credit Card,2987.49,2026-08-28,Failed
PAY-0003460,ORD-0003460,PayPal,1930.7,2026-09-01,Completed
PAY-0010413,ORD-0010413,Credit Card,101.0,2024-06-09,Refunded
PAY-0008053,ORD-0937047,Credit Card,77396.22,2026-08-17,Completed
PAY-0009923,ORD-0009923,PayPal,1028.77,2024-12-22,Completed
PAY-0001059,ORD-0001059,Debit Card,2666.52,2025-10-17,Completed
PAY-0002549,ORD-0002549,Credit Card,533.42,"February 25, 2025",Completed
PAY-0005737,ORD-0005737,Bank Transfer,2164.47,2025-02-27,Failed
PAY-0011534,ORD-0011534,Gift Card,410.92,2025-12-08,Completed
PAY-0002320,ORD-0002320,Credit Card,2615.41,2023-12-14,Completed
PAY-0009620,ORD-0009620,Credit Card,3673.98,2026-03-01,Completed
PAY-0006784,ORD-0006784,Gift Card,903.62,2025-01-29,Completed
PAY-0007794,ORD-0007794,PayPal,289.7,2026-08-21,Completed
PAY-0003270,ORD-0003270,PayPal,2312.9,2025-01-02,Completed
PAY-0006764,ORD-0006764,PayPal,1211.88,2025-10-29,Completed
PAY-0007935,ORD-0007935,Debit Card,2786.99,2026-05-06,Failed
PAY-0004925,ORD-0004925,Credit Card,1009.32,2026-08-14,Failed
PAY-0005035,ORD-0005035,Credit Card,354.24,2026-04-25,Completed
PAY-0002454,ORD-0002454,Credit Card,1471.89,2026-07-23,Completed
PAY-0006891,ORD-0006891,Bank Transfer,1941.12,2025-04-17,Completed
PAY-0010883,ORD-0010883,Credit Card,1039.24,2026-09-08,Completed
PAY-0008607,ORD-0008607,Credit Card,2079.51,2025-07-31,Completed
PAY-0008453,ORD-0008453,PayPal,4479.31,2025-05-18,Failed
PAY-0010987,ORD-0010987,Credit Card,1965.94,2024-09-20,Completed
PAY-0002067,ORD-0002067,PayPal,2055.94,2026-01-07,Pending
PAY-0005014,ORD-0005014,Debit Card,$1008.2,2026-03-18,Completed
PAY-0002066,ORD-0002066,Debit Card,471.87,2026-08-27,Completed
PAY-0004732,ORD-0004732,Credit Card,718.37,2026-08-06,Completed
PAY-0002975,ORD-0002975,Credit Card,379.72,2025-12-22,Completed
PAY-0009829,ORD-0009829,Credit Card,228.41,2026-07-29,Failed
PAY-0004233,ORD-0004233,PayPal,504.01,2026-07-05,Completed
PAY-0007711,ORD-0007711,Debit Card,4033.54,2026-08-11,Completed
PAY-0010325,ORD-0010325,Debit Card,997.41,"June 08, 2026",Failed
PAY-0002117,ORD-0002117,PayPal,-397.08,2024-08-19,Completed
PAY-0000543,ORD-0000543,Credit Card,3194.86,2026-04-23,Refunded
PAY-0000433,ORD-0000433,Debit Card,571.2,2024-10-25,Failed
PAY-0007702,ORD-0007702,Credit Card,292.37,2026-08-19,Completed
PAY-0004021,ORD-0004021,Debit Card,428.32,2025-12-09,Completed
PAY-0004524,ORD-0004524,Debit Card,333.6,2026-01-06,Completed
PAY-0000105,ORD-0000105,Debit Card,1387.32,2025-11-02,Completed
PAY-0000967,ORD-0000967,PayPal,493.68,2025-09-28,Pending
PAY-0011077,ORD-0011077,Bank Transfer,722.93,2024-07-19,Completed
PAY-0006448,ORD-0006448,Debit Card,2094.44,2026-05-14,Completed
PAY-0004312,ORD-0004312,Credit Card,626.2,2026-05-01,Completed
PAY-0007408,ORD-0007408,PayPal,439.45,2024-11-22,Completed
PAY-0005054,ORD-0005054,PayPal,2738.65,2025-07-23,Completed
PAY-0002039,ORD-0002039,Credit Card,1743.33,2025-10-29,Completed
PAY-0001239,ORD-0001239,Debit Card,1200.38,2024-07-01,Refunded
PAY-0010198,ORD-0010198,Credit Card,697.71,2024-01-08,Completed
PAY-0006919,ORD-0006919,,35.3,2024-10-03,Completed
PAY-0002059,ORD-0002059,Debit Card,3703.3,2024-12-24,Failed
PAY-0002146,ORD-0002146,PayPal,262.0,2026-06-12,Completed
PAY-0011755,ORD-0011755,Credit Card,173.32,2025-02-19,Failed
PAY-0010898,ORD-0010898,Gift Card,575.21,2025-07-17,Completed
PAY-0010870,ORD-0010870,Credit Card,940.1,2026-04-22,Failed
PAY-0004169,ORD-0004169,PayPal,518.62,2026-08-13,Completed
PAY-0001606,ORD-0001606,Debit Card,210.46,2026-08-07,Refunded
PAY-0007312,ORD-0007312,Bank Transfer,2435.64,2026-01-02,Completed
PAY-0000005,ORD-0000005,Debit Card,497.4,02-Apr-2026,Completed
PAY-0010784,ORD-0010784,Credit Card,971.62,2026-02-21,Pending
PAY-0008920,ORD-0008920,Gift Card,3417.07,2026-01-31,Completed
PAY-0000346,ORD-0000346,,1580.25,2026-06-21,Failed
PAY-0005099,ORD-0005099,Gift Card,1682.95,2026-02-17,Completed
PAY-0002496,ORD-0002496,PayPal,850.25,2026-04-14,Completed
PAY-0011575,ORD-0011575,Debit Card,2699.19,2025-09-04,Completed
PAY-0003473,ORD-0003473,Debit Card,640.78,2026-07-17,Pending
PAY-0006895,ORD-0006895,PayPal,3248.83,2025-01-28,Completed
PAY-0002671,ORD-0002671,Debit Card,1372.69,2026-04-14,Completed
PAY-0000747,ORD-0918781,Debit Card,3089.21,2026-05-12,Completed
PAY-0011929,ORD-0011929,,591.7,2026-08-22,Completed
PAY-0009576,ORD-0009576,Debit Card,1520.6,11-Dec-2025,Completed
PAY-0007121,ORD-0007121,Credit Card,3263.41,2026-03-13,Pending
PAY-0007148,ORD-0007148,Credit Card,1567.09,2026-07-31,Completed
PAY-0006481,ORD-0006481,Credit Card,2708.78,2026-08-12,Completed
PAY-0004372,ORD-0004372,Debit Card,3900.85,2025-11-18,Failed
PAY-0010900,ORD-0010900,Credit Card,286.51,2026-03-26,Completed
PAY-0011106,ORD-0011106,Credit Card,561.93abc,2026-05-09,Completed
PAY-0003023,ORD-0003023,PayPal,1067.63,2024-09-25,Pending
PAY-0010578,ORD-0010578,Credit Card,1056.7,2026-07-31,Failed
PAY-0007269,ORD-0007269,Debit Card,2475.4,2026-01-27,Failed
PAY-0007793,ORD-0007793,Debit Card,487.4,2025-12-23,Completed
PAY-0001787,ORD-0001787,Gift Card,119.86,2026-01-21,Completed
PAY-0006499,ORD-0006499,Credit Card,-2030.2,2025-11-18,Failed
PAY-0001609,ORD-0001609,PayPal,1524.45,2025-04-15,Completed
PAY-0009389,ORD-0009389,Bank Transfer,2129.14,2026-04-09,Refunded
PAY-0009945,ORD-0975736,PayPal,1979.96,2026-07-06,Refunded
PAY-0011832,ORD-0011832,PayPal,223.36,2026-08-22,Failed
PAY-0011558,ORD-0011558,Bank Transfer,654.34,2026-08-10,Pending
PAY-0007761,ORD-0993139,Debit Card,500.86,2026-01-18,Completed
PAY-0009356,ORD-0009356,Credit Card,-1146.3,2024-11-07,Completed
PAY-0004838,ORD-0004838,PayPal,1045.31,2026-03-25,Completed
PAY-0011782,ORD-0011782,PayPal,2954.2,2026-09-05,Completed
PAY-0004763,ORD-0004763,Credit Card,347.0,2026-05-10,Completed
PAY-0005958,ORD-0005958,Credit Card,3021.79,28-Mar-2025,Completed
PAY-0009183,ORD-0009183,Credit Card,1424.19,2025-06-01,Completed
PAY-0003432,ORD-0003432,Debit Card,1456.04,2026-07-17,Completed
PAY-0007737,ORD-0007737,Gift Card,356.85,2026-09-07,Completed
PAY-0007989,ORD-0007989,Credit Card,1634.59,2026-06-22,Completed
PAY-0011479,ORD-0011479,Bank Transfer,4034.62,2026-02-19,Failed
PAY-0004623,ORD-0004623,Debit Card,1724.0,2026-08-09,Completed
PAY-0011699,ORD-0011699,Gift Card,1504.41,2025-01-03,Completed
PAY-0011882,ORD-0011882,Gift Card,559.08,2026-04-26,Pending
PAY-0008697,ORD-0008697,Credit Card,453.27,2026-08-28,Pending
PAY-0001127,ORD-0001127,Credit Card,268.24,2024-07-30,Completed
PAY-0004341,ORD-0004341,,1016.42,2025-11-13,Completed
PAY-0001220,ORD-0001220,Debit Card,2394.6,2024-02-21,Completed
PAY-0004923,ORD-0004923,PayPal,3238.16,"September 04, 2026",Completed
PAY-0009319,ORD-0009319,PayPal,711.3,2026-02-18,Completed
PAY-0006075,ORD-0006075,Gift Card,189.58,2026-08-30,Completed
PAY-0007729,ORD-0912686,Bank Transfer,1991.04abc,2025-01-20,Refunded
PAY-0004121,ORD-0004121,Debit Card,1541.28,2025-04-13,Completed
PAY-0005591,ORD-0005591,Debit Card,305.44,2026-07-21,Completed
PAY-0009645,ORD-0944860,PayPal,2131.7,2025-11-08,Completed
PAY-0002627,ORD-0002627,Debit Card,2686.57,2025-01-31,Failed
PAY-0002694,ORD-0002694,Credit Card,2284.68,2026-06-04,Completed
PAY-0000660,ORD-0000660,PayPal,233.45,2026-09-04,Completed
PAY-0007425,ORD-0007425,Credit Card,349.23,2026-08-12,Completed
PAY-0010892,ORD-0010892,Debit Card,4742.1,2025-07-28,Completed
PAY-0009415,ORD-0009415,,266.9,2026-07-02,Completed
PAY-0007271,ORD-0007271,Debit Card,70505.89,2026-05-26,Completed
PAY-0000674,ORD-0000674,PayPal,1415.58,2026-05-05,Refunded
PAY-0004819,ORD-0004819,Debit Card,3253.93,2025-12-07,Completed
PAY-0002064,ORD-0002064,Debit Card,1613.48,2024-03-26,Pending
PAY-0001839,ORD-0001839,Credit Card,3741.56,2026-09-07,Completed
PAY-0000592,ORD-0000592,Credit Card,717.41,2025-11-09,Completed
PAY-0007127,ORD-0007127,PayPal,577.37,2026-06-10,Completed
PAY-0008939,ORD-0008939,PayPal,1486.07,2026-08-31,Completed
PAY-0000444,ORD-0000444,Debit Card,1026.24,18-Sep-2025,Completed
PAY-0005681,ORD-0005681,Debit Card,207.7,2026-06-13,Completed
PAY-0008934,ORD-0008934,Debit Card,3184.09,2025-08-04,Completed
PAY-0004820,ORD-0004820,Credit Card,-12995.64,2025-09-21,Completed
PAY-0003698,ORD-0003698,Debit Card,3263.15,2026-09-04,Failed
PAY-0005659,ORD-0005659,PayPal,619.24,2026-04-23,Completed
PAY-0008857,ORD-0008857,Gift Card,1981.11,2024-11-08,Failed
PAY-0005126,ORD-0983038,PayPal,1439.63,2026-07-09,Pending
PAY-0006591,ORD-0006591,Bank Transfer,1941.83,2025-11-18,Refunded
PAY-0008945,ORD-0008945,Credit Card,558.1,2024-08-19,Completed
PAY-0011343,ORD-0011343,Debit Card,96.26,2026-07-29,Failed
PAY-0011365,ORD-0011365,PayPal,3799.62,2026-02-10,Completed
PAY-0010075,ORD-0010075,Gift Card,3065.56,2025-05-14,Refunded
PAY-0002150,ORD-0002150,PayPal,2050.26,30-Jun-2026,Completed
PAY-0002499,ORD-0002499,Credit Card,2942.18,2025-07-24,Pending
PAY-0006493,ORD-0006493,Credit Card,951.36,2026-08-18,Completed
PAY-0003630,ORD-0003630,PayPal,1370.33,"May 10, 2026",Completed
PAY-0001322,ORD-0001322,Debit Card,2927.89,2025-12-28,Completed
PAY-0002122,ORD-0002122,Credit Card,447.8,2026-05-04,Completed
PAY-0005490,ORD-0005490,Gift Card,56890.77,2025-04-15,Refunded
PAY-0001740,ORD-0001740,Credit Card,4194.9,2026-09-04,Completed
PAY-0008532,ORD-0008532,Bank Transfer,438.82,2026-06-02,Completed
PAY-0000769,ORD-0000769,Credit Card,4864.49,2026-05-14,Completed
PAY-0007948,ORD-0007948,Credit Card,602.02,2026-07-20,Completed
PAY-0003179,ORD-0003179,Gift Card,-561.14,2026-07-30,Failed
PAY-0003111,ORD-0003111,PayPal,2167.54,2025-06-23,Completed
PAY-0001332,ORD-0001332,Credit Card,2968.73,2026-08-11,Completed
PAY-0002233,ORD-0002233,Gift Card,922.48,2026-08-20,Completed
PAY-0006642,ORD-0006642,Debit Card,731.92,2026-03-26,Completed
PAY-0007169,ORD-0007169,Bank Transfer,4079.65,2023-11-05,Completed
PAY-0004915,ORD-0004915,Debit Card,85.6,2025-05-23,Completed
PAY-0008585,ORD-0008585,Bank Transfer,4276.74,2026-04-27,Completed
PAY-0008719,ORD-0008719,Debit Card,3389.5,2026-07-31,Refunded
PAY-0000789,ORD-0000789,Credit Card,588.92,2025-03-27,Completed
PAY-0009733,ORD-0009733,Debit Card,1553.9,2024-01-10,Pending
PAY-0003520,ORD-0003520,PayPal,3499.52,2026-02-10,Completed
PAY-0010981,ORD-0010981,Gift Card,1002.02,2025-10-21,Completed
PAY-0011768,ORD-0011768,Debit Card,2808.86,2025-02-21,Completed
PAY-0007695,ORD-0007695,PayPal,4062.0,2026-05-10,Completed
PAY-0007899,ORD-0007899,Credit Card,3269.52,2026-07-22,Completed
PAY-0006865,ORD-0006865,PayPal,3222.61,2025-04-17,Completed
PAY-0006617,ORD-0006617,,294.52,2026-09-06,Completed
PAY-0007534,ORD-0007534,Gift Card,2039.81,2026-09-08,Completed
PAY-0001436,ORD-0001436,Credit Card,1209.91,2025-07-07,Pending
PAY-0005861,ORD-0005861,Credit Card,3901.72,2026-02-28,Completed
PAY-0011597,ORD-0011597,Credit Card,2266.5,2024-07-07,Completed
PAY-0004876,ORD-0004876,,1023.95,2024-11-02,Completed
PAY-0003857,ORD-0003857,Debit Card,243.06,2026-03-05,Failed
PAY-0006627,ORD-0006627,Debit Card,1058.79,2026-02-27,Completed
PAY-0006028,ORD-0006028,Debit Card,1220.88,2026-02-04,Completed
PAY-0000565,ORD-0000565,Credit Card,1115.98,2026-05-23,Completed
PAY-0007741,ORD-0007741,Gift Card,2745.28,2026-05-17,Completed
PAY-0001831,ORD-0001831,Debit Card,1795.61,"April 25, 2026",Completed
PAY-0004388,ORD-0004388,Credit Card,2762.8,2025-04-04,Failed
PAY-0008835,ORD-0008835,Gift Card,115.91,2025-12-06,Failed
PAY-0011074,ORD-0011074,PayPal,2746.94,2025-12-16,Completed
PAY-0011706,ORD-0011706,Debit Card,1732.74,2025-09-16,Completed
PAY-0009062,ORD-0905438,PayPal,841.38,2025-10-17,Completed
PAY-0004785,ORD-0004785,PayPal,462.79,2026-08-17,Completed
PAY-0010486,ORD-0010486,Credit Card,837.8,2026-05-03,Completed
PAY-0002886,ORD-0002886,,1791.11,2024-06-25,Refunded
PAY-0001896,ORD-0001896,Debit Card,100222.87,2026-01-09,Completed
PAY-0009076,ORD-0009076,Debit Card,1157.12,25-Aug-2025,Completed
PAY-0002589,ORD-0002589,Gift Card,461.65,2025-06-24,Failed
PAY-0007914,ORD-0007914,Gift Card,929.34,2025-02-14,Completed
PAY-0004950,ORD-0004950,PayPal,5423.46,2025-09-16,Failed
PAY-0010985,ORD-0010985,Credit Card,?,2026-07-27,Completed
PAY-0006405,ORD-0006405,Debit Card,2369.15,2025-11-17,Failed
PAY-0011935,ORD-0011935,PayPal,827.31,2025-07-03,Completed
PAY-0009508,ORD-0009508,Bank Transfer,2089.19,2026-03-22,Pending
PAY-0009181,ORD-0009181,Gift Card,3237.87,2026-07-15,Completed
PAY-0000243,ORD-0000243,Credit Card,3847.02,2026-03-02,Completed
PAY-0010032,ORD-0010032,Credit Card,864.04,2026-04-11,Completed
PAY-0004966,ORD-0004966,Credit Card,624.76,2025-05-09,Completed
PAY-0002393,ORD-0002393,Credit Card,1026.19,2024-08-29,Completed
PAY-0003971,ORD-0003971,Credit Card,870.91,2025-10-30,Completed
PAY-0004463,ORD-0004463,Credit Card,723.94,2026-07-26,Completed
PAY-0001967,ORD-0001967,PayPal,814.8,2024-02-13,Failed
PAY-0005290,ORD-0005290,Gift Card,437.28,2026-05-06,Completed
PAY-0004720,ORD-0004720,PayPal,3106.73,2025-05-18,Pending
PAY-0002806,ORD-0002806,Credit Card,209.02,2025-08-03,Refunded
PAY-0011008,ORD-0011008,PayPal,669.58,2025-12-17,Completed
PAY-0006080,ORD-0006080,Debit Card,409.4,2024-09-13,Completed
PAY-0004701,ORD-0004701,Credit Card,2240.59,2026-08-15,Completed
PAY-0005611,ORD-0005611,Credit Card,3149.74,2026-05-10,Completed
PAY-0011912,ORD-0011912,Debit Card,319.52,2025-01-29,Completed
PAY-0000891,ORD-0000891,Credit Card,180.7,2026-05-13,Completed
PAY-0008655,ORD-0008655,PayPal,2389.74,2025-12-05,Completed
PAY-0001393,ORD-0001393,Credit Card,4203.91,2025-07-06,Completed
PAY-0001972,ORD-0001972,Debit Card,5120.36,2026-05-25,Completed
PAY-0003284,ORD-0003284,,1516.43,2025-12-20,Completed
PAY-0011346,ORD-0011346,Credit Card,2658.88,2026-05-14,Completed
PAY-0007471,ORD-0007471,Debit Card,3155.47,06/28/2026,Pending
PAY-0011766,ORD-0011766,Credit Card,1105.76,2025-10-16,Completed
PAY-0007760,ORD-0007760,Credit Card,2145.4,2024-08-28,Completed
PAY-0007293,ORD-0007293,PayPal,484.72,2026-07-01,Completed
PAY-0000757,ORD-0000757,Credit Card,3743.58,2026-07-19,Completed
PAY-0011505,ORD-0011505,Debit Card,5334.0,2026-07-22,Completed
PAY-0010063,ORD-0010063,PayPal,671.16,2026-08-14,Pending
PAY-0000092,ORD-0000092,PayPal,424.75,2026-06-03,Completed
PAY-0005112,ORD-0005112,Credit Card,142.74,2026-04-24,Completed
PAY-0011701,ORD-0011701,Debit Card,3249.4,2026-08-07,Refunded
PAY-0003728,ORD-0911256,PayPal,540.13,2026-08-23,Pending
PAY-0005487,ORD-0005487,Debit Card,193.84,2026-03-28,Completed
PAY-0011442,ORD-0011442,Gift Card,1529.77,2025-06-24,Completed
PAY-0000168,ORD-0000168,Credit Card,6161.68,2026-07-10,Completed
PAY-0002767,ORD-0002767,Credit Card,2178.68,2026-08-03,Completed
PAY-0007178,ORD-0007178,Credit Card,1918.92,2026-05-31,Pending
PAY-0007007,ORD-0007007,Debit Card,1743.36,2026-01-02,Completed
PAY-0009835,ORD-0009835,Debit Card,797.26,2026-04-01,Completed
PAY-0005752,ORD-0005752,PayPal,121.05,2025-11-07,Completed
PAY-0009192,ORD-0009192,Credit Card,9719.34,2026-07-27,Failed
PAY-0003153,ORD-0003153,Credit Card,236.66,2025-12-28,Completed
PAY-0001844,ORD-0001844,Debit Card,977.88,2026-01-04,Failed
PAY-0003639,ORD-0003639,Credit Card,1613.35,2026-03-18,Completed
PAY-0006849,ORD-0006849,Debit Card,544.19,2026-08-29,Pending
PAY-0001326,ORD-0001326,Debit Card,87.1,2026-08-28,Completed
PAY-0000575,ORD-0000575,Debit Card,764.88,2025-11-07,Completed
PAY-0004631,ORD-0917906,Credit Card,545.73,2026-02-24,Refunded
PAY-0004119,ORD-0004119,Debit Card,113.14,2026-05-25,Completed
PAY-0001357,ORD-0001357,PayPal,3559.6,2024-06-10,Completed
PAY-0008999,ORD-0008999,Credit Card,2704.05,2026-09-07,Refunded
PAY-0005263,ORD-0005263,PayPal,5732.42,2025-11-23,Completed
PAY-0006294,ORD-0006294,Gift Card,2468.92,2025-12-10,Completed
PAY-0007467,ORD-0007467,Bank Transfer,618.91,2026-08-18,Completed
PAY-0005481,ORD-0005481,Debit Card,521.52,2024-12-25,Refunded
PAY-0007526,ORD-0007526,Credit Card,2758.08,2025-11-14,Failed
PAY-0004290,ORD-0004290,Debit Card,178.75,2026-01-20,Completed
PAY-0005134,ORD-0005134,PayPal,3120.85,2026-08-04,Completed
PAY-0003502,ORD-0003502,Credit Card,1143.22,2026-07-20,Completed
PAY-0008039,ORD-0008039,Debit Card,2723.59,2026-09-02,Refunded
PAY-0009025,ORD-0009025,Bank Transfer,508.9,2026-08-07,Failed
PAY-0003592,ORD-0003592,Credit Card,822.76,2026-06-21,Failed
PAY-0005564,ORD-0005564,Credit Card,1103.3,2026-08-10,Completed
PAY-0001616,ORD-0001616,Credit Card,-3392.76,2026-02-17,Failed
PAY-0004147,ORD-0004147,PayPal,1600.79,2026-03-27,Pending
PAY-0008752,ORD-0008752,Gift Card,2304.96,2025-11-15,Completed
PAY-0007457,ORD-0007457,Bank Transfer,677.46,2025-11-16,Completed
PAY-0009115,ORD-0009115,PayPal,2126.33,2024-09-24,Pending
PAY-0006779,ORD-0006779,Credit Card,608.1,2025-07-24,Completed
PAY-0003707,ORD-0003707,Debit Card,55837.32,2026-03-22,Completed
PAY-0009302,ORD-0009302,Gift Card,278.96,19-Oct-2025,Completed
PAY-0010081,ORD-0010081,Debit Card,1208.97,2024-04-10,Completed
PAY-0007966,ORD-0007966,Debit Card,632.04,2026-08-25,Completed
PAY-0003847,ORD-0003847,Credit Card,17.3,2024-11-16,Refunded
PAY-0011115,ORD-0011115,Credit Card,170.4,2026-06-14,Completed
PAY-0002798,ORD-0002798,Credit Card,1013.23,2026-07-15,Refunded
PAY-0006976,ORD-0006976,Credit Card,2165.79,2025-08-24,Completed
PAY-0002062,ORD-0002062,Debit Card,889.67,2026-04-27,Completed
PAY-0007644,ORD-0007644,Credit Card,1924.5,2026-03-29,Completed
PAY-0007903,ORD-0007903,Credit Card,143.15,2025-07-19,Completed
PAY-0005259,ORD-0005259,Credit Card,81817.67,2026-02-22,Completed
PAY-0011669,ORD-0011669,Debit Card,1366.54,2026-06-14,Refunded
PAY-0006203,ORD-0006203,Debit Card,4237.32,2024-11-30,Completed
PAY-0008475,ORD-0008475,PayPal,2125.47,2026-04-28,Completed
PAY-0008056,ORD-0008056,Debit Card,400.32,2024-10-16,Completed
PAY-0001982,ORD-0001982,Gift Card,896.52,2025-12-02,Completed
PAY-0004940,ORD-0004940,Credit Card,2634.48,2026-08-15,Completed
PAY-0009975,ORD-0009975,PayPal,2874.61,2026-06-03,Completed
PAY-0008783,ORD-0008783,PayPal,2182.26,2026-04-07,Completed
PAY-0002825,ORD-0002825,Debit Card,1589.19,2025-10-17,Completed
PAY-0001042,ORD-0001042,Gift Card,1696.43,2026-01-23,Completed
PAY-0002512,ORD-0926756,Credit Card,4738.56,2025-06-21,Completed
PAY-0000512,ORD-0000512,,539.68,2026-07-17,Failed
PAY-0006718,ORD-0006718,Debit Card,1935.37,2026-08-18,Pending
PAY-0007034,ORD-0007034,Credit Card,586.75,2025-04-29,Refunded
PAY-0000562,ORD-0000562,Debit Card,912.49,2026-06-15,Failed
PAY-0005676,ORD-0005676,Credit Card,2096.26,2026-06-12,Pending
PAY-0005775,ORD-0005775,Debit Card,2693.83,2025-10-25,Failed
PAY-0006629,ORD-0006629,Credit Card,3403.97,2026-08-25,Completed
PAY-0000608,ORD-0000608,Gift Card,24922.02,2026-04-24,Failed
PAY-0011899,ORD-0011899,PayPal,505.1,2026-07-04,Completed
PAY-0010935,ORD-0010935,Credit Card,821.75,2026-03-10,Completed
PAY-0000214,ORD-0000214,Debit Card,3595.23,2026-02-22,Failed
PAY-0002452,ORD-0002452,Debit Card,1206.59,2026-06-17,Completed
PAY-0004744,ORD-0004744,Gift Card,3294.54,2026-03-12,Completed
PAY-0002543,ORD-0002543,PayPal,253.45,2026-09-03,Completed
PAY-0005334,ORD-0005334,PayPal,4646.31,2026-07-12,Pending
PAY-0011067,ORD-0011067,Gift Card,1576.55,2026-04-22,Pending
PAY-0001206,ORD-0001206,Credit Card,3249.56,"January 21, 2026",Completed
PAY-0010254,ORD-0010254,Credit Card,1634.35,2026-07-24,Pending
PAY-0002985,ORD-0002985,PayPal,422.7,2025-08-17,Completed
PAY-0010759,ORD-0010759,PayPal,3000.73,2026-05-13,Completed
PAY-0000308,ORD-0000308,Credit Card,905.89,2026-04-28,Completed
PAY-0004766,ORD-0004766,Bank Transfer,3674.29,2025-12-17,Failed
PAY-0011457,ORD-0011457,Credit Card,115.72,2026-03-19,Completed
PAY-0003364,ORD-0003364,Debit Card,2872.54,2026-08-25,Completed
PAY-0008676,ORD-0008676,Debit Card,448.45,2026-08-06,Failed
PAY-0001016,ORD-0001016,PayPal,462.87,2026-03-20,Completed
PAY-0006525,ORD-0006525,Credit Card,551.26,2026-01-17,Completed
PAY-0006688,ORD-0006688,Credit Card,1085.63,2026-06-04,Completed
PAY-0009718,ORD-0009718,,553.6,2026-07-15,Completed
PAY-0011017,ORD-0011017,Credit Card,1818.76,10-Oct-2025,Completed
PAY-0008827,ORD-0008827,Credit Card,803.13,2026-04-29,Completed
PAY-0004026,ORD-0004026,Credit Card,2371.5,2024-05-01,Completed
PAY-0008711,ORD-0008711,Debit Card,4794.42,2025-04-14,Completed
PAY-0006781,ORD-0006781,PayPal,618.34,2025-11-14,Completed
PAY-0003632,ORD-0003632,Credit Card,?,2026-07-26,Completed
PAY-0004014,ORD-0004014,Credit Card,1723.35,2025-10-07,Completed
PAY-0005527,ORD-0005527,Debit Card,810.27,2026-08-20,Refunded
PAY-0005554,ORD-0005554,Credit Card,1588.22,2026-02-06,Completed
PAY-0009701,ORD-0009701,PayPal,105156.05,2025-11-09,Completed
PAY-0008966,ORD-0008966,Credit Card,859.61,2026-03-31,Completed
PAY-0006213,ORD-0006213,PayPal,3928.44,2025-04-26,Completed
PAY-0001325,ORD-0001325,Debit Card,853.5,"May 29, 2026",Refunded
PAY-0009223,ORD-0009223,Debit Card,26.73,2025-10-21,Pending
PAY-0010911,ORD-0010911,PayPal,5532.58,2024-10-08,Completed
PAY-0006467,ORD-0006467,Credit Card,98.61,2026-06-30,Completed
PAY-0004530,ORD-0004530,PayPal,3304.98,2024-09-07,Refunded
PAY-0002373,ORD-0002373,Gift Card,9478.34,2026-08-09,Completed
PAY-0005923,ORD-0005923,Credit Card,884.96,2025-01-28,Failed
PAY-0004731,ORD-0004731,Debit Card,347.82,2026-09-05,Completed
PAY-0001742,ORD-0001742,Debit Card,3675.08,2026-07-22,Pending
PAY-0001776,ORD-0001776,Debit Card,2805.0,2025-05-12,Completed
PAY-0008034,ORD-0008034,PayPal,2789.08,2026-05-06,Completed
PAY-0006209,ORD-0006209,PayPal,430.78,2025-08-25,Completed
PAY-0011625,ORD-0011625,Credit Card,3518.53,2025-03-03,Completed
PAY-0005233,ORD-0005233,PayPal,$1558.58,2026-03-31,Completed
PAY-0009467,ORD-0009467,Debit Card,786.37,2026-08-31,Completed
PAY-0011573,ORD-0011573,Credit Card,554.44,2025-09-16,Completed
PAY-0007613,ORD-0007613,Gift Card,1507.89,2026-01-20,Failed
PAY-0005299,ORD-0005299,Credit Card,3037.64,2026-05-09,Failed
PAY-0001492,ORD-0001492,Credit Card,57.6,2025-11-23,Completed
PAY-0006483,ORD-0006483,Debit Card,523.17,2026-07-20,Completed
PAY-0010315,ORD-0010315,Credit Card,28195.04,2026-05-27,Completed
PAY-0004089,ORD-0004089,Debit Card,485.52,2026-08-09,Refunded
PAY-0002995,ORD-0002995,Credit Card,208.37,2026-05-18,Completed
PAY-0011538,ORD-0011538,,449.54,2026-02-17,Completed
PAY-0007841,ORD-0007841,Debit Card,237.3,2026-02-12,Failed
PAY-0006607,ORD-0006607,Credit Card,3779.46,2025-08-28,Completed
PAY-0003527,ORD-0003527,Debit Card,932.03,2024-08-08,Completed
PAY-0001221,ORD-0001221,Debit Card,509.69,2025-04-24,Completed
PAY-0010671,ORD-0010671,Debit Card,3043.4,2026-02-08,Completed
PAY-0000304,ORD-0000304,Debit Card,253.0,2025-10-19,Completed
PAY-0011711,ORD-0011711,Credit Card,2736.83,2026-06-18,Completed
PAY-0005901,ORD-0005901,Credit Card,111.41,2026-08-28,Completed
PAY-0002098,ORD-0002098,Credit Card,1748.12,2025-12-26,Completed
PAY-0006736,ORD-0006736,,1718.36,2025-10-11,Completed
PAY-0002278,ORD-0002278,PayPal,338.23,2026-04-29,Completed
PAY-0006276,ORD-0006276,PayPal,3833.8,2026-09-02,Completed
PAY-0010100,ORD-0010100,Credit Card,3776.58,2024-05-21,Completed
PAY-0011424,ORD-0011424,Credit Card,?,2026-06-29,Pending
PAY-0007549,ORD-0007549,Credit Card,66.6,2025-05-21,Completed
PAY-0006196,ORD-0006196,Credit Card,2470.06,2025-10-08,Failed
PAY-0008873,ORD-0008873,Credit Card,2956.65,2025-10-14,Completed
PAY-0002958,ORD-0002958,Gift Card,55.04,2025-05-28,Refunded
PAY-0001489,ORD-0001489,Credit Card,665.51,2026-05-18,Completed
PAY-0001621,ORD-0001621,Credit Card,525.99,2026-08-10,Completed
PAY-0000502,ORD-0000502,Debit Card,322.09,2025-04-05,Completed
PAY-0002636,ORD-0002636,Credit Card,4299.49,2026-05-16,Completed
PAY-0007480,ORD-0007480,Debit Card,514.91,2025-11-12,Completed
PAY-0006069,ORD-0006069,Debit Card,3756.59,2026-03-10,Completed
PAY-0000636,ORD-0000636,Credit Card,927.96,2026-07-24,Refunded
PAY-0000333,ORD-0000333,Bank Transfer,1332.74,2025-01-15,Completed
PAY-0011193,ORD-0011193,Debit Card,951.5,2025-11-17,Failed
PAY-0011540,ORD-0011540,PayPal,1529.35,2025-09-13,Completed
PAY-0006921,ORD-0006921,Debit Card,2251.32,2026-07-24,Refunded
PAY-0000725,ORD-0000725,PayPal,3391.17,2025-11-27,Refunded
PAY-0008624,ORD-0008624,Credit Card,1502.16,2026-08-09,Completed
PAY-0006190,ORD-0006190,Credit Card,2546.8,2025-09-09,Refunded
PAY-0004651,ORD-0004651,Credit Card,1669.64,2026-05-22,Refunded
PAY-0009810,ORD-0009810,Debit Card,1756.23,2026-07-29,Completed
PAY-0006661,ORD-0006661,Credit Card,7009.86,2026-08-17,Completed
PAY-0000748,ORD-0000748,Debit Card,480.44,2025-07-15,Completed
PAY-0005029,ORD-0005029,Debit Card,773.1,2025-08-07,Completed
PAY-0000309,ORD-0000309,Credit Card,1404.8,2026-08-27,Completed
PAY-0010251,ORD-0010251,Credit Card,2168.58,2024-11-23,Completed
PAY-0011910,ORD-0011910,Credit Card,1614.6,2026-09-08,Pending
PAY-0002101,ORD-0002101,PayPal,1138.48,2024-03-19,Pending
PAY-0007502,ORD-0007502,PayPal,1166.67,2026-04-23,Pending
PAY-0011393,ORD-0011393,,974.2,2025-11-13,Completed
PAY-0007079,ORD-0007079,Gift Card,952.9,2025-01-03,Completed
PAY-0007355,ORD-0007355,Debit Card,149.08,2024-12-07,Pending
PAY-0000447,ORD-0000447,Credit Card,3036.44,2026-05-28,Completed
PAY-0002335,ORD-0002335,Credit Card,165.73,2024-12-31,Completed
PAY-0009010,ORD-0009010,Debit Card,2946.09,2025-12-28,Completed
PAY-0007854,ORD-0007854,Credit Card,205.73,2026-06-14,Completed
PAY-0006188,ORD-0006188,PayPal,358.28,2024-10-23,Completed
PAY-0006962,ORD-0006962,Gift Card,495.76,2026-04-08,Failed
PAY-0006012,ORD-0006012,Credit Card,1704.17,2025-10-17,Completed
PAY-0000787,ORD-0000787,Debit Card,220523.1,2026-08-02,Completed
PAY-0008454,ORD-0008454,Credit Card,1910.11,2025-09-04,Completed
PAY-0011418,ORD-0011418,PayPal,1978.8,2026-03-18,Failed
PAY-0005573,ORD-0005573,Debit Card,2449.45,2025-08-31,Completed
PAY-0010728,ORD-0010728,PayPal,4518.68,2025-06-29,Completed
PAY-0009789,ORD-0009789,Debit Card,2903.5,"December 24, 2025",Completed
PAY-0009416,ORD-0009416,Debit Card,256.21,2026-08-25,Completed
PAY-0003752,ORD-0003752,Debit Card,961.71,2025-10-01,Failed
PAY-0008895,ORD-0008895,PayPal,2102.53,2025-11-01,Completed
PAY-0000199,ORD-0000199,Credit Card,1122.75,2026-08-24,Completed
PAY-0003881,ORD-0003881,Credit Card,2236.47,2025-12-20,Completed
PAY-0002753,ORD-0002753,Bank Transfer,1942.19,"January 10, 2024",Completed
PAY-0005480,ORD-0005480,PayPal,3376.32,2026-07-18,Refunded
PAY-0001799,ORD-0001799,Debit Card,-2004.83,2026-01-06,Completed
PAY-0001187,ORD-0001187,Bank Transfer,4908.57,2026-04-12,Failed
PAY-0003224,ORD-0003224,Gift Card,415.51,2025-05-15,Failed
PAY-0001800,ORD-0001800,Credit Card,643.94abc,2026-04-22,Pending
PAY-0004965,ORD-0004965,Credit Card,299.97,2024-05-17,Completed
PAY-0007928,ORD-0007928,PayPal,2366.85,2026-06-14,Completed
PAY-0005496,ORD-0005496,Bank Transfer,438.26,2024-11-10,Refunded
PAY-0008133,ORD-0008133,Credit Card,1413.36,01/12/2025,Completed
PAY-0009939,ORD-0009939,PayPal,543.33,2023-11-09,Failed
PAY-0005222,ORD-0005222,Credit Card,665.44,2026-07-06,Completed
PAY-0008317,ORD-0008317,Credit Card,3921.02,2025-09-03,Failed
PAY-0011959,ORD-0011959,Debit Card,471.16,2026-01-19,Failed
PAY-0006491,ORD-0994919,Credit Card,779.04,2025-04-27,Completed
PAY-0011087,ORD-0011087,Credit Card,375.48,2026-05-16,Completed
PAY-0006969,ORD-0006969,Credit Card,576.33,2026-06-13,Completed
PAY-0000733,ORD-0000733,PayPal,2173.51,2025-09-16,Failed
PAY-0003628,ORD-0003628,Debit Card,3242.86,2026-05-09,Refunded
PAY-0005470,ORD-0005470,Credit Card,457.1,2026-02-16,Completed
PAY-0010221,ORD-0010221,Credit Card,1966.25,2025-09-15,Completed
PAY-0004317,ORD-0004317,Credit Card,879.7,2024-07-06,Failed
PAY-0008440,ORD-0008440,Gift Card,1168.36,2026-03-02,Completed
PAY-0005780,ORD-0005780,Credit Card,1186.24,2026-08-27,Completed
PAY-0004368,ORD-0004368,Credit Card,1928.91,2025-12-30,Completed
PAY-0005465,ORD-0005465,Debit Card,1775.07,2026-04-12,Completed
PAY-0009563,ORD-0009563,PayPal,497.32,2026-08-24,Completed
PAY-0003758,ORD-0003758,Debit Card,2569.08,2026-08-14,Completed
PAY-0003474,ORD-0003474,Debit Card,771.6,2024-08-15,Completed
PAY-0009344,ORD-0009344,PayPal,90.5,2026-03-01,Completed
PAY-0001876,ORD-0001876,Credit Card,479.59,2026-08-10,Failed
PAY-0009317,ORD-0009317,PayPal,221.87,2026-08-21,Completed
PAY-0007342,ORD-0007342,Debit Card,203.64,2025-11-27,Completed
PAY-0009543,ORD-0009543,Gift Card,100.06,2025-07-26,Completed
PAY-0001021,ORD-0001021,Debit Card,2920.63,2026-05-21,Refunded
PAY-0004441,ORD-0004441,Credit Card,1718.24,2025-05-28,Completed
PAY-0009997,ORD-0009997,Debit Card,560.86,2024-10-02,Pending
PAY-0010098,ORD-0010098,Credit Card,962.55,2026-07-01,Completed
PAY-0009185,ORD-0009185,Bank Transfer,1224.56,2026-06-02,Completed
PAY-0010846,ORD-0010846,Credit Card,2347.83,2026-04-04,Failed
PAY-0006998,ORD-0006998,Credit Card,188.17,2026-03-02,Completed
PAY-0008375,ORD-0008375,Debit Card,15.76,2026-03-19,Completed
PAY-0011975,ORD-0011975,Credit Card,462.62,2026-08-21,Completed
PAY-0008985,ORD-0008985,Credit Card,5746.31,2026-03-14,Completed
PAY-0004339,ORD-0004339,Gift Card,935.92,2025-04-10,Pending
PAY-0011683,ORD-0011683,PayPal,23.86,2026-04-05,Completed
PAY-0005196,ORD-0005196,Credit Card,92983.23,2026-08-24,Completed
PAY-0009101,ORD-0009101,Debit Card,5737.0,2025-08-21,Failed
PAY-0003125,ORD-0003125,PayPal,2245.75,2026-02-19,Completed
PAY-0011838,ORD-0011838,Credit Card,2591.25,2024-11-10,Completed
PAY-0005179,ORD-0005179,Credit Card,205.92,2026-06-22,Completed
PAY-0011692,ORD-0945970,Debit Card,1527.64,2026-03-21,Completed
PAY-0004989,ORD-0004989,Gift Card,359.4,2026-08-23,Completed
PAY-0008623,ORD-0008623,,2350.56,"May 26, 2026",Completed
PAY-0002542,ORD-0002542,Bank Transfer,337.29,2025-11-05,Completed
PAY-0007541,ORD-0007541,Debit Card,3103.44,2024-07-02,Completed
PAY-0008687,ORD-0008687,,1888.75,2025-09-13,Completed
PAY-0008527,ORD-0008527,Credit Card,943.79,2025-12-31,Failed
PAY-0009404,ORD-0009404,PayPal,617.13,2026-01-09,Completed
PAY-0006082,ORD-0006082,Gift Card,69567.43,2025-05-22,Completed
PAY-0009754,ORD-0009754,PayPal,4037.03,2024-08-15,Failed
PAY-0011793,ORD-0011793,Debit Card,1554.72,2025-04-08,Completed
PAY-0003827,ORD-0003827,Credit Card,2427.0,2025-08-16,Completed
PAY-0008175,ORD-0008175,Credit Card,1050.36,2026-08-27,Completed
PAY-0009188,ORD-0009188,Credit Card,4669.13,2026-01-24,Completed
PAY-0010629,ORD-0010629,,1732.73,2025-08-09,Completed
PAY-0010681,ORD-0010681,Debit Card,451.52,2024-04-29,Pending
PAY-0007620,ORD-0007620,Gift Card,611.94,2026-09-02,Completed
PAY-0002895,ORD-0002895,Debit Card,879.55,2026-05-06,Completed
PAY-0009990,ORD-0009990,,5626.92,2026-06-21,Pending
PAY-0008360,ORD-0008360,Credit Card,1679.2,2026-03-15,Failed
PAY-0008550,ORD-0008550,Gift Card,2323.22,2026-07-05,Completed
PAY-0005662,ORD-0005662,Credit Card,2759.12,2024-07-15,Completed
PAY-0011884,ORD-0011884,Credit Card,916.56,2026-04-21,Completed
PAY-0010054,ORD-0010054,PayPal,2471.5,2026-07-05,Completed
PAY-0008396,ORD-0008396,Debit Card,1129.57,2025-10-28,Pending
PAY-0001446,ORD-0001446,Credit Card,2127.42,2025-07-23,Completed
PAY-0006249,ORD-0006249,Debit Card,686.62,2026-07-07,Completed
PAY-0009862,ORD-0009862,PayPal,2635.98,2025-12-30,Failed
PAY-0004360,ORD-0004360,Bank Transfer,1814.02,2026-04-13,Completed
PAY-0007141,ORD-0007141,Gift Card,5730.87,02/11/2025,Completed
PAY-0003076,ORD-0003076,Credit Card,3896.34,2024-11-01,Completed
PAY-0004028,ORD-0004028,PayPal,4331.26,2026-02-10,Completed
PAY-0010924,ORD-0010924,Debit Card,342.56,08/23/2026,Failed
PAY-0008588,ORD-0008588,Credit Card,852.68,"July 14, 2026",Completed
PAY-0001589,ORD-0991823,PayPal,1529.09,2026-08-02,Completed
PAY-0006385,ORD-0006385,Credit Card,7863.23,2024-06-12,Failed
PAY-0007091,ORD-0007091,Credit Card,218.36,"November 02, 2024",Pending
PAY-0006204,ORD-0006204,PayPal,671.01,2026-05-23,Failed
PAY-0009955,ORD-0009955,Credit Card,415380.5,2025-11-23,Completed
PAY-0001370,ORD-0001370,PayPal,856.76,2026-07-19,Completed
PAY-0007343,ORD-0007343,,4113.41,2024-07-13,Completed
PAY-0005432,ORD-0005432,PayPal,3411.42,2026-04-09,Completed
PAY-0011781,ORD-0011781,Debit Card,94.16,2025-07-05,Pending
PAY-0010111,ORD-0010111,Credit Card,869.08,2026-09-05,Completed
PAY-0010562,ORD-0010562,PayPal,2195.38,2026-08-02,Failed
PAY-0010138,ORD-0010138,Gift Card,2717.53,2026-06-22,Completed
PAY-0006794,ORD-0006794,Credit Card,51.28,2024-09-25,Refunded
PAY-0002511,ORD-0002511,Credit Card,unknown,2024-04-01,Completed
PAY-0008660,ORD-0008660,Credit Card,3496.68,2026-03-04,Completed
PAY-0003650,ORD-0003650,Credit Card,228.42,2024-10-28,Completed
PAY-0004251,ORD-0004251,PayPal,5608.54,2026-05-19,Refunded
PAY-0000205,ORD-0000205,PayPal,125.68,2024-12-28,Refunded
PAY-0004856,ORD-0004856,Debit Card,2385.04,2025-12-11,Completed
PAY-0001931,ORD-0001931,Debit Card,1368.05,2026-03-16,Completed
PAY-0010132,ORD-0010132,Debit Card,2543.29,2026-01-02,Completed
PAY-0002344,ORD-0002344,Gift Card,1260.57,2026-08-21,Failed
PAY-0011127,ORD-0011127,Credit Card,640.63,2026-07-12,Completed
PAY-0009169,ORD-0009169,PayPal,756.45,2026-07-25,Failed
PAY-0011963,ORD-0011963,Bank Transfer,342.42,2026-05-28,Completed
PAY-0001805,ORD-0001805,Debit Card,1890.84,2026-08-17,Completed
PAY-0006333,ORD-0006333,Credit Card,444.34,2026-09-03,Completed
PAY-0004310,ORD-0004310,Credit Card,3849.37,2026-06-20,Completed
PAY-0009984,ORD-0009984,Credit Card,2453.28,2026-08-29,Failed
PAY-0002429,ORD-0002429,Credit Card,3642.79,2024-12-08,Completed
PAY-0008881,ORD-0008881,Bank Transfer,6182.43,2025-11-27,Completed
PAY-0008138,ORD-0008138,Debit Card,3907.67,2026-03-21,Pending
PAY-0002702,ORD-0002702,,1498.47,2026-08-05,Completed
PAY-0001566,ORD-0001566,Debit Card,2490.72,2024-10-09,Completed
PAY-0001881,ORD-0001881,Debit Card,1582.05,2026-08-02,Pending
PAY-0006010,ORD-0006010,Debit Card,688.73,2025-06-04,Failed
PAY-0007579,ORD-0007579,Credit Card,284.8,2025-11-20,Completed
PAY-0007234,ORD-0007234,Bank Transfer,647.98,2024-12-12,Failed
PAY-0001237,ORD-0001237,Credit Card,133.48,2026-07-13,Failed
PAY-0002207,ORD-0002207,Credit Card,568.23,2026-07-09,Refunded
PAY-0009143,ORD-0009143,Credit Card,2289.69,2025-08-16,Completed
PAY-0001617,ORD-0001617,Credit Card,3415.35,2026-08-28,Completed
PAY-0011312,ORD-0011312,Credit Card,unknown,2026-09-06,Refunded
PAY-0011070,ORD-0011070,PayPal,202.2,2024-04-22,Completed
PAY-0006721,ORD-0006721,Credit Card,3481.39,2026-08-29,Completed
PAY-0011854,ORD-0011854,Bank Transfer,1783.84,2025-07-29,Failed
PAY-0002613,ORD-0002613,Credit Card,624.32,2025-02-22,Completed
PAY-0001754,ORD-0001754,Debit Card,2110.21,2025-03-07,Completed
PAY-0005416,ORD-0908809,Credit Card,928.12,2026-05-08,Completed
PAY-0010184,ORD-0010184,Debit Card,1004.9,2025-08-18,Completed
PAY-0004038,ORD-0004038,Gift Card,$804.01,2026-03-21,Completed
PAY-0005358,ORD-0005358,Credit Card,226.6,2026-08-24,Completed
PAY-0001919,ORD-0001919,Debit Card,531.32,2026-02-21,Completed
PAY-0000423,ORD-0000423,Credit Card,-2711.87,2025-12-18,Completed
PAY-0000282,ORD-0000282,Credit Card,2025.75,2025-09-11,Failed
PAY-0000366,ORD-0000366,Credit Card,768.77,"September 24, 2025",Completed
PAY-0007560,ORD-0007560,Debit Card,1263.69,2026-07-27,Refunded
PAY-0003329,ORD-0003329,Credit Card,5319.82,2026-07-06,Completed
PAY-0009287,ORD-0009287,Credit Card,2741.43,2026-08-13,Pending
PAY-0001068,ORD-0001068,Debit Card,$724.24,2025-05-05,Completed
PAY-0006829,ORD-0006829,Credit Card,594.98,2026-06-11,Pending
PAY-0005359,ORD-0005359,PayPal,536.04,2025-11-29,Completed
PAY-0000215,ORD-0000215,Credit Card,253.12,2026-08-07,Pending
PAY-0010087,ORD-0010087,PayPal,268.82,2025-05-13,Completed
PAY-0003093,ORD-0003093,Gift Card,1597.61,2026-09-08,Completed
PAY-0011168,ORD-0011168,Debit Card,341.52,2026-04-18,Completed
PAY-0001263,ORD-0001263,PayPal,361.02,2025-06-01,Refunded
PAY-0002866,ORD-0002866,Gift Card,$2528.1,2025-08-15,Completed
PAY-0008937,ORD-0008937,Debit Card,3484.44,2024-07-21,Completed
PAY-0003721,ORD-0003721,Debit Card,807.64abc,2025-06-18,Pending
PAY-0003428,ORD-0003428,Debit Card,841.36,2026-08-25,Pending
PAY-0011213,ORD-0011213,Credit Card,3789.42,2025-03-18,Failed
PAY-0007036,ORD-0007036,Debit Card,3152.74,2026-03-26,Refunded
PAY-0008571,ORD-0008571,Credit Card,2869.72,2026-03-24,Pending
PAY-0006476,ORD-0006476,PayPal,207885.85,2026-08-23,Completed
PAY-0001803,ORD-0001803,Credit Card,4407.66,2026-08-27,Failed
PAY-0005212,ORD-0005212,Credit Card,$1497.25,2026-08-29,Refunded
PAY-0001203,ORD-0001203,Credit Card,589.95,2026-02-02,Pending
PAY-0004478,ORD-0004478,PayPal,4042.46abc,2025-11-11,Completed
PAY-0003377,ORD-0003377,,255.38,2026-03-15,Completed
PAY-0010764,ORD-0010764,PayPal,511.48,2026-04-16,Completed
PAY-0001596,ORD-0001596,PayPal,3519.76,2025-02-18,Completed
PAY-0002837,ORD-0002837,Credit Card,389.62,2025-10-20,Completed
PAY-0007601,ORD-0007601,Credit Card,783.2,2025-07-04,Pending
PAY-0007414,ORD-0007414,Gift Card,378.46,2026-03-03,Completed
PAY-0008414,ORD-0008414,Bank Transfer,$2630.46,2026-08-22,Failed
PAY-0002662,ORD-0002662,Credit Card,829.2,2025-07-19,Refunded
PAY-0007248,ORD-0007248,PayPal,242.65,"April 04, 2026",Completed
PAY-0011848,ORD-0011848,Credit Card,667.61,2025-11-07,Refunded
PAY-0001913,ORD-0001913,Debit Card,3430.3,2025-09-24,Completed
PAY-0010735,ORD-0010735,Credit Card,2591.3,2026-01-21,Pending
PAY-0011818,ORD-0011818,Credit Card,1379.4,2025-07-12,Completed
PAY-0008828,ORD-0008828,Credit Card,1106.52,2024-06-29,Completed
PAY-0008887,ORD-0008887,Credit Card,2014.14,2026-08-20,Completed
PAY-0000208,ORD-0000208,Credit Card,1901.36,2026-08-03,Completed
PAY-0004884,ORD-0004884,Gift Card,1814.62,2026-06-04,Failed
PAY-0006088,ORD-0006088,Bank Transfer,2045.1,2026-03-11,Completed
PAY-0004781,ORD-0004781,Credit Card,2013.29,2025-11-10,Completed
PAY-0010861,ORD-0010861,Credit Card,3061.7,2025-11-23,Completed
PAY-0002188,ORD-0002188,Credit Card,1737.24,2026-05-01,Completed
PAY-0005078,ORD-0005078,Credit Card,885.09,2025-07-04,Failed
PAY-0010847,ORD-0010847,Debit Card,740.48,2025-07-11,Completed
PAY-0003710,ORD-0003710,Debit Card,1494.25,2026-05-07,Completed
PAY-0009164,ORD-0009164,PayPal,1734.72,2026-06-11,Failed
PAY-0007754,ORD-0007754,Credit Card,4069.74,2025-05-25,Pending
PAY-0006997,ORD-0006997,Credit Card,715.76,2026-07-30,Completed
PAY-0005039,ORD-0005039,Debit Card,1832.49,"May 22, 2025",Completed
PAY-0001806,ORD-0001806,Credit Card,2164.78,2026-05-11,Pending
PAY-0005441,ORD-0005441,Debit Card,3578.74,2025-08-23,Completed
PAY-0007132,ORD-0007132,Gift Card,3999.65,2025-09-26,Completed
PAY-0009033,ORD-0009033,Credit Card,4601.65,"September 02, 2026",Failed
PAY-0006299,ORD-0006299,PayPal,828.3,2026-01-04,Completed
PAY-0003426,ORD-0003426,Debit Card,1268.28,2025-01-17,Completed
PAY-0010175,ORD-0010175,Bank Transfer,554.66,2026-05-01,Completed
PAY-0007833,ORD-0007833,Credit Card,1783.07,2025-07-06,Completed
PAY-0004250,ORD-0004250,Gift Card,34.42,2026-06-02,Completed
PAY-0010429,ORD-0010429,,2712.63,2026-02-06,Completed
PAY-0005534,ORD-0005534,PayPal,844.13,2024-11-01,Completed
PAY-0008861,ORD-0008861,Credit Card,4037.29,2026-02-06,Completed
PAY-0000443,ORD-0000443,Credit Card,124.65,2026-08-11,Completed
PAY-0003681,ORD-0003681,Credit Card,1974.16,27-Mar-2026,Failed
PAY-0009333,ORD-0009333,,369.47,2026-05-18,Completed
PAY-0007875,ORD-0007875,Gift Card,1291.26,2025-04-16,Pending
PAY-0002163,ORD-0002163,,615.2,2026-08-27,Completed
PAY-0006839,ORD-0006839,Debit Card,2637.83,2026-03-26,Completed
PAY-0007385,ORD-0007385,Debit Card,1369.03,2025-11-10,Failed
PAY-0011203,ORD-0011203,Credit Card,696.17,2025-04-28,Completed
PAY-0010321,ORD-0010321,Debit Card,45.66,2025-12-05,Failed
PAY-0009634,ORD-0009634,Debit Card,474.35,09-Jan-2026,Completed
PAY-0008394,ORD-0008394,Debit Card,1612.8,2026-07-31,Completed
PAY-0003492,ORD-0003492,Credit Card,unknown,01-Jul-2026,Completed
PAY-0002522,ORD-0002522,Credit Card,3765.73,2026-09-02,Completed
PAY-0009667,ORD-0009667,PayPal,604.39,2026-07-28,Failed
PAY-0001614,ORD-0001614,PayPal,3260.25,2026-08-05,Completed
PAY-0000856,ORD-0000856,Debit Card,2360.97,2024-08-13,Refunded
PAY-0002554,ORD-0002554,Credit Card,118.59,2026-08-22,Failed
PAY-0001450,ORD-0001450,Debit Card,803.12,2026-04-15,Completed
PAY-0011804,ORD-0011804,Gift Card,6283.72,2025-12-25,Completed
PAY-0010610,ORD-0010610,Bank Transfer,2814.21,2025-12-19,Refunded
PAY-0004616,ORD-0004616,Debit Card,638.12,2026-08-21,Completed
PAY-0004298,ORD-0004298,Bank Transfer,1804.91,2026-08-16,Refunded
PAY-0008250,ORD-0008250,Gift Card,3469.95,2024-11-30,Completed
PAY-0008371,ORD-0008371,PayPal,3200.66,2025-04-04,Failed
PAY-0011063,ORD-0011063,Credit Card,647.23,2026-01-24,Failed
PAY-0001817,ORD-0001817,Debit Card,2022.61,2026-05-26,Pending
PAY-0001424,ORD-0001424,Debit Card,604.02,2026-02-14,Completed
PAY-0010431,ORD-0010431,Credit Card,1682.66,2025-03-28,Completed
PAY-0006922,ORD-0006922,PayPal,1650.69,2025-10-06,Completed
PAY-0000336,ORD-0000336,Credit Card,531.52,2026-08-01,Completed
PAY-0003011,ORD-0003011,PayPal,385.99,2026-06-30,Failed
PAY-0002810,ORD-0002810,PayPal,792.53,2026-08-20,Completed
PAY-0010523,ORD-0010523,PayPal,249.88,2026-06-09,Completed
PAY-0004619,ORD-0004619,Debit Card,547.96,2024-07-14,Completed
PAY-0002053,ORD-0002053,Credit Card,6274.15,2026-05-02,Completed
PAY-0011079,ORD-0011079,Debit Card,899.67,2026-07-17,Refunded
PAY-0007379,ORD-0007379,Credit Card,1219.75,2026-02-22,Completed
PAY-0001749,ORD-0001749,PayPal,3957.15,2026-09-01,Completed
PAY-0006152,ORD-0006152,Credit Card,1231.77,2026-01-11,Completed
PAY-0010706,ORD-0010706,Debit Card,4195.02,2024-09-13,Refunded
PAY-0002315,ORD-0002315,Gift Card,217.93,2026-03-30,Refunded
PAY-0003660,ORD-0003660,,423.17,2026-06-06,Completed
PAY-0006677,ORD-0006677,Credit Card,59381.0,2025-09-15,Completed
PAY-0004562,ORD-0941787,PayPal,375.38,"September 24, 2025",Completed
PAY-0003712,ORD-0003712,Credit Card,2320.4,2026-05-27,Completed
PAY-0000959,ORD-0000959,,253.51,2026-07-13,Refunded
PAY-0000229,ORD-0000229,Credit Card,4771.85,2026-01-08,Completed
PAY-0007516,ORD-0007516,Debit Card,1132.73,2026-09-06,Refunded
PAY-0004547,ORD-0004547,Credit Card,116.53,2026-05-19,Refunded
PAY-0007767,ORD-0007767,PayPal,2547.08,2025-12-19,Completed
PAY-0009313,ORD-0009313,PayPal,557.23,2026-08-02,Pending
PAY-0003523,ORD-0003523,,3547.82,2026-06-30,Failed
PAY-0005377,ORD-0005377,Gift Card,2065.07,2024-12-24,Failed
PAY-0002771,ORD-0002771,PayPal,1605.12,2023-12-22,Completed
PAY-0011300,ORD-0011300,Debit Card,1616.24,2026-02-09,Completed
PAY-0005567,ORD-0005567,Credit Card,2352.58,2026-08-04,Completed
PAY-0004625,ORD-0004625,Credit Card,930.43,2024-09-07,Completed
PAY-0000368,ORD-0995841,Bank Transfer,6877.14,2025-07-08,Refunded
PAY-0009903,ORD-0009903,Debit Card,1032.82,2026-04-01,Completed
PAY-0002330,ORD-0002330,PayPal,5165.98,2026-08-11,Pending
PAY-0001069,ORD-0001069,Gift Card,2849.72,2026-05-09,Completed
PAY-0009397,ORD-0009397,Gift Card,3250.81,2025-10-01,Completed
PAY-0005875,ORD-0005875,PayPal,3415.93,2025-09-08,Completed
PAY-0006773,ORD-0006773,Debit Card,686.26,2026-05-23,Completed
PAY-0005757,ORD-0005757,PayPal,1477.91,2026-06-03,Completed
PAY-0001293,ORD-0001293,Credit Card,2812.06,2025-02-01,Completed
PAY-0003550,ORD-0003550,Debit Card,3434.3,2026-07-14,Completed
PAY-0009591,ORD-0009591,Credit Card,4092.98,2024-01-19,Failed
PAY-0008880,ORD-0008880,Credit Card,367.13,2025-09-28,Completed
PAY-0009088,ORD-0009088,Credit Card,2236.11,2024-12-07,Failed
PAY-0009865,ORD-0009865,Credit Card,714.62,2026-08-09,Completed
PAY-0009483,ORD-0009483,Credit Card,412.0,2026-06-13,Completed
PAY-0001077,ORD-0001077,Credit Card,1862.19,2026-05-19,Completed
PAY-0000022,ORD-0000022,PayPal,468.54,2026-07-25,Completed
PAY-0005445,ORD-0005445,PayPal,586.83,2026-03-02,Completed
PAY-0000855,ORD-0000855,Credit Card,5356.6,2025-02-25,Completed
PAY-0002885,ORD-0002885,Debit Card,50.78,2026-02-08,Pending
PAY-0011987,ORD-0011987,Credit Card,848.47,06/20/2026,Completed
PAY-0006400,ORD-0006400,Debit Card,331.35,2024-10-18,Pending
PAY-0011800,ORD-0011800,Credit Card,2149.92,2026-07-11,Failed
PAY-0007416,ORD-0007416,PayPal,1779.82,2026-01-30,Completed
PAY-0000568,ORD-0000568,Debit Card,334.22,2025-02-21,Completed
PAY-0002535,ORD-0002535,Bank Transfer,35087.97,2025-04-10,Completed
PAY-0004690,ORD-0004690,Debit Card,606.94,2025-07-13,Failed
PAY-0008745,ORD-0008745,Debit Card,4425.2,2026-05-24,Pending
PAY-0001579,ORD-0001579,Debit Card,1717.07,2026-08-11,Completed
PAY-0001232,ORD-0001232,Credit Card,2221.91,2025-05-15,Pending
PAY-0003101,ORD-0003101,Gift Card,707.92,2026-04-07,Completed
PAY-0003070,ORD-0003070,Credit Card,99.63,2026-05-26,Completed
PAY-0005240,ORD-0005240,Credit Card,2143.87,2025-06-05,Completed
PAY-0001309,ORD-0001309,PayPal,1068.5,2026-05-02,Completed
PAY-0002666,ORD-0002666,PayPal,1008.81,2026-08-03,Failed
PAY-0010247,ORD-0010247,Debit Card,1651.91,2026-05-28,Completed
PAY-0001440,ORD-0001440,Debit Card,3588.82,2026-06-21,Completed
PAY-0006477,ORD-0006477,PayPal,1168.53,2026-07-05,Failed
PAY-0003734,ORD-0003734,Credit Card,2404.42,2026-01-17,Pending
PAY-0009991,ORD-0009991,PayPal,81330.71,2026-08-21,Refunded
PAY-0000724,ORD-0000724,Debit Card,-1075.56,2026-04-29,Failed
PAY-0000076,ORD-0000076,Credit Card,257.93,2024-12-24,Refunded
PAY-0005055,ORD-0005055,PayPal,2149.3,2025-01-15,Completed
PAY-0008003,ORD-0008003,Debit Card,4013.99,2025-12-10,Refunded
PAY-0009132,ORD-0009132,Credit Card,468.33,2026-08-31,Pending
PAY-0004519,ORD-0004519,Credit Card,1866.0,2025-10-26,Completed
PAY-0003091,ORD-0003091,Debit Card,629.8,2026-01-10,Pending
PAY-0004209,ORD-0004209,PayPal,618.16,2025-12-03,Completed
PAY-0003171,ORD-0003171,Credit Card,1531.84,2026-08-05,Completed
PAY-0001653,ORD-0001653,Debit Card,518.86,2025-02-07,Completed
PAY-0009736,ORD-0009736,Credit Card,2737.16,2026-06-01,Completed
PAY-0006359,ORD-0006359,Credit Card,3248.14,2026-05-31,Failed
PAY-0008007,ORD-0008007,Credit Card,3483.74,2026-04-11,Failed
PAY-0005694,ORD-0005694,Gift Card,1682.16,2026-01-03,Completed
PAY-0007971,ORD-0007971,Credit Card,1891.56,2026-08-19,Completed
PAY-0005933,ORD-0005933,Credit Card,2118.64,2026-02-16,Completed
PAY-0004686,ORD-0004686,PayPal,693.39,2026-08-20,Completed
PAY-0004483,ORD-0004483,Debit Card,553.38,2025-08-22,Completed
PAY-0009662,ORD-0009662,Debit Card,2265.62,2026-07-11,Failed
PAY-0002595,ORD-0002595,PayPal,4072.7,2026-04-01,Completed
PAY-0003674,ORD-0003674,Credit Card,3223.16,2024-09-21,Completed
PAY-0009346,ORD-0009346,Bank Transfer,4867.69,2025-09-18,Completed
PAY-0006024,ORD-0006024,Gift Card,1396.92,2026-01-13,Refunded
PAY-0007221,ORD-0007221,Gift Card,279.91,2026-02-24,Completed
PAY-0007688,ORD-0007688,Debit Card,1464.84,2025-08-25,Refunded
PAY-0009075,ORD-0009075,Debit Card,694.65,2026-06-04,Completed
PAY-0002556,ORD-0002556,PayPal,3570.62,2025-11-30,Completed
PAY-0009048,ORD-0009048,PayPal,2360.86,2026-08-23,Completed
PAY-0004047,ORD-0004047,Gift Card,2424.83,2025-12-24,Refunded
PAY-0001185,ORD-0001185,Debit Card,4872.76,2025-10-20,Refunded
PAY-0002711,ORD-0002711,Debit Card,1328.32,2026-08-12,Failed
PAY-0001038,ORD-0001038,PayPal,4046.09,2026-08-15,Completed
PAY-0003181,ORD-0003181,Debit Card,2833.98,2026-07-29,Completed
PAY-0005720,ORD-0005720,,404.95,2026-08-06,Failed
PAY-0009715,ORD-0929316,Debit Card,1925.45,2026-04-08,Pending
PAY-0009321,ORD-0009321,Bank Transfer,93.92,2025-07-16,Failed
PAY-0003694,ORD-0003694,Credit Card,1662.55,2025-03-24,Completed
PAY-0011916,ORD-0988979,Credit Card,710.36,2026-07-22,Failed
PAY-0005476,ORD-0005476,,4884.31,2024-06-15,Completed
PAY-0010447,ORD-0010447,Gift Card,1210.56,2025-11-27,Completed
PAY-0004125,ORD-0004125,PayPal,3006.74,2026-08-31,Completed
PAY-0008335,ORD-0008335,Credit Card,1387.77,2025-09-26,Completed
PAY-0011206,ORD-0011206,Credit Card,846.24,2025-05-12,Completed
PAY-0000046,ORD-0000046,Gift Card,48.45,2025-10-30,Completed
PAY-0004152,ORD-0004152,Debit Card,2002.94,2026-05-28,Completed
PAY-0002697,ORD-0002697,PayPal,1740.8,2026-06-19,Completed
PAY-0000475,ORD-0000475,Debit Card,281.09,2023-09-25,Completed
PAY-0004185,ORD-0004185,Gift Card,883.3,2026-04-07,Failed
PAY-0001073,ORD-0001073,PayPal,2347.65,2026-08-03,Completed
PAY-0011880,ORD-0011880,Credit Card,435.58,2026-08-09,Completed
PAY-0002596,ORD-0002596,Debit Card,2824.75,2025-02-11,Failed
PAY-0007202,ORD-0007202,Credit Card,1400.96,2026-08-30,Completed
PAY-0006279,ORD-0006279,Bank Transfer,661.82,2026-07-31,Failed
PAY-0007097,ORD-0007097,Credit Card,1159.15,2025-11-28,Completed
PAY-0002791,ORD-0002791,Credit Card,$2215.14,2026-06-13,Refunded
PAY-0009922,ORD-0009922,PayPal,1765.01,2026-08-23,Completed
PAY-0005708,ORD-0005708,Credit Card,1062.75,2026-09-01,Completed
PAY-0003305,ORD-0003305,Credit Card,356.68,2026-05-04,Completed
PAY-0010650,ORD-0010650,Debit Card,3441.45,2026-09-02,Pending
PAY-0007377,ORD-0007377,Debit Card,1451.48,2026-04-25,Refunded
PAY-0006350,ORD-0006350,Credit Card,257.38,2026-09-04,Completed
PAY-0002263,ORD-0002263,Debit Card,-1094.8,2025-03-03,Refunded
PAY-0009266,ORD-0009266,Bank Transfer,1938.2,2025-12-28,Failed
PAY-0011180,ORD-0011180,Bank Transfer,1878.16,2025-03-24,Completed
PAY-0006164,ORD-0006164,Credit Card,3529.23,2025-10-17,Pending
PAY-0007017,ORD-0007017,Debit Card,1561.08,2025-06-08,Completed
PAY-0004063,ORD-0004063,Credit Card,1349.86,2025-05-16,Completed
PAY-0008145,ORD-0008145,,2417.27,2025-12-29,Pending
PAY-0011660,ORD-0011660,PayPal,423.26abc,2026-07-02,Refunded
PAY-0002616,ORD-0918644,Debit Card,50.21,2024-04-21,Pending
PAY-0006143,ORD-0006143,Credit Card,686.05,2026-06-15,Completed
PAY-0008415,ORD-0008415,PayPal,1167.38,2025-11-22,Completed
PAY-0004565,ORD-0004565,PayPal,4751.91,2026-04-28,Failed
PAY-0005570,ORD-0005570,Gift Card,2062.1,2026-02-26,Completed
PAY-0009318,ORD-0009318,PayPal,2594.92,2026-08-25,Failed
PAY-0003961,ORD-0003961,Debit Card,426.9,2025-08-20,Completed
PAY-0006763,ORD-0006763,Credit Card,306.56,2026-07-25,Completed
PAY-0002546,ORD-0002546,Debit Card,12848.67,2026-08-17,Completed
PAY-0000015,ORD-0000015,PayPal,2006.61,2026-07-26,Completed
PAY-0009309,ORD-0009309,Debit Card,427.91,2026-01-19,Failed
PAY-0011672,ORD-0011672,Gift Card,932.75,2026-08-09,Completed
PAY-0004714,ORD-0004714,Credit Card,1670.4,2026-03-02,Completed
PAY-0004059,ORD-0004059,PayPal,$1191.44,2026-04-28,Completed
PAY-0001597,ORD-0001597,PayPal,343.39,2026-05-15,Completed
PAY-0008268,ORD-0998953,Bank Transfer,2673.75,2026-04-13,Completed
PAY-0005204,ORD-0005204,Debit Card,485.88,2026-06-12,Failed
PAY-0008269,ORD-0008269,Credit Card,26.26,2026-07-29,Completed
PAY-0000143,ORD-0000143,Gift Card,2357.89,2026-07-14,Failed
PAY-0011761,ORD-0011761,Credit Card,2921.75,2026-08-14,Completed
PAY-0007977,ORD-0007977,Credit Card,2175.72,2026-04-07,Refunded
PAY-0007781,ORD-0007781,Gift Card,1487.72,2026-07-05,Completed
PAY-0007732,ORD-0007732,Debit Card,1179.64,2026-08-26,Completed
PAY-0004716,ORD-0004716,Debit Card,894.15,2026-05-12,Completed
PAY-0009650,ORD-0009650,Credit Card,1823.41abc,2025-05-17,Completed
PAY-0001396,ORD-0001396,Credit Card,131.57,2025-09-03,Pending
PAY-0004450,ORD-0004450,Bank Transfer,5215.94,2026-05-15,Refunded
PAY-0005230,ORD-0005230,PayPal,-3345.5,2025-05-12,Completed
PAY-0011883,ORD-0011883,Debit Card,859.52,2026-05-22,Pending
PAY-0004682,ORD-0004682,Debit Card,1624.98,2026-08-26,Completed
PAY-0010154,ORD-0010154,Debit Card,2186.68,2025-12-03,Completed
PAY-0007881,ORD-0007881,Credit Card,298.34,2024-08-18,Pending
PAY-0001282,ORD-0001282,Gift Card,2913.53,2026-07-10,Pending
PAY-0002231,ORD-0002231,Debit Card,1141.26,2025-08-03,Failed
PAY-0011289,ORD-0011289,PayPal,3862.28,2026-01-08,Failed
PAY-0008969,ORD-0996268,Credit Card,699.21abc,2026-07-21,Completed
PAY-0002557,ORD-0002557,PayPal,2064.7,2024-12-18,Completed
PAY-0000338,ORD-0000338,Bank Transfer,1418.54,2026-09-04,Completed
PAY-0008732,ORD-0008732,Credit Card,2184.99,2026-08-28,Completed
PAY-0010215,ORD-0010215,Credit Card,1534.77,2026-04-13,Completed
PAY-0006868,ORD-0006868,Credit Card,118.31,2024-09-07,Completed
PAY-0003831,ORD-0003831,Gift Card,1978.81,2025-02-15,Completed
PAY-0002455,ORD-0002455,Credit Card,770.12,2026-05-18,Refunded
PAY-0004298,ORD-0004298,Bank Transfer,1804.91,2026-08-16,Refunded
PAY-0007195,ORD-0007195,Credit Card,2884.9,2026-07-15,Completed
PAY-0009234,ORD-0009234,Gift Card,1777.27,2026-04-28,Completed
PAY-0001257,ORD-0001257,Bank Transfer,523.0,2026-05-12,Completed
PAY-0010250,ORD-0010250,Credit Card,1005.82,2025-07-25,Completed
PAY-0004648,ORD-0004648,PayPal,1209.5,2026-08-28,Failed
PAY-0003388,ORD-0003388,Debit Card,517.32,2026-06-12,Completed
PAY-0000085,ORD-0000085,PayPal,3458.76,2026-05-29,Completed
PAY-0006874,ORD-0006874,Credit Card,1991.39,2026-08-16,Completed
PAY-0010324,ORD-0010324,Gift Card,913.92,2024-08-23,Completed
PAY-0007855,ORD-0007855,PayPal,1940.39,2026-05-25,Completed
PAY-0006295,ORD-0006295,PayPal,633.75,2026-08-09,Completed
PAY-0001438,ORD-0001438,Bank Transfer,6570.92,2025-09-15,Completed
PAY-0000367,ORD-0000367,,14.88,2025-03-17,Pending
PAY-0008369,ORD-0008369,Bank Transfer,5496.65,2026-05-27,Completed
PAY-0004390,ORD-0004390,Debit Card,7419.39,2025-11-16,Refunded
PAY-0000466,ORD-0000466,Gift Card,948.85,2025-06-05,Pending
PAY-0000741,ORD-0000741,Credit Card,2636.92,2025-04-02,Completed
PAY-0002664,ORD-0002664,PayPal,163.32,2026-04-18,Completed
PAY-0000709,ORD-0000709,PayPal,$1079.63,2026-02-14,Completed
PAY-0000666,ORD-0000666,Gift Card,1336.57,2026-08-25,Refunded
PAY-0004503,ORD-0004503,Credit Card,4797.52,2026-08-17,Completed
PAY-0003791,ORD-0003791,PayPal,1780.48,2025-05-24,Completed
PAY-0011798,ORD-0011798,Debit Card,1332.03,2026-08-04,Completed
PAY-0005559,ORD-0005559,Credit Card,2386.66,2025-11-19,Failed
PAY-0002734,ORD-0002734,PayPal,6226.99,2026-03-05,Completed
PAY-0001423,ORD-0001423,Debit Card,2833.62,2026-03-19,Completed
PAY-0008258,ORD-0008258,Debit Card,469.64,2026-05-01,Completed
PAY-0005095,ORD-0005095,Credit Card,4641.36,2024-09-07,Completed
PAY-0002193,ORD-0002193,Debit Card,466.7,2026-01-16,Completed
PAY-0006959,ORD-0006959,Credit Card,772.28,2025-12-26,Completed
PAY-0009481,ORD-0009481,Credit Card,100.52,2026-04-08,Refunded
PAY-0003486,ORD-0003486,PayPal,974.03,2026-07-07,Completed
PAY-0010268,ORD-0010268,Debit Card,211.66,2026-08-24,Completed
PAY-0004479,ORD-0004479,Credit Card,737.95,2026-08-30,Completed
PAY-0011609,ORD-0011609,Credit Card,586.24,2026-03-30,Completed
PAY-0004949,ORD-0004949,PayPal,111.08,2026-06-18,Completed
PAY-0004400,ORD-0004400,Gift Card,1250.78,23-Aug-2026,Completed
PAY-0004653,ORD-0004653,Credit Card,1292.38,2026-08-09,Failed
PAY-0003883,ORD-0003883,,445.88,2024-10-01,Failed
PAY-0005098,ORD-0005098,Credit Card,1333.8,2025-07-30,Completed
PAY-0002796,ORD-0002796,Credit Card,750.79,2026-01-17,Completed
PAY-0010322,ORD-0010322,Credit Card,4192.68,2024-04-28,Completed
PAY-0004359,ORD-0004359,Credit Card,360.27,2026-08-14,Completed
PAY-0011742,ORD-0011742,Debit Card,1643.32,2024-03-11,Refunded
PAY-0001064,ORD-0001064,Debit Card,240.44,2024-11-25,Completed
PAY-0006217,ORD-0006217,Credit Card,3671.96,2024-10-25,Failed
PAY-0006179,ORD-0006179,,2534.61,2026-06-20,Failed
PAY-0000091,ORD-0000091,Credit Card,2112.5,2026-04-17,Failed
PAY-0010086,ORD-0010086,Credit Card,471.05,2026-08-11,Failed
PAY-0006175,ORD-0006175,Credit Card,446.72,2024-01-08,Completed
PAY-0006287,ORD-0006287,Gift Card,1075.52,2026-05-28,Completed
PAY-0004427,ORD-0004427,PayPal,2254.24,2025-12-16,Completed
PAY-0000472,ORD-0000472,Credit Card,1279.65,2025-12-28,Refunded
PAY-0008067,ORD-0008067,PayPal,1066.34,2026-07-13,Completed
PAY-0008855,ORD-0008855,Credit Card,4461.9,2025-02-05,Completed
PAY-0001843,ORD-0001843,Credit Card,6843.24,2025-11-19,Completed
PAY-0008037,ORD-0008037,Debit Card,231.74,2025-11-03,Failed
PAY-0007162,ORD-0007162,Debit Card,3839.2,2025-09-23,Completed
PAY-0003852,ORD-0003852,Debit Card,701.22,2025-12-13,Failed
PAY-0002078,ORD-0002078,Gift Card,38492.25,2026-02-11,Completed
PAY-0009834,ORD-0009834,Debit Card,2753.93,2026-08-29,Failed
PAY-0000378,ORD-0000378,Credit Card,1992.67,2025-05-25,Completed
PAY-0008776,ORD-0008776,Credit Card,786.58,2024-01-29,Completed
PAY-0008283,ORD-0008283,Credit Card,1014.12,2026-04-22,Completed
PAY-0008430,ORD-0008430,Credit Card,3400.6,2026-06-22,Completed
PAY-0005005,ORD-0005005,Debit Card,554.57,2026-06-16,Refunded
PAY-0008445,ORD-0008445,PayPal,3002.31,2025-12-10,Completed
PAY-0003100,ORD-0003100,Gift Card,613.96,2026-04-26,Refunded
PAY-0008772,ORD-0008772,Debit Card,169.65,2026-07-16,Completed
PAY-0011932,ORD-0011932,Credit Card,2901.69,2024-12-30,Refunded
PAY-0006235,ORD-0006235,,490.78,2026-01-12,Completed
PAY-0000686,ORD-0000686,Credit Card,2506.85,2025-07-29,Completed
PAY-0006100,ORD-0006100,,2541.8,2024-08-17,Completed
PAY-0010057,ORD-0010057,Credit Card,16.58,2026-05-02,Completed
PAY-0011352,ORD-0011352,Debit Card,1556.6,2026-08-25,Refunded
PAY-0011246,ORD-0011246,Credit Card,1683.71,2026-05-18,Pending
PAY-0005370,ORD-0005370,Gift Card,3099.69,2026-04-05,Refunded
PAY-0006689,ORD-0006689,PayPal,2938.23,2024-07-22,Completed
PAY-0003552,ORD-0003552,,376.46,2025-02-17,Completed
PAY-0002733,ORD-0002733,Credit Card,4992.6,2024-07-04,Pending
PAY-0000429,ORD-0000429,Debit Card,2054.2,2024-05-05,Completed
PAY-0002474,ORD-0002474,,734.26,2026-05-28,Completed
PAY-0002856,ORD-0002856,Gift Card,575.41,2026-03-07,Completed
PAY-0007523,ORD-0007523,Gift Card,3541.81,2025-11-28,Completed
PAY-0002280,ORD-0002280,,174.88,2026-05-28,Pending
PAY-0007533,ORD-0007533,PayPal,760.35,2026-08-27,Completed
PAY-0003927,ORD-0003927,Bank Transfer,$2324.25,2025-03-05,Completed
PAY-0003531,ORD-0003531,Debit Card,2792.6,2026-03-16,Refunded
PAY-0004065,ORD-0004065,Credit Card,3378.45,2025-04-06,Pending
PAY-0006086,ORD-0006086,Credit Card,2686.08,2024-08-28,Completed
PAY-0002390,ORD-0002390,PayPal,5329.49,2026-05-16,Failed
PAY-0011513,ORD-0011513,Credit Card,491.93,2026-08-13,Refunded
PAY-0005794,ORD-0005794,Credit Card,531.05,2024-06-28,Pending
PAY-0009419,ORD-0009419,PayPal,49.95,2026-04-26,Completed
PAY-0009257,ORD-0009257,Credit Card,2613.3,2026-07-23,Completed
PAY-0003042,ORD-0003042,PayPal,2046.21,2026-03-21,Completed
PAY-0006290,ORD-0969396,Debit Card,702.71,2026-02-15,Completed
PAY-0004992,ORD-0004992,Debit Card,$462.72,2026-02-21,Completed
PAY-0008040,ORD-0008040,Debit Card,?,2025-08-23,Completed
PAY-0007393,ORD-0007393,,666.08,2024-10-09,Completed
PAY-0004654,ORD-0004654,Credit Card,162.02,2026-08-14,Completed
PAY-0000033,ORD-0000033,Debit Card,3226.7,2024-08-24,Completed
PAY-0002927,ORD-0002927,Debit Card,3589.66,2024-08-23,Refunded
PAY-0002948,ORD-0002948,Credit Card,466.11,2026-05-07,Completed
PAY-0001277,ORD-0001277,Gift Card,749.1,2025-10-23,Failed
PAY-0001193,ORD-0001193,Credit Card,1224.8,2026-01-24,Completed
PAY-0009737,ORD-0009737,Bank Transfer,1231.58,2026-08-02,Completed
PAY-0007004,ORD-0007004,Credit Card,2143.5,2025-09-03,Completed
PAY-0006022,ORD-0006022,Credit Card,548.7,2026-03-23,Completed
PAY-0006494,ORD-0006494,Credit Card,515.16,"August 31, 2026",Failed
PAY-0010624,ORD-0010624,PayPal,-1941.13,2025-07-05,Completed
PAY-0006566,ORD-0006566,Debit Card,1057.46,2026-05-19,Completed
PAY-0005873,ORD-0005873,Debit Card,2166.19,2026-08-14,Completed
PAY-0009960,ORD-0009960,Credit Card,1984.15,2025-05-12,Completed
PAY-0011385,ORD-0011385,Credit Card,1000.78,2025-10-14,Completed
PAY-0007134,ORD-0007134,Gift Card,1319.01,2026-08-29,Completed
PAY-0010487,ORD-0010487,Gift Card,-3091.69,2026-08-20,Completed
PAY-0008600,ORD-0008600,PayPal,1734.42,2026-08-19,Completed
PAY-0007942,ORD-0007942,Debit Card,315.3,2026-04-12,Refunded
PAY-0006655,ORD-0006655,PayPal,2192.39,2025-07-12,Completed
PAY-0010078,ORD-0010078,Credit Card,113.51,2025-08-16,Completed
PAY-0005583,ORD-0005583,Credit Card,1190.41,2026-06-14,Completed
PAY-0008124,ORD-0008124,Credit Card,1006.39,2025-05-30,Completed
PAY-0005837,ORD-0005837,Credit Card,292.55,2025-03-07,Completed
PAY-0002457,ORD-0002457,Credit Card,32.11,2025-06-04,Refunded
PAY-0006115,ORD-0006115,Credit Card,7060.38,2025-01-17,Completed
PAY-0008032,ORD-0008032,Credit Card,1362.46,2026-01-01,Pending
PAY-0010414,ORD-0010414,,22.42,2026-08-29,Completed
PAY-0005675,ORD-0005675,Debit Card,4906.63,2025-12-04,Completed
PAY-0002745,ORD-0002745,Debit Card,233.02,2024-08-07,Completed
PAY-0002055,ORD-0002055,PayPal,103.16,2026-02-03,Refunded
PAY-0008975,ORD-0008975,Debit Card,857.16,2025-04-02,Completed
PAY-0010097,ORD-0010097,Credit Card,4567.53,2025-11-27,Completed
PAY-0008940,ORD-0008940,Credit Card,2064.42,2024-08-31,Completed
PAY-0008937,ORD-0008937,Debit Card,3484.44,2024-07-21,Completed
PAY-0002538,ORD-0002538,Debit Card,340.97,2025-08-20,Failed
PAY-0002766,ORD-0002766,Credit Card,2890.38,2026-08-30,Pending
PAY-0006574,ORD-0006574,Debit Card,1140.63,2026-03-26,Pending
PAY-0007732,ORD-0007732,Debit Card,1179.64,2026-08-26,Completed
PAY-0005408,ORD-0005408,Credit Card,4356.82,2025-08-28,Completed
PAY-0008837,ORD-0008837,Gift Card,1125.56,2025-10-23,Completed
PAY-0009935,ORD-0009935,Debit Card,3782.16,2026-05-20,Completed
PAY-0005082,ORD-0005082,Credit Card,3889.05abc,2024-09-19,Completed
PAY-0007591,ORD-0007591,Credit Card,3275.38,2026-02-03,Completed
PAY-0002167,ORD-0002167,Debit Card,757.28,2024-11-14,Completed
PAY-0008143,ORD-0008143,Credit Card,1375.05,2024-08-08,Completed
PAY-0004715,ORD-0004715,Debit Card,1678.46,2025-07-12,Completed
PAY-0004156,ORD-0004156,Debit Card,805.3,18-Sep-2024,Failed
PAY-0002483,ORD-0002483,Gift Card,873.24,2025-09-11,Completed
PAY-0003654,ORD-0003654,Gift Card,1683.15,2026-08-25,Completed
PAY-0007877,ORD-0007877,Credit Card,2644.74,2024-12-14,Failed
PAY-0000550,ORD-0000550,PayPal,349.06,2024-01-07,Completed
PAY-0000889,ORD-0000889,PayPal,83.54,2024-11-16,Completed
PAY-0006183,ORD-0006183,,1189.71,15-Feb-2026,Failed
PAY-0010340,ORD-0010340,Bank Transfer,1660.13,2025-07-02,Completed
PAY-0002560,ORD-0002560,Credit Card,2180.31,2026-07-09,Completed
PAY-0007482,ORD-0007482,PayPal,901.64,2026-09-02,Completed
PAY-0010124,ORD-0010124,Credit Card,312.58,2025-12-25,Completed
PAY-0003995,ORD-0003995,PayPal,703.34,2026-01-25,Completed
PAY-0009128,ORD-0009128,Credit Card,2361.28,2025-11-16,Completed
PAY-0009783,ORD-0009783,Credit Card,2951.1,2025-11-06,Completed
PAY-0008785,ORD-0008785,PayPal,1027.2,2026-04-08,Completed
PAY-0001514,ORD-0001514,Debit Card,3504.0,2025-08-04,Pending
PAY-0008048,ORD-0008048,Gift Card,4331.53abc,2026-04-18,Completed
PAY-0010133,ORD-0010133,Gift Card,828.0,2026-01-01,Completed
PAY-0011618,ORD-0011618,Debit Card,869.87,2026-04-28,Refunded
PAY-0001849,ORD-0001849,Credit Card,3367.55,2025-08-17,Completed
PAY-0010698,ORD-0010698,Credit Card,943.79,2026-09-01,Refunded
PAY-0004995,ORD-0004995,Credit Card,$1173.91,2026-05-14,Pending
PAY-0009950,ORD-0009950,Credit Card,1694.46,2026-07-14,Completed
PAY-0008374,ORD-0008374,Debit Card,606.99,2025-06-12,Completed
PAY-0010091,ORD-0010091,PayPal,208577.44,2026-01-12,Completed
PAY-0007337,ORD-0007337,PayPal,1750.82,2025-06-09,Completed
PAY-0000234,ORD-0000234,PayPal,1717.64,2025-12-26,Completed
PAY-0003391,ORD-0003391,Debit Card,867.18,2024-08-02,Completed
PAY-0011283,ORD-0011283,Debit Card,1258.92,2026-07-15,Completed
PAY-0008054,ORD-0008054,Gift Card,119.32,2026-04-16,Completed
PAY-0007557,ORD-0007557,Gift Card,3204.39,2024-11-15,Refunded
PAY-0010072,ORD-0010072,PayPal,2776.62,2026-01-07,Refunded
PAY-0003161,ORD-0003161,Credit Card,739.84,2026-02-03,Completed
PAY-0003865,ORD-0003865,PayPal,1388.81,2026-07-29,Refunded
PAY-0004706,ORD-0004706,PayPal,3175.42,2025-03-31,Failed
PAY-0003538,ORD-0003538,Credit Card,3032.8,2026-07-15,Completed
PAY-0010023,ORD-0010023,Credit Card,2491.89,2025-11-25,Pending
PAY-0008194,ORD-0008194,Credit Card,1228.94,2026-08-21,Completed
PAY-0011951,ORD-0011951,Gift Card,260.28,2025-12-07,Completed
PAY-0003570,ORD-0003570,Credit Card,798.5,2026-01-10,Completed
PAY-0002799,ORD-0002799,Credit Card,114399.99,2026-04-12,Completed
PAY-0004572,ORD-0004572,Credit Card,562.6,2026-08-13,Completed
PAY-0009403,ORD-0009403,PayPal,943.54,2026-08-12,Failed
PAY-0001795,ORD-0001795,Credit Card,148.08,2026-08-27,Completed
PAY-0002299,ORD-0002299,Credit Card,N/A,2025-04-03,Completed
PAY-0001385,ORD-0001385,Gift Card,2270.68,2026-06-29,Pending
PAY-0005350,ORD-0005350,Credit Card,1466.35,2026-01-14,Completed
PAY-0003178,ORD-0003178,Credit Card,2286.12,2024-04-23,Completed
PAY-0010246,ORD-0010246,Gift Card,2307.03,2025-09-21,Pending
PAY-0009077,ORD-0009077,PayPal,887.6,2025-08-06,Completed
PAY-0002623,ORD-0937993,Debit Card,972.71,2024-12-27,Completed
PAY-0011048,ORD-0011048,Debit Card,1988.85,2024-03-05,Completed
PAY-0011005,ORD-0011005,PayPal,1193.25,2024-07-12,Refunded
PAY-0003968,ORD-0003968,PayPal,907.69,2025-10-07,Failed
PAY-0010778,ORD-0010778,Credit Card,795.39,2026-02-16,Failed
PAY-0000653,ORD-0000653,Gift Card,312.41,2025-09-26,Completed
PAY-0000680,ORD-0000680,Gift Card,665.3,2025-09-09,Refunded
PAY-0000683,ORD-0000683,Debit Card,127.6,2025-01-09,Refunded
PAY-0007035,ORD-0007035,Debit Card,$1793.92,2026-03-23,Completed
PAY-0005338,ORD-0005338,Gift Card,2723.19,2025-04-13,Failed
PAY-0001708,ORD-0001708,Gift Card,681.96,2026-03-24,Completed
PAY-0000962,ORD-0000962,Credit Card,1451.03,2024-04-11,Refunded
PAY-0009676,ORD-0009676,Debit Card,243.89,2026-07-29,Completed
PAY-0005529,ORD-0005529,Bank Transfer,5302.7,2024-12-07,Completed
PAY-0009388,ORD-0009388,Credit Card,543.74,2026-05-21,Completed
PAY-0006510,ORD-0006510,Credit Card,1017.4,03/16/2026,Refunded
PAY-0002291,ORD-0002291,Debit Card,743.4,2026-08-28,Completed
PAY-0008665,ORD-0008665,Credit Card,2925.98,2025-01-15,Completed
PAY-0006788,ORD-0006788,Credit Card,710.98,2026-03-19,Completed
PAY-0009417,ORD-0009417,Gift Card,477.92,2026-07-18,Completed
PAY-0008466,ORD-0008466,Debit Card,1170.94,2024-05-17,Completed
PAY-0001702,ORD-0001702,Gift Card,1120.64,2026-06-21,Completed
PAY-0005615,ORD-0005615,Credit Card,310.26,2026-09-02,Completed
PAY-0001125,ORD-0001125,Debit Card,3043.74,2024-12-13,Completed
PAY-0007441,ORD-0007441,Credit Card,2172.88,2025-10-16,Completed
PAY-0003647,ORD-0003647,Credit Card,653.6,2025-02-01,Completed
PAY-0002471,ORD-0002471,PayPal,620.74,2026-07-23,Refunded
PAY-0001391,ORD-0001391,Gift Card,363.49,2026-01-21,Completed
PAY-0007528,ORD-0007528,Credit Card,352.16,2026-09-07,Failed
PAY-0002524,ORD-0002524,Credit Card,2806.85,2025-12-18,Completed
PAY-0001605,ORD-0001605,Debit Card,436.9,2024-11-03,Failed
PAY-0000305,ORD-0000305,Credit Card,373.17,2025-11-08,Pending
PAY-0003459,ORD-0003459,Credit Card,124.92,2026-04-26,Completed
PAY-0005353,ORD-0005353,Credit Card,1258.49,2024-07-15,Failed
PAY-0005384,ORD-0005384,,1292.62,2026-01-25,Completed
PAY-0007071,ORD-0007071,Credit Card,1790.22,2026-02-19,Completed
PAY-0001267,ORD-0001267,Credit Card,688.38,2024-08-29,Failed
PAY-0008602,ORD-0008602,PayPal,2083.05,2026-01-31,Refunded
PAY-0005709,ORD-0005709,,312.2,2026-04-10,Completed
PAY-0000623,ORD-0000623,Credit Card,2003.99,2025-09-30,Refunded
PAY-0002954,ORD-0002954,Credit Card,4975.57,2026-08-16,Completed
PAY-0003955,ORD-0003955,PayPal,79.59,2026-08-13,Refunded
PAY-0006675,ORD-0006675,PayPal,2126.19,2026-05-25,Refunded
PAY-0007032,ORD-0007032,PayPal,2191.97,2025-11-25,Completed
PAY-0005612,ORD-0005612,Bank Transfer,1361.66,2025-10-17,Completed
PAY-0007963,ORD-0007963,Credit Card,1926.12,2025-12-13,Completed
PAY-0004548,ORD-0004548,Gift Card,672.68,2025-03-28,Completed
PAY-0002523,ORD-0002523,Debit Card,23.57,2026-06-14,Completed
PAY-0005972,ORD-0005972,Credit Card,925.85,2026-05-09,Completed
PAY-0003118,ORD-0003118,PayPal,757.94,2026-01-08,Completed
PAY-0001480,ORD-0001480,Credit Card,2117.02,2026-08-01,Failed
PAY-0009083,ORD-0009083,Debit Card,4006.33,2026-08-03,Completed
PAY-0010631,ORD-0010631,Credit Card,161.44,2025-07-18,Pending
PAY-0003236,ORD-0003236,Credit Card,105.35,2026-03-27,Completed
PAY-0011812,ORD-0011812,Debit Card,634.3,2025-08-16,Completed
PAY-0001378,ORD-0001378,Credit Card,6310.0,2026-06-27,Completed
PAY-0008661,ORD-0008661,Credit Card,107.56,2025-10-22,Completed
PAY-0011319,ORD-0011319,,984.16,2026-08-01,Completed
PAY-0008481,ORD-0008481,PayPal,503.47,"October 04, 2025",Failed
PAY-0001999,ORD-0001999,,357.16,2025-12-22,Completed
PAY-0002517,ORD-0002517,Debit Card,2476.09,2026-08-08,Failed
PAY-0007593,ORD-0007593,PayPal,2018.52,2026-01-18,Completed
PAY-0008542,ORD-0008542,Bank Transfer,424.85,2026-04-10,Completed
PAY-0005166,ORD-0005166,Credit Card,499.43,2026-07-17,Completed
PAY-0007400,ORD-0007400,Debit Card,835.81,2026-06-21,Failed
PAY-0001755,ORD-0001755,Gift Card,2479.21,2025-07-19,Completed
PAY-0008594,ORD-0008594,PayPal,438.67,2025-01-23,Completed
PAY-0009468,ORD-0009468,Credit Card,1381.28,2026-06-09,Completed
PAY-0009719,ORD-0009719,PayPal,459.85,2026-04-07,Completed
PAY-0006808,ORD-0006808,Debit Card,2718.48,2024-02-06,Completed
PAY-0011694,ORD-0011694,Credit Card,1125.56,07/14/2026,Completed
PAY-0003956,ORD-0003956,Debit Card,1032.33,2024-04-15,Completed
PAY-0001465,ORD-0001465,Credit Card,274013.75,2026-06-16,Completed
PAY-0009060,ORD-0009060,Debit Card,895.61,2025-11-02,Completed
PAY-0008998,ORD-0008998,Debit Card,7036.74,2025-11-15,Completed
PAY-0004135,ORD-0004135,PayPal,2669.56,2025-08-12,Completed
PAY-0010458,ORD-0010458,Credit Card,83.91,2026-04-12,Completed
PAY-0010994,ORD-0010994,PayPal,2523.14,2026-08-22,Refunded
PAY-0005913,ORD-0005913,Credit Card,532.76,2026-04-28,Completed
PAY-0003504,ORD-0003504,Debit Card,285.9,2026-07-19,Refunded
PAY-0002803,ORD-0002803,Debit Card,1978.75,2026-03-09,Completed
PAY-0004442,ORD-0004442,Debit Card,3890.28,2026-09-01,Completed
PAY-0010704,ORD-0010704,PayPal,936.53,2026-06-20,Completed
PAY-0010711,ORD-0010711,Debit Card,3255.15,2024-09-15,Completed
PAY-0009432,ORD-0009432,PayPal,892.86,2024-09-22,Completed
PAY-0008825,ORD-0008825,Debit Card,1234.77,2026-08-30,Failed
PAY-0006055,ORD-0006055,Bank Transfer,2904.87,"June 18, 2025",Completed
PAY-0000544,ORD-0000544,PayPal,1688.12,2024-08-29,Completed
PAY-0003350,ORD-0003350,Debit Card,876.56,2025-06-03,Completed
PAY-0008265,ORD-0008265,Debit Card,2627.82,2026-08-03,Pending
PAY-0011843,ORD-0011843,Credit Card,773.54,2026-08-12,Completed
PAY-0000768,ORD-0000768,PayPal,1811.19,2026-03-20,Failed
PAY-0006323,ORD-0006323,Gift Card,173945.32,2025-08-09,Completed
PAY-0009788,ORD-0009788,Credit Card,199.54,2026-04-25,Pending
PAY-0008084,ORD-0008084,Debit Card,905.21,2025-10-09,Completed
PAY-0001560,ORD-0001560,Debit Card,1122.0,2025-04-04,Completed
PAY-0002879,ORD-0002879,Gift Card,3691.7,2025-11-04,Completed
PAY-0008117,ORD-0008117,PayPal,2456.93,2025-12-30,Pending
PAY-0011776,ORD-0011776,Debit Card,2298.55,2026-08-17,Failed
PAY-0002667,ORD-0002667,Debit Card,508.3,"July 18, 2026",Completed
PAY-0002695,ORD-0935630,Credit Card,205.24,2025-12-12,Completed
PAY-0002986,ORD-0002986,Debit Card,$964.47,2025-10-18,Failed
PAY-0002439,ORD-0989866,Credit Card,3522.92,2026-02-19,Refunded
PAY-0006526,ORD-0006526,Debit Card,1058.43,2025-10-07,Completed
PAY-0007752,ORD-0007752,Debit Card,2563.05,2026-01-28,Refunded
PAY-0007466,ORD-0007466,Debit Card,1171.92,2026-03-20,Completed
PAY-0002153,ORD-0002153,Debit Card,2805.39,2025-01-05,Completed
PAY-0002001,ORD-0002001,Debit Card,1951.87,2026-04-26,Completed
PAY-0007701,ORD-0965592,Debit Card,706.8,2026-02-25,Completed
PAY-0002342,ORD-0002342,PayPal,189.41,2025-09-27,Refunded
PAY-0000111,ORD-0000111,Debit Card,123.87,"August 02, 2026",Completed
PAY-0004704,ORD-0004704,Credit Card,162.65,2026-03-02,Pending
PAY-0000583,ORD-0000583,Credit Card,1440.87,2026-04-06,Completed
PAY-0007691,ORD-0007691,Credit Card,1067.08,2025-03-18,Failed
PAY-0001327,ORD-0001327,Debit Card,3148.85,2026-08-26,Completed
PAY-0005228,ORD-0005228,Debit Card,122.48,2025-03-22,Completed
PAY-0000478,ORD-0000478,Credit Card,1199.92,2025-02-13,Completed
PAY-0007769,ORD-0007769,Debit Card,586.93,2026-05-30,Completed
PAY-0000463,ORD-0000463,Credit Card,1387.91,2025-09-23,Completed
PAY-0007729,ORD-0912686,Bank Transfer,1991.04abc,2025-01-20,Refunded
PAY-0010252,ORD-0010252,PayPal,766.56,2025-11-08,Failed
PAY-0004002,ORD-0004002,PayPal,191.95,2026-01-30,Completed
PAY-0007261,ORD-0007261,Debit Card,1378.38,2025-08-12,Completed
PAY-0001035,ORD-0001035,Credit Card,5510.06,2026-06-14,Completed
PAY-0007375,ORD-0007375,PayPal,722.45,2026-04-16,Pending
PAY-0009565,ORD-0009565,Credit Card,577.44,2026-03-21,Completed
PAY-0008958,ORD-0008958,Credit Card,2024.75,2025-08-26,Completed
PAY-0007481,ORD-0007481,Credit Card,1238.81,2026-08-07,Completed
PAY-0003696,ORD-0003696,PayPal,792.01,2026-05-01,Completed
PAY-0003951,ORD-0003951,Debit Card,4689.2,2026-02-10,Completed
PAY-0008400,ORD-0008400,Bank Transfer,-4754.24,07/12/2026,Failed
PAY-0000619,ORD-0000619,Debit Card,1383.09,2024-10-24,Failed
PAY-0007405,ORD-0007405,PayPal,2081.94,2026-06-14,Completed
PAY-0004436,ORD-0004436,Debit Card,773.47,2025-06-09,Completed
PAY-0004499,ORD-0004499,,313.95,2026-08-28,Completed
PAY-0002176,ORD-0002176,Bank Transfer,1035.44,2026-07-27,Pending
PAY-0006973,ORD-0006973,Credit Card,1987.76,2026-08-07,Completed
PAY-0004010,ORD-0004010,Gift Card,$2126.14,2026-08-18,Completed
PAY-0009644,ORD-0009644,Credit Card,4300.31,2025-10-15,Completed
PAY-0006725,ORD-0006725,PayPal,898.85,"August 30, 2026",Completed
PAY-0003368,ORD-0003368,Debit Card,1289.76,2025-08-10,Completed
PAY-0009592,ORD-0009592,Credit Card,1499.62,2026-04-09,Completed
PAY-0001672,ORD-0001672,Bank Transfer,4004.03,2024-12-31,Completed
PAY-0009792,ORD-0009792,Credit Card,138.75,2026-06-30,Completed
PAY-0001635,ORD-0001635,Debit Card,2941.7,2026-07-26,Pending
PAY-0003064,ORD-0003064,Credit Card,728.35,2026-07-10,Completed
PAY-0010627,ORD-0010627,PayPal,1511.99,2026-05-28,Completed
PAY-0009399,ORD-0009399,Debit Card,1338.51,2025-10-29,Completed
PAY-0001465,ORD-0001465,Credit Card,274013.75,2026-06-16,Completed
PAY-0005968,ORD-0005968,Credit Card,570.72,"May 24, 2026",Completed
PAY-0001842,ORD-0001842,PayPal,2902.32,2026-05-09,Completed
PAY-0002399,ORD-0002399,Gift Card,6917.0,2026-03-27,Completed
PAY-0007619,ORD-0007619,PayPal,965.55,2025-06-15,Refunded
PAY-0002160,ORD-0002160,PayPal,1256.48,2026-08-26,Completed
PAY-0008006,ORD-0008006,Credit Card,2924.95,2025-05-12,Completed
PAY-0010694,ORD-0010694,Debit Card,56.36,2024-09-05,Pending
PAY-0001328,ORD-0001328,Bank Transfer,221.56,2025-11-06,Refunded
PAY-0001663,ORD-0001663,PayPal,964.65,2025-03-06,Refunded
PAY-0008714,ORD-0008714,PayPal,2108.36,2026-08-19,Failed
PAY-0004488,ORD-0004488,Credit Card,1634.6,2026-03-05,Completed
PAY-0010105,ORD-0010105,Debit Card,1354.06,2025-10-22,Completed
PAY-0007448,ORD-0007448,PayPal,1457.96,2024-07-14,Completed
PAY-0006733,ORD-0006733,PayPal,1010.25,2026-01-20,Completed
PAY-0002687,ORD-0002687,Debit Card,532.89,2025-05-04,Completed
PAY-0008537,ORD-0008537,Debit Card,777.78,2026-07-04,Completed
PAY-0011940,ORD-0011940,Credit Card,1694.97,2025-07-08,Failed
PAY-0003099,ORD-0003099,PayPal,4725.31,2025-08-27,Completed
PAY-0004075,ORD-0004075,PayPal,3080.12,2025-06-21,Refunded
PAY-0007632,ORD-0007632,Credit Card,959.2,2025-08-25,Completed
PAY-0003177,ORD-0003177,PayPal,2849.56,2026-01-02,Completed
PAY-0000868,ORD-0000868,Credit Card,430.88,2026-06-05,Refunded
PAY-0008678,ORD-0008678,Gift Card,1625.58,2026-08-12,Refunded
PAY-0009412,ORD-0009412,PayPal,651.62,2026-08-22,Completed
PAY-0010488,ORD-0010488,Credit Card,1405.37,2026-05-23,Completed
PAY-0010006,ORD-0010006,Credit Card,1393.25,2026-03-24,Completed
PAY-0006063,ORD-0006063,Credit Card,1312.09,2026-06-19,Completed
PAY-0005097,ORD-0005097,PayPal,1747.36,2026-05-27,Refunded
PAY-0005478,ORD-0005478,PayPal,217.1,"August 16, 2026",Refunded
PAY-0003978,ORD-0003978,Credit Card,220.34,2024-08-26,Completed
PAY-0011050,ORD-0011050,PayPal,561.87,2026-09-03,Failed
PAY-0002551,ORD-0002551,Credit Card,361.56,2025-09-09,Completed
PAY-0007964,ORD-0007964,Credit Card,12.61,2026-08-25,Completed
PAY-0004282,ORD-0004282,PayPal,118.36,2026-06-25,Refunded
PAY-0005948,ORD-0005948,Debit Card,1887.76,2026-06-20,Completed
PAY-0011555,ORD-0011555,Gift Card,187607.31,2026-01-04,Completed
PAY-0002453,ORD-0002453,Credit Card,946.2,2025-10-11,Completed
PAY-0008069,ORD-0008069,PayPal,576.89,2026-07-15,Completed
PAY-0009455,ORD-0009455,,161.05,2026-08-31,Completed
PAY-0006362,ORD-0006362,PayPal,2106.85,2024-11-18,Refunded
PAY-0004509,ORD-0004509,Debit Card,431.52,2026-04-24,Completed
PAY-0003348,ORD-0003348,Credit Card,502.15,2024-11-06,Completed
PAY-0000740,ORD-0000740,Debit Card,4969.17,2024-12-15,Failed
PAY-0011145,ORD-0011145,Credit Card,696.27,2025-01-25,Refunded
PAY-0011791,ORD-0011791,PayPal,$1552.93,2024-11-09,Completed
PAY-0002089,ORD-0002089,Gift Card,1451.91,2026-02-12,Completed
PAY-0003779,ORD-0003779,PayPal,588.17,2026-05-22,Completed
PAY-0009870,ORD-0009870,PayPal,886.87,2026-08-02,Completed
PAY-0005651,ORD-0005651,Credit Card,1546.14,2025-05-07,Completed
PAY-0004376,ORD-0004376,Credit Card,1044.31,2026-05-07,Completed
PAY-0006227,ORD-0006227,Credit Card,537.22,2024-09-02,Completed
PAY-0004924,ORD-0004924,Gift Card,2222.78,2026-07-22,Completed
PAY-0000615,ORD-0000615,Debit Card,1027.57,2026-02-08,Completed
PAY-0008648,ORD-0008648,Debit Card,767.77,2026-07-18,Completed
PAY-0008321,ORD-0008321,Debit Card,309.96,2026-07-03,Completed
PAY-0000824,ORD-0000824,Debit Card,2588.64,2025-01-07,Completed
PAY-0002351,ORD-0002351,Debit Card,519.62,2026-08-26,Completed
PAY-0006255,ORD-0006255,Credit Card,1302.79,2025-12-24,Completed
PAY-0009142,ORD-0009142,Gift Card,5674.42,2026-06-24,Completed
PAY-0002418,ORD-0002418,PayPal,2163.48,2025-12-21,Failed
PAY-0009645,ORD-0944860,PayPal,2131.7,2025-11-08,Completed
PAY-0008586,ORD-0008586,Debit Card,284.33,2025-09-09,Completed
PAY-0001891,ORD-0001891,Bank Transfer,1044.55,2026-03-20,Completed
PAY-0004793,ORD-0004793,Credit Card,546.53,2026-06-05,Completed
PAY-0010125,ORD-0010125,Debit Card,2088.0,2026-06-20,Completed
PAY-0001765,ORD-0001765,Credit Card,1186.04,2025-07-24,Completed
PAY-0008854,ORD-0008854,PayPal,3417.8,2026-06-01,Completed
PAY-0005632,ORD-0005632,Debit Card,2790.72,2026-05-19,Completed
PAY-0010585,ORD-0010585,Bank Transfer,13746.44,22-Apr-2025,Failed
PAY-0011244,ORD-0011244,Credit Card,2955.66,2026-06-19,Completed
PAY-0007847,ORD-0007847,PayPal,269.35,2026-08-15,Completed
PAY-0011391,ORD-0011391,Debit Card,577.49,08/02/2026,Failed
PAY-0001398,ORD-0001398,Credit Card,$968.48,2026-01-26,Failed
PAY-0003472,ORD-0003472,Credit Card,2325.78,2025-05-10,Completed
PAY-0007468,ORD-0007468,Debit Card,1043.16,2026-07-02,Failed
PAY-0005721,ORD-0005721,PayPal,589.82,2026-07-06,Completed
PAY-0003096,ORD-0003096,Credit Card,$266.32,2025-11-01,Completed
PAY-0005475,ORD-0005475,Credit Card,4018.92,2025-09-26,Completed
PAY-0010457,ORD-0010457,Debit Card,665.32,2026-06-14,Completed
PAY-0001115,ORD-0001115,Debit Card,2503.06,2026-03-17,Completed
PAY-0011879,ORD-0011879,Debit Card,1399.08,2026-01-21,Completed
PAY-0007497,ORD-0007497,Credit Card,2918.09,2024-03-23,Completed
PAY-0007849,ORD-0007849,Credit Card,2472.54,2025-10-29,Completed
PAY-0000075,ORD-0000075,Debit Card,2603.1,05-Sep-2026,Pending
PAY-0000246,ORD-0000246,PayPal,null,2025-05-24,Completed
PAY-0001335,ORD-0001335,,2767.5,2025-06-03,Completed
PAY-0000526,ORD-0000526,Debit Card,1425.13,2026-02-16,Completed
PAY-0000034,ORD-0000034,Bank Transfer,333.69,2026-07-05,Completed
PAY-0011586,ORD-0011586,Bank Transfer,$2217.26,2026-08-18,Pending
PAY-0002761,ORD-0002761,Credit Card,3673.7,2026-07-03,Refunded
PAY-0001880,ORD-0001880,Credit Card,1702.91,2025-07-25,Completed
PAY-0011679,ORD-0011679,Debit Card,1954.88,2026-02-12,Failed
PAY-0007846,ORD-0007846,Credit Card,158.7,2025-04-18,Completed
PAY-0000345,ORD-0000345,PayPal,923.31,2026-06-30,Completed
PAY-0000937,ORD-0000937,Debit Card,648.81,2026-01-22,Completed
PAY-0000277,ORD-0000277,Gift Card,1503.21,2025-01-03,Completed
PAY-0006621,ORD-0006621,Credit Card,2318.86,2026-01-22,Refunded
PAY-0005292,ORD-0005292,Debit Card,205.94,2026-02-19,Failed
PAY-0011870,ORD-0011870,Debit Card,378.02,2026-05-18,Pending
PAY-0010880,ORD-0010880,,3413.36,2025-06-16,Completed
PAY-0009504,ORD-0009504,Credit Card,1526.88,2026-04-21,Failed
PAY-0007689,ORD-0007689,Credit Card,182.35,11/04/2025,Failed
PAY-0000894,ORD-0000894,PayPal,383.97,2025-11-17,Completed
PAY-0010570,ORD-0010570,Credit Card,188.78,2026-01-19,Completed
PAY-0006244,ORD-0006244,Bank Transfer,1142.8,2025-11-13,Completed
PAY-0007153,ORD-0007153,Credit Card,2646.8,2026-07-23,Completed
PAY-0010588,ORD-0944285,Credit Card,2593.61,2026-06-25,Completed
PAY-0006383,ORD-0006383,PayPal,2228.0,2026-07-05,Completed
PAY-0000300,ORD-0000300,Debit Card,437.84,2026-08-13,Completed
PAY-0000200,ORD-0000200,Debit Card,1430.13,2025-05-14,Completed
PAY-0011913,ORD-0011913,PayPal,346.74,2025-06-29,Pending
PAY-0010205,ORD-0010205,Credit Card,4061.27,2026-04-14,Refunded
PAY-0004389,ORD-0004389,Credit Card,407.9,2026-08-14,Completed
PAY-0006851,ORD-0006851,Credit Card,442.28,2026-07-04,Completed
PAY-0011750,ORD-0011750,Debit Card,806.2,2025-11-25,Refunded
PAY-0005869,ORD-0005869,Credit Card,538.66,2026-06-27,Failed
PAY-0004018,ORD-0004018,Credit Card,2206.25,2026-05-18,Completed
PAY-0006042,ORD-0006042,,725.16,2026-03-19,Completed
PAY-0001793,ORD-0001793,Gift Card,748.95,2025-09-14,Refunded
PAY-0004734,ORD-0004734,PayPal,1569.24,2025-07-17,Completed
PAY-0008444,ORD-0008444,Debit Card,2329.99,2023-12-27,Refunded
PAY-0011080,ORD-0011080,Credit Card,838.31,"June 03, 2026",Completed
PAY-0002967,ORD-0002967,Credit Card,3763.35,2026-09-01,Refunded
PAY-0006630,ORD-0006630,PayPal,2481.32,2026-07-04,Completed
PAY-0000941,ORD-0000941,Credit Card,1095.87,2026-08-28,Completed
PAY-0002025,ORD-0002025,PayPal,235.54,2025-03-25,Completed
PAY-0007654,ORD-0007654,Credit Card,1064.25,2024-07-10,Completed
PAY-0002768,ORD-0002768,Credit Card,3603.56,2025-09-24,Completed
PAY-0000437,ORD-0000437,PayPal,2966.8,2026-01-02,Failed
PAY-0001990,ORD-0001990,Gift Card,1044.82,2026-03-25,Completed
PAY-0009550,ORD-0009550,Debit Card,2112.32,2026-03-06,Completed
PAY-0004599,ORD-0004599,Credit Card,5640.76,2026-08-14,Completed
PAY-0006062,ORD-0006062,Credit Card,--,2026-08-17,Completed
PAY-0011399,ORD-0011399,Credit Card,1290.2,2026-01-10,Failed
PAY-0010605,ORD-0010605,Debit Card,59.75,2026-08-22,Completed
PAY-0006250,ORD-0006250,Credit Card,4655.84,2026-08-25,Completed
PAY-0004617,ORD-0004617,,1133.24,2026-06-27,Completed
PAY-0001159,ORD-0001159,Credit Card,1327.88,2026-08-03,Completed
PAY-0009549,ORD-0009549,PayPal,1555.14,2024-10-16,Completed
PAY-0010767,ORD-0010767,Debit Card,632.63,2026-01-26,Failed
PAY-0006351,ORD-0006351,Gift Card,749.44,2026-08-24,Pending
PAY-0002256,ORD-0002256,Debit Card,961.35,2025-11-08,Pending
PAY-0008767,ORD-0008767,PayPal,2117.92,2026-07-25,Completed
PAY-0004661,ORD-0004661,Credit Card,1469.5,2025-11-26,Completed
PAY-0000909,ORD-0000909,PayPal,4660.41,2026-07-01,Refunded
PAY-0002369,ORD-0002369,Debit Card,357.7,2026-04-06,Completed
PAY-0000325,ORD-0000325,Credit Card,64138.86,2025-11-17,Completed
PAY-0006124,ORD-0006124,Gift Card,4338.9,2026-05-04,Completed
PAY-0011402,ORD-0011402,Credit Card,3348.06,2026-07-08,Failed
PAY-0003954,ORD-0003954,Credit Card,2289.33,2025-05-22,Pending
PAY-0001091,ORD-0001091,Credit Card,1335.63,2023-11-19,Completed
PAY-0001431,ORD-0001431,Credit Card,1476.24,2025-11-23,Completed
PAY-0001090,ORD-0001090,Credit Card,2598.36,2026-04-13,Completed
PAY-0000934,ORD-0000934,Gift Card,2096.41,2025-06-12,Completed
PAY-0008870,ORD-0008870,Credit Card,3483.96,2024-12-25,Refunded
PAY-0006337,ORD-0006337,Credit Card,3019.64,2025-07-29,Completed
PAY-0001512,ORD-0001512,Credit Card,654.74,01/24/2026,Completed
PAY-0005838,ORD-0005838,Debit Card,1959.21,2026-08-31,Failed
PAY-0003135,ORD-0003135,Credit Card,1355.36,2026-03-15,Failed
PAY-0008650,ORD-0008650,Credit Card,153.66,2026-07-06,Completed
PAY-0011523,ORD-0011523,Gift Card,1924.78,2026-03-30,Completed
PAY-0011183,ORD-0011183,Debit Card,562.5,2024-06-16,Completed
PAY-0010594,ORD-0010594,Debit Card,664.46,2025-09-18,Completed
PAY-0002561,ORD-0002561,Bank Transfer,1846.94,2024-11-23,Pending
PAY-0008565,ORD-0008565,Credit Card,2689.53,2026-08-04,Failed
PAY-0011034,ORD-0011034,Credit Card,1586.22,2026-02-15,Completed
PAY-0009259,ORD-0009259,Gift Card,2623.05,2026-01-20,Completed
PAY-0000735,ORD-0000735,Gift Card,425.69,2025-01-08,Completed
PAY-0004494,ORD-0004494,PayPal,1920.2,2025-05-01,Completed
PAY-0004486,ORD-0004486,Gift Card,27952.82,2025-09-19,Completed
PAY-0011739,ORD-0011739,Credit Card,1679.65,2026-08-31,Completed
PAY-0011520,ORD-0011520,Debit Card,786.34,2026-08-24,Completed
PAY-0000826,ORD-0000826,Credit Card,1590.36,2024-07-07,Failed
PAY-0010128,ORD-0010128,Credit Card,971.69,2025-10-24,Failed
PAY-0001041,ORD-0001041,Credit Card,135.43,2025-07-15,Completed
PAY-0003613,ORD-0003613,PayPal,1190.78,2026-04-08,Completed
PAY-0006720,ORD-0006720,Debit Card,78.66,2024-10-01,Completed
PAY-0009562,ORD-0009562,Credit Card,1762.27,2025-10-14,Completed
PAY-0006551,ORD-0006551,,2566.18,2026-03-09,Pending
PAY-0009021,ORD-0009021,Credit Card,1043.6,2025-10-31,Refunded
PAY-0003786,ORD-0003786,Debit Card,2829.92,2026-08-06,Completed
PAY-0005547,ORD-0005547,Credit Card,515.76,2026-07-08,Failed
PAY-0004837,ORD-0004837,Debit Card,444.6,2026-08-14,Completed
PAY-0004901,ORD-0004901,PayPal,445.9,2025-06-29,Completed
PAY-0004232,ORD-0004232,Debit Card,1367.86,2025-07-19,Completed
PAY-0004402,ORD-0004402,Credit Card,N/A,2026-04-21,Completed
PAY-0003743,ORD-0003743,,2227.9,2026-07-21,Failed
PAY-0001669,ORD-0001669,Debit Card,2175.6,2026-06-21,Pending
PAY-0009431,ORD-0009431,Bank Transfer,653.84,2026-02-07,Completed
PAY-0010857,ORD-0010857,Debit Card,3952.43,2025-09-02,Completed
PAY-0006308,ORD-0006308,Debit Card,37.32,2024-04-10,Failed
PAY-0001422,ORD-0001422,PayPal,124.91,2025-08-25,Failed
PAY-0009891,ORD-0009891,Debit Card,2606.53,2026-02-11,Pending
PAY-0002316,ORD-0002316,PayPal,2147.65,2024-12-01,Completed
PAY-0009679,ORD-0917427,Credit Card,565.08,2026-07-20,Completed
PAY-0007200,ORD-0007200,PayPal,774.12,2026-08-23,Completed
PAY-0007522,ORD-0007522,PayPal,3907.04,2026-08-23,Pending
PAY-0005772,ORD-0005772,Gift Card,1190.98,05/23/2026,Completed
PAY-0011564,ORD-0011564,,1289.91,"August 13, 2024",Completed
PAY-0000882,ORD-0000882,Credit Card,1684.31,2025-03-03,Completed
PAY-0008701,ORD-0008701,,3273.25,2026-06-19,Completed
PAY-0011280,ORD-0011280,Credit Card,2629.28,2025-06-07,Completed
PAY-0009641,ORD-0009641,Debit Card,402.04,2026-07-03,Completed
PAY-0002202,ORD-0002202,Debit Card,17.11,2025-01-14,Completed
PAY-0001231,ORD-0001231,Credit Card,4545.22,2026-06-21,Completed
PAY-0009055,ORD-0009055,PayPal,2984.69,2025-04-27,Completed
PAY-0002277,ORD-0002277,Debit Card,1042.46,2025-04-23,Completed
PAY-0006441,ORD-0006441,Credit Card,378.94,2026-08-16,Completed
PAY-0008369,ORD-0008369,Bank Transfer,5496.65,2026-05-27,Pending
PAY-0009237,ORD-0009237,Credit Card,54.54,2025-10-18,Failed
PAY-0011889,ORD-0011889,,4355.61,2026-08-07,Failed
PAY-0003087,ORD-0003087,Credit Card,4461.4,2026-03-23,Completed
PAY-0006600,ORD-0006600,Debit Card,551.97,2026-03-16,Completed
PAY-0003057,ORD-0938522,Credit Card,1166.74,2026-08-19,Completed
PAY-0001636,ORD-0001636,Credit Card,3033.26,2024-11-01,Pending
PAY-0002907,ORD-0002907,Debit Card,431.53,2026-09-03,Failed
PAY-0010904,ORD-0010904,Credit Card,2144.59,2026-07-05,Completed
PAY-0008021,ORD-0008021,Credit Card,4137.94,2026-09-02,Failed
PAY-0002301,ORD-0002301,Credit Card,1111.09,2025-10-08,Completed
PAY-0003773,ORD-0003773,Debit Card,3776.08,2025-11-01,Refunded
PAY-0000057,ORD-0000057,Bank Transfer,59429.51,2025-01-30,Failed
PAY-0011323,ORD-0011323,Debit Card,789.9,2026-03-24,Completed
PAY-0001898,ORD-0001898,Credit Card,1458.33,2026-04-17,Completed
PAY-0004772,ORD-0004772,Debit Card,2111.92,2026-08-13,Pending
PAY-0004641,ORD-0004641,Debit Card,2094.38,2026-01-25,Failed
PAY-0000203,ORD-0000203,PayPal,1010.44,2026-08-20,Completed
PAY-0006465,ORD-0006465,Credit Card,2474.59,2025-10-01,Completed
PAY-0003703,ORD-0003703,Credit Card,1471.22,2024-06-14,Completed
PAY-0006349,ORD-0006349,Debit Card,351.69,2026-07-16,Completed
PAY-0000020,ORD-0000020,Credit Card,151.23,2025-10-31,Completed
PAY-0010344,ORD-0010344,Credit Card,1763.58,2026-08-07,Completed
PAY-0010290,ORD-0953277,Debit Card,5605.46,2026-05-25,Completed
PAY-0009458,ORD-0009458,Credit Card,692.69,2026-01-26,Failed
PAY-0001677,ORD-0001677,Debit Card,855.91,2025-05-06,Completed
PAY-0006632,ORD-0006632,Bank Transfer,731.52,2026-06-18,Pending
PAY-0002218,ORD-0002218,Debit Card,523.49,2026-08-03,Completed
PAY-0003711,ORD-0003711,Credit Card,1156.42,2025-05-28,Completed
PAY-0010464,ORD-0010464,Gift Card,1155.62,2025-08-26,Failed
PAY-0005946,ORD-0005946,PayPal,2308.16,2026-05-13,Pending
PAY-0002485,ORD-0002485,Credit Card,3088.56,2026-07-18,Completed
PAY-0006961,ORD-0006961,Credit Card,851.1,2026-08-17,Completed
PAY-0005707,ORD-0005707,Credit Card,2386.45,2025-08-04,Completed
PAY-0002703,ORD-0002703,Credit Card,240.31,2026-05-31,Completed
PAY-0011948,ORD-0011948,PayPal,2063.48,2026-08-01,Completed
PAY-0001758,ORD-0001758,Credit Card,5492.32,2025-03-06,Refunded
PAY-0000064,ORD-0000064,Credit Card,378.28,2025-03-20,Completed
PAY-0009388,ORD-0009388,Credit Card,543.74,2026-05-21,Failed
PAY-0003495,ORD-0003495,PayPal,550.05,2025-06-13,Failed
PAY-0002608,ORD-0002608,Credit Card,1847.8,2026-03-15,Completed
PAY-0001507,ORD-0001507,PayPal,2250.05,2026-03-25,Refunded
PAY-0006453,ORD-0006453,Debit Card,1659.26,2026-08-28,Completed
PAY-0000736,ORD-0000736,Credit Card,160.86,2025-10-11,Completed
PAY-0004630,ORD-0004630,PayPal,90.97,2026-07-25,Refunded
PAY-0006353,ORD-0006353,Bank Transfer,1879.51,2025-10-15,Refunded
PAY-0009848,ORD-0009848,Credit Card,4942.25,2024-01-31,Completed
PAY-0004709,ORD-0004709,Credit Card,672.91,2026-03-15,Completed
PAY-0000624,ORD-0000624,Credit Card,2109.72,2025-08-11,Pending
PAY-0006220,ORD-0006220,Credit Card,1538.12,2025-09-07,Completed
PAY-0003342,ORD-0003342,Credit Card,269.78,2025-08-09,Completed
PAY-0002259,ORD-0002259,PayPal,118.47,2026-01-05,Completed
PAY-0003765,ORD-0003765,Debit Card,608.4,2026-06-09,Failed
PAY-0004739,ORD-0004739,,525.52,2026-06-13,Completed
PAY-0008988,ORD-0008988,Credit Card,932.88,2026-08-01,Failed
PAY-0005321,ORD-0005321,Debit Card,2329.24,2026-06-19,Completed
PAY-0006455,ORD-0006455,PayPal,835.4,2026-06-21,Completed
PAY-0004087,ORD-0004087,,597.37,2025-11-24,Completed
PAY-0002446,ORD-0002446,Gift Card,917.54,2024-08-15,Completed
PAY-0009332,ORD-0009332,Debit Card,580.31,2025-08-25,Completed
PAY-0005149,ORD-0005149,PayPal,474.69,2025-02-25,Refunded
PAY-0011724,ORD-0011724,PayPal,1124.78,2025-04-10,Completed
PAY-0005500,ORD-0005500,Credit Card,3809.7,2026-03-13,Completed
PAY-0000577,ORD-0000577,Credit Card,447.32,2025-11-16,Completed
PAY-0011991,ORD-0011991,Bank Transfer,982.61,2025-07-04,Pending
PAY-0010833,ORD-0010833,Debit Card,509.49abc,2025-12-01,Failed
PAY-0010058,ORD-0010058,Credit Card,2337.88,2026-05-23,Completed
PAY-0001769,ORD-0001769,Bank Transfer,1030.75,2026-08-27,Completed
PAY-0005995,ORD-0005995,Debit Card,2475.28,2025-05-17,Completed
PAY-0003693,ORD-0003693,Gift Card,1362.17,2026-02-20,Refunded
PAY-0010659,ORD-0010659,Credit Card,26.72,2025-10-10,Completed
PAY-0001651,ORD-0001651,Credit Card,739.88,2025-01-21,Failed
PAY-0011514,ORD-0011514,PayPal,2732.97,2026-06-23,Failed
PAY-0004458,ORD-0004458,Debit Card,830.88,2025-10-19,Completed
PAY-0006829,ORD-0006829,Credit Card,594.98,2026-06-11,Completed
PAY-0004481,ORD-0916452,Credit Card,545.48,2025-03-07,Refunded
PAY-0001963,ORD-0001963,PayPal,4230.36,2025-11-02,Completed
PAY-0011493,ORD-0011493,Debit Card,641.62,2026-01-27,Failed
PAY-0007666,ORD-0007666,Debit Card,4992.22,2026-07-25,Completed
PAY-0005707,ORD-0005707,Credit Card,2386.45,2025-08-04,Completed
PAY-0004818,ORD-0004818,Debit Card,1933.35,03/02/2026,Completed
PAY-0002334,ORD-0002334,Credit Card,1471.26,2025-12-04,Completed
PAY-0002811,ORD-0002811,Bank Transfer,368.91,2026-03-13,Completed
PAY-0002141,ORD-0002141,Gift Card,125578.62,2026-01-02,Completed
PAY-0009620,ORD-0009620,Credit Card,3673.98,2026-03-01,Completed
PAY-0011849,ORD-0011849,Debit Card,1917.1,2026-03-22,Failed
PAY-0010483,ORD-0010483,Credit Card,1150.2,2026-08-05,Completed
PAY-0003097,ORD-0003097,Debit Card,513.75,2026-07-08,Failed
PAY-0004067,ORD-0004067,Debit Card,488.08,2026-02-28,Completed
PAY-0004475,ORD-0004475,Debit Card,341.52,2025-01-17,Completed
PAY-0007910,ORD-0007910,PayPal,762.15,2026-08-30,Completed
PAY-0011507,ORD-0011507,Credit Card,851.78,2026-08-14,Completed
PAY-0007277,ORD-0007277,Debit Card,1552.93,2025-03-23,Completed
PAY-0009297,ORD-0009297,Bank Transfer,6606.98,2026-08-20,Completed
PAY-0002290,ORD-0002290,Credit Card,486.18,01/20/2026,Completed
PAY-0006498,ORD-0006498,Gift Card,119.8,2026-07-21,Completed
PAY-0000558,ORD-0000558,Credit Card,1320.12,2026-05-13,Completed
PAY-0007228,ORD-0007228,PayPal,2994.82,2025-12-12,Completed
PAY-0005138,ORD-0005138,Debit Card,3420.65,2026-07-16,Completed
PAY-0007137,ORD-0007137,Credit Card,1123.78,2026-05-02,Completed
PAY-0011311,ORD-0011311,PayPal,3215.23,2025-10-15,Completed
PAY-0006391,ORD-0006391,Credit Card,560.12,2026-07-12,Completed
PAY-0009890,ORD-0009890,Debit Card,200.5,2025-11-05,Completed
PAY-0005255,ORD-0005255,Bank Transfer,406.39,2025-07-25,Completed
PAY-0007573,ORD-0007573,Debit Card,-1874.15,2024-11-11,Completed
PAY-0002241,ORD-0002241,Debit Card,659.69,2026-07-03,Completed
PAY-0009958,ORD-0009958,PayPal,667.67,2025-04-24,Completed
PAY-0003950,ORD-0003950,Credit Card,2207.5,2026-08-01,Completed
PAY-0003010,ORD-0003010,Bank Transfer,1341.11,2026-02-18,Completed
PAY-0003281,ORD-0003281,Debit Card,1274.98,2025-04-26,Completed
PAY-0008794,ORD-0008794,Debit Card,356.43,2025-08-06,Completed
PAY-0000093,ORD-0000093,Credit Card,487.29,2026-03-21,Completed
PAY-0000378,ORD-0000378,Credit Card,1992.67,2025-05-25,Completed
PAY-0001792,ORD-0001792,Gift Card,3460.67,2026-08-15,Failed
PAY-0009649,ORD-0009649,Credit Card,2266.7,2025-01-12,Completed
PAY-0003536,ORD-0003536,Credit Card,$1860.05,2026-06-01,Failed
PAY-0002302,ORD-0002302,Debit Card,589.96,2025-10-17,Failed
PAY-0001320,ORD-0001320,Debit Card,46.42,2025-04-17,Completed
PAY-0008877,ORD-0008877,,2470.98,2024-09-03,Completed
PAY-0002313,ORD-0002313,Gift Card,2449.56,2026-02-01,Refunded
PAY-0007027,ORD-0007027,Credit Card,1161.46,2026-08-10,Refunded
PAY-0003933,ORD-0003933,PayPal,5249.73,2025-08-07,Completed
PAY-0009171,ORD-0009171,Debit Card,366.7,2025-12-14,Failed
PAY-0002299,ORD-0002299,Credit Card,N/A,2025-04-03,Completed
PAY-0003078,ORD-0003078,PayPal,$857.19,05/31/2025,Completed
PAY-0011125,ORD-0011125,PayPal,4509.69,2025-02-08,Failed
PAY-0009149,ORD-0009149,Credit Card,1123.52,2026-07-31,Refunded
PAY-0004215,ORD-0004215,PayPal,1216.74,2026-01-13,Completed
PAY-0005953,ORD-0005953,Credit Card,3674.37,2026-05-22,Completed
PAY-0001535,ORD-0001535,Credit Card,2671.45,"June 18, 2026",Completed
PAY-0008025,ORD-0008025,Credit Card,390.99,2026-03-21,Completed
PAY-0008943,ORD-0008943,Debit Card,234.72,2026-02-27,Completed
PAY-0006306,ORD-0006306,PayPal,1334.67,2025-11-14,Completed
PAY-0001497,ORD-0001497,Debit Card,711.29,2024-11-26,Completed
PAY-0009418,ORD-0009418,Credit Card,2131.74,2025-04-25,Pending
PAY-0001288,ORD-0001288,Debit Card,321.69,2025-09-11,Pending
PAY-0002347,ORD-0002347,Debit Card,2868.96,2025-11-30,Completed
PAY-0000610,ORD-0000610,PayPal,601.27,2026-03-20,Refunded
PAY-0009588,ORD-0009588,Credit Card,1544.0,2026-04-20,Completed
PAY-0010453,ORD-0010453,PayPal,3827.9,2024-06-08,Failed
PAY-0006083,ORD-0006083,Credit Card,282.3,2026-06-10,Pending
PAY-0002137,ORD-0002137,Credit Card,4481.11,2025-09-11,Completed
PAY-0002939,ORD-0002939,Credit Card,1418.06,2026-08-17,Failed
PAY-0005970,ORD-0005970,PayPal,754.11,2025-05-17,Completed
PAY-0006806,ORD-0006806,Debit Card,702.69,2026-02-24,Failed
PAY-0009638,ORD-0009638,Debit Card,2594.27,2026-07-31,Completed
PAY-0009054,ORD-0009054,PayPal,1625.71,28-Aug-2026,Failed
PAY-0011292,ORD-0011292,PayPal,1043.35,2025-02-12,Pending
PAY-0007380,ORD-0007380,Credit Card,619.99,2025-09-09,Completed
PAY-0003958,ORD-0003958,Gift Card,556.95,2026-05-29,Failed
PAY-0007021,ORD-0007021,PayPal,4111.15,2026-08-13,Refunded
PAY-0003133,ORD-0003133,Credit Card,2960.15,2025-10-08,Completed
PAY-0011953,ORD-0011953,Bank Transfer,706.76,2026-06-02,Completed
PAY-0005148,ORD-0005148,PayPal,4539.46,2026-04-03,Completed
PAY-0005077,ORD-0005077,Credit Card,1081.5,2025-06-29,Completed
PAY-0006144,ORD-0006144,Gift Card,5046.35,2026-08-18,Completed
PAY-0000313,ORD-0000313,Credit Card,1219.74,2026-08-05,Completed
PAY-0000473,ORD-0000473,PayPal,5064.14,2026-08-11,Completed
PAY-0009414,ORD-0009414,Gift Card,271.81,2026-05-10,Failed
PAY-0000818,ORD-0000818,Bank Transfer,1631.36,2025-04-10,Completed
PAY-0000864,ORD-0000864,Credit Card,174.5,"October 13, 2025",Completed
PAY-0010139,ORD-0010139,PayPal,1132.92,2025-08-13,Completed
PAY-0001848,ORD-0001848,Credit Card,--,2026-06-16,Completed
PAY-0007893,ORD-0007893,Gift Card,49520.73,2024-04-06,Refunded
PAY-0008610,ORD-0008610,Credit Card,602.23,2025-12-18,Failed
PAY-0004724,ORD-0004724,Debit Card,87.36,2026-08-13,Completed
PAY-0011296,ORD-0011296,Credit Card,195.72,2026-05-15,Completed
PAY-0003303,ORD-0003303,PayPal,2206.98,2024-09-11,Pending
PAY-0007049,ORD-0007049,Credit Card,7924.37,2026-08-28,Completed
PAY-0007684,ORD-0007684,Gift Card,2832.0,2026-05-01,Failed
PAY-0001426,ORD-0001426,Debit Card,2221.79,2024-10-10,Pending
PAY-0005191,ORD-0005191,Gift Card,2048.85,2026-03-15,Completed
PAY-0009272,ORD-0009272,Gift Card,-1783.18,2025-09-01,Refunded
PAY-0000969,ORD-0000969,PayPal,76.63,2025-10-09,Completed
PAY-0007364,ORD-0007364,Credit Card,$1402.3,2024-11-19,Completed
PAY-0000041,ORD-0000041,Credit Card,270.69,2026-09-02,Completed
PAY-0001365,ORD-0001365,PayPal,4718.98,2026-02-10,Completed
PAY-0009039,ORD-0009039,Credit Card,517.14,2026-06-15,Completed
PAY-0002189,ORD-0002189,Credit Card,1564.51,2026-03-02,Refunded
PAY-0002091,ORD-0002091,Debit Card,540.58,2024-12-11,Completed
PAY-0007150,ORD-0007150,Credit Card,266412.95,2024-12-19,Completed
PAY-0007734,ORD-0007734,Debit Card,30.4,2026-07-31,Failed
PAY-0000454,ORD-0000454,Bank Transfer,3979.61,2026-04-28,Refunded
PAY-0003755,ORD-0003755,Credit Card,88.09,2026-07-22,Completed
PAY-0003683,ORD-0003683,Debit Card,2164.51,2024-09-21,Refunded
PAY-0009963,ORD-0982891,Gift Card,2729.35,2026-06-27,Pending
PAY-0010863,ORD-0010863,Credit Card,1429.3,2025-07-30,Completed
PAY-0009670,ORD-0009670,Credit Card,2334.05,2024-06-13,Failed
PAY-0000527,ORD-0000527,Gift Card,375.56,2024-12-09,Completed
PAY-0007099,ORD-0007099,Debit Card,169.59,2025-10-14,Completed
PAY-0007144,ORD-0007144,Debit Card,365.07,2026-08-02,Completed
PAY-0009765,ORD-0009765,Gift Card,1757.73,2025-01-29,Pending
PAY-0007316,ORD-0007316,Gift Card,1181.6,2026-04-01,Completed
PAY-0011465,ORD-0011465,Debit Card,3170.5,2026-04-03,Pending
PAY-0011344,ORD-0011344,Bank Transfer,6147.05,2026-08-28,Completed
PAY-0006992,ORD-0006992,Credit Card,1945.02,2025-06-03,Failed
PAY-0008539,ORD-0008539,PayPal,394.54,2025-06-07,Pending
PAY-0001554,ORD-0001554,PayPal,2879.77,2026-04-21,Refunded
PAY-0000260,ORD-0000260,PayPal,901.02,2026-05-16,Failed
PAY-0003123,ORD-0003123,Debit Card,1945.47,2025-04-19,Completed
PAY-0004304,ORD-0004304,Credit Card,4866.28,2026-08-14,Failed
PAY-0001169,ORD-0001169,Credit Card,599.73,2026-09-05,Pending
PAY-0005813,ORD-0005813,Credit Card,2680.91,2025-12-01,Completed
PAY-0006173,ORD-0006173,Gift Card,3543.75,2025-04-17,Completed
PAY-0001551,ORD-0001551,Credit Card,3397.22,2025-04-07,Completed
PAY-0008792,ORD-0008792,Debit Card,708.76,2026-08-04,Completed
PAY-0007787,ORD-0007787,Credit Card,1593.44,2024-08-17,Completed
PAY-0010436,ORD-0010436,Credit Card,592.8,2025-10-15,Failed
PAY-0011795,ORD-0011795,Credit Card,2056.51,2026-08-17,Completed
PAY-0009948,ORD-0009948,PayPal,2021.12,2024-09-14,Completed
PAY-0003249,ORD-0003249,PayPal,566.5,2026-07-05,Completed
PAY-0008705,ORD-0008705,Credit Card,197.83,2026-07-20,Completed
PAY-0000457,ORD-0000457,Gift Card,899.44,2025-08-28,Completed
PAY-0006735,ORD-0006735,Credit Card,999.15,2025-03-26,Completed
PAY-0003340,ORD-0003340,Credit Card,1924.57,2026-05-16,Completed
PAY-0009570,ORD-0009570,Credit Card,1670.45,2026-04-14,Failed
PAY-0005337,ORD-0005337,Credit Card,-451.36,2025-07-27,Completed
PAY-0006411,ORD-0006411,PayPal,195.29,2024-11-20,Failed
PAY-0001698,ORD-0954086,PayPal,435.75,2026-01-08,Completed
PAY-0011482,ORD-0011482,Credit Card,1460.71,2026-08-07,Pending
PAY-0009893,ORD-0009893,,-171.99,2026-03-25,Completed
PAY-0008179,ORD-0008179,Credit Card,1410.78,2026-09-05,Completed
PAY-0000068,ORD-0000068,Credit Card,1886.84,2026-06-07,Completed
PAY-0010899,ORD-0010899,Bank Transfer,967.89,2026-07-07,Completed
PAY-0011055,ORD-0011055,,-4244.64,2026-08-12,Failed
PAY-0009539,ORD-0009539,Credit Card,2347.91,2026-08-11,Completed
PAY-0011808,ORD-0011808,Credit Card,2344.26,2025-11-10,Completed
PAY-0009380,ORD-0009380,Bank Transfer,$1453.94,2025-07-02,Completed
PAY-0003454,ORD-0003454,Credit Card,2300.79,2026-05-20,Completed
PAY-0010031,ORD-0010031,PayPal,1716.26,2026-08-27,Completed
PAY-0010770,ORD-0010770,Debit Card,2191.74,2026-06-13,Completed
PAY-0001022,ORD-0001022,PayPal,435.48,2026-03-20,Completed
PAY-0008176,ORD-0008176,Credit Card,2169.81,2026-09-05,Completed
PAY-0001289,ORD-0001289,Debit Card,2925.35,2025-08-19,Completed
PAY-0008435,ORD-0008435,PayPal,2474.05,2025-09-09,Completed
PAY-0008670,ORD-0008670,Debit Card,362.96,2026-03-05,Refunded
PAY-0007953,ORD-0007953,Debit Card,89.34abc,2024-06-06,Failed
PAY-0005799,ORD-0005799,Credit Card,2181.15,2026-07-18,Completed
PAY-0009968,ORD-0009968,Gift Card,103.4,2025-10-25,Completed
PAY-0006384,ORD-0006384,Bank Transfer,1075.2,2025-03-24,Completed
PAY-0011727,ORD-0011727,Gift Card,3422.95,2024-04-12,Refunded
PAY-0009974,ORD-0009974,PayPal,1091.84,2026-04-15,Completed
PAY-0002932,ORD-0002932,Credit Card,1923.41,2026-08-08,Completed
PAY-0003157,ORD-0003157,,1360.59,2026-01-22,Completed
PAY-0005130,ORD-0005130,Credit Card,747.16,"July 10, 2026",Completed
PAY-0011877,ORD-0011877,Credit Card,575.75,2026-07-20,Completed
PAY-0007325,ORD-0007325,Credit Card,1700.42,2025-09-26,Completed
PAY-0003031,ORD-0003031,Debit Card,306.8,2024-08-11,Completed
PAY-0010122,ORD-0010122,Credit Card,1275.33,2025-08-29,Pending
PAY-0009895,ORD-0009895,Bank Transfer,648.26,2026-04-21,Completed
PAY-0000995,ORD-0000995,,5078.81,2026-02-21,Completed
PAY-0011581,ORD-0011581,Debit Card,404.32,2024-12-10,Completed
PAY-0005442,ORD-0005442,Gift Card,172.91,2026-04-08,Refunded
PAY-0004355,ORD-0004355,Credit Card,2091.8,2026-08-21,Pending
PAY-0004809,ORD-0004809,Debit Card,722.82,2026-08-06,Completed
PAY-0000785,ORD-0000785,Bank Transfer,381.37,2025-01-17,Completed
PAY-0000396,ORD-0000396,Credit Card,6874.42,2024-09-24,Refunded
PAY-0010102,ORD-0010102,Debit Card,1775.91,2025-06-11,Completed
PAY-0003892,ORD-0003892,Credit Card,966.06,2026-01-17,Completed
PAY-0005497,ORD-0005497,Credit Card,524.31,2024-12-19,Completed
PAY-0011535,ORD-0011535,Debit Card,5707.35,2025-03-21,Completed
PAY-0003401,ORD-0003401,PayPal,363.19,2026-07-24,Completed
PAY-0004117,ORD-0004117,PayPal,294.03,2026-08-24,Completed
PAY-0000762,ORD-0000762,,564.57,2026-03-22,Refunded
PAY-0008744,ORD-0008744,PayPal,$1553.51,2025-08-12,Completed
PAY-0000212,ORD-0000212,Credit Card,1282.24,2026-06-19,Refunded
PAY-0008221,ORD-0008221,Credit Card,541.11,2024-02-09,Completed
PAY-0000965,ORD-0000965,Gift Card,134.93,2026-08-19,Refunded
PAY-0004699,ORD-0004699,PayPal,262.85,2025-12-28,Completed
PAY-0005718,ORD-0005718,Gift Card,4797.77,2026-02-27,Completed
PAY-0007801,ORD-0007801,Debit Card,3367.88,2026-06-07,Completed
PAY-0005452,ORD-0005452,PayPal,1729.4,2025-07-08,Completed
PAY-0002863,ORD-0002863,Gift Card,3116.93,2026-08-08,Completed
PAY-0008234,ORD-0008234,Credit Card,2416.45,2025-03-12,Completed
PAY-0004141,ORD-0004141,Credit Card,-453.12,2026-03-17,Completed
PAY-0003744,ORD-0003744,Credit Card,1599.98,2026-03-30,Completed
PAY-0011977,ORD-0011977,Credit Card,242.2,2026-02-03,Completed
PAY-0002260,ORD-0002260,Debit Card,3084.5,2026-07-27,Refunded
PAY-0001466,ORD-0001466,Debit Card,1681.44,2026-05-14,Failed
PAY-0010036,ORD-0010036,PayPal,3819.22,2025-05-04,Completed
PAY-0006099,ORD-0006099,Credit Card,2667.77,2026-07-05,Completed
PAY-0009541,ORD-0009541,Credit Card,1128.73,2025-11-18,Completed
PAY-0009826,ORD-0009826,Credit Card,1238.45,2024-11-18,Completed
PAY-0001735,ORD-0001735,PayPal,2680.05,2026-07-31,Completed
PAY-0002213,ORD-0002213,Credit Card,1031.94,2024-06-14,Completed
PAY-0003800,ORD-0003800,PayPal,1417.49,2026-04-22,Completed
PAY-0009617,ORD-0009617,Debit Card,1190.26,2025-08-21,Completed
PAY-0006503,ORD-0006503,Credit Card,1244.84,2024-10-09,Completed
PAY-0008390,ORD-0008390,PayPal,2899.87,2026-05-12,Completed
PAY-0009797,ORD-0009797,Credit Card,992.64,2026-05-13,Pending
PAY-0000244,ORD-0000244,Credit Card,1285.14,2026-09-03,Completed
PAY-0011204,ORD-0011204,Bank Transfer,297.02,2026-02-09,Failed
PAY-0009178,ORD-0987823,Credit Card,2655.79,08/15/2025,Completed
PAY-0002234,ORD-0002234,Credit Card,869.4,2025-11-06,Completed
PAY-0009052,ORD-0009052,PayPal,n/a,2025-11-05,Refunded
PAY-0007303,ORD-0007303,Debit Card,2263.94,2026-07-15,Completed
PAY-0006751,ORD-0006751,Debit Card,292.53,2026-07-02,Completed
PAY-0011208,ORD-0011208,Credit Card,1944.67,2025-12-11,Completed
PAY-0006374,ORD-0006374,Debit Card,3109.23,2026-07-01,Refunded
PAY-0004159,ORD-0004159,Credit Card,285.81,2026-01-25,Completed
PAY-0010462,ORD-0010462,PayPal,1227.58,2026-06-06,Failed
PAY-0011816,ORD-0011816,PayPal,349.3,2026-08-17,Failed
PAY-0007826,ORD-0007826,PayPal,119.0,2024-12-26,Completed
PAY-0001983,ORD-0001983,Credit Card,1470.98,2025-12-16,Completed
PAY-0011801,ORD-0011801,Credit Card,77769.9,2026-09-03,Completed
PAY-0007437,ORD-0007437,PayPal,2701.5,2025-07-05,Completed
PAY-0009860,ORD-0009860,Bank Transfer,938.55,2026-08-23,Completed
PAY-0009976,ORD-0009976,Debit Card,984.63,2026-07-04,Completed
PAY-0003522,ORD-0003522,Credit Card,418.52,2026-04-25,Completed
PAY-0004644,ORD-0004644,Credit Card,4727.7,2026-06-01,Completed
PAY-0001659,ORD-0001659,PayPal,2066.1,2025-08-29,Completed
PAY-0005785,ORD-0005785,Credit Card,1021.61,2026-02-27,Completed
PAY-0003644,ORD-0003644,Debit Card,1182.78,2024-07-24,Completed
PAY-0011023,ORD-0011023,Debit Card,2013.67,2025-08-05,Completed
PAY-0000203,ORD-0000203,PayPal,1010.44,2026-08-20,Completed
PAY-0007100,ORD-0007100,Credit Card,1000.03,2025-01-03,Completed
PAY-0001308,ORD-0001308,Credit Card,3535.41,2026-06-25,Completed
PAY-0007356,ORD-0007356,Gift Card,2248.19,2026-02-15,Completed
PAY-0006625,ORD-0006625,Credit Card,1514.42,2025-08-03,Completed
PAY-0005368,ORD-0005368,Gift Card,363.37,2026-08-03,Completed
PAY-0011865,ORD-0011865,PayPal,1062.58,2024-12-18,Completed
PAY-0011894,ORD-0011894,Credit Card,1619.81,2026-03-02,Pending
PAY-0004016,ORD-0004016,PayPal,914.88,2026-01-29,Completed
PAY-0007429,ORD-0007429,PayPal,84.24,2026-03-15,Pending
PAY-0010780,ORD-0010780,Credit Card,3049.45,2026-05-11,Completed
PAY-0009334,ORD-0944501,Credit Card,1069.32,2026-05-08,Failed
PAY-0009001,ORD-0009001,Credit Card,4606.4,2026-05-27,Completed
PAY-0005157,ORD-0005157,Debit Card,954.6,08/13/2025,Completed
PAY-0003176,ORD-0003176,,1909.22,2025-03-05,Failed
PAY-0007011,ORD-0007011,Debit Card,1707.67,2025-02-07,Refunded
PAY-0005592,ORD-0005592,Debit Card,1292.15,10/20/2025,Failed
PAY-0010994,ORD-0010994,PayPal,2523.14,2026-08-22,Pending
PAY-0003014,ORD-0003014,Gift Card,3213.4,2026-03-07,Completed
PAY-0002481,ORD-0002481,PayPal,430.6,2026-06-07,Pending
PAY-0006073,ORD-0006073,PayPal,1228.03,2024-11-11,Completed
PAY-0007296,ORD-0007296,Debit Card,960.72,2025-11-23,Completed
PAY-0007790,ORD-0007790,Credit Card,627.69,2026-08-17,Completed
PAY-0008769,ORD-0008769,PayPal,3248.97,2026-03-07,Completed
PAY-0006533,ORD-0006533,Credit Card,4694.78,2026-02-09,Completed
PAY-0007616,ORD-0007616,Credit Card,114.14,2025-11-05,Failed
PAY-0003750,ORD-0003750,Bank Transfer,428.01,2025-05-09,Completed
PAY-0003652,ORD-0003652,Gift Card,1153.55,2026-06-13,Completed
PAY-0000976,ORD-0000976,Bank Transfer,443.09,2026-08-13,Completed
PAY-0010512,ORD-0010512,,103.94,2026-08-29,Completed
PAY-0010799,ORD-0010799,Credit Card,567.66,2025-10-05,Completed
PAY-0008605,ORD-0008605,Gift Card,3768.9,2026-03-17,Refunded
PAY-0007815,ORD-0007815,PayPal,1028.52,2026-01-04,Completed
PAY-0005397,ORD-0005397,Bank Transfer,-1879.0,2026-05-25,Failed
PAY-0001867,ORD-0001867,Credit Card,686.52,2026-06-02,Completed
PAY-0009343,ORD-0009343,Bank Transfer,2823.71,2026-05-11,Refunded
PAY-0011435,ORD-0011435,PayPal,1915.17,2024-11-01,Failed
PAY-0006000,ORD-0006000,PayPal,963.66,2026-06-16,Completed
PAY-0004490,ORD-0004490,Credit Card,-3378.31,2026-04-07,Completed
PAY-0005771,ORD-0005771,Debit Card,832.6,"October 18, 2024",Completed
PAY-0006509,ORD-0006509,Credit Card,2136.32,2026-04-10,Refunded
PAY-0001367,ORD-0001367,Credit Card,1066.29,2026-01-07,Completed
PAY-0009988,ORD-0009988,Credit Card,1835.59,10-Sep-2024,Pending
PAY-0003061,ORD-0003061,PayPal,1807.12,2026-04-05,Refunded
PAY-0010540,ORD-0010540,Debit Card,2621.46,2026-08-31,Refunded
PAY-0011606,ORD-0011606,Debit Card,467.06,2026-06-16,Failed
PAY-0004920,ORD-0004920,Gift Card,-574.93,2023-11-22,Completed
PAY-0007590,ORD-0007590,Gift Card,1967.1,2025-08-21,Completed
PAY-0009235,ORD-0009235,Gift Card,2379.58,"August 22, 2026",Failed
PAY-0004378,ORD-0004378,Bank Transfer,3957.0,2026-06-15,Completed
PAY-0006425,ORD-0006425,PayPal,1422.08,2025-10-17,Completed
PAY-0009571,ORD-0009571,Debit Card,320.06,2025-09-12,Refunded
PAY-0005619,ORD-0005619,Credit Card,3667.4,2026-01-08,Completed
PAY-0006200,ORD-0006200,Gift Card,2115.39,2025-02-03,Completed
PAY-0000201,ORD-0000201,PayPal,933.93,2025-01-04,Completed
PAY-0006748,ORD-0006748,Credit Card,5452.11,2026-08-17,Completed
PAY-0005543,ORD-0005543,Credit Card,135.03,2026-08-17,Completed
PAY-0008201,ORD-0008201,PayPal,$2086.08,2026-02-27,Failed
PAY-0004405,ORD-0004405,Debit Card,441.19,2025-03-21,Failed
PAY-0010943,ORD-0010943,Credit Card,3473.91,2025-06-19,Pending
PAY-0010049,ORD-0010049,Credit Card,2514.9,2026-06-19,Completed
PAY-0004539,ORD-0004539,Credit Card,3337.27,2026-01-19,Refunded
PAY-0001200,ORD-0001200,Credit Card,4179.43,2025-03-16,Failed
PAY-0002229,ORD-0002229,Credit Card,699.37,2026-02-25,Completed
PAY-0005817,ORD-0005817,Credit Card,1291.82,2024-04-18,Refunded
PAY-0003004,ORD-0987826,Credit Card,3329.49,"May 21, 2025",Completed
PAY-0011112,ORD-0011112,Credit Card,560.1,2026-03-08,Completed
PAY-0007671,ORD-0007671,PayPal,1932.56,2026-07-09,Completed
PAY-0001249,ORD-0001249,Credit Card,2585.19,2026-08-13,Refunded
PAY-0003580,ORD-0003580,Gift Card,3305.29,2025-01-26,Pending
PAY-0008034,ORD-0008034,PayPal,2789.08,2026-05-06,Completed
PAY-0001610,ORD-0001610,Credit Card,7669.3,2026-05-31,Completed
PAY-0000717,ORD-0000717,Gift Card,728.1,2026-03-02,Completed
PAY-0002305,ORD-0002305,Debit Card,1627.23,2025-09-03,Completed
PAY-0006341,ORD-0996139,Credit Card,578.24,2025-10-30,Completed
PAY-0008833,ORD-0008833,Credit Card,488.59,2025-12-22,Completed
PAY-0006642,ORD-0006642,Debit Card,731.92,2026-03-26,Completed
PAY-0004008,ORD-0004008,Debit Card,357.86,2025-02-25,Completed
PAY-0009884,ORD-0009884,Credit Card,2966.97,2026-08-31,Completed
PAY-0010664,ORD-0010664,Bank Transfer,1401.42,2026-08-16,Completed
PAY-0002398,ORD-0002398,Debit Card,3521.17,12-Mar-2026,Pending
PAY-0007919,ORD-0007919,Debit Card,138.25,2026-04-04,Completed
PAY-0001196,ORD-0001196,Bank Transfer,1553.55,2026-04-27,Completed
PAY-0001487,ORD-0001487,Credit Card,131.66,2026-06-01,Refunded
PAY-0010101,ORD-0010101,Credit Card,1788.48,2025-10-16,Failed
PAY-0004811,ORD-0004811,Debit Card,1110.64,2025-12-22,Refunded
PAY-0007323,ORD-0007323,PayPal,3746.85,2026-04-19,Failed
PAY-0009575,ORD-0009575,Debit Card,1165.55,2025-08-27,Failed
PAY-0010648,ORD-0010648,Credit Card,-1112.96,2025-10-24,Completed
PAY-0009216,ORD-0009216,Credit Card,152.67,02-Aug-2026,Failed
PAY-0002571,ORD-0002571,PayPal,2148.68,2026-04-16,Completed
PAY-0007133,ORD-0007133,Gift Card,89.92,2026-06-17,Completed
PAY-0007996,ORD-0007996,PayPal,411.86,2026-08-10,Refunded
PAY-0011628,ORD-0011628,Debit Card,1300.24,2024-12-05,Failed
PAY-0001936,ORD-0001936,Debit Card,958.55,2026-08-18,Pending
PAY-0006713,ORD-0006713,PayPal,1491.19,2026-06-25,Completed
PAY-0005646,ORD-0005646,Credit Card,313.58,2024-07-20,Completed
PAY-0010375,ORD-0010375,Credit Card,566.84,2025-04-02,Completed
PAY-0002489,ORD-0002489,Credit Card,3922.27,2026-05-07,Completed
PAY-0002530,ORD-0002530,Credit Card,1591.39,2026-02-06,Completed
PAY-0004737,ORD-0004737,Debit Card,910.66,2026-07-20,Completed
PAY-0009053,ORD-0009053,Credit Card,2199.22,2026-06-30,Refunded
PAY-0010751,ORD-0010751,Credit Card,2401.86,2024-01-22,Pending
PAY-0004012,ORD-0004012,PayPal,-4017.56,2026-01-19,Refunded
PAY-0011144,ORD-0011144,PayPal,1608.81,2026-08-23,Refunded
PAY-0011992,ORD-0011992,Credit Card,3410.85,2026-01-19,Completed
PAY-0000286,ORD-0000286,Credit Card,1185.72,2025-03-10,Completed
PAY-0005851,ORD-0005851,Debit Card,4025.25,2026-08-22,Completed
PAY-0004184,ORD-0004184,Credit Card,2353.16,2026-01-22,Pending
PAY-0005325,ORD-0005325,PayPal,124.74,2026-03-31,Completed
PAY-0011604,ORD-0011604,,832.66,2026-08-03,Completed
PAY-0001284,ORD-0001284,Debit Card,1781.91,2025-12-01,Refunded
PAY-0011925,ORD-0011925,Credit Card,705.88,2026-01-24,Completed
PAY-0008479,ORD-0008479,Debit Card,2623.17,2026-03-02,Completed
PAY-0005854,ORD-0005854,Debit Card,2305.05,2025-07-31,Completed
PAY-0007129,ORD-0007129,PayPal,2207.99,2026-01-20,Completed
PAY-0001208,ORD-0001208,Credit Card,623.94,2026-03-05,Refunded
PAY-0011434,ORD-0011434,Debit Card,7124.1,2026-02-03,Completed
PAY-0010189,ORD-0010189,Bank Transfer,5880.16,2025-06-01,Completed
PAY-0007939,ORD-0917553,Credit Card,2845.1,2024-11-05,Completed
PAY-0009459,ORD-0009459,Debit Card,1602.69,2026-01-02,Completed
PAY-0009765,ORD-0009765,Gift Card,1757.73,2025-01-29,Refunded
PAY-0006571,ORD-0006571,,111.46,2025-12-07,Refunded
PAY-0007383,ORD-0007383,PayPal,199.96,2026-08-22,Completed
PAY-0000549,ORD-0000549,Debit Card,264.75,2026-05-19,Completed
PAY-0002580,ORD-0002580,Debit Card,3512.36,2026-08-09,Completed
PAY-0002030,ORD-0939395,Credit Card,2345.22,2026-06-18,Completed
PAY-0000337,ORD-0000337,PayPal,1551.1,2026-01-31,Refunded
PAY-0008114,ORD-0008114,Debit Card,1803.3,2026-07-04,Completed
PAY-0007647,ORD-0007647,Debit Card,2991.7,2025-05-20,Completed
PAY-0000886,ORD-0000886,Credit Card,2420.77,2023-11-17,Pending
PAY-0006029,ORD-0006029,Bank Transfer,2466.72,2025-07-13,Completed
PAY-0008981,ORD-0008981,Bank Transfer,248.8,2024-05-12,Pending
PAY-0010500,ORD-0010500,Debit Card,884.57,02-Oct-2025,Completed
PAY-0006129,ORD-0006129,PayPal,1177.36,2025-12-08,Failed
PAY-0000030,ORD-0000030,Gift Card,3102.64,2025-05-25,Completed
PAY-0006680,ORD-0006680,Gift Card,215.55,2025-01-30,Completed
PAY-0011472,ORD-0011472,Debit Card,636.96,2025-09-25,Failed
PAY-0008708,ORD-0008708,Gift Card,505.32,2026-07-29,Completed
PAY-0007933,ORD-0007933,Debit Card,573.15,2026-01-20,Completed
PAY-0000154,ORD-0000154,Debit Card,2032.97,2026-07-16,Completed
PAY-0005380,ORD-0005380,PayPal,70957.75,2026-03-20,Refunded
PAY-0004805,ORD-0004805,Debit Card,608.09,2026-04-17,Completed
PAY-0008319,ORD-0008319,Credit Card,491.42,2026-07-30,Completed
PAY-0003367,ORD-0003367,PayPal,450.14,2026-09-03,Pending
PAY-0006161,ORD-0006161,Credit Card,1579.2,2026-07-30,Completed
PAY-0006130,ORD-0006130,Credit Card,684.14,2025-09-23,Completed
PAY-0010730,ORD-0010730,Credit Card,438.57,2025-02-12,Refunded
PAY-0009900,ORD-0009900,Debit Card,382.83,2026-08-04,Failed
PAY-0001699,ORD-0001699,PayPal,177.36,2026-05-02,Completed
PAY-0003068,ORD-0003068,,1985.38,2024-08-31,Completed
PAY-0010974,ORD-0913529,Debit Card,7284.98,2025-06-28,Refunded
PAY-0009490,ORD-0009490,PayPal,1390.52,2026-04-20,Refunded
PAY-0004362,ORD-0004362,Credit Card,751.43,2025-10-18,Completed
PAY-0007656,ORD-0007656,Debit Card,2082.22,2026-08-21,Completed
PAY-0010875,ORD-0010875,PayPal,3090.3,2026-07-28,Completed
PAY-0008203,ORD-0008203,PayPal,2174.21,2026-02-23,Completed
PAY-0005137,ORD-0005137,Debit Card,903.07,2026-08-09,Completed
PAY-0005829,ORD-0005829,Credit Card,5085.89,03-Sep-2026,Completed
PAY-0010649,ORD-0010649,Debit Card,2918.07,2025-09-17,Completed
PAY-0004908,ORD-0004908,Debit Card,1053.11,2026-04-12,Completed
PAY-0000584,ORD-0000584,PayPal,-537.5,2025-08-22,Completed
PAY-0007081,ORD-0007081,,$231.99,2026-01-02,Refunded
PAY-0002093,ORD-0002093,Credit Card,2412.71,"February 13, 2026",Failed
PAY-0002403,ORD-0002403,Credit Card,1007.61,2025-12-21,Completed
PAY-0011978,ORD-0011978,Credit Card,1003.18,2024-01-25,Completed
PAY-0009381,ORD-0009381,PayPal,3293.09,2025-07-02,Completed
PAY-0006176,ORD-0006176,Debit Card,23.14,2026-05-21,Pending
PAY-0005648,ORD-0005648,Credit Card,1479.43,2026-05-18,Pending
PAY-0006994,ORD-0006994,PayPal,1594.12,2026-03-21,Completed
PAY-0006410,ORD-0006410,Credit Card,530.53,2026-08-16,Pending
PAY-0006348,ORD-0006348,Credit Card,567.69,2026-05-06,Pending
PAY-0009764,ORD-0009764,Debit Card,2455.02,2025-02-16,Pending
PAY-0006991,ORD-0006991,Credit Card,--,2024-11-25,Completed
PAY-0003996,ORD-0003996,Credit Card,1373.87,2026-03-22,Refunded
PAY-0007330,ORD-0007330,Debit Card,428.06,15-Jun-2026,Completed
PAY-0011735,ORD-0011735,,3492.54,2026-04-26,Completed
PAY-0002855,ORD-0002855,Debit Card,446.34,2025-09-19,Completed
PAY-0002669,ORD-0002669,,1202.02,2026-03-19,Pending
PAY-0003706,ORD-0003706,Debit Card,275.46,2026-01-27,Pending
PAY-0011314,ORD-0011314,Credit Card,1154.67,2026-06-08,Completed
PAY-0005616,ORD-0005616,PayPal,245.33,2026-05-06,Refunded
PAY-0007276,ORD-0007276,Debit Card,274.66,06/08/2026,Failed
PAY-0010726,ORD-0010726,Gift Card,1748.46,2026-07-05,Completed
PAY-0007955,ORD-0007955,Gift Card,717.6,2025-11-18,Completed
PAY-0005533,ORD-0005533,PayPal,2029.11,2026-05-01,Pending
PAY-0011666,ORD-0011666,Debit Card,1281.72,2026-05-19,Completed
PAY-0003462,ORD-0003462,Credit Card,1294.0,2026-03-14,Pending
PAY-0000701,ORD-0000701,Credit Card,2155.02,2025-07-15,Completed
PAY-0008683,ORD-0008683,PayPal,2366.84,2026-08-06,Failed
PAY-0007352,ORD-0007352,Debit Card,2818.83,2025-02-24,Completed
PAY-0006753,ORD-0006753,Debit Card,300.82,2026-09-01,Completed
PAY-0007853,ORD-0007853,Credit Card,2590.95,2024-11-05,Completed
PAY-0004314,ORD-0004314,Credit Card,590.16,2024-12-09,Completed
PAY-0010852,ORD-0010852,Debit Card,480.17,2025-05-26,Failed
PAY-0009123,ORD-0009123,Debit Card,1461.42,2025-11-14,Failed
PAY-0000931,ORD-0000931,Credit Card,444.05,2026-05-13,Completed
PAY-0007926,ORD-0007926,Credit Card,2918.7,2026-08-03,Completed
PAY-0003411,ORD-0003411,Credit Card,370.73,2026-04-07,Pending
PAY-0003396,ORD-0003396,PayPal,2574.04,2026-08-20,Completed
PAY-0000548,ORD-0000548,Debit Card,1168.78,2025-09-14,Completed
PAY-0009111,ORD-0009111,PayPal,2319.64,2026-07-01,Completed
PAY-0010668,ORD-0010668,Credit Card,2555.52,2024-11-20,Completed
PAY-0002246,ORD-0002246,Debit Card,1071.18,2026-02-08,Failed
PAY-0005410,ORD-0005410,Credit Card,321.53,2024-03-17,Failed
PAY-0009424,ORD-0009424,PayPal,534.06,2025-12-12,Completed
PAY-0001689,ORD-0001689,PayPal,547.71,2026-05-31,Completed
PAY-0002319,ORD-0002319,PayPal,2042.52,2026-02-24,Completed
PAY-0007883,ORD-0007883,Credit Card,1112.76,08/10/2025,Completed
PAY-0003673,ORD-0003673,Credit Card,3420.63,2025-01-21,Completed
PAY-0003092,ORD-0003092,Debit Card,541.8,2026-03-31,Completed
PAY-0011120,ORD-0011120,PayPal,2759.43,2026-07-17,Completed
PAY-0003957,ORD-0003957,PayPal,290.05,"December 03, 2025",Completed
PAY-0007335,ORD-0007335,PayPal,1140.78,2026-02-16,Pending
PAY-0006766,ORD-0006766,Credit Card,4093.67,2026-01-25,Failed
PAY-0003528,ORD-0003528,,4032.96,2026-07-17,Completed
PAY-0004596,ORD-0004596,Bank Transfer,2545.29,2026-06-02,Pending
PAY-0006565,ORD-0006565,Bank Transfer,2505.52,2026-05-15,Completed
PAY-0010695,ORD-0010695,Credit Card,-3045.32,2026-04-22,Pending
PAY-0004127,ORD-0004127,Credit Card,105.75,2026-08-24,Completed
PAY-0001371,ORD-0001371,Debit Card,1197.15,2024-11-14,Completed
PAY-0007185,ORD-0007185,Gift Card,3386.41,2025-04-05,Completed
PAY-0008862,ORD-0008862,PayPal,2101.42,2026-07-08,Completed
PAY-0005798,ORD-0005798,PayPal,704.08,2024-12-01,Completed
PAY-0000382,ORD-0000382,PayPal,234.16,2025-12-31,Completed
PAY-0002484,ORD-0002484,Debit Card,981.18,2026-05-03,Completed
PAY-0007768,ORD-0007768,Debit Card,2865.09,2024-07-08,Pending
PAY-0009553,ORD-0009553,Gift Card,1091.25,2026-05-28,Completed
PAY-0003909,ORD-0003909,Credit Card,4061.93,2026-07-16,Completed
PAY-0007140,ORD-0007140,Debit Card,575.64,2024-08-01,Failed
PAY-0005739,ORD-0005739,Credit Card,262.24,2026-05-15,Completed
PAY-0007395,ORD-0007395,Gift Card,1101.93,2025-09-23,Completed
PAY-0007945,ORD-0007945,PayPal,902.68,2026-08-27,Refunded
PAY-0000711,ORD-0000711,Debit Card,3900.45,2026-04-07,Completed
PAY-0003742,ORD-0003742,Debit Card,966.35,2024-07-03,Completed
PAY-0011059,ORD-0011059,PayPal,1668.43,27-Jul-2025,Completed
PAY-0008630,ORD-0008630,Credit Card,727.05,2026-05-25,Refunded
PAY-0007465,ORD-0007465,Debit Card,3847.87,2025-07-24,Failed
PAY-0000875,ORD-0000875,Credit Card,252.52,2026-08-20,Completed
PAY-0010417,ORD-0010417,Credit Card,1822.25,2025-07-05,Failed
PAY-0003959,ORD-0003959,Gift Card,6522.5,2025-03-18,Completed
PAY-0006039,ORD-0006039,Debit Card,1510.54,2025-12-24,Completed
PAY-0000241,ORD-0000241,Debit Card,4629.39,2026-03-26,Completed
PAY-0003846,ORD-0003846,Credit Card,4457.84,2026-02-05,Completed
PAY-0010121,ORD-0010121,Debit Card,116.11,2026-08-14,Failed
PAY-0000774,ORD-0000774,Credit Card,4486.48,2026-05-30,Failed
PAY-0003475,ORD-0003475,Credit Card,113.11,2026-04-13,Completed
PAY-0005258,ORD-0005258,PayPal,5472.96,2025-11-26,Completed
PAY-0006923,ORD-0006923,Credit Card,2255.8,2026-05-27,Completed
PAY-0000126,ORD-0000126,Credit Card,1272.61,2024-05-26,Failed
PAY-0002985,ORD-0002985,PayPal,422.7,2025-08-17,Completed
PAY-0007063,ORD-0007063,PayPal,817.47,2026-04-22,Completed
PAY-0007376,ORD-0007376,Gift Card,1350.32,2026-03-19,Completed
PAY-0007299,ORD-0007299,PayPal,2439.89,2026-06-12,Completed
PAY-0005985,ORD-0005985,Credit Card,1073.92,2025-06-10,Refunded
PAY-0011200,ORD-0011200,Debit Card,1158.34,2025-05-21,Pending
PAY-0001909,ORD-0001909,,$747.14,2026-01-14,Completed
PAY-0011815,ORD-0011815,Debit Card,3982.94,2025-06-08,Completed
PAY-0007770,ORD-0007770,PayPal,1917.64,2026-02-26,Completed
PAY-0008223,ORD-0008223,Debit Card,2330.05,2026-05-27,Completed
PAY-0005243,ORD-0005243,,2338.12,2024-11-17,Completed
PAY-0010806,ORD-0010806,PayPal,3148.12,2026-07-15,Completed
PAY-0007908,ORD-0007908,Credit Card,68.35,2026-08-04,Refunded
PAY-0010066,ORD-0010066,Gift Card,2395.42,2026-07-26,Completed
PAY-0008616,ORD-0008616,Credit Card,6683.05,2025-11-02,Completed
PAY-0004528,ORD-0004528,Debit Card,1065.34,2026-01-22,Refunded
PAY-0007197,ORD-0007197,PayPal,55.0,2025-09-16,Completed
PAY-0010486,ORD-0010486,Credit Card,837.8,2026-05-03,Refunded
PAY-0011412,ORD-0011412,Credit Card,3647.62,2026-09-08,Failed
PAY-0008738,ORD-0008738,Gift Card,956.99,2025-09-09,Completed
PAY-0001593,ORD-0001593,Credit Card,675.38,2026-02-15,Completed
PAY-0008279,ORD-0008279,Debit Card,1538.76,2026-04-30,Completed
PAY-0011354,ORD-0011354,Credit Card,1980.93,2025-09-23,Completed
PAY-0004271,ORD-0004271,Credit Card,1460.52,2025-05-20,Failed
PAY-0003701,ORD-0003701,Credit Card,219.5,2025-07-26,Pending
PAY-0009500,ORD-0009500,Credit Card,1749.7,2026-03-30,Completed
PAY-0010684,ORD-0010684,Credit Card,4840.65,2025-07-17,Pending
PAY-0010779,ORD-0010779,Credit Card,1277.88,2026-08-09,Failed
PAY-0010484,ORD-0010484,Credit Card,551.0,2024-05-22,Completed
PAY-0004092,ORD-0004092,Credit Card,1270.85,2026-08-03,Completed
PAY-0007022,ORD-0007022,Debit Card,691.32,2026-04-23,Failed
PAY-0006816,ORD-0006816,Debit Card,536.34,2025-09-27,Completed
PAY-0003809,ORD-0003809,Credit Card,1715.7,2025-02-09,Completed
PAY-0011056,ORD-0011056,PayPal,737.2,2026-04-22,Failed
PAY-0000364,ORD-0000364,Gift Card,107.25,2025-11-13,Refunded
PAY-0005576,ORD-0005576,PayPal,619.22,2026-02-19,Pending
PAY-0010785,ORD-0010785,Credit Card,2410.15,2026-01-20,Completed
PAY-0006334,ORD-0006334,Credit Card,462.68,2026-08-30,Completed
PAY-0001358,ORD-0001358,Debit Card,1950.09,2025-03-11,Refunded
PAY-0003028,ORD-0003028,Debit Card,1521.0,"September 24, 2024",Completed
PAY-0005802,ORD-0005802,Gift Card,1377.37,2026-05-24,Completed
PAY-0005436,ORD-0005436,Credit Card,1295.37,2023-12-24,Completed
PAY-0010343,ORD-0010343,Credit Card,849.64,2024-08-24,Completed
PAY-0004485,ORD-0004485,,1149.05,2025-07-14,Completed
PAY-0009384,ORD-0009384,Credit Card,2627.7,2026-05-25,Completed
PAY-0011733,ORD-0011733,Credit Card,4495.84,2026-05-08,Pending
PAY-0002348,ORD-0002348,Credit Card,1387.26,2025-11-30,Failed
PAY-0008422,ORD-0008422,Credit Card,5607.75,2026-08-25,Completed
PAY-0005749,ORD-0005749,PayPal,247.79,2026-05-03,Completed
PAY-0007116,ORD-0007116,Debit Card,800.09,2026-07-04,Refunded
PAY-0007138,ORD-0007138,Credit Card,2186.4abc,2026-08-17,Completed
PAY-0002684,ORD-0002684,PayPal,2650.08,2025-02-20,Completed
PAY-0008797,ORD-0008797,Credit Card,476.52,2026-06-07,Completed
PAY-0007207,ORD-0007207,PayPal,720.87,2026-07-13,Refunded
PAY-0002914,ORD-0002914,PayPal,1219.18,2026-09-06,Refunded
PAY-0010755,ORD-0010755,Credit Card,994.14,2026-07-18,Refunded
PAY-0010652,ORD-0010652,Credit Card,730.55,2025-07-13,Completed
PAY-0002882,ORD-0002882,Credit Card,-499.88,2026-07-13,Failed
PAY-0008931,ORD-0008931,PayPal,411.63,2025-10-19,Completed
PAY-0007145,ORD-0007145,Credit Card,2762.68,2025-06-30,Completed
PAY-0006563,ORD-0006563,Gift Card,213.05,2025-09-08,Completed
PAY-0003447,ORD-0003447,Debit Card,297.18,2026-07-03,Completed
PAY-0007131,ORD-0007131,PayPal,592.9,2025-11-17,Completed
PAY-0007876,ORD-0007876,Credit Card,2956.04,2023-10-12,Failed
PAY-0004030,ORD-0004030,Credit Card,42.94,2025-01-14,Completed
PAY-0000697,ORD-0000697,Credit Card,350.73,2026-08-24,Completed
PAY-0008517,ORD-0008517,Credit Card,874.62,2026-05-11,Completed
PAY-0011760,ORD-0011760,PayPal,3402.83,2026-07-27,Refunded
PAY-0001417,ORD-0001417,Credit Card,1826.43,2024-01-01,Completed
PAY-0003509,ORD-0003509,,30.57,2026-09-04,Completed
PAY-0010532,ORD-0010532,PayPal,712.35,2026-01-26,Completed
PAY-0010050,ORD-0010050,PayPal,349.2,2026-08-20,Refunded
PAY-0011061,ORD-0011061,Gift Card,1686.75,2025-07-18,Completed
PAY-0009147,ORD-0009147,,476.09,2025-12-27,Pending
PAY-0002717,ORD-0002717,Credit Card,981.76,2026-08-29,Completed
PAY-0008381,ORD-0008381,PayPal,994.25,2025-04-11,Completed
PAY-0002918,ORD-0002918,PayPal,812.93,2026-04-14,Completed
PAY-0002651,ORD-0002651,Debit Card,521.36,2025-11-01,Refunded
PAY-0011985,ORD-0011985,PayPal,43975.64,2025-05-25,Completed
PAY-0000250,ORD-0000250,Gift Card,1516.42,2025-08-11,Completed
PAY-0003526,ORD-0003526,Credit Card,195.02,2026-08-29,Completed
PAY-0000877,ORD-0000877,Debit Card,2611.48,2026-09-06,Completed
PAY-0001944,ORD-0001944,Credit Card,2619.15,2026-07-23,Completed
PAY-0005856,ORD-0005856,PayPal,1641.72,2025-10-02,Completed
PAY-0011426,ORD-0011426,Debit Card,242.24,2025-03-27,Completed
PAY-0007101,ORD-0007101,Debit Card,2095.51,07-Jan-2026,Completed
PAY-0003822,ORD-0003822,Bank Transfer,2712.03,2026-09-06,Completed
PAY-0004276,ORD-0004276,Debit Card,2960.6,2026-06-14,Completed
PAY-0003661,ORD-0003661,Debit Card,4237.46,2025-03-06,Completed
PAY-0003577,ORD-0003577,Credit Card,2991.55,2026-03-26,Completed
PAY-0007039,ORD-0007039,Bank Transfer,669.71,2026-07-07,Completed
PAY-0006767,ORD-0006767,Debit Card,1361.14,2025-10-15,Completed
PAY-0005044,ORD-0005044,Credit Card,592.14,2026-05-28,Completed
PAY-0011404,ORD-0011404,Bank Transfer,375.34,2025-10-01,Completed
PAY-0008960,ORD-0008960,Debit Card,3243.76,2024-05-31,Completed
PAY-0010109,ORD-0010109,Credit Card,1978.15,2026-02-02,Completed
PAY-0000183,ORD-0000183,Debit Card,2327.31,2026-04-03,Completed
PAY-0008033,ORD-0008033,Credit Card,923.37,2026-05-10,Completed
PAY-0000944,ORD-0000944,Credit Card,488.24,2026-07-29,Pending
PAY-0007614,ORD-0007614,PayPal,158.29,2024-09-28,Completed
PAY-0011144,ORD-0011144,PayPal,1608.81,2026-08-23,Refunded
PAY-0009514,ORD-0009514,Gift Card,344.35,2026-04-04,Pending
PAY-0010984,ORD-0010984,Credit Card,1016.31,2026-08-31,Refunded
PAY-0010185,ORD-0010185,Credit Card,1652.2,2025-03-17,Failed
PAY-0010739,ORD-0010739,Credit Card,1851.15,2024-08-20,Failed
PAY-0001066,ORD-0001066,Credit Card,1176.78,2025-03-27,Pending
PAY-0004105,ORD-0004105,,496.41,2026-08-04,Failed
PAY-0001210,ORD-0001210,Debit Card,5402.54,2026-05-28,Completed
PAY-0006628,ORD-0006628,Credit Card,1498.55,2026-02-19,Failed
PAY-0008099,ORD-0008099,Gift Card,1926.52,2024-01-03,Completed
PAY-0002587,ORD-0002587,Gift Card,2299.48,2025-06-20,Completed
PAY-0004823,ORD-0004823,Credit Card,157.56,2025-01-22,Completed
PAY-0011054,ORD-0011054,Credit Card,1834.8,2025-09-24,Refunded
PAY-0007859,ORD-0007859,PayPal,1215.66,2026-08-08,Completed
PAY-0000082,ORD-0000082,Debit Card,1396.41,2026-08-31,Completed
PAY-0000720,ORD-0000720,PayPal,1807.16,2026-05-31,Completed
PAY-0008917,ORD-0008917,Credit Card,430.02,2026-04-29,Failed
PAY-0002325,ORD-0002325,Credit Card,4748.65,2025-02-18,Failed
PAY-0006930,ORD-0006930,PayPal,702.82,2024-10-07,Completed
PAY-0005360,ORD-0005360,Credit Card,1523.99,2025-05-18,Completed
PAY-0011828,ORD-0011828,Credit Card,851.88,2025-10-25,Completed
PAY-0003512,ORD-0003512,Gift Card,3098.22,2025-03-18,Failed
PAY-0002952,ORD-0002952,Credit Card,608.8,2025-09-17,Completed
PAY-0006667,ORD-0006667,PayPal,603.9,2026-08-05,Completed
PAY-0009609,ORD-0009609,Credit Card,340.89,2026-05-21,Completed
PAY-0008671,ORD-0008671,Credit Card,2266.25,2026-05-24,Completed
PAY-0002415,ORD-0002415,Credit Card,1133.15,2026-06-11,Pending
PAY-0003103,ORD-0003103,Debit Card,5058.56,2025-09-30,Completed
PAY-0000600,ORD-0000600,Gift Card,225.84,2024-08-19,Refunded
PAY-0001956,ORD-0001956,Credit Card,3473.97,2026-07-26,Completed
PAY-0001865,ORD-0001865,Debit Card,1362.48,2025-06-16,Completed
PAY-0010297,ORD-0010297,PayPal,2076.55,2026-02-07,Completed
PAY-0001904,ORD-0001904,Credit Card,2109.28,06/12/2025,Completed
PAY-0008456,ORD-0008456,Credit Card,2240.77,2025-12-30,Refunded
PAY-0007983,ORD-0007983,Debit Card,3314.22,2025-07-09,Completed
PAY-0002760,ORD-0002760,Debit Card,983.94,2025-07-12,Completed
PAY-0002576,ORD-0002576,Credit Card,1084.68,2025-11-01,Completed
PAY-0011481,ORD-0011481,Gift Card,118.79,2026-01-26,Refunded
PAY-0004457,ORD-0004457,Credit Card,7135.87,2025-04-07,Failed
PAY-0008130,ORD-0008130,Debit Card,5958.18,2025-09-22,Completed
PAY-0011416,ORD-0011416,Gift Card,3889.25,2024-09-13,Completed
PAY-0010771,ORD-0010771,Debit Card,546.32,2026-07-26,Pending
PAY-0009586,ORD-0009586,,52.24,2026-09-03,Completed
PAY-0002728,ORD-0002728,,190.17,2024-02-17,Failed
PAY-0002262,ORD-0002262,,2348.06,2025-07-09,Refunded
PAY-0011543,ORD-0011543,Gift Card,862.85,2024-05-14,Completed
PAY-0007407,ORD-0007407,PayPal,4553.38,23-Aug-2026,Completed
PAY-0008169,ORD-0008169,Credit Card,1185.17,2025-07-05,Completed
PAY-0004798,ORD-0004798,Credit Card,6311.57,2026-04-28,Failed
PAY-0011905,ORD-0011905,Debit Card,-4477.07,2025-08-25,Completed
PAY-0011042,ORD-0011042,Gift Card,2888.23,2026-02-15,Completed
PAY-0005669,ORD-0005669,PayPal,298.36,2026-04-07,Refunded
PAY-0009214,ORD-0009214,Debit Card,1293.2,2025-07-21,Completed
PAY-0004501,ORD-0004501,Debit Card,568.88,2026-06-17,Refunded
PAY-0010818,ORD-0010818,Credit Card,6154.94,2026-06-18,Completed
PAY-0011467,ORD-0011467,PayPal,2213.74,2026-09-04,Failed
PAY-0008742,ORD-0008742,PayPal,1934.76,2026-09-08,Pending
PAY-0011753,ORD-0011753,Debit Card,480.96,2025-05-11,Failed
PAY-0002459,ORD-0002459,Credit Card,1563.2,2026-04-24,Completed
PAY-0009442,ORD-0009442,Bank Transfer,1740.68,2026-08-17,Completed
PAY-0000664,ORD-0000664,Credit Card,93.84,2026-05-25,Completed
PAY-0011230,ORD-0011230,Debit Card,2542.48,2026-03-02,Refunded
PAY-0011198,ORD-0011198,Credit Card,1276.82,2025-08-18,Refunded
PAY-0001449,ORD-0001449,PayPal,4074.66,2026-04-09,Completed
PAY-0011382,ORD-0011382,Credit Card,1592.33,2026-02-25,Failed
PAY-0008180,ORD-0008180,PayPal,3259.94,2026-07-19,Refunded
PAY-0007042,ORD-0007042,Gift Card,635.29,2024-07-15,Pending
PAY-0010149,ORD-0010149,Debit Card,663.72,2025-09-11,Completed
PAY-0001182,ORD-0001182,PayPal,2396.04,2025-05-16,Completed
PAY-0011015,ORD-0011015,Credit Card,1628.51,2026-07-23,Completed
PAY-0003421,ORD-0003421,Debit Card,1947.15,2026-02-10,Pending
PAY-0006428,ORD-0006428,Credit Card,631.46,2026-08-02,Failed
PAY-0008806,ORD-0008806,Credit Card,190.66,2026-02-21,Completed
PAY-0001961,ORD-0001961,PayPal,1091.3,2025-12-04,Refunded
PAY-0005634,ORD-0005634,Debit Card,1992.0,2025-09-07,Completed
PAY-0006722,ORD-0006722,Debit Card,831.45,2025-07-02,Completed
PAY-0004861,ORD-0004861,Credit Card,2976.34,2026-07-08,Completed
PAY-0011936,ORD-0011936,Debit Card,1322.7,2026-08-29,Completed
PAY-0006587,ORD-0981567,Credit Card,1871.05,2026-09-05,Completed
PAY-0006541,ORD-0006541,Credit Card,1207.13,2024-12-01,Completed
PAY-0007605,ORD-0007605,PayPal,941.46,2026-03-03,Pending
PAY-0009011,ORD-0009011,PayPal,275.48,2026-09-04,Completed
PAY-0010061,ORD-0010061,PayPal,156.63,2026-09-04,Refunded
PAY-0001541,ORD-0001541,Debit Card,1056.56abc,2024-06-19,Completed
PAY-0009265,ORD-0009265,Credit Card,335.76,2024-07-21,Completed
PAY-0011264,ORD-0011264,Debit Card,2986.76,2026-09-04,Completed
PAY-0003485,ORD-0003485,Credit Card,567.75,2025-11-12,Completed
PAY-0003169,ORD-0003169,PayPal,3790.67,2026-03-18,Completed
PAY-0006189,ORD-0006189,Credit Card,2575.92,2025-03-21,Completed
PAY-0009709,ORD-0009709,Debit Card,6083.42,2026-04-23,Pending
PAY-0006205,ORD-0006205,Credit Card,1567.47,2025-06-17,Completed
PAY-0006677,ORD-0006677,Credit Card,59381.0,2025-09-15,Completed
PAY-0010550,ORD-0010550,PayPal,2109.35,2026-07-09,Completed
PAY-0010307,ORD-0010307,Credit Card,1669.21,2024-11-29,Completed
PAY-0005310,ORD-0005310,,519.22,2024-12-08,Completed
PAY-0001724,ORD-0001724,Debit Card,1749.32,2026-06-21,Failed
PAY-0006417,ORD-0006417,Bank Transfer,456.94,"February 28, 2026",Failed
PAY-0000002,ORD-0000002,Debit Card,1061.28,2025-04-24,Refunded
PAY-0002175,ORD-0002175,Credit Card,929.97,2026-07-01,Completed
PAY-0002426,ORD-0002426,Debit Card,365.28,2026-05-27,Completed
PAY-0002640,ORD-0002640,Credit Card,5294.46,2026-02-05,Completed
PAY-0011045,ORD-0011045,PayPal,1743.15,2026-04-02,Refunded
PAY-0007667,ORD-0007667,Gift Card,170.5,2026-04-16,Completed
PAY-0004996,ORD-0004996,,2311.3,2024-04-06,Failed
PAY-0000230,ORD-0000230,Gift Card,1538.37,2026-05-04,Completed
PAY-0011591,ORD-0011591,Credit Card,1793.34,2025-06-13,Failed
PAY-0005541,ORD-0005541,Credit Card,561.21,2026-03-16,Completed
PAY-0002046,ORD-0002046,Credit Card,1068.75,2026-07-24,Completed
PAY-0000899,ORD-0000899,Credit Card,562.61,2023-12-25,Completed
PAY-0006139,ORD-0006139,Credit Card,783.5,2024-07-31,Refunded
PAY-0001911,ORD-0001911,PayPal,3864.14,2025-02-16,Completed
PAY-0000734,ORD-0000734,Debit Card,3164.19,2026-04-20,Completed
PAY-0004177,ORD-0004177,Debit Card,192.88,2026-03-08,Completed
PAY-0001414,ORD-0001414,Debit Card,675.06,2024-11-17,Pending
PAY-0008837,ORD-0008837,Gift Card,1125.56,2025-10-23,Completed
PAY-0007622,ORD-0007622,Credit Card,1318.39,2026-07-26,Failed
PAY-0002296,ORD-0002296,Credit Card,3316.79,2026-08-04,Completed
PAY-0000959,ORD-0000959,,253.51,2026-07-13,Pending
PAY-0006046,ORD-0006046,Credit Card,1003.18,2026-04-29,Completed
PAY-0000671,ORD-0000671,Credit Card,574.32,2026-03-14,Completed
PAY-0003664,ORD-0003664,Credit Card,2133.96,2026-07-16,Failed
PAY-0002865,ORD-0002865,Credit Card,3413.8,2025-05-02,Completed
PAY-0001112,ORD-0001112,Credit Card,291.5,03/30/2025,Failed
PAY-0008019,ORD-0008019,Credit Card,6836.2,2026-07-17,Completed
PAY-0002848,ORD-0002848,Debit Card,1933.56,2026-08-18,Completed
PAY-0006963,ORD-0006963,PayPal,887.16,2026-01-24,Failed
PAY-0003257,ORD-0003257,Debit Card,5109.5,2026-08-08,Failed
PAY-0001256,ORD-0001256,PayPal,822.08,30-Aug-2026,Completed
PAY-0010510,ORD-0010510,Credit Card,4193.28,2026-06-25,Completed
PAY-0005703,ORD-0005703,Credit Card,1247.02,2025-01-29,Failed
PAY-0005791,ORD-0005791,PayPal,279.3,2025-10-23,Completed
PAY-0008197,ORD-0008197,,1030.82,2026-05-07,Completed
PAY-0002056,ORD-0002056,Credit Card,1119.89,2026-08-23,Completed
PAY-0003798,ORD-0003798,Credit Card,36.6,2026-08-23,Failed
PAY-0003229,ORD-0003229,Credit Card,295.13,2026-08-05,Pending
PAY-0010641,ORD-0010641,Credit Card,669.25,2026-04-23,Failed
PAY-0005046,ORD-0005046,PayPal,611.43,2025-12-17,Completed
PAY-0003218,ORD-0003218,Credit Card,3713.65,2025-03-01,Completed
PAY-0000120,ORD-0000120,PayPal,533.43,2025-11-11,Failed
PAY-0011599,ORD-0011599,Credit Card,1483.78,2026-09-05,Failed
PAY-0000315,ORD-0000315,PayPal,422.82,08/25/2026,Completed
PAY-0009602,ORD-0009602,Gift Card,949.9,2026-08-29,Completed
PAY-0007237,ORD-0007237,Debit Card,422.34,2026-03-09,Completed
PAY-0004313,ORD-0004313,Debit Card,1912.8,2025-12-22,Completed
PAY-0007103,ORD-0007103,Credit Card,2721.96,2026-07-15,Completed
PAY-0004988,ORD-0004988,PayPal,3752.4,2024-12-28,Completed
PAY-0001696,ORD-0001696,Debit Card,130.75,2026-05-30,Completed
PAY-0011286,ORD-0011286,Credit Card,2069.07,2025-07-05,Failed
PAY-0003228,ORD-0003228,PayPal,197.63,2026-03-30,Completed
PAY-0007526,ORD-0007526,Credit Card,2758.08,2025-11-14,Completed
PAY-0003940,ORD-0003940,PayPal,149832.57,2025-03-05,Completed
PAY-0008491,ORD-0008491,Bank Transfer,3472.41,2026-01-07,Pending
PAY-0008761,ORD-0008761,,3468.87,2025-12-01,Refunded
PAY-0004587,ORD-0004587,Credit Card,2337.26,2024-10-23,Failed
PAY-0002292,ORD-0002292,Gift Card,1604.21,2026-08-15,Completed
PAY-0006011,ORD-0006011,Credit Card,1114.32,2025-06-30,Completed
PAY-0003470,ORD-0003470,Credit Card,1629.58,2026-06-23,Failed
PAY-0008667,ORD-0008667,PayPal,726.46,2026-07-23,Completed
PAY-0001976,ORD-0001976,Debit Card,649.03,2024-09-27,Completed
PAY-0007192,ORD-0007192,Credit Card,1537.25,2026-09-08,Completed
PAY-0007096,ORD-0007096,Credit Card,2045.82,2026-08-24,Completed
PAY-0004671,ORD-0004671,Debit Card,1231.1,2026-09-06,Failed
PAY-0001625,ORD-0001625,Debit Card,2030.49,2026-09-02,Completed
PAY-0011693,ORD-0011693,Debit Card,462.96,2026-09-02,Pending
PAY-0005208,ORD-0005208,Gift Card,131.27,2025-12-19,Completed
PAY-0003585,ORD-0003585,Credit Card,2155.03,2026-02-28,Completed
PAY-0009447,ORD-0009447,Gift Card,1128.92,2026-07-05,Refunded
PAY-0001459,ORD-0001459,Credit Card,2768.48,2025-08-07,Completed
PAY-0000323,ORD-0000323,Credit Card,202.26,2026-06-24,Refunded
PAY-0002809,ORD-0002809,Credit Card,2879.78,2026-01-08,Completed
PAY-0005369,ORD-0005369,PayPal,54.58,2026-07-08,Pending
PAY-0002610,ORD-0002610,Credit Card,684.41,2025-09-26,Completed
PAY-0010294,ORD-0010294,Credit Card,2500.2,2026-02-10,Completed
PAY-0005988,ORD-0005988,Gift Card,5569.05,2025-06-13,Failed
PAY-0000886,ORD-0000886,Credit Card,2420.77,2023-11-17,Pending
PAY-0011347,ORD-0011347,Credit Card,3031.54,2025-05-05,Refunded
PAY-0006444,ORD-0006444,PayPal,174.72,2026-08-09,Pending
PAY-0006934,ORD-0006934,PayPal,4496.37,2025-12-05,Completed
PAY-0005945,ORD-0005945,Debit Card,1510.2,2024-11-02,Completed
PAY-0002294,ORD-0002294,Bank Transfer,443.53,2025-09-11,Completed
PAY-0011188,ORD-0011188,Bank Transfer,1006.24,2025-10-27,Completed
PAY-0005431,ORD-0005431,Credit Card,880.68,2026-08-08,Completed
PAY-0002360,ORD-0002360,Credit Card,1193.94,2026-06-30,Completed
PAY-0000070,ORD-0000070,Credit Card,872.09,10-Dec-2025,Completed
PAY-0010459,ORD-0010459,Credit Card,1601.96,2026-08-25,Completed
PAY-0000923,ORD-0000923,Credit Card,649.04,2026-05-29,Completed
PAY-0002363,ORD-0002363,Credit Card,1341.6,2025-11-19,Completed
PAY-0004191,ORD-0004191,Debit Card,607.55,2025-01-10,Pending
PAY-0011454,ORD-0011454,Bank Transfer,513.5,2025-11-01,Completed
PAY-0011191,ORD-0011191,Credit Card,59073.19,2026-04-19,Completed
PAY-0001152,ORD-0001152,Credit Card,1189.66,06/29/2025,Completed
PAY-0001731,ORD-0926345,Credit Card,628.95,2026-01-09,Completed
PAY-0004074,ORD-0004074,Debit Card,2194.52,2026-03-08,Failed
PAY-0002049,ORD-0002049,PayPal,166.16abc,2026-03-15,Completed
PAY-0010030,ORD-0010030,Credit Card,447.36,2026-07-16,Failed
PAY-0010350,ORD-0010350,Credit Card,3201.85,2025-10-10,Refunded
PAY-0004271,ORD-0004271,Credit Card,1460.52,2025-05-20,Failed
PAY-0011494,ORD-0011494,PayPal,3130.87,2026-09-02,Completed
PAY-0011419,ORD-0011419,Debit Card,20.74,2026-08-08,Completed
PAY-0011002,ORD-0011002,Gift Card,638.44,2026-01-11,Completed
PAY-0001810,ORD-0001810,Credit Card,178.75,2024-01-23,Completed
PAY-0005287,ORD-0005287,Debit Card,538.72,2026-07-28,Completed
PAY-0011094,ORD-0011094,,3023.48,2026-07-14,Pending
PAY-0007351,ORD-0007351,Gift Card,208.2,2025-04-06,Completed
PAY-0011964,ORD-0011964,Credit Card,28.54,2025-09-13,Completed
PAY-0005834,ORD-0005834,Debit Card,254.11,2026-01-29,Refunded
PAY-0004294,ORD-0004294,Gift Card,494.98,2025-01-15,Completed
PAY-0005038,ORD-0005038,Credit Card,1424.68,2026-08-11,Failed
PAY-0006354,ORD-0006354,,113.95,2026-09-05,Completed
PAY-0007668,ORD-0007668,Credit Card,751.47,"March 20, 2025",Refunded
PAY-0004559,ORD-0004559,Gift Card,4703.14,2025-12-27,Completed
PAY-0010686,ORD-0010686,Bank Transfer,3099.44,2026-07-31,Completed
PAY-0000418,ORD-0000418,Debit Card,320602.8,2024-05-24,Completed
PAY-0011364,ORD-0011364,Debit Card,3685.7,2026-05-02,Pending
PAY-0009771,ORD-0009771,Credit Card,86.41,2025-02-14,Completed
PAY-0001268,ORD-0001268,Debit Card,732.87,2025-12-07,Failed
PAY-0000980,ORD-0000980,PayPal,750.31,2026-06-16,Completed
PAY-0002947,ORD-0002947,Credit Card,925.66,2025-06-15,Completed
PAY-0005899,ORD-0005899,Debit Card,122.73,2025-07-09,Completed
PAY-0009770,ORD-0009770,PayPal,499.22,2026-08-18,Failed
PAY-0004586,ORD-0004586,PayPal,843.97,2026-02-16,Completed
PAY-0005991,ORD-0005991,PayPal,188.3,2025-01-03,Pending
PAY-0006461,ORD-0006461,Debit Card,1842.57,2025-12-24,Completed
PAY-0007940,ORD-0007940,Credit Card,946.96,2026-08-25,Pending
PAY-0000963,ORD-0000963,Credit Card,4317.05,2025-10-20,Completed
PAY-0005518,ORD-0005518,Gift Card,701.98,2025-04-03,Failed
PAY-0007788,ORD-0007788,Debit Card,407.91,17-Jun-2026,Completed
PAY-0007147,ORD-0007147,Credit Card,1166.19,2026-07-22,Completed
PAY-0004575,ORD-0004575,Debit Card,2324.68,2026-09-02,Completed
PAY-0004230,ORD-0004230,Debit Card,908.98,2024-07-01,Completed
PAY-0004352,ORD-0004352,Gift Card,904.6,2026-06-30,Completed
PAY-0010580,ORD-0010580,PayPal,2077.96,2025-12-31,Completed
PAY-0005990,ORD-0005990,Credit Card,399.24,2026-09-01,Completed
PAY-0010169,ORD-0010169,Debit Card,930.28,2025-08-19,Completed
PAY-0005036,ORD-0005036,Credit Card,1872.33,2026-03-07,Completed
PAY-0005320,ORD-0005320,PayPal,1733.22,2026-09-02,Completed
PAY-0005349,ORD-0005349,PayPal,864.18,2024-12-15,Failed
PAY-0003155,ORD-0003155,PayPal,952.1,2026-08-09,Completed
PAY-0010274,ORD-0010274,Credit Card,133.08,2026-04-15,Completed
PAY-0002877,ORD-0002877,Bank Transfer,1186.13,2026-06-06,Completed
PAY-0002738,ORD-0002738,Bank Transfer,1575.76,2025-09-01,Completed
PAY-0006772,ORD-0006772,Credit Card,n/a,2024-07-15,Refunded
PAY-0003361,ORD-0003361,Debit Card,98.52,2024-04-13,Failed
PAY-0010941,ORD-0010941,PayPal,976.48,2024-12-05,Failed
PAY-0004333,ORD-0004333,Gift Card,2134.84,2026-07-04,Completed
PAY-0008618,ORD-0008618,PayPal,889.46,2026-02-01,Completed
PAY-0007166,ORD-0007166,Bank Transfer,68122.48,2026-06-17,Completed
PAY-0005713,ORD-0005713,Credit Card,1763.24,2025-12-06,Completed
PAY-0009264,ORD-0009264,PayPal,1853.36,2025-11-13,Completed
PAY-0000380,ORD-0000380,PayPal,2824.96,2025-10-22,Completed
PAY-0003513,ORD-0003513,Credit Card,1491.66,2026-05-19,Pending
PAY-0007300,ORD-0007300,Credit Card,2922.49,2025-02-11,Refunded
PAY-0000607,ORD-0000607,Gift Card,$2480.38,2026-04-25,Completed
PAY-0000403,ORD-0000403,PayPal,596.0,2026-06-21,Completed
PAY-0003046,ORD-0947113,Credit Card,2637.64,2026-08-06,Completed
PAY-0005884,ORD-0005884,Credit Card,3027.28,2025-10-22,Pending
PAY-0005664,ORD-0005664,PayPal,709.27,2026-06-29,Completed
PAY-0003430,ORD-0003430,Credit Card,915.26,2025-01-22,Completed
PAY-0010288,ORD-0010288,PayPal,656.16,2026-08-25,Completed
PAY-0010268,ORD-0010268,Debit Card,211.66,2026-08-24,Completed
PAY-0001447,ORD-0001447,,2221.8,2025-11-12,Completed
PAY-0007600,ORD-0007600,Gift Card,1587.11,2025-10-17,Refunded
PAY-0003960,ORD-0003960,,2707.77,2026-08-12,Completed
PAY-0009898,ORD-0009898,Credit Card,6033.32,2026-08-31,Completed
PAY-0004385,ORD-0004385,Credit Card,3102.28,2024-12-21,Completed
PAY-0005590,ORD-0005590,Credit Card,597.45,2026-07-08,Completed
PAY-0005604,ORD-0005604,,532.78,2024-09-10,Refunded
PAY-0002427,ORD-0002427,Credit Card,70.71,08/16/2026,Completed
PAY-0008841,ORD-0008841,PayPal,658.23,2024-12-22,Completed
PAY-0001028,ORD-0001028,PayPal,375.8,"July 26, 2024",Completed
PAY-0009200,ORD-0009200,Credit Card,2106.75,2026-07-17,Pending
PAY-0002177,ORD-0002177,PayPal,2071.62,2026-06-24,Failed
PAY-0009811,ORD-0009811,Gift Card,610.88,2026-01-10,Completed
PAY-0008530,ORD-0008530,Credit Card,204.0,2026-05-28,Completed
PAY-0006128,ORD-0006128,Gift Card,3588.13,2026-07-29,Completed
PAY-0005846,ORD-0005846,,1748.97,2026-08-06,Pending
PAY-0003906,ORD-0003906,Credit Card,430.16,2026-01-19,Completed
PAY-0010326,ORD-0010326,Debit Card,614.17,2026-06-12,Completed
PAY-0009155,ORD-0009155,PayPal,$2227.25,2026-06-24,Failed
PAY-0011172,ORD-0011172,PayPal,406.98,2025-12-05,Completed
PAY-0004449,ORD-0004449,Credit Card,2081.4,2025-12-23,Completed
PAY-0004157,ORD-0004157,PayPal,2861.8,2026-04-10,Completed
PAY-0006601,ORD-0006601,Debit Card,992.52,2025-12-06,Completed
PAY-0010712,ORD-0010712,Gift Card,1008.21,2025-10-20,Failed
PAY-0000497,ORD-0000497,Debit Card,450.77,2026-03-07,Failed
PAY-0006463,ORD-0006463,PayPal,2968.04,2026-04-18,Completed
PAY-0001993,ORD-0001993,Gift Card,90.64,2026-07-03,Pending
PAY-0002014,ORD-0002014,PayPal,1838.15,2025-10-09,Completed
PAY-0002765,ORD-0002765,Credit Card,3640.95,2026-07-18,Completed
PAY-0005806,ORD-0005806,Credit Card,981.21,2026-06-24,Completed
PAY-0007365,ORD-0007365,Credit Card,1208.08,2026-01-02,Completed
PAY-0009603,ORD-0009603,Debit Card,181.1,2026-03-26,Completed
PAY-0000280,ORD-0000280,Credit Card,3679.81,2024-08-12,Completed
PAY-0003759,ORD-0003759,PayPal,6930.52,2026-09-06,Failed
PAY-0001582,ORD-0001582,PayPal,562.55,2026-06-20,Completed
PAY-0010033,ORD-0010033,Credit Card,2508.65,2024-10-10,Completed
PAY-0002245,ORD-0910298,Debit Card,4480.36,2026-01-19,Pending
PAY-0009139,ORD-0009139,Bank Transfer,656.79,2024-11-26,Refunded
PAY-0001241,ORD-0001241,Gift Card,2299.44,2025-12-09,Completed
PAY-0001045,ORD-0001045,PayPal,-169.76,2026-09-03,Completed
PAY-0010367,ORD-0010367,PayPal,1517.9,2025-01-08,Completed
PAY-0008455,ORD-0008455,,2058.21,2026-08-14,Completed
PAY-0006243,ORD-0006243,Credit Card,3543.66,2025-12-31,Completed
PAY-0004710,ORD-0004710,Debit Card,772.02,2026-05-29,Completed
PAY-0010835,ORD-0010835,PayPal,3792.05abc,2026-07-22,Refunded
PAY-0007698,ORD-0007698,Bank Transfer,924.39,2026-06-13,Refunded
PAY-0004204,ORD-0004204,Credit Card,$663.3,2026-05-06,Refunded
PAY-0005129,ORD-0005129,PayPal,660.8,2025-12-23,Completed
PAY-0004088,ORD-0004088,Credit Card,2535.09,2025-09-08,Refunded
PAY-0000875,ORD-0000875,Credit Card,252.52,2026-08-20,Completed
PAY-0011255,ORD-0011255,PayPal,480.58,2024-11-18,Completed
PAY-0009833,ORD-0009833,Credit Card,337.02,2026-04-19,Completed
PAY-0011780,ORD-0011780,PayPal,1002.65,2025-12-06,Completed
PAY-0010419,ORD-0010419,,1273.91,2026-01-12,Completed
PAY-0000248,ORD-0000248,,1105.11,2026-07-25,Completed
PAY-0009104,ORD-0009104,Credit Card,2292.14,04/21/2026,Refunded
PAY-0011275,ORD-0011275,PayPal,2299.46,2026-06-10,Completed
PAY-0009278,ORD-0009278,PayPal,2253.51,2025-11-24,Pending
PAY-0004399,ORD-0004399,Bank Transfer,494.2,2026-09-06,Refunded
PAY-0004465,ORD-0004465,Bank Transfer,1029.3,2026-04-27,Refunded
PAY-0006079,ORD-0006079,Debit Card,396.66,2026-03-23,Refunded
PAY-0006303,ORD-0006303,Gift Card,2616.6,2026-04-20,Completed
PAY-0004165,ORD-0004165,Bank Transfer,2387.3,2026-08-24,Completed
PAY-0004163,ORD-0004163,Gift Card,$2826.01,2024-11-16,Completed
PAY-0006469,ORD-0006469,PayPal,4178.86,2026-07-12,Refunded
PAY-0010888,ORD-0010888,Debit Card,582.08,2026-04-09,Completed
PAY-0005207,ORD-0005207,Gift Card,3137.31,2026-04-28,Completed
PAY-0004083,ORD-0004083,Gift Card,878.74,"March 29, 2026",Completed
PAY-0005726,ORD-0005726,Debit Card,$3105.6,2026-08-22,Completed
PAY-0000716,ORD-0000716,Debit Card,779.58,2025-05-08,Completed
PAY-0006287,ORD-0006287,Gift Card,1075.52,2026-05-28,Pending
PAY-0002076,ORD-0002076,Credit Card,1887.56,2026-04-29,Refunded
PAY-0006796,ORD-0006796,Gift Card,1522.03,2026-06-24,Completed
PAY-0002385,ORD-0002385,Gift Card,509.91,28-Mar-2026,Pending
PAY-0000324,ORD-0000324,PayPal,1784.02,2026-05-06,Refunded
PAY-0003304,ORD-0003304,Credit Card,2236.55,2025-01-31,Completed
PAY-0003012,ORD-0003012,Debit Card,770.53,2026-08-02,Refunded
PAY-0006925,ORD-0006925,PayPal,372.4,2026-08-17,Completed
PAY-0002430,ORD-0002430,Debit Card,1927.09,2025-02-05,Completed
PAY-0002224,ORD-0002224,,$1556.76,2025-06-24,Completed
PAY-0003813,ORD-0003813,,1419.34,2025-10-14,Completed
PAY-0006413,ORD-0006413,Debit Card,110.2,2026-08-29,Pending
PAY-0004495,ORD-0004495,Credit Card,1047.42,2026-09-05,Completed
PAY-0000308,ORD-0000308,Credit Card,905.89,2026-04-28,Failed
PAY-0006360,ORD-0006360,Credit Card,1564.0,2026-08-20,Completed
PAY-0006893,ORD-0006893,PayPal,1143.24,2025-11-16,Failed
PAY-0004114,ORD-0004114,Debit Card,3089.16,2026-02-24,Pending
PAY-0006178,ORD-0006178,PayPal,1398.6,2026-08-25,Pending
PAY-0000023,ORD-0000023,PayPal,1160.04,2026-01-08,Failed
PAY-0000316,ORD-0000316,Credit Card,135.08,2025-06-23,Completed
PAY-0010761,ORD-0010761,Debit Card,1030.22,2026-08-16,Refunded
PAY-0002051,ORD-0002051,Gift Card,491.3,2026-08-30,Failed
PAY-0011453,ORD-0011453,Gift Card,870.58,2026-03-19,Completed
PAY-0004122,ORD-0004122,Debit Card,3692.82,2026-08-13,Completed
PAY-0000780,ORD-0000780,Gift Card,1267.48,2024-12-02,Failed
PAY-0009396,ORD-0009396,Credit Card,1184.84,2026-01-19,Completed
PAY-0006663,ORD-0006663,Gift Card,120.07,2025-07-06,Completed
PAY-0008579,ORD-0008579,Credit Card,4532.89,2025-08-04,Refunded
PAY-0006719,ORD-0006719,Credit Card,1221.52,2025-05-12,Completed
PAY-0009802,ORD-0009802,Credit Card,604.67,2025-12-23,Completed
PAY-0010337,ORD-0010337,Credit Card,545.23,2026-05-26,Completed
PAY-0007731,ORD-0007731,Credit Card,385.66,2026-09-06,Completed
PAY-0003575,ORD-0003575,Credit Card,1529.0,2025-12-13,Completed
PAY-0004216,ORD-0004216,Credit Card,1139.14,2026-02-11,Completed
PAY-0000830,ORD-0000830,Credit Card,3426.6,"February 17, 2026",Pending
PAY-0010715,ORD-0010715,PayPal,540.44,2026-08-31,Completed
PAY-0001232,ORD-0001232,Credit Card,2221.91,2025-05-15,Completed
PAY-0004221,ORD-0004221,Gift Card,1242.0,2026-01-06,Completed
PAY-0002268,ORD-0002268,Credit Card,1341.11,2026-05-19,Completed
PAY-0005146,ORD-0005146,Gift Card,1310.32,2026-07-25,Completed
PAY-0005059,ORD-0005059,Credit Card,3445.16,2026-07-18,Completed
PAY-0008168,ORD-0008168,Credit Card,730.98,2026-08-14,Completed
PAY-0003219,ORD-0973852,Credit Card,911.88,2024-07-06,Completed
PAY-0011374,ORD-0011374,Credit Card,3221.58,2026-08-09,Completed
PAY-0010421,ORD-0010421,Credit Card,2416.24,2026-02-16,Failed
PAY-0008070,ORD-0008070,Debit Card,3449.15,2026-04-14,Completed
PAY-0011837,ORD-0011837,Gift Card,722.3,2026-02-21,Completed
PAY-0007872,ORD-0007872,Credit Card,2334.78,2025-01-02,Refunded
PAY-0002712,ORD-0002712,Debit Card,203.64,2026-04-27,Completed
PAY-0010951,ORD-0010951,Debit Card,2490.04,2026-07-17,Completed
PAY-0009322,ORD-0009322,PayPal,3539.37,2026-06-12,Completed
PAY-0009196,ORD-0009196,PayPal,1152.99,2026-07-26,Failed
PAY-0010724,ORD-0010724,Debit Card,-2175.08,2026-04-21,Completed
PAY-0007916,ORD-0007916,,2689.4,2026-04-04,Refunded
PAY-0005830,ORD-0005830,PayPal,375.66,2024-04-25,Failed
PAY-0008847,ORD-0008847,Credit Card,170.1,2026-05-07,Completed
PAY-0000665,ORD-0000665,PayPal,1217.43,2024-05-03,Failed
PAY-0004751,ORD-0004751,Credit Card,127.51,2026-05-17,Completed
PAY-0003582,ORD-0003582,Credit Card,431.58,2025-10-05,Completed
PAY-0000739,ORD-0000739,PayPal,913.51,2025-11-12,Completed
PAY-0009727,ORD-0009727,Debit Card,1127.09,2025-04-30,Failed
PAY-0000004,ORD-0000004,Credit Card,828.47,02-May-2026,Completed
PAY-0004346,ORD-0004346,Debit Card,4309.63,2026-08-19,Failed
PAY-0002573,ORD-0002573,PayPal,1626.52,2024-12-10,Completed
PAY-0004574,ORD-0004574,Debit Card,657.83,2026-04-27,Completed
PAY-0006260,ORD-0006260,Gift Card,1882.26,"April 25, 2026",Refunded
PAY-0010889,ORD-0010889,PayPal,2960.35,2026-08-20,Failed
PAY-0000432,ORD-0000432,Credit Card,173.06,2026-07-05,Completed
PAY-0010306,ORD-0010306,Bank Transfer,708.15,2024-12-04,Failed
PAY-0006845,ORD-0006845,Credit Card,1198.85,2026-08-30,Completed
PAY-0002707,ORD-0002707,Debit Card,2358.37,2025-05-24,Completed
PAY-0003403,ORD-0003403,Debit Card,548.22,2026-07-26,Completed
PAY-0005593,ORD-0005593,Credit Card,2974.62,2026-07-15,Completed
PAY-0009566,ORD-0009566,,2450.53,2026-07-16,Failed
PAY-0000097,ORD-0000097,Gift Card,512.88,2026-05-07,Failed
PAY-0006352,ORD-0006352,Credit Card,1094.63,2025-10-08,Completed
PAY-0008592,ORD-0008592,PayPal,1419.28,2025-12-08,Completed
PAY-0008341,ORD-0008341,PayPal,906.66,08/30/2026,Completed
PAY-0004131,ORD-0004131,PayPal,4112.95,2026-02-18,Refunded
PAY-0010687,ORD-0010687,PayPal,295.5,2026-08-13,Refunded
PAY-0006759,ORD-0006759,Gift Card,507.76,2025-02-27,Completed
PAY-0011407,ORD-0011407,PayPal,1074.35,2026-07-08,Completed
PAY-0011316,ORD-0011316,Credit Card,1189.78,2026-03-11,Completed
PAY-0011106,ORD-0011106,Credit Card,561.93abc,2026-05-09,Completed
PAY-0006355,ORD-0006355,PayPal,5182.56,2026-09-06,Completed
PAY-0001565,ORD-0001565,Credit Card,1958.3,2026-04-26,Pending
PAY-0010943,ORD-0010943,Credit Card,3473.91,2025-06-19,Pending
PAY-0011410,ORD-0011410,PayPal,425.67,2026-07-26,Completed
PAY-0009105,ORD-0009105,Credit Card,150.02,2025-01-05,Failed
PAY-0005908,ORD-0005908,Debit Card,1411.8,2026-02-27,Pending
PAY-0010200,ORD-0010200,Gift Card,1408.67,2024-09-12,Completed
PAY-0008042,ORD-0008042,Debit Card,536.67,2025-10-15,Completed
PAY-0010586,ORD-0926173,Debit Card,578.03,2026-07-13,Completed
PAY-0006800,ORD-0006800,Credit Card,489.4,2026-04-06,Completed
PAY-0011821,ORD-0011821,Credit Card,3116.08,2026-07-25,Failed
PAY-0000752,ORD-0000752,Gift Card,2843.6,2026-07-07,Completed
PAY-0007016,ORD-0007016,Debit Card,256765.56,2025-01-14,Completed
PAY-0008336,ORD-0008336,Debit Card,234.95abc,2024-04-12,Completed
PAY-0005835,ORD-0005835,Credit Card,257.05,2026-06-17,Completed
PAY-0006852,ORD-0006852,Credit Card,3727.24,2024-09-25,Completed
PAY-0009767,ORD-0009767,Debit Card,1215.23,2026-05-04,Completed
PAY-0004816,ORD-0004816,Credit Card,299.02,2026-06-23,Completed
PAY-0011174,ORD-0011174,Debit Card,2504.72,2025-05-08,Completed
PAY-0008509,ORD-0008509,Credit Card,2148.63,2025-06-06,Completed
PAY-0008350,ORD-0008350,Debit Card,3414.09,2025-11-15,Completed
PAY-0000897,ORD-0000897,Debit Card,407.8,2025-12-04,Failed
PAY-0007415,ORD-0007415,Bank Transfer,690.29,2026-07-11,Completed
PAY-0000714,ORD-0000714,Credit Card,127.81,2026-04-13,Completed
PAY-0004667,ORD-0004667,Debit Card,2889.31,2026-04-27,Pending
PAY-0006530,ORD-0006530,Credit Card,1858.26,2026-05-16,Completed
PAY-0011240,ORD-0011240,Debit Card,1727.8,2026-08-11,Completed
PAY-0010537,ORD-0010537,,796.03,2026-04-19,Failed
PAY-0005251,ORD-0005251,Debit Card,2007.3,2025-09-11,Completed
PAY-0001122,ORD-0001122,Debit Card,1330.6,2025-04-24,Pending
PAY-0007159,ORD-0007159,PayPal,2205.81,2026-08-24,Failed
PAY-0002540,ORD-0002540,PayPal,868.41,2026-06-11,Pending
PAY-0006936,ORD-0006936,PayPal,1543.52,2025-01-16,Completed
PAY-0005929,ORD-0005929,,1650.6,2026-03-07,Completed
PAY-0004133,ORD-0004133,Credit Card,574.66,2025-01-09,Completed
PAY-0008082,ORD-0008082,Credit Card,1122.22,2026-06-10,Pending
PAY-0004886,ORD-0004886,Debit Card,671.78,2025-01-11,Failed
PAY-0008954,ORD-0008954,Credit Card,2837.64,2026-07-16,Failed
PAY-0011215,ORD-0011215,Gift Card,1496.6,2024-04-30,Completed
PAY-0002105,ORD-0002105,Credit Card,1526.04,2025-11-20,Completed
PAY-0002388,ORD-0925337,Bank Transfer,4081.37,2026-09-01,Refunded
PAY-0006093,ORD-0006093,Debit Card,3043.0,2026-04-20,Refunded
PAY-0002027,ORD-0002027,Credit Card,2325.59,2026-06-28,Completed
PAY-0003412,ORD-0003412,Credit Card,370.27,2026-06-06,Completed
PAY-0008108,ORD-0008108,Debit Card,948.19,2025-12-22,Failed
PAY-0010583,ORD-0010583,Debit Card,1020.6,2026-08-24,Completed
PAY-0010187,ORD-0010187,PayPal,1272.93,2026-08-15,Completed
PAY-0008385,ORD-0936537,Credit Card,6191.96,2026-09-07,Completed
PAY-0008323,ORD-0008323,Debit Card,4136.74,2026-09-05,Completed
PAY-0004386,ORD-0004386,PayPal,53742.84,2025-05-29,Completed
PAY-0002082,ORD-0002082,Credit Card,2475.16,2025-12-04,Refunded
PAY-0001025,ORD-0001025,Gift Card,1513.27,2025-09-24,Completed
PAY-0005147,ORD-0005147,PayPal,$81.09,2024-09-05,Pending
PAY-0001379,ORD-0001379,Credit Card,2533.02,2026-08-17,Completed
PAY-0006519,ORD-0006519,Debit Card,512.62,2026-02-16,Pending
PAY-0007578,ORD-0007578,Bank Transfer,3153.96,2024-11-24,Completed
PAY-0003725,ORD-0003725,Credit Card,1562.83,2026-08-23,Completed
PAY-0002272,ORD-0002272,PayPal,--,2026-08-21,Refunded
PAY-0000726,ORD-0000726,Credit Card,1628.05,2026-08-20,Refunded
PAY-0003241,ORD-0003241,Credit Card,534.33,2026-08-25,Completed
PAY-0008469,ORD-0906971,Credit Card,3413.28,2026-07-08,Completed
PAY-0001756,ORD-0001756,Debit Card,4650.19,"September 08, 2026",Failed
PAY-0000979,ORD-0000979,Debit Card,2057.9,2026-06-20,Pending
PAY-0000275,ORD-0000275,Debit Card,429.96,23-Nov-2024,Completed
PAY-0003079,ORD-0003079,PayPal,1725.67,2025-08-06,Completed
PAY-0004538,ORD-0004538,Bank Transfer,636.6abc,2026-08-13,Completed
PAY-0000659,ORD-0000659,Credit Card,1752.38,2025-12-14,Refunded
PAY-0006683,ORD-0006683,Debit Card,1092.08,2026-07-29,Completed
PAY-0010938,ORD-0010938,Credit Card,200.37,2026-07-31,Completed
PAY-0005792,ORD-0005792,PayPal,1344.26,2026-04-15,Completed
PAY-0004890,ORD-0004890,Debit Card,483.52,2026-08-22,Refunded
PAY-0003665,ORD-0003665,Gift Card,3227.62,2026-02-03,Pending
PAY-0007799,ORD-0007799,Debit Card,1378.16,2026-08-24,Failed
PAY-0003501,ORD-0003501,PayPal,486.33,25-Mar-2026,Refunded
PAY-0008773,ORD-0008773,PayPal,113.58,2026-08-03,Completed
PAY-0002643,ORD-0002643,Bank Transfer,2715.34,2026-04-26,Completed
PAY-0009852,ORD-0009852,Credit Card,1627.19,2026-01-19,Completed
PAY-0007168,ORD-0007168,Debit Card,2769.72,2026-08-31,Completed
PAY-0009252,ORD-0009252,Credit Card,6064.55,2026-09-06,Completed
PAY-0011336,ORD-0011336,Credit Card,3366.15,2025-11-06,Completed
PAY-0000049,ORD-0000049,Bank Transfer,3595.8,2025-02-24,Pending
PAY-0009845,ORD-0009845,Credit Card,3766.49,2025-01-15,Completed
PAY-0005655,ORD-0005655,Credit Card,224.63,06/06/2026,Failed
PAY-0011026,ORD-0961507,Debit Card,3007.65,2026-05-13,Refunded
PAY-0007244,ORD-0007244,Credit Card,223.03,2025-05-21,Completed
PAY-0004148,ORD-0004148,Debit Card,245.0,2026-09-04,Completed
PAY-0001879,ORD-0001879,Debit Card,10541.11,04-Dec-2024,Refunded
PAY-0006656,ORD-0006656,PayPal,3550.6,2024-11-25,Completed
PAY-0003143,ORD-0003143,Credit Card,231.16,2024-01-19,Completed
PAY-0000211,ORD-0000211,PayPal,880.78,2026-06-20,Completed
PAY-0010476,ORD-0010476,Debit Card,1527.66,2025-11-19,Refunded
PAY-0007292,ORD-0007292,Credit Card,1157.12,2024-11-18,Completed
PAY-0004523,ORD-0004523,Credit Card,111.69,2025-06-13,Completed
PAY-0010598,ORD-0010598,PayPal,381.32,2025-07-22,Completed
PAY-0002132,ORD-0002132,Gift Card,1411.95,2026-06-24,Completed
PAY-0007003,ORD-0007003,Debit Card,920.28,2026-09-04,Refunded
PAY-0010576,ORD-0010576,Debit Card,1568.33,2026-05-08,Completed
PAY-0003544,ORD-0003544,Debit Card,18.08,2026-04-17,Completed
PAY-0003373,ORD-0003373,PayPal,1269.01,2026-02-10,Completed
PAY-0011220,ORD-0011220,PayPal,90.05,2024-07-03,Completed
PAY-0000992,ORD-0000992,Credit Card,347.07,2024-10-28,Completed
PAY-0011265,ORD-0011265,,2239.06,2026-06-24,Completed
PAY-0003680,ORD-0003680,Credit Card,1467.33,2025-01-05,Completed
PAY-0002214,ORD-0002214,Debit Card,222.8,2026-08-01,Pending
PAY-0009213,ORD-0009213,Credit Card,1695.15,2025-02-15,Completed
PAY-0001118,ORD-0001118,Credit Card,2248.44,2026-06-25,Failed
PAY-0000156,ORD-0000156,PayPal,1192.08,2026-04-08,Completed
PAY-0011350,ORD-0011350,Debit Card,482.94,2025-06-26,Completed
PAY-0010518,ORD-0010518,Gift Card,2935.82,2025-02-05,Pending
PAY-0003451,ORD-0003451,Credit Card,-1400.0,2026-02-19,Completed
PAY-0011401,ORD-0011401,Gift Card,75.55,2026-08-14,Completed
PAY-0010840,ORD-0010840,PayPal,1607.84,2025-01-16,Completed
PAY-0002157,ORD-0002157,Debit Card,1127.27,2025-07-20,Completed
PAY-0008672,ORD-0008672,Gift Card,3567.9,2026-05-27,Completed
PAY-0009166,ORD-0009166,Debit Card,1023.3,2026-05-20,Pending
PAY-0010522,ORD-0010522,Credit Card,930.68,2026-03-07,Pending
PAY-0000353,ORD-0000353,Debit Card,1502.82,2026-08-29,Completed
PAY-0007746,ORD-0007746,Credit Card,9021.04,2025-09-23,Refunded
PAY-0008733,ORD-0008733,Credit Card,2773.32,2025-12-05,Completed
PAY-0010377,ORD-0010377,Debit Card,3829.96,2025-06-08,Pending
PAY-0005967,ORD-0005967,Credit Card,279.02,2025-09-08,Completed
PAY-0009896,ORD-0009896,Credit Card,490.84,2026-05-05,Completed
PAY-0006347,ORD-0006347,Credit Card,1608.04,2024-09-30,Completed
PAY-0006860,ORD-0006860,Gift Card,409.43,2026-06-11,Pending
PAY-0009752,ORD-0009752,Debit Card,2224.8,2026-08-30,Completed
PAY-0009843,ORD-0009843,PayPal,782.72,2025-08-28,Failed
PAY-0006988,ORD-0006988,PayPal,5135.51,2026-03-05,Failed
PAY-0003463,ORD-0003463,PayPal,2266.49,2026-03-28,Pending
PAY-0000213,ORD-0000213,,300.01,2026-02-09,Completed
PAY-0005063,ORD-0005063,Gift Card,1194.7,2026-05-17,Completed
PAY-0001479,ORD-0001479,Credit Card,4079.89,2026-07-28,Completed
PAY-0007353,ORD-0007353,Gift Card,567.93,2026-05-25,Pending
PAY-0003034,ORD-0003034,Debit Card,2261.6,2026-05-21,Completed
PAY-0002676,ORD-0002676,Credit Card,3095.41,2026-05-23,Completed
PAY-0002686,ORD-0002686,Gift Card,612.8,2026-08-19,Completed
PAY-0005316,ORD-0005316,Debit Card,5207.9,2026-09-05,Completed
PAY-0011379,ORD-0011379,Gift Card,386490.6,2025-11-15,Completed
PAY-0005986,ORD-0005986,Credit Card,480.56,2025-11-18,Completed
PAY-0000120,ORD-0000120,PayPal,533.43,2025-11-11,Failed
PAY-0002869,ORD-0002869,Debit Card,676.56,2026-01-05,Completed
PAY-0008836,ORD-0008836,Debit Card,817.46,2025-12-30,Completed
PAY-0011611,ORD-0011611,PayPal,1835.82,2026-03-30,Pending
PAY-0003962,ORD-0003962,PayPal,477.44,2024-10-02,Completed
PAY-0003716,ORD-0003716,Credit Card,3419.04,2026-07-01,Completed
PAY-0000362,ORD-0000362,Credit Card,3816.77,2024-05-03,Completed
PAY-0001756,ORD-0001756,Debit Card,4650.19,"September 08, 2026",Refunded
PAY-0004236,ORD-0004236,PayPal,3816.73,2026-02-05,Completed
PAY-0002464,ORD-0002464,Debit Card,48450.38,2026-01-23,Failed
PAY-0003749,ORD-0003749,Gift Card,1834.48,2025-11-22,Completed
PAY-0005087,ORD-0005087,,3542.9,2025-07-09,Refunded
PAY-0007536,ORD-0007536,Credit Card,595.39,2024-11-25,Completed
PAY-0008731,ORD-0008731,Bank Transfer,2409.98,2026-08-26,Completed
PAY-0002289,ORD-0002289,Debit Card,$580.39,2025-07-12,Completed
PAY-0010689,ORD-0010689,Debit Card,1436.16,2026-01-19,Completed
PAY-0010060,ORD-0010060,,2040.12,2026-09-03,Failed
PAY-0008774,ORD-0008774,PayPal,254.68,2025-07-02,Pending
PAY-0007315,ORD-0007315,PayPal,1356.34,"July 17, 2026",Completed
PAY-0008202,ORD-0008202,Credit Card,unknown,2026-03-26,Completed
PAY-0002247,ORD-0002247,Credit Card,1755.16,07/10/2026,Failed
PAY-0011500,ORD-0011500,Credit Card,2025.1,2025-11-26,Completed
PAY-0010055,ORD-0010055,Credit Card,884.29,2026-07-13,Completed
PAY-0003366,ORD-0003366,Debit Card,1145.3,2026-03-14,Pending
PAY-0008590,ORD-0912452,Debit Card,2243.38,2025-04-13,Refunded
PAY-0001557,ORD-0001557,PayPal,952.51,04/24/2025,Completed
PAY-0004646,ORD-0004646,Credit Card,764.35,2026-07-31,Refunded
PAY-0008490,ORD-0008490,PayPal,738.06,2025-01-27,Completed
PAY-0003875,ORD-0003875,Debit Card,1537.96,2026-01-27,Completed
PAY-0010491,ORD-0010491,Credit Card,4890.02,2025-07-30,Refunded
PAY-0001199,ORD-0001199,Debit Card,897.01,2024-08-31,Pending
PAY-0006837,ORD-0006837,Credit Card,1625.94,2026-02-06,Refunded
PAY-0008709,ORD-0008709,Debit Card,4262.93,2026-05-07,Refunded
PAY-0011381,ORD-0011381,PayPal,2718.29,2026-02-24,Completed
PAY-0008419,ORD-0008419,Credit Card,129.13,2025-11-22,Completed
PAY-0000226,ORD-0000226,Credit Card,148.1,2026-09-03,Completed
PAY-0003851,ORD-0003851,Debit Card,563.91,2026-06-24,Pending
PAY-0001321,ORD-0001321,Credit Card,203.66,2026-08-01,Completed
PAY-0000379,ORD-0000379,PayPal,2959.32,2024-10-20,Pending
PAY-0003912,ORD-0003912,Credit Card,1477.12,2026-08-25,Completed
PAY-0006568,ORD-0006568,PayPal,-708.28,2026-09-04,Completed
PAY-0003235,ORD-0003235,Credit Card,211.09,2026-06-27,Failed
PAY-0009970,ORD-0009970,Gift Card,1990.59,2025-06-21,Completed
PAY-0004098,ORD-0004098,Credit Card,4400.74,2025-04-09,Completed
PAY-0001929,ORD-0001929,PayPal,2490.21,2026-04-19,Completed
PAY-0002239,ORD-0002239,Credit Card,-286.82,2026-09-07,Completed
PAY-0005378,ORD-0005378,Debit Card,2433.33,2025-01-11,Completed
PAY-0001733,ORD-0001733,Credit Card,1222.41,"July 19, 2026",Completed
PAY-0001103,ORD-0001103,Credit Card,684.8,2025-08-18,Completed
PAY-0005401,ORD-0005401,Debit Card,1655.88,2026-06-23,Failed
PAY-0005954,ORD-0005954,Debit Card,3334.34,2026-08-23,Failed
PAY-0003200,ORD-0003200,Debit Card,2459.2,2025-08-10,Completed
PAY-0011734,ORD-0011734,Debit Card,855.7,2025-05-06,Completed
PAY-0011690,ORD-0011690,Credit Card,5189.57,2026-02-02,Completed
PAY-0000933,ORD-0000933,Debit Card,755.61,2026-07-12,Pending
PAY-0008706,ORD-0008706,Credit Card,5363.95,2024-08-10,Refunded
PAY-0011783,ORD-0011783,Bank Transfer,1658.68,2025-03-26,Failed
PAY-0005812,ORD-0005812,Gift Card,392.2,2026-06-02,Completed
PAY-0000283,ORD-0000283,,1077.66,2025-02-02,Refunded
PAY-0010260,ORD-0010260,Bank Transfer,781.0,2026-03-05,Completed
PAY-0008858,ORD-0008858,Credit Card,1438.92,2026-08-25,Refunded
PAY-0006018,ORD-0006018,Credit Card,2441.99,2023-11-13,Failed
PAY-0001872,ORD-0001872,Credit Card,1686.23,2025-06-27,Failed
PAY-0006201,ORD-0006201,Bank Transfer,481.95,2025-10-15,Completed
PAY-0010137,ORD-0010137,Credit Card,864.97,2026-07-15,Pending
PAY-0003805,ORD-0003805,Debit Card,3948.59,"December 24, 2024",Failed
PAY-0009580,ORD-0009580,Credit Card,577.25,2026-05-02,Completed
PAY-0010660,ORD-0010660,Credit Card,3672.95,12/19/2024,Completed
PAY-0001657,ORD-0001657,PayPal,275.05,2025-10-18,Completed
PAY-0007699,ORD-0007699,Debit Card,695.82,"December 22, 2025",Completed
PAY-0004712,ORD-0004712,Debit Card,703.28,2024-10-19,Failed
PAY-0011417,ORD-0011417,Debit Card,651.34,2026-08-28,Completed
PAY-0004705,ORD-0004705,Credit Card,2598.1,2026-04-12,Completed
PAY-0007014,ORD-0007014,Bank Transfer,139.11,2026-04-26,Completed
PAY-0004935,ORD-0004935,Credit Card,144.06,2025-05-08,Completed
PAY-0000657,ORD-0000657,Credit Card,881.81,2026-06-08,Completed
PAY-0005219,ORD-0005219,Gift Card,2739.95,2024-11-15,Pending
PAY-0005883,ORD-0005883,PayPal,2641.8,2026-09-01,Completed
PAY-0009113,ORD-0009113,Bank Transfer,2548.64,2024-05-29,Failed
PAY-0010989,ORD-0010989,Gift Card,1783.6,2025-12-04,Refunded
PAY-0007583,ORD-0007583,PayPal,513.53,2026-03-20,Pending
PAY-0005232,ORD-0005232,Credit Card,2230.92,2025-03-06,Completed
PAY-0010843,ORD-0010843,Debit Card,439.5,2026-08-25,Completed
PAY-0003194,ORD-0003194,PayPal,874.9,2026-04-28,Refunded
PAY-0003896,ORD-0003896,Credit Card,1120.28,2025-10-13,Completed
PAY-0010973,ORD-0010973,Gift Card,1225.8,2026-03-28,Completed
PAY-0009349,ORD-0009349,Credit Card,3475.34,2026-04-30,Completed
PAY-0008324,ORD-0008324,,4368.2,2026-03-11,Completed
PAY-0010353,ORD-0010353,Credit Card,3152.4,2026-07-21,Pending
PAY-0004252,ORD-0004252,Credit Card,2203.43,2026-05-10,Completed
PAY-0004621,ORD-0004621,PayPal,3973.69,2026-01-14,Completed
PAY-0006036,ORD-0006036,Debit Card,550.65,2026-04-16,Completed
PAY-0009925,ORD-0009925,PayPal,424.98,2025-12-09,Failed
PAY-0003695,ORD-0003695,PayPal,N/A,2025-11-28,Completed
PAY-0006540,ORD-0006540,Credit Card,5105.83,2026-04-02,Pending
PAY-0004584,ORD-0004584,,2943.36,2025-11-27,Refunded
PAY-0002065,ORD-0002065,Credit Card,579.37,2026-06-01,Completed
PAY-0011590,ORD-0011590,PayPal,342436.83,2026-05-08,Failed
PAY-0008631,ORD-0008631,Debit Card,827.22,2025-10-11,Completed
PAY-0005492,ORD-0005492,Debit Card,871.04abc,2026-07-23,Failed
PAY-0003780,ORD-0003780,PayPal,2891.09,2025-05-17,Completed
PAY-0004741,ORD-0004741,Credit Card,1251.14,2024-12-03,Completed
PAY-0000197,ORD-0000197,Credit Card,677.38,07-Feb-2025,Completed
PAY-0009635,ORD-0009635,Bank Transfer,2673.73,2026-06-10,Completed
PAY-0003141,ORD-0003141,PayPal,4588.18,2024-12-22,Refunded
PAY-0000261,ORD-0000261,Credit Card,1310.42,2025-12-21,Failed
PAY-0008467,ORD-0008467,Debit Card,2436.08,2026-06-10,Refunded
PAY-0009836,ORD-0009836,Debit Card,3040.16,2024-03-03,Completed
PAY-0005110,ORD-0005110,Debit Card,1311.7,2025-03-03,Refunded
PAY-0001751,ORD-0001751,PayPal,5848.59,2026-05-11,Completed
PAY-0006500,ORD-0006500,Credit Card,1179.42,2026-09-02,Completed
PAY-0000073,ORD-0000073,PayPal,-240.67,2025-12-05,Failed
PAY-0002126,ORD-0002126,Credit Card,1284.16,2025-12-05,Completed
PAY-0004846,ORD-0004846,,1802.62,2026-09-08,Completed
PAY-0009376,ORD-0009376,Debit Card,4822.1,2026-08-19,Pending
PAY-0003205,ORD-0003205,Debit Card,1649.41,2026-02-20,Completed
PAY-0000235,ORD-0000235,PayPal,311.44,2026-02-11,Pending
PAY-0000813,ORD-0000813,PayPal,3089.7,2026-07-04,Completed
PAY-0008045,ORD-0008045,Gift Card,512.64,2026-07-29,Completed
PAY-0003394,ORD-0003394,Credit Card,2033.08,2026-07-18,Failed
PAY-0008611,ORD-0008611,Credit Card,885.86,2025-08-28,Completed
PAY-0003723,ORD-0003723,PayPal,4672.98,2025-05-31,Pending
PAY-0005770,ORD-0005770,Debit Card,61.58,2025-10-29,Pending
PAY-0005070,ORD-0005070,PayPal,39.86,2025-07-15,Completed
PAY-0008074,ORD-0008074,Bank Transfer,1796.6,2025-06-22,Refunded
PAY-0000291,ORD-0000291,PayPal,2707.68,2026-07-12,Refunded
PAY-0008785,ORD-0008785,PayPal,1027.2,2026-04-08,Completed
PAY-0011409,ORD-0011409,Credit Card,1602.41,2026-08-22,Refunded
PAY-0011033,ORD-0011033,Debit Card,53473.53,2026-08-26,Completed
PAY-0008476,ORD-0008476,Credit Card,890.0,2026-08-28,Failed
PAY-0004425,ORD-0922692,Debit Card,940.16,2026-07-09,Failed
PAY-0010005,ORD-0010005,,183553.67,2024-12-22,Completed
PAY-0009888,ORD-0009888,Debit Card,1600.86,2026-08-31,Completed
PAY-0000846,ORD-0000846,Credit Card,488.24,2026-08-04,Completed
PAY-0011022,ORD-0011022,Credit Card,179.46,2024-12-23,Failed
PAY-0010197,ORD-0010197,Credit Card,4194.48,2026-07-21,Refunded
PAY-0004934,ORD-0004934,,1085.73,2026-08-17,Completed
PAY-0001989,ORD-0001989,PayPal,3037.77,2025-12-25,Completed
PAY-0008878,ORD-0008878,Gift Card,765.92,2025-03-20,Completed
PAY-0005032,ORD-0005032,Debit Card,1277.02,01/06/2025,Completed
PAY-0006103,ORD-0006103,Credit Card,1927.78,2026-04-20,Failed
PAY-0000806,ORD-0000806,PayPal,1107.34,2024-09-21,Completed
PAY-0010020,ORD-0010020,Credit Card,455.78,2026-04-30,Failed
PAY-0010352,ORD-0010352,Credit Card,4254.2abc,2025-10-17,Failed
PAY-0007885,ORD-0007885,Debit Card,2600.6,2024-05-04,Completed
PAY-0011478,ORD-0011478,Debit Card,2165.93,2025-10-27,Completed
PAY-0007675,ORD-0007675,Credit Card,296.44abc,2026-06-29,Completed
PAY-0005531,ORD-0005531,Debit Card,432.11,2026-01-08,Completed
PAY-0011003,ORD-0011003,PayPal,2437.12,2024-06-28,Completed
PAY-0003326,ORD-0003326,Gift Card,744.83,2026-05-09,Completed
PAY-0004444,ORD-0004444,Credit Card,-2075.04,2025-11-10,Completed
PAY-0006803,ORD-0006803,Credit Card,2327.8,2025-05-06,Completed
PAY-0002719,ORD-0002719,Credit Card,252.64,2026-01-25,Completed
PAY-0008209,ORD-0008209,Debit Card,2284.13,2026-03-12,Completed
PAY-0008729,ORD-0008729,Gift Card,2137.9,2026-07-31,Completed
PAY-0004866,ORD-0004866,Credit Card,1121.81,2024-09-01,Completed
PAY-0003222,ORD-0003222,PayPal,5453.89,2026-02-11,Failed
PAY-0008884,ORD-0008884,Debit Card,6161.02,2025-12-07,Refunded
PAY-0005502,ORD-0005502,Debit Card,312.73,2025-06-14,Completed
PAY-0005570,ORD-0005570,Gift Card,2062.1,2026-02-26,Completed
PAY-0008368,ORD-0008368,Credit Card,381.26,2026-07-03,Completed
PAY-0008741,ORD-0008741,PayPal,762.76,2025-07-25,Completed
PAY-0009961,ORD-0909749,PayPal,1848.84,2025-06-26,Failed
PAY-0005918,ORD-0005918,Debit Card,4478.82,2026-08-30,Completed
PAY-0004978,ORD-0004978,PayPal,232.08,2025-06-11,Completed
PAY-0004046,ORD-0004046,Credit Card,1581.02,2026-08-05,Completed
PAY-0001715,ORD-0001715,Debit Card,874.22,2025-11-22,Failed
PAY-0000114,ORD-0000114,Debit Card,1600.04,2026-07-31,Failed
PAY-0000784,ORD-0000784,PayPal,2977.34,2026-04-26,Failed
PAY-0009450,ORD-0009450,PayPal,234.37,2026-05-18,Failed
PAY-0011829,ORD-0011829,,2669.68,2026-01-28,Completed
PAY-0005347,ORD-0005347,Credit Card,4167.28,2025-04-05,Completed
PAY-0008231,ORD-0008231,,930.46,2025-04-27,Completed
PAY-0003166,ORD-0003166,Debit Card,11.21,2026-04-13,Completed
PAY-0000080,ORD-0000080,,-1783.43,2026-06-02,Pending
PAY-0011658,ORD-0011658,Credit Card,1495.7,2026-01-05,Failed
PAY-0000961,ORD-0000961,PayPal,537.76,2025-12-16,Completed
PAY-0006114,ORD-0006114,,2732.45,2025-12-06,Completed
PAY-0001095,ORD-0001095,Credit Card,2690.62,10-Sep-2025,Completed
PAY-0010071,ORD-0010071,Credit Card,$47.67,2026-02-08,Completed
PAY-0007891,ORD-0007891,Credit Card,4153.48,2026-03-21,Completed
PAY-0000738,ORD-0000738,Credit Card,314.72,2026-05-17,Completed
PAY-0009683,ORD-0009683,Debit Card,14600.79,2026-04-18,Completed
PAY-0002179,ORD-0002179,Debit Card,1002.94,2026-03-29,Completed
PAY-0011537,ORD-0011537,PayPal,4547.29,2026-02-08,Completed
PAY-0006898,ORD-0006898,,2135.16,2026-02-10,Completed
PAY-0006907,ORD-0006907,PayPal,773.41,2025-01-27,Pending
PAY-0010485,ORD-0010485,Credit Card,1032.54,2026-09-03,Refunded
PAY-0000706,ORD-0000706,Credit Card,638.94,2026-08-01,Failed
PAY-0001721,ORD-0001721,Debit Card,424.82,2025-12-08,Completed
PAY-0006791,ORD-0006791,Credit Card,2905.87,2026-03-18,Completed
PAY-0009150,ORD-0009150,Bank Transfer,549.3,2026-04-21,Failed
PAY-0002440,ORD-0002440,Credit Card,3847.16,2025-11-10,Completed
PAY-0008154,ORD-0008154,Credit Card,2323.53,2025-10-18,Completed
PAY-0008868,ORD-0008868,Gift Card,3291.84,2025-07-24,Completed
PAY-0008487,ORD-0008487,Debit Card,3255.28,2026-01-29,Completed
PAY-0011841,ORD-0011841,Debit Card,328779.53,2025-05-16,Completed
PAY-0003244,ORD-0003244,Credit Card,1717.37,2026-09-05,Failed
PAY-0009353,ORD-0009353,Credit Card,1009.2,2026-05-18,Completed
PAY-0003002,ORD-0003002,PayPal,4500.17,2025-11-26,Completed
PAY-0010276,ORD-0010276,Bank Transfer,3171.87,2026-01-05,Failed
PAY-0006219,ORD-0006219,Debit Card,62108.1,2026-09-08,Completed
PAY-0000805,ORD-0000805,Credit Card,502.34,27-Jun-2026,Completed
PAY-0007181,ORD-0007181,Debit Card,1028.56,2026-06-04,Pending
PAY-0011745,ORD-0011745,Debit Card,972.77,2025-07-03,Completed
PAY-0006013,ORD-0006013,Gift Card,4059.87,2026-01-19,Completed
PAY-0000175,ORD-0000175,PayPal,90.86,2026-06-23,Completed
PAY-0005179,ORD-0005179,Credit Card,205.92,2026-06-22,Completed
PAY-0008737,ORD-0008737,Debit Card,974.74,2025-07-18,Failed
PAY-0009892,ORD-0009892,Credit Card,497.98,2026-03-08,Completed
PAY-0010727,ORD-0010727,Bank Transfer,420.71,2026-06-30,Completed
PAY-0010603,ORD-0010603,,1867.7,2024-08-04,Completed
PAY-0010455,ORD-0010455,PayPal,606.81,2026-02-10,Refunded
PAY-0005115,ORD-0005115,Debit Card,510.99,2025-03-14,Completed
PAY-0002041,ORD-0002041,PayPal,272.77,2025-03-12,Completed
PAY-0007993,ORD-0007993,Gift Card,2114.37,2026-05-10,Failed
PAY-0004944,ORD-0004944,,68408.25,2026-02-10,Pending
PAY-0003649,ORD-0003649,PayPal,1508.24,2025-05-30,Completed
PAY-0000247,ORD-0000247,Bank Transfer,2459.89,2026-08-13,Completed
PAY-0005949,ORD-0005949,Gift Card,2643.57,2026-06-11,Refunded
PAY-0010504,ORD-0010504,Debit Card,3983.88,2026-02-02,Failed
PAY-0003132,ORD-0003132,Credit Card,4323.68,2026-04-25,Completed
PAY-0005300,ORD-0005300,Gift Card,462.15,2026-07-06,Completed
PAY-0003672,ORD-0003672,PayPal,2222.01,2025-09-23,Failed
PAY-0002326,ORD-0002326,Debit Card,370.24,2026-06-25,Completed
PAY-0005082,ORD-0005082,Credit Card,3889.05abc,2024-09-19,Completed
PAY-0005506,ORD-0937274,Credit Card,3523.14,2025-09-19,Completed
PAY-0002254,ORD-0002254,Credit Card,1638.73,2024-11-30,Failed
PAY-0008689,ORD-0008689,Credit Card,$666.42,2025-11-23,Pending
PAY-0001222,ORD-0001222,Debit Card,1006.82,2026-02-19,Completed
PAY-0000993,ORD-0000993,Debit Card,915.54,2023-12-01,Completed
PAY-0010346,ORD-0010346,Bank Transfer,2827.0,2026-07-17,Refunded
PAY-0002220,ORD-0002220,Debit Card,726.86,2026-03-16,Completed
PAY-0001864,ORD-0001864,,2745.5,08/26/2026,Completed
PAY-0005210,ORD-0005210,Credit Card,288.92,2025-11-25,Failed
PAY-0004408,ORD-0004408,Gift Card,1207.04,2025-05-27,Completed
PAY-0008225,ORD-0008225,Gift Card,3197.22,2026-04-07,Completed
PAY-0004541,ORD-0004541,PayPal,432.19,2026-06-15,Completed
PAY-0000541,ORD-0000541,Debit Card,1239.04,2026-07-16,Completed
PAY-0008086,ORD-0008086,Debit Card,1631.48,2025-09-19,Refunded
PAY-0005400,ORD-0005400,Debit Card,1266.04,2024-06-24,Completed
PAY-0000705,ORD-0000705,Credit Card,236.14,2026-04-07,Completed
PAY-0004139,ORD-0004139,Bank Transfer,1321.65,"April 30, 2026",Completed
PAY-0008275,ORD-0008275,Credit Card,855.06,2026-05-15,Completed
PAY-0004320,ORD-0004320,PayPal,2241.01,2026-07-28,Completed
PAY-0005093,ORD-0005093,Credit Card,2629.48,2025-10-13,Completed
PAY-0011786,ORD-0011786,Gift Card,1851.26,2025-09-12,Completed
PAY-0002850,ORD-0002850,PayPal,3319.2,2026-08-18,Failed
PAY-0005499,ORD-0005499,PayPal,381.37,2024-11-08,Pending
PAY-0006581,ORD-0006581,,576.14,2025-12-04,Completed
PAY-0004239,ORD-0004239,Credit Card,572.55,2026-06-15,Failed
PAY-0001472,ORD-0001472,PayPal,4258.39,2025-10-20,Failed
PAY-0001995,ORD-0001995,PayPal,2865.94,2026-06-11,Completed
PAY-0006706,ORD-0006706,Gift Card,783.77,2024-10-15,Completed
PAY-0005454,ORD-0005454,PayPal,1770.37,2026-09-01,Completed
PAY-0011950,ORD-0011950,Credit Card,4711.44,2025-12-22,Completed
PAY-0002354,ORD-0002354,Debit Card,318.17,2026-08-31,Completed
PAY-0009066,ORD-0009066,,1771.19,2026-03-29,Completed
PAY-0005394,ORD-0005394,PayPal,2462.99,2026-04-06,Completed
PAY-0000038,ORD-0000038,Bank Transfer,538.1,2026-05-28,Completed
PAY-0009738,ORD-0009738,Credit Card,147389.87,2025-07-05,Failed
PAY-0001691,ORD-0001691,Credit Card,1557.7,2026-05-22,Completed
PAY-0010972,ORD-0010972,Credit Card,565.5,2026-05-25,Completed
PAY-0006091,ORD-0006091,Credit Card,763.01,2025-04-03,Completed
PAY-0011449,ORD-0011449,Credit Card,1996.46,2026-05-26,Refunded
PAY-0007458,ORD-0007458,Credit Card,2417.36,2025-05-30,Completed
PAY-0001026,ORD-0001026,Debit Card,1393.53,20-Jan-2026,Completed
PAY-0004128,ORD-0004128,Debit Card,1103.58,2026-01-16,Completed
PAY-0008477,ORD-0008477,Credit Card,1633.42,2026-09-08,Failed
PAY-0005224,ORD-0005224,Credit Card,917.98,2026-04-07,Failed
PAY-0006199,ORD-0006199,Debit Card,632.06,2026-02-25,Refunded
PAY-0009437,ORD-0009437,Debit Card,2768.7,2026-03-31,Completed
PAY-0005223,ORD-0005223,,unknown,2026-01-06,Completed
PAY-0004587,ORD-0004587,Credit Card,2337.26,2024-10-23,Failed
PAY-0010615,ORD-0010615,Credit Card,2093.4,2025-06-25,Completed
PAY-0002599,ORD-0002599,Credit Card,2360.64,2026-04-04,Failed
PAY-0010203,ORD-0010203,Gift Card,226.16,2026-05-05,Completed
PAY-0011288,ORD-0011288,Gift Card,1006.59,2026-01-05,Completed
PAY-0000013,ORD-0000013,,531.36,2026-05-26,Completed
PAY-0005144,ORD-0005144,PayPal,2738.61,2025-04-27,Completed
PAY-0010428,ORD-0010428,PayPal,1918.41,2025-07-13,Completed
PAY-0004595,ORD-0004595,PayPal,3207.92,2026-09-06,Completed
PAY-0010298,ORD-0010298,,773.66,2026-02-02,Completed
PAY-0010563,ORD-0010563,PayPal,494.54,2026-09-04,Refunded
PAY-0005639,ORD-0005639,,2414.94,2025-10-11,Completed
PAY-0003814,ORD-0003814,PayPal,656.47,2025-06-18,Completed
PAY-0007476,ORD-0007476,Gift Card,75.39,2026-03-09,Completed
PAY-0011362,ORD-0011362,Debit Card,439.1,2026-03-11,Failed
PAY-0004982,ORD-0004982,PayPal,2080.68,2025-02-27,Failed
PAY-0010397,ORD-0010397,Credit Card,4492.02,2026-02-09,Completed
PAY-0006126,ORD-0006126,Debit Card,537.26,2026-03-24,Completed
PAY-0005404,ORD-0005404,Debit Card,637.31,2025-08-13,Completed
PAY-0000161,ORD-0000161,Credit Card,94.64,2026-02-22,Completed
PAY-0004926,ORD-0004926,Gift Card,716.42,2025-05-29,Completed
PAY-0003611,ORD-0003611,Credit Card,684.76,2025-01-03,Refunded
PAY-0004824,ORD-0004824,Debit Card,462.76,2026-08-21,Completed
PAY-0010907,ORD-0010907,PayPal,860.01,2026-08-09,Pending
PAY-0006449,ORD-0006449,Debit Card,720.56,2026-06-23,Completed
PAY-0006116,ORD-0006116,Credit Card,1640.22,2026-05-22,Refunded
PAY-0001047,ORD-0924506,Debit Card,4061.78,2026-08-22,Completed
PAY-0000450,ORD-0000450,Debit Card,1356.14,2025-08-08,Completed
PAY-0001441,ORD-0001441,Debit Card,593.98,2024-02-08,Failed
PAY-0005011,ORD-0005011,PayPal,981.48,2026-05-22,Completed
PAY-0000640,ORD-0000640,Gift Card,743.37,2026-04-11,Completed
PAY-0000043,ORD-0000043,Bank Transfer,1500.15,2026-08-03,Completed
PAY-0009295,ORD-0009295,Debit Card,10049.03,2026-06-08,Completed
PAY-0005823,ORD-0005823,Credit Card,158.92,2025-06-12,Pending
PAY-0007581,ORD-0007581,PayPal,5310.39,2026-01-09,Completed
PAY-0001634,ORD-0001634,PayPal,720.13,2026-03-25,Completed
PAY-0006460,ORD-0907272,Debit Card,3852.04,2026-08-19,Completed
PAY-0003003,ORD-0003003,Debit Card,2711.09,2025-03-25,Completed
PAY-0000682,ORD-0000682,Credit Card,3227.27,2026-04-10,Completed
PAY-0000476,ORD-0000476,Credit Card,926.86,2026-07-29,Completed
PAY-0003019,ORD-0003019,Credit Card,3888.47,2026-05-14,Completed
PAY-0006896,ORD-0006896,Credit Card,1584.6,2026-07-07,Completed
PAY-0001110,ORD-0001110,Gift Card,200.56,2026-05-18,Completed
PAY-0001113,ORD-0958091,Gift Card,1442.52,2026-04-11,Pending
PAY-0005514,ORD-0005514,Debit Card,3727.4,2025-05-20,Failed
PAY-0007553,ORD-0007553,PayPal,718.95,2025-10-18,Completed
PAY-0008747,ORD-0008747,Credit Card,159418.67,2025-07-09,Failed
PAY-0001608,ORD-0994921,Debit Card,2040.87,2026-06-02,Completed
PAY-0005162,ORD-0005162,Debit Card,1400.56,2026-03-29,Failed
PAY-0006262,ORD-0006262,,1367.1,2025-12-15,Completed
PAY-0003498,ORD-0003498,Credit Card,3286.53,2025-11-03,Refunded
PAY-0000534,ORD-0000534,Debit Card,1396.14,2024-01-26,Completed
PAY-0005919,ORD-0005919,Credit Card,6346.12,2026-07-23,Completed
PAY-0004545,ORD-0004545,PayPal,1658.6,2026-05-19,Completed
PAY-0001569,ORD-0001569,Debit Card,3018.5,2026-06-16,Completed
PAY-0002957,ORD-0002957,Debit Card,23.6,2026-07-07,Failed
PAY-0009478,ORD-0009478,Gift Card,2388.76,"August 21, 2026",Completed
PAY-0011293,ORD-0011293,Credit Card,451.45,2025-09-15,Refunded
PAY-0008198,ORD-0008198,Debit Card,1957.85,2025-08-05,Completed
PAY-0005474,ORD-0005474,Debit Card,2135.43,2024-04-18,Refunded
PAY-0002488,ORD-0002488,PayPal,3604.49,2025-12-25,Pending
PAY-0005066,ORD-0005066,Debit Card,1570.9,2025-10-23,Completed
PAY-0011775,ORD-0011775,Debit Card,858.94,2026-04-13,Failed
PAY-0000001,ORD-0000001,Credit Card,389.57,2025-06-11,Completed
PAY-0005450,ORD-0005450,Credit Card,1887.02,2026-04-18,Refunded
PAY-0010908,ORD-0010908,Debit Card,5720.4,2026-09-05,Failed
PAY-0008513,ORD-0008513,PayPal,1098.5,2026-01-30,Completed
PAY-0002981,ORD-0002981,Credit Card,116.52,2026-05-14,Refunded
PAY-0000840,ORD-0000840,Credit Card,1122.57,2026-08-04,Completed
PAY-0005652,ORD-0005652,PayPal,567.71,2025-12-06,Completed
PAY-0003122,ORD-0003122,Credit Card,3043.75,2026-01-12,Refunded
PAY-0005841,ORD-0005841,Credit Card,901.59,2026-07-13,Refunded
PAY-0000113,ORD-0000113,PayPal,1682.79,2025-10-23,Completed
PAY-0009938,ORD-0009938,Credit Card,2847.22,2024-05-17,Pending
PAY-0000377,ORD-0000377,Credit Card,2652.06,2025-07-28,Completed
PAY-0003435,ORD-0003435,Credit Card,1094.59,2026-08-12,Completed
PAY-0007439,ORD-0007439,Bank Transfer,4774.91,2025-07-12,Failed
PAY-0008871,ORD-0008871,Credit Card,1284.92,2026-05-24,Completed
PAY-0003379,ORD-0003379,Credit Card,3186.16,30-May-2026,Completed
PAY-0004620,ORD-0004620,Gift Card,132715.77,2025-04-07,Completed
PAY-0002491,ORD-0002491,Credit Card,2298.89,2025-12-18,Completed
PAY-0007507,ORD-0007507,Debit Card,621.31,2025-10-31,Failed
PAY-0001252,ORD-0001252,PayPal,666.76,2025-07-02,Failed
PAY-0009878,ORD-0009878,Credit Card,3575.65,2025-12-20,Failed
PAY-0004190,ORD-0004190,Debit Card,558.72,"July 17, 2026",Refunded
PAY-0007791,ORD-0007791,Bank Transfer,1625.22,2024-05-10,Completed
PAY-0000749,ORD-0000749,Credit Card,1402.72,2026-08-05,Pending
PAY-0009497,ORD-0009497,PayPal,$1794.54,2026-06-17,Failed
PAY-0006664,ORD-0006664,Debit Card,2149.4,2026-07-08,Completed
PAY-0004085,ORD-0004085,Credit Card,578.11,2025-03-16,Pending
PAY-0003993,ORD-0003993,Debit Card,1610.35,2026-04-25,Completed
PAY-0005013,ORD-0005013,Credit Card,725.92,2026-08-14,Completed
PAY-0004432,ORD-0004432,Credit Card,117.4,2025-05-26,Completed
PAY-0002944,ORD-0002944,PayPal,4002.8,2026-04-15,Failed
PAY-0005511,ORD-0005511,Credit Card,unknown,2026-08-26,Completed
PAY-0001942,ORD-0001942,PayPal,2590.47,2025-05-12,Completed
PAY-0000387,ORD-0000387,,410.52,2026-08-12,Completed
PAY-0008692,ORD-0008692,PayPal,1302.72,2026-04-16,Completed
PAY-0000932,ORD-0000932,Debit Card,14.47,23-Dec-2025,Completed
PAY-0004618,ORD-0004618,Credit Card,1286.39,2026-03-13,Completed
PAY-0008559,ORD-0008559,Debit Card,3005.83,2025-09-28,Completed
PAY-0010356,ORD-0010356,Debit Card,871.5,2026-06-03,Completed
PAY-0007952,ORD-0007952,Credit Card,1479.32,2026-08-21,Completed
PAY-0005994,ORD-0005994,Debit Card,1419.36,25-Jun-2026,Completed
PAY-0005743,ORD-0005743,Credit Card,2839.61,2026-04-15,Completed
PAY-0002706,ORD-0002706,Debit Card,1250.51abc,2024-11-04,Refunded
PAY-0001808,ORD-0001808,Debit Card,439.89,14-Jun-2026,Completed
PAY-0006239,ORD-0006239,PayPal,355.87,2024-04-29,Completed
PAY-0004862,ORD-0004862,Debit Card,959.76,2026-08-22,Completed
PAY-0004505,ORD-0004505,Credit Card,1048.69,2026-01-25,Failed
PAY-0000118,ORD-0000118,Credit Card,6402.57,2026-02-05,Completed
PAY-0007076,ORD-0007076,Credit Card,573.05,2026-02-13,Pending
PAY-0010269,ORD-0010269,Debit Card,595.2,2025-09-16,Completed
PAY-0008205,ORD-0008205,Debit Card,3561.91,2026-04-13,Completed
PAY-0005528,ORD-0005528,Credit Card,512.02,2026-06-22,Completed
PAY-0011508,ORD-0011508,Gift Card,$227.99,2026-09-02,Completed
PAY-0010582,ORD-0010582,PayPal,108.98,2026-06-30,Completed
PAY-0005973,ORD-0005973,Debit Card,2591.16,2026-05-10,Completed
PAY-0003867,ORD-0003867,Gift Card,810.48,2026-08-16,Completed
PAY-0003573,ORD-0003573,PayPal,381.71,2025-09-13,Completed
PAY-0001748,ORD-0001748,Credit Card,-410.72,2025-10-25,Completed
PAY-0011906,ORD-0011906,Debit Card,4729.48,2026-06-29,Completed
PAY-0006283,ORD-0006283,Gift Card,3110.21,2026-03-19,Completed
PAY-0008106,ORD-0008106,Debit Card,6474.13,2026-02-04,Failed
PAY-0011934,ORD-0011934,Credit Card,1869.9,2026-03-14,Completed
PAY-0008139,ORD-0008139,Debit Card,2936.91,2024-06-17,Pending
PAY-0002544,ORD-0002544,Debit Card,46.89,2025-04-12,Completed
PAY-0008771,ORD-0008771,Credit Card,734.92,2025-11-02,Refunded
PAY-0000571,ORD-0000571,PayPal,3362.27,22-Dec-2024,Completed
PAY-0010402,ORD-0010402,Debit Card,1285.32,2026-09-05,Completed
PAY-0007388,ORD-0007388,Credit Card,4215.89,2026-08-02,Completed
PAY-0011732,ORD-0011732,Debit Card,2336.36,2026-08-13,Failed
PAY-0004938,ORD-0004938,Debit Card,2246.32,2026-09-06,Completed
PAY-0009133,ORD-0009133,Credit Card,1329.3,2026-05-25,Completed
PAY-0011169,ORD-0946377,Debit Card,2339.05,2025-12-03,Failed
PAY-0000162,ORD-0000162,Credit Card,1676.19,2025-03-17,Completed
PAY-0002663,ORD-0002663,PayPal,197.86,2026-06-24,Completed
PAY-0004137,ORD-0004137,Gift Card,659.93,2025-12-02,Pending
PAY-0008562,ORD-0008562,Credit Card,6207.9,2025-07-30,Completed
PAY-0011324,ORD-0011324,Credit Card,2567.71,2026-07-05,Completed
PAY-0001146,ORD-0001146,Debit Card,798.85,2026-01-07,Refunded
PAY-0010191,ORD-0010191,Bank Transfer,595.82,2026-06-22,Completed
PAY-0002412,ORD-0002412,Credit Card,962.05,2026-09-05,Completed
PAY-0001981,ORD-0001981,Credit Card,532.84,2025-12-12,Completed
PAY-0000858,ORD-0000858,Debit Card,3964.74,2024-07-21,Completed
PAY-0005351,ORD-0005351,Debit Card,1155.13,2026-07-27,Refunded
PAY-0001353,ORD-0001353,Credit Card,1365.93,2026-06-13,Completed
PAY-0008746,ORD-0008746,Gift Card,1907.72,2026-04-26,Refunded
PAY-0011704,ORD-0011704,PayPal,99.24,2025-08-17,Completed
PAY-0004158,ORD-0004158,Credit Card,791.88,2025-11-18,Failed
PAY-0004778,ORD-0004778,Credit Card,211.37,2025-10-20,Completed
PAY-0009462,ORD-0009462,PayPal,4801.08,"June 16, 2026",Completed
PAY-0004789,ORD-0004789,PayPal,376.11,2026-03-09,Completed
PAY-0008163,ORD-0008163,Bank Transfer,639.34,2026-07-24,Failed
PAY-0000404,ORD-0000404,Credit Card,1267.26,2026-04-28,Completed
PAY-0006888,ORD-0006888,Credit Card,3173.22,2026-07-10,Completed
PAY-0011718,ORD-0011718,Debit Card,422.26,2026-02-20,Completed
PAY-0003279,ORD-0003279,Credit Card,6490.14,2025-10-08,Completed
PAY-0002136,ORD-0002136,Gift Card,2331.56,2025-12-22,Completed
PAY-0002273,ORD-0002273,Credit Card,784.03,2026-06-22,Completed
PAY-0010131,ORD-0010131,Credit Card,884.65,2025-10-06,Completed
PAY-0011917,ORD-0011917,PayPal,672.75,2026-06-08,Failed
PAY-0003344,ORD-0003344,Credit Card,722.79,2026-09-06,Completed
PAY-0003546,ORD-0003546,,2195.28,2026-05-17,Pending
PAY-0000825,ORD-0000825,PayPal,1367.65,2025-02-03,Completed
PAY-0003510,ORD-0003510,Debit Card,630.58,2025-12-22,Refunded
PAY-0007456,ORD-0007456,Credit Card,3297.84,2024-04-30,Completed
PAY-0000874,ORD-0000874,Debit Card,3652.07,2024-06-13,Failed
PAY-0011155,ORD-0011155,Credit Card,710.06,2026-08-12,Completed
PAY-0004860,ORD-0004860,Debit Card,285.05,2024-08-20,Completed
PAY-0004943,ORD-0004943,PayPal,283.49,2024-12-15,Completed
PAY-0011962,ORD-0011962,PayPal,1143.16,2025-08-15,Pending
PAY-0007047,ORD-0007047,Credit Card,127.45,2025-08-04,Refunded
PAY-0003413,ORD-0003413,Credit Card,2606.94,2024-08-14,Refunded
PAY-0008120,ORD-0008120,Credit Card,1464.08,2026-08-04,Refunded
PAY-0005079,ORD-0005079,Credit Card,1091.03,2026-08-25,Completed
PAY-0007867,ORD-0007867,,367.11,2026-06-19,Failed
PAY-0009144,ORD-0009144,Debit Card,1211.96,2026-03-19,Completed
PAY-0006040,ORD-0006040,PayPal,303.79,2026-02-19,Failed
PAY-0008213,ORD-0008213,Gift Card,199.83,2026-01-31,Failed
PAY-0010722,ORD-0010722,PayPal,4608.8,2026-08-08,Failed
PAY-0007136,ORD-0007136,Credit Card,450.89,2026-02-27,Completed
PAY-0007703,ORD-0007703,Gift Card,2178.7,2025-02-08,Completed
PAY-0007226,ORD-0007226,Debit Card,1738.27,2026-04-14,Completed
PAY-0000905,ORD-0000905,Credit Card,-1124.24,2024-11-03,Completed
PAY-0005236,ORD-0005236,PayPal,2020.86,2026-08-24,Completed
PAY-0008584,ORD-0008584,Credit Card,2874.0,2025-05-18,Completed
PAY-0000920,ORD-0000920,Credit Card,110.41,2026-03-06,Completed
PAY-0000207,ORD-0000207,Credit Card,1151.97,2025-12-25,Completed
PAY-0007115,ORD-0007115,Credit Card,null,2025-01-15,Failed
PAY-0007451,ORD-0007451,Credit Card,418.23,2026-08-07,Completed
PAY-0010199,ORD-0010199,PayPal,978.6,2024-05-20,Failed
PAY-0006097,ORD-0006097,Debit Card,2046.03,2026-01-29,Completed
PAY-0005336,ORD-0005336,Debit Card,1695.63,2026-08-23,Completed
PAY-0003730,ORD-0003730,Credit Card,515.64,2026-07-18,Refunded
PAY-0008831,ORD-0008831,Credit Card,1922.12,2026-03-02,Completed
PAY-0003508,ORD-0003508,Debit Card,2732.72,2025-11-04,Pending
PAY-0006067,ORD-0006067,Credit Card,1100.47,2026-03-23,Failed
PAY-0001591,ORD-0001591,Debit Card,4231.43,2025-05-23,Completed
PAY-0009714,ORD-0009714,PayPal,692.62,2025-06-06,Completed
PAY-0001269,ORD-0001269,,652.62,2026-04-23,Completed
PAY-0007175,ORD-0007175,Gift Card,1801.68,2026-01-04,Refunded
PAY-0008956,ORD-0008956,Credit Card,2397.72,2026-02-12,Completed
PAY-0009969,ORD-0009969,Gift Card,3860.28,2026-08-15,Completed
PAY-0006346,ORD-0006346,Credit Card,346.43,2025-04-06,Refunded
PAY-0008402,ORD-0008402,Credit Card,4074.9,04-Dec-2025,Pending
PAY-0003686,ORD-0003686,Gift Card,849.62,01/13/2025,Completed
PAY-0001875,ORD-0001875,Credit Card,4167.67,2024-02-01,Completed
PAY-0000538,ORD-0000538,Debit Card,547.99,2026-02-13,Failed
PAY-0006462,ORD-0006462,,4757.72,2024-08-06,Completed
PAY-0004627,ORD-0004627,Credit Card,1397.46,2025-07-23,Completed
PAY-0005485,ORD-0005485,PayPal,1390.97,2026-04-14,Refunded
PAY-0010748,ORD-0010748,PayPal,1615.09,2025-08-17,Completed
PAY-0005209,ORD-0960868,Debit Card,4685.15,2026-03-18,Completed
PAY-0001957,ORD-0001957,Debit Card,3463.54,2023-10-26,Completed
PAY-0009398,ORD-0009398,Credit Card,202.89,2024-12-18,Completed
PAY-0003055,ORD-0003055,Debit Card,5151.33,2026-01-19,Completed
PAY-0010385,ORD-0010385,Credit Card,516.23,2026-04-12,Failed
PAY-0002139,ORD-0002139,Debit Card,617.77,2026-03-16,Failed
PAY-0010812,ORD-0010812,Credit Card,114.01,2026-05-01,Completed
PAY-0000797,ORD-0000797,Bank Transfer,1836.12,2025-09-02,Completed
PAY-0011007,ORD-0011007,PayPal,395.45,2026-08-31,Completed
PAY-0005625,ORD-0005625,Gift Card,1137.18,2026-05-21,Completed
PAY-0011980,ORD-0011980,Gift Card,6294.27,2026-06-12,Completed
PAY-0001043,ORD-0001043,Credit Card,581.3,2026-04-12,Failed
PAY-0009883,ORD-0009883,PayPal,697.19,2026-09-05,Refunded
PAY-0005363,ORD-0005363,Debit Card,4142.8,2026-06-07,Completed
PAY-0005768,ORD-0005768,PayPal,112.82,2024-11-22,Completed
PAY-0005439,ORD-0005439,Credit Card,3878.62,2026-08-06,Completed
PAY-0003586,ORD-0003586,Debit Card,1366.29,2024-05-23,Pending
PAY-0005361,ORD-0005361,,2202.87,2025-10-08,Completed
PAY-0004566,ORD-0004566,Debit Card,3448.8,2026-05-18,Completed
PAY-0008035,ORD-0008035,Debit Card,258.13,2025-03-28,Completed
PAY-0008278,ORD-0008278,Credit Card,485.4,2026-03-13,Completed
PAY-0006882,ORD-0006882,Gift Card,519.2,2026-06-04,Completed
PAY-0011211,ORD-0011211,Credit Card,599.05,2026-08-10,Failed
PAY-0007836,ORD-0007836,Debit Card,136.97,2024-11-18,Completed
PAY-0009867,ORD-0009867,Credit Card,78.02,2026-08-19,Refunded
PAY-0003397,ORD-0003397,Credit Card,6659.98,2026-08-12,Refunded
PAY-0010758,ORD-0010758,Bank Transfer,3024.72,2026-03-22,Completed
PAY-0002212,ORD-0002212,Debit Card,82.64,2024-11-10,Pending
PAY-0003915,ORD-0003915,Credit Card,66919.24,2026-06-28,Completed
PAY-0008357,ORD-0008357,PayPal,113.57,2025-04-16,Completed
PAY-0010110,ORD-0010110,Credit Card,5192.01,2026-01-27,Completed
PAY-0007373,ORD-0007373,Debit Card,--,2025-11-04,Pending
PAY-0003406,ORD-0003406,Credit Card,1337.11,2026-09-07,Refunded
PAY-0008022,ORD-0008022,PayPal,333.93,2025-11-20,Completed
PAY-0004906,ORD-0004906,Gift Card,577.91,2026-02-14,Completed
PAY-0002785,ORD-0002785,PayPal,1018.42,2026-06-30,Pending
PAY-0005926,ORD-0005926,,1144.38,2025-08-06,Completed
PAY-0000017,ORD-0000017,Debit Card,3156.62,2025-06-11,Completed
PAY-0005262,ORD-0005262,Debit Card,1488.0,2025-06-18,Failed
PAY-0009316,ORD-0009316,,2265.04,17-Jul-2026,Completed
PAY-0008262,ORD-0008262,PayPal,428.56,2026-05-29,Completed
PAY-0003352,ORD-0003352,Credit Card,3599.74,2026-08-23,Completed
PAY-0010863,ORD-0010863,Credit Card,1429.3,2025-07-30,Failed
PAY-0009267,ORD-0009267,PayPal,339.48,2026-08-03,Completed
PAY-0001496,ORD-0001496,Debit Card,2191.69,2025-08-18,Completed
PAY-0004851,ORD-0004851,PayPal,2420.05,2025-04-23,Completed
PAY-0010873,ORD-0010873,Debit Card,3219.12,2026-08-15,Completed
PAY-0003548,ORD-0003548,Debit Card,232.6,2025-01-06,Completed
PAY-0004106,ORD-0004106,Credit Card,2181.29,2026-08-23,Completed
PAY-0008724,ORD-0008724,PayPal,1100.65,2025-10-10,Completed
PAY-0005494,ORD-0005494,PayPal,$835.86,2025-03-15,Failed
PAY-0008351,ORD-0008351,Gift Card,798.98,2026-04-22,Completed
PAY-0004835,ORD-0004835,Debit Card,3000.38,2025-08-06,Completed
PAY-0009713,ORD-0009713,Credit Card,2236.0,2025-12-15,Failed
PAY-0005226,ORD-0005226,Credit Card,82041.88,2026-08-14,Completed
PAY-0003393,ORD-0003393,,912.35,2026-05-09,Pending
PAY-0005391,ORD-0005391,Credit Card,159.17,2026-05-23,Completed
PAY-0005540,ORD-0005540,Debit Card,835.34abc,2026-03-20,Completed
PAY-0008345,ORD-0008345,Credit Card,3434.35,2025-12-11,Completed
PAY-0009875,ORD-0009875,PayPal,801.92,2025-10-14,Pending
PAY-0005596,ORD-0005596,Debit Card,2532.31,2026-07-14,Completed
PAY-0003855,ORD-0003855,Debit Card,40.2,2026-07-29,Completed
PAY-0003306,ORD-0003306,Debit Card,1626.12,2026-03-05,Completed
PAY-0006889,ORD-0006889,Debit Card,1233.48,2025-08-06,Completed
PAY-0009626,ORD-0009626,Credit Card,2933.22,2026-07-09,Failed
PAY-0004576,ORD-0004576,Credit Card,2001.18,2025-12-05,Completed
PAY-0007274,ORD-0007274,PayPal,1867.78,2025-04-15,Pending
PAY-0011182,ORD-0011182,Debit Card,2879.36,2025-09-08,Failed
PAY-0007617,ORD-0007617,Credit Card,1709.72,"May 30, 2026",Failed
PAY-0008529,ORD-0008529,Credit Card,937.48,2025-06-17,Completed
PAY-0001623,ORD-0001623,Bank Transfer,unknown,2026-06-02,Refunded
PAY-0001053,ORD-0001053,Credit Card,4767.49,05/31/2026,Refunded
PAY-0011012,ORD-0011012,PayPal,3082.88,2026-05-10,Refunded
PAY-0011999,ORD-0011999,PayPal,3228.3,2026-05-21,Pending
PAY-0000525,ORD-0000525,PayPal,92959.5,2025-03-16,Completed
PAY-0011927,ORD-0011927,PayPal,427.85,2026-07-29,Refunded
PAY-0005805,ORD-0005805,Bank Transfer,2377.1,2025-08-01,Pending
PAY-0010572,ORD-0010572,Credit Card,710.68,2025-04-21,Completed
PAY-0003735,ORD-0003735,Credit Card,138.81,2026-03-09,Completed
PAY-0006304,ORD-0006304,Credit Card,1578.08,2026-02-23,Completed
PAY-0009017,ORD-0009017,Credit Card,2425.29,2025-11-15,Completed
PAY-0006079,ORD-0006079,Debit Card,396.66,2026-03-23,Refunded
PAY-0011748,ORD-0011748,PayPal,1997.39,2025-08-04,Pending
PAY-0006883,ORD-0006883,PayPal,1652.7,2026-07-10,Completed
PAY-0003286,ORD-0003286,Gift Card,1407.41,2025-09-30,Completed
PAY-0007108,ORD-0007108,PayPal,2544.4,2025-11-25,Completed
PAY-0008524,ORD-0008524,PayPal,1692.55,2025-12-31,Completed
PAY-0003931,ORD-0003931,Credit Card,1545.15,2026-05-09,Completed
PAY-0006278,ORD-0006278,Credit Card,1669.62,2026-03-12,Failed
PAY-0008094,ORD-0008094,Debit Card,867.12,2026-03-29,Completed
PAY-0010684,ORD-0010684,Credit Card,4840.65,2025-07-17,Completed
PAY-0010374,ORD-0010374,Credit Card,1080.68,2026-01-16,Completed
PAY-0005801,ORD-0005801,Credit Card,485.18,2026-06-01,Pending
PAY-0010004,ORD-0010004,PayPal,1943.15,2025-06-19,Failed
PAY-0003147,ORD-0003147,Gift Card,4999.25,07/09/2026,Completed
PAY-0009573,ORD-0009573,PayPal,1069.18,2026-05-27,Completed
PAY-0002194,ORD-0002194,Debit Card,798.6,2026-07-25,Completed
PAY-0011088,ORD-0011088,Debit Card,613.14,2026-08-24,Pending
PAY-0005375,ORD-0005375,Debit Card,1643.48,2026-02-04,Completed
PAY-0003869,ORD-0003869,PayPal,715.46,2026-09-01,Completed
PAY-0007950,ORD-0007950,Credit Card,716.44,2024-08-31,Failed
PAY-0011375,ORD-0011375,Credit Card,616.97,2026-01-20,Failed
PAY-0004468,ORD-0004468,Debit Card,4625.0,2026-08-03,Pending
PAY-0010241,ORD-0010241,Credit Card,172.34,2026-04-29,Completed
PAY-0007266,ORD-0007266,,3253.54,2026-08-09,Completed
PAY-0000943,ORD-0000943,Credit Card,3113.75,2026-01-17,Completed
PAY-0001167,ORD-0001167,Bank Transfer,1405.93,2026-08-22,Completed
PAY-0002346,ORD-0002346,Credit Card,504.78,2026-04-26,Failed
PAY-0004116,ORD-0004116,PayPal,2134.14,2025-09-07,Failed
PAY-0003199,ORD-0003199,Credit Card,2654.91,2026-08-04,Completed
PAY-0011715,ORD-0011715,Debit Card,1246.86,2024-05-13,Completed
PAY-0007804,ORD-0007804,Credit Card,1961.28,2025-07-13,Completed
PAY-0002340,ORD-0002340,Credit Card,2208.91,2026-05-23,Refunded
PAY-0011662,ORD-0011662,Credit Card,3341.38,2026-05-12,Completed
PAY-0003770,ORD-0003770,Debit Card,410.29,2026-08-19,Completed
PAY-0001476,ORD-0001476,Credit Card,589.0,2025-04-08,Completed
PAY-0009624,ORD-0009624,PayPal,2905.63,2026-08-25,Completed
PAY-0002839,ORD-0002839,Credit Card,824.83,2025-09-26,Completed
PAY-0004301,ORD-0004301,PayPal,1295.82,2026-09-08,Refunded
PAY-0010642,ORD-0010642,Credit Card,4837.03,2025-05-04,Failed
PAY-0000804,ORD-0000804,PayPal,1005.6,2025-07-19,Failed
PAY-0011577,ORD-0011577,PayPal,767.18,2025-10-11,Completed
PAY-0004356,ORD-0004356,Credit Card,562.68,2025-04-14,Completed
PAY-0006658,ORD-0006658,PayPal,?,2026-02-04,Failed
PAY-0011452,ORD-0011452,Bank Transfer,1094.35,2026-09-01,Completed
PAY-0008046,ORD-0008046,Credit Card,546.1,2026-08-31,Completed
PAY-0005187,ORD-0923920,PayPal,1937.52,2025-08-18,Failed
PAY-0000144,ORD-0000144,Gift Card,3007.93,2026-09-03,Completed
PAY-0006365,ORD-0006365,Debit Card,5173.74,2025-01-27,Failed
PAY-0008941,ORD-0008941,Debit Card,4846.26,2026-07-25,Failed
PAY-0009559,ORD-0009559,Credit Card,313.86,2026-01-29,Refunded
PAY-0000354,ORD-0000354,Bank Transfer,2512.68,2026-07-07,Pending
PAY-0004849,ORD-0004849,Gift Card,99.32,2026-05-19,Failed
PAY-0008224,ORD-0008224,Debit Card,1174.0,2026-02-27,Completed
PAY-0011956,ORD-0011956,Bank Transfer,1131.15,2026-08-05,Completed
PAY-0006911,ORD-0006911,Credit Card,237.5,2025-05-05,Completed
PAY-0009163,ORD-0009163,Gift Card,792.78,2025-11-05,Completed
PAY-0003802,ORD-0003802,Credit Card,2786.81,2026-06-30,Completed
PAY-0011166,ORD-0011166,Credit Card,1981.72,2025-11-27,Completed
PAY-0005168,ORD-0005168,Credit Card,808.33,2026-04-05,Completed
PAY-0008662,ORD-0008662,Debit Card,869.92,"July 23, 2026",Completed
PAY-0008798,ORD-0008798,Debit Card,576.14,2026-08-20,Failed
PAY-0002236,ORD-0002236,,3103.29,2025-09-30,Completed
PAY-0004279,ORD-0004279,Gift Card,364.12,2026-08-27,Completed
PAY-0001726,ORD-0001726,Debit Card,809.01,2026-07-29,Failed
PAY-0009292,ORD-0009292,Credit Card,5318.22,2024-09-19,Pending
PAY-0004297,ORD-0004297,Credit Card,80909.63,2026-03-19,Completed
PAY-0004113,ORD-0004113,Bank Transfer,2377.25,2026-03-17,Pending
PAY-0002145,ORD-0002145,Credit Card,1361.85,2025-10-13,Failed
PAY-0000228,ORD-0000228,,5171.96,2026-08-29,Pending
PAY-0000758,ORD-0000758,Debit Card,3978.82,2025-12-29,Completed
PAY-0008306,ORD-0008306,Credit Card,703.94,2025-07-23,Completed
PAY-0001005,ORD-0001005,PayPal,418.5,2026-05-12,Completed
PAY-0006674,ORD-0006674,Credit Card,466.24,2026-07-20,Completed
PAY-0008649,ORD-0008649,Credit Card,2603.84,2024-08-23,Completed
PAY-0004855,ORD-0004855,Credit Card,900.35,2026-01-11,Completed
PAY-0006366,ORD-0006366,Debit Card,393.36,2026-03-11,Failed
PAY-0003149,ORD-0003149,,1326.37,2025-02-27,Completed
PAY-0004666,ORD-0004666,Credit Card,650.7,2026-06-11,Completed
PAY-0008595,ORD-0008595,PayPal,327.17,2026-07-30,Pending
PAY-0002115,ORD-0002115,Credit Card,3142.79,2025-11-20,Completed
PAY-0006585,ORD-0006585,Credit Card,2307.68,2026-04-05,Completed
PAY-0006252,ORD-0006252,PayPal,576.59,2025-03-18,Refunded
PAY-0000956,ORD-0000956,PayPal,4270.79,2025-02-21,Completed
PAY-0008471,ORD-0008471,Debit Card,1629.8,2024-05-18,Completed
PAY-0011084,ORD-0011084,Credit Card,499.08,2026-02-28,Completed
PAY-0007868,ORD-0007868,Debit Card,214.9,2026-07-08,Completed
PAY-0011028,ORD-0011028,Debit Card,5887.97,2026-08-13,Completed
PAY-0008971,ORD-0008971,Credit Card,2928.93,2026-06-29,Refunded
PAY-0001564,ORD-0001564,PayPal,158.28,2026-07-09,Failed
PAY-0006593,ORD-0006593,Bank Transfer,2046.79,2026-08-03,Pending
PAY-0008208,ORD-0008208,Debit Card,2655.9,2026-06-06,Pending
PAY-0002525,ORD-0002525,Credit Card,402.55,2026-09-04,Completed
PAY-0010928,ORD-0010928,PayPal,1251.58,04/21/2026,Pending
PAY-0010330,ORD-0010330,Debit Card,1550.52,2026-07-23,Refunded
PAY-0011528,ORD-0011528,Credit Card,643.07,2025-11-19,Completed
PAY-0010427,ORD-0010427,Credit Card,5042.37,2026-07-19,Refunded
PAY-0011164,ORD-0011164,Credit Card,100.67,2026-08-16,Completed
PAY-0009427,ORD-0009427,Gift Card,220.82,2024-11-26,Completed
PAY-0008818,ORD-0008818,Debit Card,3249.84,2026-05-27,Refunded
PAY-0011860,ORD-0011860,Credit Card,1057.92,2025-11-05,Completed
PAY-0003560,ORD-0003560,Debit Card,3701.56,2025-06-15,Completed
PAY-0007438,ORD-0007438,Debit Card,4534.39,2026-05-11,Completed
PAY-0011574,ORD-0011574,PayPal,391.63,2026-04-12,Failed
PAY-0007404,ORD-0007404,Credit Card,3199.11,2026-09-02,Completed
PAY-0001549,ORD-0001549,Bank Transfer,540.07,2026-04-18,Completed
PAY-0004962,ORD-0004962,Debit Card,3262.46,2026-09-06,Refunded
PAY-0001630,ORD-0001630,Gift Card,264.86,2026-08-29,Completed
PAY-0006059,ORD-0006059,PayPal,562.12,2026-09-05,Completed
PAY-0005479,ORD-0005479,Debit Card,460.07,2025-04-06,Completed
PAY-0009157,ORD-0009157,Debit Card,1668.1,2026-08-17,Completed
PAY-0010922,ORD-0010922,Credit Card,1408.87,2026-05-17,Completed
PAY-0009928,ORD-0009928,Debit Card,1066.95,2026-05-25,Completed
PAY-0005085,ORD-0005085,Debit Card,690.7,2026-02-08,Completed
PAY-0008153,ORD-0008153,Debit Card,4236.35,2026-07-25,Completed
PAY-0010575,ORD-0010575,Credit Card,3633.68,2026-08-24,Pending
PAY-0002048,ORD-0002048,,-99.62,2026-07-19,Pending
PAY-0008460,ORD-0008460,PayPal,3307.69,2026-09-07,Completed
PAY-0011859,ORD-0011859,PayPal,679.21,2026-07-21,Completed
PAY-0008472,ORD-0008472,PayPal,614.24,2025-11-30,Completed
PAY-0010839,ORD-0010839,Credit Card,973.88,2026-05-24,Refunded
PAY-0006903,ORD-0006903,Debit Card,2575.79,2025-08-22,Completed
PAY-0005345,ORD-0005345,Credit Card,2764.63,2024-10-18,Failed
PAY-0004090,ORD-0004090,Credit Card,1013.2,28-Jun-2026,Completed
PAY-0000767,ORD-0000767,Gift Card,202.82,2026-08-26,Completed
PAY-0006863,ORD-0006863,,79.8,2025-09-10,Completed
PAY-0011908,ORD-0011908,Credit Card,2273.3,2026-05-11,Refunded
PAY-0007421,ORD-0007421,Gift Card,670.04,2026-06-10,Refunded
PAY-0005032,ORD-0005032,Debit Card,1277.02,01/06/2025,Completed
PAY-0007044,ORD-0007044,Credit Card,2355.81,2024-02-25,Completed
PAY-0010995,ORD-0010995,PayPal,288.68,2026-08-28,Pending
PAY-0010155,ORD-0010155,PayPal,688.37,2026-08-19,Completed
PAY-0002884,ORD-0002884,Credit Card,25.62,2026-08-13,Completed
PAY-0010002,ORD-0010002,Credit Card,3349.39,2026-08-10,Completed
PAY-0007498,ORD-0007498,Debit Card,3576.9,2024-12-25,Completed
PAY-0007649,ORD-0007649,Debit Card,1813.89,2026-02-12,Failed
PAY-0005201,ORD-0005201,Credit Card,1012.08,2026-09-05,Completed
PAY-0002378,ORD-0002378,PayPal,3163.5,2026-04-24,Pending
PAY-0001302,ORD-0001302,PayPal,1303.91,2025-03-31,Failed
PAY-0007631,ORD-0007631,Debit Card,1982.68,2026-04-07,Completed
PAY-0009342,ORD-0009342,PayPal,54.52,2025-08-09,Completed
PAY-0010697,ORD-0010697,Credit Card,5280.28,2026-06-23,Failed
PAY-0003445,ORD-0003445,Credit Card,751.04,2026-06-30,Completed
PAY-0006696,ORD-0006696,PayPal,2539.39,04/01/2024,Completed
PAY-0002862,ORD-0002862,PayPal,1428.14,2026-03-25,Completed
PAY-0005464,ORD-0005464,Gift Card,4933.22,2025-07-04,Completed
PAY-0011223,ORD-0011223,Debit Card,2800.65,2024-12-06,Failed
PAY-0002513,ORD-0002513,Credit Card,942.87,2026-05-15,Completed
PAY-0001216,ORD-0001216,Credit Card,1599.53,2026-08-17,Completed
PAY-0004891,ORD-0004891,PayPal,27338.54,2026-08-23,Failed
PAY-0002040,ORD-0002040,Gift Card,937.36abc,08-May-2026,Completed
PAY-0006324,ORD-0006324,PayPal,819.91,2026-07-08,Failed
PAY-0001258,ORD-0001258,Debit Card,1354.66,2025-10-13,Failed
PAY-0006470,ORD-0006470,Credit Card,299.18,2026-05-11,Completed
PAY-0006167,ORD-0006167,PayPal,1096.09,2025-01-21,Failed
PAY-0007807,ORD-0007807,Credit Card,1463.78,08-Jan-2026,Pending
PAY-0009102,ORD-0009102,Gift Card,2079.62,2026-07-21,Failed
PAY-0007723,ORD-0007723,Credit Card,1989.96,2026-05-18,Completed
PAY-0011855,ORD-0011855,Bank Transfer,1239.57,2025-06-19,Completed
PAY-0004189,ORD-0004189,Credit Card,1063.34,2025-09-12,Refunded
PAY-0001997,ORD-0001997,PayPal,426.96,2026-07-18,Completed
PAY-0004331,ORD-0004331,Debit Card,1889.36,2024-05-04,Completed
PAY-0002407,ORD-0002407,Gift Card,2543.44,2025-11-17,Completed
PAY-0008118,ORD-0008118,Debit Card,1431.8,2026-06-26,Failed
PAY-0008521,ORD-0008521,PayPal,223.16,19-Jan-2025,Pending
PAY-0005192,ORD-0005192,Credit Card,2804.6,2024-11-24,Completed
PAY-0009511,ORD-0009511,Gift Card,190.54,2025-10-28,Failed
PAY-0000320,ORD-0000320,Credit Card,1149.99,2025-12-07,Completed
PAY-0003039,ORD-0003039,Gift Card,310.05,2026-04-01,Refunded
PAY-0002624,ORD-0002624,,96.85,2024-06-19,Completed
PAY-0004632,ORD-0004632,Credit Card,110.71,2025-02-26,Completed
PAY-0009712,ORD-0009712,Credit Card,1967.9,2026-01-15,Completed
PAY-0007297,ORD-0007297,Debit Card,525.4,2026-07-31,Refunded
PAY-0002583,ORD-0002583,Credit Card,-93.89,2026-08-31,Completed
PAY-0009642,ORD-0009642,Credit Card,1607.66,2026-06-04,Failed
PAY-0000523,ORD-0000523,PayPal,4860.51,2026-07-19,Refunded
PAY-0008869,ORD-0008869,PayPal,4540.86,2025-06-07,Completed
PAY-0006066,ORD-0006066,Credit Card,4431.43,2025-03-17,Completed
PAY-0002526,ORD-0002526,Credit Card,438.73,2026-04-14,Refunded
PAY-0007898,ORD-0007898,Debit Card,134.28,2024-12-21,Completed
PAY-0002196,ORD-0002196,Credit Card,3004.75,2026-02-03,Refunded
PAY-0010866,ORD-0988108,PayPal,1051.97,2026-01-23,Completed
PAY-0002926,ORD-0002926,Credit Card,4066.11,2024-10-06,Completed
PAY-0009673,ORD-0009673,PayPal,5045.93,2024-06-23,Completed
PAY-0011615,ORD-0011615,Credit Card,821.04,2026-08-12,Failed
PAY-0011320,ORD-0011320,Debit Card,1655.43,2026-01-25,Completed
PAY-0002649,ORD-0002649,Credit Card,1983.9,2025-10-05,Completed
PAY-0009328,ORD-0009328,Credit Card,1527.42,2026-03-08,Completed
PAY-0011224,ORD-0011224,Debit Card,1146.65,2025-08-30,Completed
PAY-0005788,ORD-0005788,Credit Card,4631.43,2026-07-30,Completed
PAY-0009940,ORD-0009940,Credit Card,1163.1,2024-09-04,Completed
PAY-0000048,ORD-0000048,Gift Card,37.44,2026-06-03,Failed
PAY-0010669,ORD-0010669,PayPal,5572.37,2026-06-20,Completed
PAY-0002346,ORD-0002346,Credit Card,504.78,2026-04-26,Pending
PAY-0003449,ORD-0003449,Credit Card,1665.14,2025-01-07,Completed
PAY-0011664,ORD-0011664,Debit Card,1772.12,2026-09-07,Completed
PAY-0006145,ORD-0006145,Credit Card,1165.08,2026-04-16,Completed
PAY-0010505,ORD-0010505,Debit Card,2217.52,2026-04-03,Failed
PAY-0007680,ORD-0007680,Credit Card,436.59,2025-12-27,Completed
PAY-0005821,ORD-0005821,Debit Card,3678.9,2025-09-30,Completed
PAY-0008640,ORD-0008640,PayPal,2771.65,2024-04-05,Completed
PAY-0000848,ORD-0000848,PayPal,1509.57,2025-10-11,Completed
PAY-0001927,ORD-0001927,Bank Transfer,848.26,2026-06-30,Completed
PAY-0007707,ORD-0007707,Credit Card,1753.05,2026-03-20,Completed
PAY-0011458,ORD-0011458,Debit Card,1745.34,2026-05-29,Completed
PAY-0005220,ORD-0005220,Debit Card,3792.5,2025-02-17,Completed
PAY-0007915,ORD-0007915,Bank Transfer,436.94,2026-07-18,Completed
PAY-0002493,ORD-0002493,,1922.45,2026-06-22,Refunded
PAY-0000703,ORD-0000703,PayPal,1727.17,2025-12-01,Failed
PAY-0003713,ORD-0003713,Gift Card,2174.86,2026-07-22,Pending
PAY-0007646,ORD-0007646,Gift Card,492.76,2026-07-21,Pending
PAY-0010349,ORD-0010349,PayPal,2540.2,2026-09-07,Pending
PAY-0004879,ORD-0004879,Credit Card,2379.0,2024-05-04,Completed
PAY-0008734,ORD-0008734,PayPal,303.05,2026-08-13,Completed
PAY-0010868,ORD-0010868,PayPal,1059.35,2026-03-03,Refunded
PAY-0002915,ORD-0002915,,616.65,2026-09-03,Completed
PAY-0001352,ORD-0001352,PayPal,625.4,2026-07-26,Completed
PAY-0005566,ORD-0005566,,46.23,2026-09-08,Refunded
PAY-0001307,ORD-0993909,Credit Card,196.17,2024-10-26,Pending
PAY-0009910,ORD-0009910,,52.92,2026-05-17,Completed
PAY-0009966,ORD-0009966,Debit Card,3388.4,2026-06-12,Completed
PAY-0005871,ORD-0005871,Bank Transfer,4469.81,2025-06-05,Completed
PAY-0004132,ORD-0004132,PayPal,3401.73,2025-11-29,Completed
PAY-0011441,ORD-0011441,Credit Card,1084.45,2026-08-02,Refunded
PAY-0007683,ORD-0007683,Debit Card,112.05,2026-04-30,Completed
PAY-0002293,ORD-0002293,Gift Card,573.68,2025-11-30,Completed
PAY-0005608,ORD-0005608,PayPal,1259.98,2025-09-24,Completed
PAY-0007829,ORD-0007829,Credit Card,848.29,2025-09-08,Completed
PAY-0000618,ORD-0000618,,230.88,26-Apr-2026,Failed
PAY-0004060,ORD-0004060,Gift Card,106.57,2026-02-15,Completed
PAY-0011159,ORD-0011159,Credit Card,6292.9,13-Sep-2025,Failed
PAY-0010956,ORD-0010956,Credit Card,4466.12,2026-06-20,Pending
PAY-0001262,ORD-0001262,,63165.25,2026-02-27,Pending
PAY-0009853,ORD-0009853,Credit Card,1192.56,2026-08-08,Pending
PAY-0001960,ORD-0001960,Gift Card,85.69,2026-04-25,Pending
PAY-0009366,ORD-0009366,Debit Card,927.99,2025-02-27,Completed
PAY-0010527,ORD-0010527,Debit Card,1582.35,2026-04-25,Failed
PAY-0009445,ORD-0009445,Debit Card,3599.02,2026-04-18,Completed
PAY-0006619,ORD-0006619,Credit Card,3313.24,2026-08-25,Pending
PAY-0004726,ORD-0004726,PayPal,3017.64,2026-06-10,Refunded
PAY-0011846,ORD-0011846,Debit Card,1532.23,2026-07-11,Pending
PAY-0002286,ORD-0002286,Gift Card,3089.06,2026-08-22,Failed
PAY-0006520,ORD-0006520,PayPal,3769.35,2026-03-23,Completed
PAY-0007969,ORD-0007969,PayPal,1095.74,2026-06-19,Completed
PAY-0011390,ORD-0011390,PayPal,674.78,2025-11-07,Failed
PAY-0008423,ORD-0008423,Credit Card,N/A,2025-01-21,Completed
PAY-0005759,ORD-0005759,Debit Card,1364.06,2026-02-19,Completed
PAY-0002349,ORD-0002349,Debit Card,3654.15,2026-03-04,Completed
PAY-0002928,ORD-0002928,Credit Card,1092.6,2025-04-09,Completed
PAY-0000820,ORD-0000820,Debit Card,272.17,2026-06-18,Failed
PAY-0007759,ORD-0007759,Credit Card,745.64,2026-04-12,Failed
PAY-0009522,ORD-0009522,Gift Card,1162.59,2026-01-08,Pending
PAY-0010947,ORD-0010947,Gift Card,3373.18abc,2025-07-06,Failed
PAY-0009816,ORD-0009816,Credit Card,1393.04,2025-11-26,Completed
PAY-0005422,ORD-0005422,Gift Card,873.29,2025-12-11,Failed
PAY-0005582,ORD-0005582,Gift Card,180.75,2025-10-12,Completed
PAY-0010245,ORD-0010245,Credit Card,11.35,2024-12-20,Completed
PAY-0006269,ORD-0006269,Gift Card,5532.73,2026-02-03,Completed
PAY-0002375,ORD-0002375,Debit Card,361.92,2025-03-31,Completed
PAY-0008781,ORD-0008781,Debit Card,398.96,2025-10-14,Completed
PAY-0000521,ORD-0000521,Credit Card,1056.39,2026-03-30,Completed
PAY-0007550,ORD-0007550,Credit Card,$155.07,2026-09-08,Completed
PAY-0007208,ORD-0007208,Credit Card,1217.5,2026-05-15,Refunded
PAY-0006286,ORD-0006286,Credit Card,1275.2,2025-07-15,Completed
PAY-0002912,ORD-0002912,Credit Card,1907.04,2026-04-03,Refunded
PAY-0011359,ORD-0011359,Credit Card,1651.7,2026-07-31,Pending
PAY-0011037,ORD-0011037,PayPal,1139.5,"July 14, 2026",Failed
PAY-0003162,ORD-0003162,Credit Card,2287.64,2026-03-07,Completed
PAY-0002735,ORD-0002735,Credit Card,2457.53,2025-08-22,Completed
PAY-0006314,ORD-0006314,Credit Card,1394.83,2026-01-08,Pending
PAY-0010628,ORD-0010628,Debit Card,2311.9,2026-03-05,Completed
PAY-0004761,ORD-0004761,PayPal,2381.1,2026-08-03,Pending
PAY-0008668,ORD-0008668,PayPal,935.71,2025-12-13,Pending
PAY-0004931,ORD-0004931,Credit Card,4733.2,2026-01-10,Completed
PAY-0011716,ORD-0011716,Credit Card,3872.7,2026-03-25,Pending
PAY-0001305,ORD-0001305,Debit Card,456.4,2026-05-25,Completed
PAY-0000635,ORD-0000635,,1350.94,2025-07-20,Completed
PAY-0005996,ORD-0005996,Debit Card,2960.48,2026-09-06,Completed
PAY-0001156,ORD-0001156,Credit Card,3130.44,2026-03-05,Completed
PAY-0008751,ORD-0008751,PayPal,3681.96,2026-09-06,Pending
PAY-0009544,ORD-0009544,Credit Card,368.32,2026-06-14,Failed
PAY-0011295,ORD-0011295,Debit Card,3757.46,2026-05-06,Completed
PAY-0008095,ORD-0008095,Debit Card,1774.04,2026-08-30,Completed
PAY-0004880,ORD-0004880,PayPal,4897.91,2026-04-25,Refunded
PAY-0004416,ORD-0004416,Debit Card,28.16,2025-11-22,Completed
PAY-0005188,ORD-0005188,Credit Card,238.83,2026-02-16,Completed
PAY-0005015,ORD-0005015,PayPal,34.01,2024-07-15,Completed
PAY-0005307,ORD-0005307,Debit Card,882.25,2025-06-19,Failed
PAY-0009777,ORD-0009777,Debit Card,1130.58,2026-04-16,Completed
PAY-0007552,ORD-0007552,PayPal,1074.13,2026-07-20,Completed
PAY-0007285,ORD-0007285,Credit Card,1601.82,2025-07-15,Refunded
PAY-0003997,ORD-0003997,,1259.59,2026-08-15,Completed
PAY-0004514,ORD-0004514,Credit Card,-2057.01,2025-06-17,Completed
PAY-0000459,ORD-0000459,PayPal,2080.5,07-Apr-2026,Completed
PAY-0007045,ORD-0007045,Credit Card,254819.06,2026-07-01,Failed
PAY-0001220,ORD-0001220,Debit Card,2394.6,2024-02-21,Completed
PAY-0007700,ORD-0007700,Credit Card,$2517.19,2026-08-05,Completed
PAY-0009803,ORD-0009803,Gift Card,2048.41,2026-06-17,Completed
PAY-0007348,ORD-0007348,PayPal,2084.66,2026-03-15,Completed
PAY-0006006,ORD-0006006,Credit Card,1748.55,2025-09-17,Completed
PAY-0010354,ORD-0010354,Credit Card,1866.8,2026-06-05,Completed
PAY-0008673,ORD-0008673,,123.9,2025-10-04,Pending
PAY-0011919,ORD-0011919,Credit Card,83.56,2025-12-29,Failed
PAY-0010372,ORD-0010372,,450.74,2026-06-12,Completed
PAY-0001491,ORD-0001491,PayPal,88296.81,2026-04-13,Completed
PAY-0011387,ORD-0011387,Gift Card,2324.51abc,2025-11-06,Completed
PAY-0009330,ORD-0009330,Credit Card,86.25,2026-02-05,Pending
PAY-0000014,ORD-0000014,Credit Card,1620.87,2025-10-01,Failed
PAY-0002171,ORD-0002171,PayPal,954.78,2026-03-11,Completed
PAY-0001834,ORD-0001834,Credit Card,1876.78,2025-09-11,Completed
PAY-0007697,ORD-0007697,PayPal,2155.04,2026-07-10,Completed
PAY-0001747,ORD-0001747,Credit Card,801.12,2025-12-07,Completed
PAY-0007871,ORD-0007871,Gift Card,2699.53,2025-07-05,Failed
PAY-0010041,ORD-0010041,Bank Transfer,4119.45,2026-04-30,Completed
PAY-0005969,ORD-0005969,Credit Card,3330.2,04/10/2026,Refunded
PAY-0002391,ORD-0002391,Debit Card,1680.33,2026-02-27,Completed
PAY-0001620,ORD-0001620,Credit Card,81.51,2026-06-18,Pending
PAY-0009993,ORD-0009993,Credit Card,2896.74,2026-01-17,Completed
PAY-0003440,ORD-0003440,,945.32,2026-09-05,Completed
PAY-0000431,ORD-0000431,PayPal,2955.6,2025-09-16,Failed
PAY-0006548,ORD-0006548,PayPal,812.93,2026-06-24,Pending
PAY-0010281,ORD-0010281,PayPal,1728.99,2025-06-25,Completed
PAY-0008299,ORD-0008299,Debit Card,3753.84,2025-06-13,Pending
PAY-0002654,ORD-0002654,Credit Card,4432.3,2025-06-20,Completed
PAY-0006606,ORD-0006606,Debit Card,546.42,2026-03-10,Failed
PAY-0001527,ORD-0001527,,1173.07,2025-01-16,Failed
PAY-0011794,ORD-0011794,Credit Card,6799.85,2025-09-26,Completed
PAY-0006281,ORD-0006281,PayPal,722.4,2026-07-08,Failed
PAY-0004218,ORD-0004218,PayPal,2473.9,2025-11-26,Completed
PAY-0003332,ORD-0003332,Credit Card,4470.69,2025-10-11,Completed
PAY-0006398,ORD-0006398,Gift Card,1981.24,2026-05-03,Failed
PAY-0003180,ORD-0003180,Debit Card,1067.46,2025-10-19,Completed
PAY-0002631,ORD-0002631,PayPal,1995.96,2026-08-12,Completed
PAY-0006512,ORD-0006512,PayPal,1329.35,2026-07-04,Completed
PAY-0004515,ORD-0004515,Bank Transfer,2791.62,2026-08-14,Completed
PAY-0010299,ORD-0010299,Debit Card,2366.48,2026-08-25,Completed
PAY-0008695,ORD-0008695,Debit Card,2574.84,2026-08-04,Completed
PAY-0003252,ORD-0003252,Debit Card,199.49,2025-01-20,Completed
PAY-0010233,ORD-0010233,PayPal,1383.67,2025-02-26,Completed
PAY-0011892,ORD-0011892,Credit Card,597.15,2024-10-31,Completed
PAY-0000363,ORD-0955899,PayPal,503.34,2025-05-02,Failed
PAY-0002065,ORD-0002065,Credit Card,579.37,2026-06-01,Failed
PAY-0001939,ORD-0001939,Credit Card,1218.38,2026-04-03,Completed
PAY-0002019,ORD-0002019,Credit Card,1544.22,2026-07-03,Completed
PAY-0002891,ORD-0002891,Debit Card,999.55,2025-12-01,Refunded
PAY-0007960,ORD-0007960,Credit Card,574.63,2026-07-25,Completed
PAY-0008115,ORD-0008115,Credit Card,821.0,2026-06-13,Refunded
PAY-0009315,ORD-0009315,Bank Transfer,1471.85,"April 18, 2026",Completed
PAY-0001355,ORD-0001355,Credit Card,3482.37,2026-09-04,Completed
PAY-0004875,ORD-0004875,Gift Card,3331.9,2025-03-02,Completed
PAY-0010744,ORD-0010744,Credit Card,324.76,2026-06-03,Completed
PAY-0005517,ORD-0005517,Credit Card,2441.58,2024-08-13,Completed
PAY-0011928,ORD-0011928,Debit Card,1529.21,2026-05-15,Completed
PAY-0006112,ORD-0006112,PayPal,180.38,2024-11-03,Completed
PAY-0001349,ORD-0001349,,1281.64,2026-05-26,Completed
PAY-0006884,ORD-0006884,Credit Card,415.04abc,2024-10-11,Completed
PAY-0009766,ORD-0009766,PayPal,554.32,2025-06-23,Completed
PAY-0001595,ORD-0001595,PayPal,432.06,2026-06-26,Completed
PAY-0002478,ORD-0002478,Credit Card,1875.21,2026-08-13,Completed
PAY-0000078,ORD-0000078,PayPal,265.16,2025-04-03,Completed
PAY-0002261,ORD-0002261,Credit Card,3026.69,2025-07-12,Completed
PAY-0001071,ORD-0001071,Credit Card,1278.3,15-Aug-2026,Refunded
PAY-0007544,ORD-0007544,Debit Card,1147.99,16-Jul-2026,Pending
PAY-0008959,ORD-0008959,Gift Card,399.54,2026-07-15,Refunded
PAY-0004792,ORD-0004792,Debit Card,1032.46,2026-03-19,Completed
PAY-0006210,ORD-0006210,Debit Card,77.77,2026-02-26,Failed
PAY-0001314,ORD-0001314,Credit Card,17.75,2024-11-14,Refunded
PAY-0002533,ORD-0002533,Gift Card,3003.62,2026-07-10,Completed
PAY-0006232,ORD-0006232,Credit Card,11.59,2026-01-31,Completed
PAY-0003952,ORD-0003952,PayPal,2542.82,2025-07-01,Completed
PAY-0006284,ORD-0006284,Credit Card,650.14,2026-01-16,Completed
PAY-0009452,ORD-0009452,Debit Card,604.74,2026-07-03,Failed
PAY-0004456,ORD-0004456,PayPal,$6135.08,2026-03-14,Completed
PAY-0006782,ORD-0006782,Debit Card,2881.51,2024-09-27,Completed
PAY-0010508,ORD-0995272,,4830.17,2025-07-16,Completed
PAY-0010822,ORD-0010822,Bank Transfer,$3016.97,2026-07-08,Completed
PAY-0001976,ORD-0001976,Debit Card,649.03,2024-09-27,Completed
PAY-0006821,ORD-0006821,Gift Card,1255.64,2026-01-21,Completed
PAY-0007095,ORD-0007095,Debit Card,429.44,2025-03-19,Completed
PAY-0005763,ORD-0005763,Credit Card,2906.98,2026-02-17,Completed
PAY-0009578,ORD-0009578,Debit Card,2478.64,2026-07-24,Failed
PAY-0005133,ORD-0005133,Gift Card,1593.17,2026-08-06,Failed
PAY-0011078,ORD-0011078,Credit Card,675.6,2024-11-13,Completed
PAY-0011920,ORD-0011920,Debit Card,866.84,2025-12-27,Pending
PAY-0011941,ORD-0011941,Debit Card,596.56,2026-07-19,Completed
PAY-0000110,ORD-0000110,PayPal,216.8,2026-02-27,Completed
PAY-0007281,ORD-0007281,Bank Transfer,5821.56,2026-06-30,Completed
PAY-0002559,ORD-0002559,Debit Card,898.12,2026-01-11,Failed
PAY-0011845,ORD-0011845,Gift Card,963.04,2026-08-06,Completed
PAY-0002006,ORD-0002006,PayPal,704.12,2026-03-17,Failed
PAY-0005231,ORD-0005231,Gift Card,395.76,2024-06-28,Completed
PAY-0000495,ORD-0000495,PayPal,1923.24,2025-12-28,Failed
PAY-0010919,ORD-0010919,PayPal,1156.68,2026-02-12,Completed
PAY-0006921,ORD-0006921,Debit Card,2251.32,2026-07-24,Failed
PAY-0008112,ORD-0008112,PayPal,1422.54,2026-08-04,Completed
PAY-0000859,ORD-0000859,Debit Card,2071.41,2026-08-22,Completed
PAY-0001671,ORD-0001671,PayPal,2542.6,2026-02-26,Completed
PAY-0006789,ORD-0006789,Gift Card,1393.25,2026-09-04,Pending
PAY-0007645,ORD-0007645,Credit Card,1467.78,2024-03-23,Completed
PAY-0004061,ORD-0004061,Debit Card,1706.53,2026-03-21,Failed
PAY-0010474,ORD-0010474,Credit Card,2344.86,2026-06-20,Completed
PAY-0000148,ORD-0000148,Credit Card,1156.07,2026-05-29,Pending
PAY-0011524,ORD-0011524,Credit Card,3428.2,2026-07-17,Completed
PAY-0004536,ORD-0004536,Gift Card,327.39,2024-06-04,Completed
PAY-0004305,ORD-0004305,PayPal,17.26,2026-07-27,Pending
PAY-0004973,ORD-0004973,Credit Card,1919.0,2026-08-02,Failed
PAY-0005609,ORD-0005609,Credit Card,1026.52,2026-05-17,Failed
PAY-0005827,ORD-0005827,Gift Card,430.26,2026-07-11,Failed
PAY-0011376,ORD-0011376,PayPal,2541.64,2025-04-19,Refunded
PAY-0002764,ORD-0002764,Debit Card,428.41,2025-06-19,Completed
PAY-0002781,ORD-0002781,PayPal,n/a,2024-08-05,Completed
PAY-0002746,ORD-0002746,Debit Card,2108.23,2026-08-25,Pending
PAY-0009725,ORD-0009725,Gift Card,1881.84,2026-06-03,Completed
PAY-0005344,ORD-0005344,Debit Card,4183.46,2026-05-07,Completed
PAY-0002903,ORD-0002903,Debit Card,678.01,2026-01-15,Completed
PAY-0006386,ORD-0006386,Debit Card,6526.52,2026-01-27,Refunded
PAY-0001732,ORD-0001732,Debit Card,3061.08,2026-04-28,Completed
PAY-0007937,ORD-0007937,Credit Card,4429.57,2026-06-19,Completed
PAY-0001150,ORD-0001150,Debit Card,2952.0,2026-01-01,Completed
PAY-0004162,ORD-0004162,Credit Card,292.64,2026-08-11,Completed
PAY-0001002,ORD-0001002,Debit Card,713.12,2025-01-17,Completed
PAY-0003687,ORD-0003687,Credit Card,1942.66,2026-09-04,Completed
PAY-0000086,ORD-0000086,Credit Card,650.68,2026-04-06,Completed
PAY-0002730,ORD-0002730,,549.94,2026-08-22,Refunded
PAY-0010643,ORD-0010643,Gift Card,2475.83,2026-08-15,Completed
PAY-0011554,ORD-0011554,Credit Card,1091.61,2026-08-09,Completed
PAY-0002469,ORD-0002469,Credit Card,2087.11,"April 09, 2025",Completed
PAY-0005278,ORD-0005278,Debit Card,3564.3,2025-09-30,Completed
PAY-0004241,ORD-0004241,PayPal,2492.28,2026-09-02,Failed
PAY-0011954,ORD-0011954,PayPal,144.99,2025-03-13,Completed
PAY-0008004,ORD-0008004,Credit Card,97.94,2026-06-28,Refunded
PAY-0002788,ORD-0002788,Credit Card,350.78,2026-06-28,Completed
PAY-0003589,ORD-0003589,Debit Card,1824.84,2025-10-05,Completed
PAY-0009914,ORD-0009914,Debit Card,1836.36,2026-07-03,Completed
PAY-0000955,ORD-0000955,Credit Card,3014.12,2025-09-19,Completed
PAY-0007114,ORD-0007114,Credit Card,804.57,2024-09-23,Completed
PAY-0001700,ORD-0001700,Credit Card,3891.65,2026-09-05,Completed
PAY-0009533,ORD-0009533,Gift Card,2137.78,2025-12-04,Failed
PAY-0011444,ORD-0011444,Credit Card,114.36,2024-07-09,Pending
PAY-0003233,ORD-0003233,Credit Card,1763.18,2025-12-12,Refunded
PAY-0007992,ORD-0007992,Credit Card,2361.8,2026-07-17,Completed
PAY-0011420,ORD-0011420,Credit Card,1451.96,2024-08-10,Failed
PAY-0011588,ORD-0011588,PayPal,2380.12,2026-09-03,Completed
PAY-0003427,ORD-0003427,Debit Card,2263.29,2026-01-22,Completed
PAY-0011974,ORD-0011974,Credit Card,138.48abc,2026-09-06,Completed
PAY-0005754,ORD-0005754,Credit Card,1668.85,2026-01-09,Pending
PAY-0009103,ORD-0009103,Debit Card,500.36,2025-11-13,Failed
PAY-0009323,ORD-0009323,Gift Card,402.76,2026-02-15,Failed
PAY-0011633,ORD-0011633,Debit Card,2774.7,2026-07-30,Completed
PAY-0003646,ORD-0003646,Debit Card,2117.14,08/19/2025,Completed
PAY-0004764,ORD-0976578,Credit Card,2367.68abc,2026-07-24,Refunded
PAY-0001866,ORD-0001866,PayPal,532.97,2026-01-07,Failed
PAY-0005142,ORD-0005142,Credit Card,$1551.55,2025-12-02,Failed
PAY-0004657,ORD-0004657,Debit Card,2711.88,2026-08-19,Refunded
PAY-0007273,ORD-0966360,Debit Card,913.54,2025-03-16,Failed
PAY-0010403,ORD-0010403,Debit Card,1020.43,2024-02-05,Refunded
PAY-0010038,ORD-0010038,Debit Card,2963.39,2024-12-27,Failed
PAY-0000700,ORD-0000700,Debit Card,398.7,2026-09-04,Failed
PAY-0003793,ORD-0003793,Debit Card,3784.34,2026-01-20,Completed
PAY-0002600,ORD-0002600,Gift Card,3466.7,2025-12-01,Completed
PAY-0011234,ORD-0011234,Debit Card,N/A,2026-04-08,Failed
PAY-0011029,ORD-0011029,PayPal,269.42,2025-12-26,Completed
PAY-0005160,ORD-0005160,Credit Card,2012.44,2026-06-12,Completed
PAY-0005546,ORD-0005546,Credit Card,705.6,2025-06-21,Completed
PAY-0005832,ORD-0005832,,2770.16,2026-04-25,Refunded
PAY-0010701,ORD-0957125,Credit Card,4446.39,2026-07-26,Failed
PAY-0006618,ORD-0006618,Debit Card,unknown,2024-05-30,Completed
PAY-0010070,ORD-0010070,PayPal,2890.76,2025-06-16,Refunded
PAY-0004459,ORD-0004459,PayPal,919.47,2025-04-08,Completed
PAY-0008574,ORD-0008574,PayPal,6902.51,2025-05-04,Pending
PAY-0005993,ORD-0985085,Debit Card,461.97,2024-10-18,Refunded
PAY-0004255,ORD-0004255,PayPal,2696.84,2025-01-21,Refunded
PAY-0004361,ORD-0004361,PayPal,4054.14,2026-05-01,Completed
PAY-0000745,ORD-0000745,,51.88,2025-09-26,Pending
PAY-0007535,ORD-0007535,Credit Card,2242.99,2024-12-07,Completed
PAY-0002036,ORD-0002036,PayPal,3372.69,2026-05-29,Failed
PAY-0000050,ORD-0000050,Debit Card,1174.56,2025-12-21,Completed
PAY-0004101,ORD-0004101,Debit Card,456.75,2025-08-09,Completed
PAY-0003450,ORD-0003450,Debit Card,2452.32,06-Jun-2026,Refunded
PAY-0000071,ORD-0000071,Debit Card,6108.43,2024-12-05,Completed
PAY-0006691,ORD-0006691,Credit Card,827.34,2026-06-15,Pending
PAY-0008743,ORD-0008743,PayPal,253.51,2026-06-30,Completed
PAY-0002276,ORD-0002276,PayPal,809.93,2026-03-19,Pending
PAY-0004013,ORD-0004013,Credit Card,806.42,2024-10-05,Completed
PAY-0007725,ORD-0007725,Debit Card,2240.0,2026-07-28,Failed
PAY-0006650,ORD-0006650,Credit Card,836.6,2026-07-23,Refunded
PAY-0008693,ORD-0008693,Credit Card,472.02,2025-03-17,Failed
PAY-0000107,ORD-0000107,Bank Transfer,2084.09,2026-05-16,Completed
PAY-0009253,ORD-0009253,Credit Card,1300.11,2026-03-14,Completed
PAY-0010666,ORD-0010666,Debit Card,1633.3,2026-01-18,Completed
PAY-0010705,ORD-0010705,Bank Transfer,1500.64,2026-03-13,Completed
PAY-0004591,ORD-0004591,PayPal,1785.38,2024-05-17,Completed
PAY-0008619,ORD-0008619,Credit Card,3982.3,2024-08-25,Completed
PAY-0007650,ORD-0007650,Credit Card,2142.18,2026-08-04,Completed
PAY-0008501,ORD-0008501,Debit Card,1267.26,2026-02-25,Pending
PAY-0004520,ORD-0004520,Credit Card,546.05,2026-09-06,Completed
PAY-0010019,ORD-0010019,PayPal,583.04,2026-06-25,Completed
PAY-0001141,ORD-0001141,Debit Card,1485.44,2025-11-06,Completed
PAY-0001233,ORD-0001233,Credit Card,5971.62,2026-07-04,Pending
PAY-0011273,ORD-0011273,PayPal,722.71,2025-04-23,Completed
PAY-0003808,ORD-0003808,PayPal,2346.17,2026-05-13,Completed
PAY-0005155,ORD-0005155,Credit Card,154.52,2026-08-01,Pending
PAY-0005495,ORD-0005495,Credit Card,1064.0,2026-07-09,Completed
PAY-0011262,ORD-0011262,Credit Card,25.44,2026-08-28,Completed
PAY-0004579,ORD-0004579,Credit Card,947.04,2026-06-22,Completed
PAY-0003127,ORD-0003127,Credit Card,4924.33,2024-06-13,Completed
PAY-0006307,ORD-0006307,Credit Card,1520.16,2024-09-16,Completed
PAY-0003060,ORD-0003060,Gift Card,1535.64,2026-04-22,Completed
PAY-0006778,ORD-0006778,Bank Transfer,775.15,2026-05-12,Completed
PAY-0008601,ORD-0008601,PayPal,197.46,2026-05-21,Completed
PAY-0000860,ORD-0000860,Debit Card,1474.4,2026-05-28,Completed
PAY-0005819,ORD-0005819,Debit Card,4175.85,2025-09-26,Completed
PAY-0009061,ORD-0009061,Gift Card,1180.17,2026-08-28,Failed
PAY-0008880,ORD-0008880,Credit Card,367.13,2025-09-28,Pending
PAY-0002400,ORD-0002400,Debit Card,1062.35,2026-02-15,Completed
PAY-0004324,ORD-0004324,Debit Card,2583.55,2024-11-17,Failed
PAY-0005040,ORD-0005040,Bank Transfer,?,2026-01-12,Failed
PAY-0006342,ORD-0006342,Credit Card,2046.75,2026-09-05,Refunded
PAY-0004613,ORD-0004613,PayPal,1958.55,2026-08-31,Completed
PAY-0005871,ORD-0005871,Bank Transfer,4469.81,2025-06-05,Refunded
PAY-0004081,ORD-0004081,PayPal,437.84,2025-11-15,Failed
PAY-0004784,ORD-0004784,Gift Card,514.58,2025-03-29,Pending
PAY-0001996,ORD-0001996,Gift Card,1692.89,2025-01-06,Completed
PAY-0001851,ORD-0001851,Gift Card,5319.72,2026-05-28,Failed
PAY-0010145,ORD-0010145,Gift Card,2223.68,2026-06-08,Failed
PAY-0003468,ORD-0003468,Bank Transfer,2787.6,2025-04-26,Completed
PAY-0005748,ORD-0005748,Credit Card,542.65,2026-02-21,Completed
PAY-0009763,ORD-0009763,Debit Card,4228.28,2025-06-07,Completed
PAY-0001286,ORD-0001286,Credit Card,2826.04,2026-09-01,Refunded
PAY-0008804,ORD-0008804,Credit Card,158713.44,2025-08-14,Completed
PAY-0005323,ORD-0005323,Credit Card,280.17,2026-02-24,Completed
PAY-0007412,ORD-0007412,Debit Card,562.51,2026-06-12,Pending
PAY-0006556,ORD-0006556,Credit Card,40.99,2026-07-27,Completed
PAY-0010591,ORD-0010591,Credit Card,778.95,11/01/2024,Refunded
PAY-0005122,ORD-0005122,Credit Card,2051.85,2026-05-28,Completed
PAY-0000942,ORD-0000942,Bank Transfer,2742.11,2026-06-26,Completed
PAY-0005023,ORD-0005023,PayPal,359.06,2025-11-23,Completed
PAY-0006443,ORD-0006443,Credit Card,602.97,10-Jul-2026,Failed
PAY-0009243,ORD-0009243,Debit Card,1378.53,2026-05-17,Pending
PAY-0010939,ORD-0010939,PayPal,3297.21,2024-11-28,Completed
PAY-0007064,ORD-0007064,Debit Card,1663.4,2026-07-19,Completed
PAY-0006268,ORD-0006268,Credit Card,1169.63,2024-07-19,Completed
PAY-0009290,ORD-0009290,PayPal,4978.42,2025-02-21,Completed
PAY-0007869,ORD-0007869,Gift Card,159.09,2026-02-21,Completed
PAY-0004889,ORD-0004889,Credit Card,1568.07,"April 28, 2026",Completed
PAY-0003399,ORD-0003399,Gift Card,1540.92,2025-09-11,Failed
PAY-0002312,ORD-0002312,,1251.1,2024-11-25,Completed
PAY-0011662,ORD-0011662,Credit Card,3341.38,2026-05-12,Completed
PAY-0011408,ORD-0011408,Credit Card,2967.46,2025-10-16,Completed
PAY-0003558,ORD-0003558,Credit Card,945.8,2026-06-07,Completed
PAY-0005614,ORD-0005614,Credit Card,924.36,2025-08-28,Completed
PAY-0008366,ORD-0008366,Gift Card,1355.78,2026-07-27,Completed
PAY-0007384,ORD-0007384,Debit Card,3244.08,2026-07-24,Refunded
PAY-0007028,ORD-0007028,Credit Card,1987.62,2026-07-27,Completed
PAY-0007335,ORD-0007335,PayPal,1140.78,2026-02-16,Completed
PAY-0007511,ORD-0007511,Credit Card,1965.23,2026-05-06,Pending
PAY-0007257,ORD-0007257,Gift Card,2101.07,2024-12-28,Completed
PAY-0000676,ORD-0000676,Credit Card,607.52,2026-04-13,Refunded
PAY-0000790,ORD-0000790,Credit Card,111.53,2024-12-09,Completed
PAY-0009885,ORD-0009885,Credit Card,5911.35,2024-07-04,Completed
PAY-0000572,ORD-0000572,PayPal,1197.74,2025-01-27,Completed
PAY-0004278,ORD-0004278,PayPal,2257.18,2026-08-20,Pending
PAY-0002411,ORD-0002411,Credit Card,698.71,2025-09-08,Failed
PAY-0004031,ORD-0004031,Credit Card,1828.09,2025-04-06,Failed
PAY-0011533,ORD-0011533,Gift Card,3425.03,2026-06-15,Completed
PAY-0001952,ORD-0001952,PayPal,1232.32,2026-09-01,Failed
PAY-0000347,ORD-0000347,Credit Card,113.53,2025-09-08,Completed
PAY-0000339,ORD-0000339,Credit Card,1915.91,2024-07-26,Completed
PAY-0006818,ORD-0006818,Debit Card,3146.76,2025-11-17,Completed
PAY-0004154,ORD-0004154,Debit Card,2106.4,04/18/2025,Completed
PAY-0008974,ORD-0008974,Gift Card,1778.97,2026-02-10,Completed
PAY-0011114,ORD-0011114,Debit Card,284.04,2026-08-24,Completed
PAY-0011601,ORD-0011601,Credit Card,2613.4,2024-07-24,Completed
PAY-0004624,ORD-0004624,Credit Card,697.74,2024-08-30,Failed
PAY-0009225,ORD-0009225,Debit Card,997.87,2024-08-23,Completed
PAY-0006032,ORD-0006032,PayPal,1812.51,2026-08-30,Completed
PAY-0008191,ORD-0008191,PayPal,1318.88,2026-03-12,Completed
PAY-0004228,ORD-0004228,Credit Card,338.19,2026-06-02,Completed
PAY-0007710,ORD-0007710,Debit Card,2255.15,2026-09-01,Completed
PAY-0002987,ORD-0002987,Debit Card,426.96,2025-08-10,Refunded
PAY-0011725,ORD-0011725,Bank Transfer,952.22,2026-06-11,Pending
PAY-0008970,ORD-0008970,,519.1,2025-10-09,Completed
PAY-0009696,ORD-0009696,PayPal,2162.0,2026-06-16,Completed
PAY-0001673,ORD-0001673,PayPal,3176.3,2026-02-24,Pending
PAY-0008092,ORD-0008092,PayPal,6923.62,2026-01-21,Pending
PAY-0008949,ORD-0008949,Credit Card,848.64,2026-06-23,Completed
PAY-0002010,ORD-0002010,Credit Card,2114.76,2026-04-20,Completed
PAY-0000445,ORD-0000445,Credit Card,81.99,2026-05-11,Failed
PAY-0001316,ORD-0001316,Credit Card,3513.95,2026-05-08,Completed
PAY-0008188,ORD-0008188,PayPal,2547.03,2026-07-19,Completed
PAY-0003593,ORD-0003593,Debit Card,2267.95,2026-08-30,Refunded
PAY-0002359,ORD-0002359,Debit Card,1482.94,2026-04-12,Completed
PAY-0003251,ORD-0003251,Credit Card,1324.2,2026-02-10,Completed
PAY-0009122,ORD-0009122,Gift Card,262.81,2026-05-06,Completed
PAY-0011663,ORD-0011663,,141.15,2025-11-27,Completed
PAY-0004645,ORD-0004645,Debit Card,923.54,2025-11-18,Completed
PAY-0010825,ORD-0010825,Credit Card,457.81,"January 05, 2026",Refunded
PAY-0004345,ORD-0004345,Debit Card,1569.97,2025-11-08,Completed
PAY-0001442,ORD-0001442,Gift Card,897.2,2026-06-25,Failed
PAY-0011069,ORD-0011069,Debit Card,7073.66,2024-07-20,Failed
PAY-0011985,ORD-0011985,PayPal,43975.64,2025-05-25,Refunded
PAY-0001571,ORD-0001571,Gift Card,839.2,2026-04-14,Failed
PAY-0003863,ORD-0003863,Credit Card,295500.34,2023-12-31,Completed
PAY-0001598,ORD-0001598,Credit Card,3763.76,2026-07-08,Failed
PAY-0000290,ORD-0000290,Debit Card,1906.5,2025-03-28,Completed
PAY-0006830,ORD-0006830,Credit Card,2915.0,2024-12-21,Failed
PAY-0002112,ORD-0002112,PayPal,288.68,2026-03-03,Refunded
PAY-0000554,ORD-0000554,Debit Card,520.53,2025-12-11,Completed
PAY-0005139,ORD-0005139,Debit Card,7310.22,2025-06-03,Completed
PAY-0011141,ORD-0011141,Credit Card,547.99,2026-04-20,Completed
PAY-0008008,ORD-0008008,Debit Card,1363.29,"August 09, 2026",Completed
PAY-0002420,ORD-0002420,Credit Card,1178.78,2025-10-02,Completed
PAY-0005182,ORD-0005182,Credit Card,1433.4,2025-10-15,Failed
PAY-0010130,ORD-0010130,Credit Card,1059.45,2026-06-17,Failed
PAY-0007368,ORD-0007368,Gift Card,2154.21,2026-07-15,Completed
PAY-0005622,ORD-0005622,Credit Card,5104.16,2024-11-09,Completed
PAY-0000581,ORD-0000581,PayPal,551.24,2025-02-07,Completed
PAY-0005141,ORD-0005141,Debit Card,1649.76,2026-04-09,Completed
PAY-0004713,ORD-0004713,Credit Card,2338.1,2026-03-19,Completed
PAY-0004911,ORD-0004911,Bank Transfer,2974.78,2025-04-26,Completed
PAY-0009254,ORD-0009254,Credit Card,2980.9,2026-01-02,Completed
PAY-0005041,ORD-0005041,Credit Card,1973.5,2025-08-13,Pending
PAY-0004222,ORD-0004222,Debit Card,479.44,2026-04-23,Failed
PAY-0004109,ORD-0004109,,5233.42,2026-05-13,Completed
PAY-0005597,ORD-0005597,Gift Card,631.68,2026-08-04,Completed
PAY-0000480,ORD-0000480,PayPal,383.27,2024-02-20,Completed
PAY-0000405,ORD-0000405,Credit Card,2541.58,2025-09-04,Completed
PAY-0008061,ORD-0008061,PayPal,1568.29,2026-08-20,Failed
PAY-0001794,ORD-0978505,Credit Card,740.31,2026-07-15,Completed
PAY-0008189,ORD-0008189,Credit Card,1855.47,2026-08-11,Completed
PAY-0001928,ORD-0001928,Credit Card,517.2,2024-06-21,Completed
PAY-0000052,ORD-0000052,Gift Card,2549.9,2026-07-30,Pending
PAY-0008653,ORD-0008653,Credit Card,3740.96,2025-11-20,Completed
PAY-0003120,ORD-0003120,Credit Card,$1417.2,2025-09-07,Completed
PAY-0007239,ORD-0007239,PayPal,1212.75,2026-02-16,Completed
PAY-0005117,ORD-0005117,PayPal,2094.0,2026-04-08,Completed
PAY-0011110,ORD-0011110,PayPal,1380.29,2024-02-08,Refunded
PAY-0000350,ORD-0000350,PayPal,2359.27,2026-01-24,Completed
PAY-0009967,ORD-0009967,Credit Card,276.05,2026-08-16,Completed
PAY-0008417,ORD-0008417,Debit Card,1303.95,2026-06-20,Completed
PAY-0006833,ORD-0006833,Gift Card,1636.85,2026-02-16,Completed
PAY-0007360,ORD-0007360,PayPal,1191.95,2025-11-03,Completed
PAY-0011139,ORD-0011139,Debit Card,25.27,2026-03-16,Completed
PAY-0005315,ORD-0005315,Debit Card,573.05,2025-12-01,Refunded
PAY-0001242,ORD-0001242,Credit Card,2282.31,2026-08-18,Refunded
PAY-0003877,ORD-0003877,PayPal,1397.15,2025-12-25,Completed
PAY-0009907,ORD-0009907,Credit Card,1047.64,2026-08-27,Completed
PAY-0003656,ORD-0003656,,737.62,02/05/2026,Refunded
PAY-0004293,ORD-0004293,Debit Card,521.09,2025-05-18,Pending
PAY-0010978,ORD-0010978,Credit Card,1359.64,2025-07-29,Pending
PAY-0010696,ORD-0010696,Credit Card,1830.45,2026-08-18,Completed
PAY-0004419,ORD-0004419,Credit Card,672.58,2026-08-25,Refunded
PAY-0000272,ORD-0000272,PayPal,3533.5,2026-03-09,Completed
PAY-0002641,ORD-0002641,Debit Card,1747.88abc,2025-04-14,Completed
PAY-0007750,ORD-0007750,Gift Card,121408.49,2025-08-24,Completed
PAY-0009274,ORD-0009274,Credit Card,953.4,2025-07-25,Completed
PAY-0007864,ORD-0007864,Credit Card,460.18,2026-02-15,Refunded
PAY-0010952,ORD-0010952,PayPal,750.94,2026-05-05,Completed
PAY-0002210,ORD-0002210,Credit Card,1084.8,2026-08-27,Completed
PAY-0002416,ORD-0002416,Credit Card,2661.66,2025-04-04,Completed
PAY-0009024,ORD-0009024,Debit Card,514.43,2026-03-29,Completed
PAY-0001139,ORD-0001139,,1341.34,2026-09-05,Completed
PAY-0009127,ORD-0009127,Gift Card,579.68,2026-06-30,Completed
PAY-0001517,ORD-0001517,Debit Card,383.99,2026-05-16,Pending
PAY-0003991,ORD-0003991,PayPal,1940.55,2026-04-10,Completed
PAY-0006102,ORD-0006102,Credit Card,425.4,2026-02-24,Completed
PAY-0003542,ORD-0003542,PayPal,-405.85,2026-09-08,Completed
PAY-0011405,ORD-0011405,Credit Card,805.9,09-Jan-2026,Failed
PAY-0009246,ORD-0009246,Gift Card,3777.96,2025-06-01,Refunded
PAY-0001954,ORD-0001954,Credit Card,1090.08,2026-08-19,Pending
PAY-0003645,ORD-0003645,PayPal,93.25,2026-09-04,Completed
PAY-0008452,ORD-0008452,PayPal,655.26,2025-06-24,Completed
PAY-0000130,ORD-0000130,Bank Transfer,1152.33,2025-03-30,Pending
PAY-0001869,ORD-0001869,Credit Card,552.84,2024-08-13,Completed
PAY-0009190,ORD-0009190,Credit Card,1171.32,2024-01-19,Completed
PAY-0009822,ORD-0009822,Debit Card,205.02,2025-06-25,Completed
PAY-0002238,ORD-0002238,Credit Card,1491.32,2025-07-20,Failed
PAY-0002072,ORD-0002072,PayPal,1176.67,2024-08-26,Completed
PAY-0001339,ORD-0001339,,1366.84,2026-06-07,Completed
PAY-0010021,ORD-0010021,,4901.63,2026-06-16,Completed
PAY-0010783,ORD-0010783,,225.6,2024-08-01,Pending
PAY-0000668,ORD-0000668,PayPal,3096.1,2026-03-24,Completed
PAY-0010165,ORD-0010165,Credit Card,133.85,2025-11-27,Failed
PAY-0011185,ORD-0011185,Debit Card,2359.59,2024-11-30,Completed
PAY-0006285,ORD-0006285,PayPal,733.44,2026-06-27,Completed
PAY-0007720,ORD-0007720,Debit Card,663.7,2026-07-10,Completed
PAY-0004642,ORD-0004642,Credit Card,7087.58,2025-11-20,Failed
PAY-0009360,ORD-0009360,Debit Card,1720.93,2024-03-20,Completed
PAY-0005198,ORD-0005198,Credit Card,1761.88,2026-05-06,Completed
PAY-0009362,ORD-0009362,Debit Card,157.67,2026-03-20,Completed
PAY-0009324,ORD-0009324,Credit Card,223.82,2024-12-13,Pending
PAY-0001670,ORD-0001670,Gift Card,1880.33,2026-07-11,Completed
PAY-0004677,ORD-0004677,Debit Card,837.92,2026-09-01,Completed
PAY-0002361,ORD-0002361,,375.24,2026-07-31,Completed
PAY-0011926,ORD-0011926,Credit Card,421.9,2026-04-12,Completed
PAY-0005453,ORD-0005453,Credit Card,45419.35,04/14/2024,Completed
PAY-0001978,ORD-0001978,Credit Card,588.28,2026-01-25,Completed
PAY-0009919,ORD-0009919,Credit Card,669.43,2025-08-19,Refunded
PAY-0009300,ORD-0009300,Debit Card,1596.86,2026-07-15,Pending
PAY-0011722,ORD-0011722,PayPal,805.44,2026-08-04,Completed
PAY-0000134,ORD-0000134,Credit Card,$4865.68,2025-06-18,Refunded
PAY-0001394,ORD-0001394,Credit Card,1510.31,2026-03-13,Completed
PAY-0010266,ORD-0010266,Gift Card,27730.65,2025-05-07,Completed
PAY-0001578,ORD-0001578,Debit Card,415.38,2026-08-28,Completed
PAY-0007984,ORD-0007984,Debit Card,6060.86,2025-11-19,Completed
PAY-0000258,ORD-0000258,Credit Card,56.09,2026-07-20,Completed
PAY-0000656,ORD-0993076,Credit Card,608.46,2025-12-15,Refunded
PAY-0003497,ORD-0003497,Debit Card,215.97,2026-08-22,Completed
PAY-0011268,ORD-0011268,PayPal,53.82,2025-08-11,Completed
PAY-0008555,ORD-0008555,Credit Card,5689.49,2026-08-22,Failed
PAY-0005121,ORD-0005121,Debit Card,50635.46,2026-06-23,Completed
PAY-0010141,ORD-0967818,Debit Card,316.07,2025-04-06,Completed
PAY-0011926,ORD-0011926,Credit Card,421.9,2026-04-12,Failed
PAY-0004257,ORD-0004257,Credit Card,6523.03,2026-07-23,Completed
PAY-0009089,ORD-0009089,PayPal,4284.77,2026-07-02,Completed
PAY-0001136,ORD-0001136,Credit Card,1388.91,2026-08-24,Completed
PAY-0001925,ORD-0001925,Credit Card,$684.11,2026-07-30,Completed
PAY-0007524,ORD-0007524,PayPal,280.69,2025-11-11,Completed
PAY-0010556,ORD-0010556,Debit Card,1835.72,2026-08-29,Completed
PAY-0005348,ORD-0005348,Bank Transfer,927.45,2026-02-28,Completed
PAY-0002350,ORD-0002350,PayPal,1875.53,2025-08-08,Completed
PAY-0010859,ORD-0954877,Credit Card,1196.59,2025-06-20,Refunded
PAY-0008932,ORD-0008932,Credit Card,2633.7,2026-07-19,Completed
PAY-0007772,ORD-0007772,Debit Card,1858.1,2026-01-13,Completed
PAY-0004001,ORD-0004001,Gift Card,3431.06,2026-08-24,Completed
PAY-0003754,ORD-0003754,PayPal,2027.51,2026-06-23,Completed
PAY-0006370,ORD-0006370,Credit Card,903.96,2026-08-19,Completed
PAY-0003913,ORD-0003913,Credit Card,5699.74,2025-06-11,Failed
PAY-0002012,ORD-0002012,Credit Card,334.28,2026-05-24,Completed
PAY-0004480,ORD-0004480,Gift Card,1019.04,2025-05-06,Refunded
PAY-0008170,ORD-0008170,PayPal,1597.62,2026-03-12,Completed
PAY-0001577,ORD-0001577,Credit Card,1967.82,2025-12-13,Completed
PAY-0006699,ORD-0006699,Debit Card,1404.65,2025-12-08,Failed
PAY-0010193,ORD-0010193,Credit Card,1959.93,2026-08-25,Completed
PAY-0004396,ORD-0004396,Bank Transfer,1231.79,2025-11-17,Refunded
PAY-0005746,ORD-0005746,Credit Card,975.51,2025-08-01,Completed
PAY-0008380,ORD-0008380,PayPal,1356.38,2025-01-13,Pending
PAY-0001347,ORD-0001347,PayPal,27.9,2026-08-08,Completed
PAY-0006162,ORD-0006162,Debit Card,3940.46,2026-01-01,Refunded
PAY-0001856,ORD-0001856,Bank Transfer,915.55,2026-05-03,Completed
PAY-0004027,ORD-0004027,Credit Card,682.91,2026-07-13,Completed
PAY-0007506,ORD-0007506,Debit Card,463.34,2025-05-11,Pending
PAY-0009151,ORD-0009151,Credit Card,77.42,2024-11-04,Failed
PAY-0000122,ORD-0000122,Credit Card,1003.29,2026-04-16,Completed
PAY-0002577,ORD-0002577,PayPal,2914.46,2026-08-11,Completed
PAY-0004243,ORD-0004243,PayPal,3330.95,2026-05-24,Completed
PAY-0005964,ORD-0005964,Gift Card,null,2024-12-08,Completed
PAY-0002594,ORD-0002594,Bank Transfer,2184.17,2025-10-21,Completed
PAY-0011290,ORD-0011290,PayPal,2542.34,2026-04-03,Refunded
PAY-0006437,ORD-0006437,Debit Card,5098.3,2025-01-14,Completed
PAY-0001750,ORD-0001750,,4840.05,2024-03-21,Completed
PAY-0003314,ORD-0003314,Credit Card,3166.07,2024-04-07,Failed
PAY-0008755,ORD-0008755,Debit Card,2954.29,2024-04-15,Completed
PAY-0002114,ORD-0002114,Credit Card,1917.16,2025-09-22,Pending
PAY-0004225,ORD-0004225,Debit Card,711.99,2024-03-22,Completed
PAY-0007673,ORD-0007673,Credit Card,1151.2,2024-09-06,Pending
PAY-0007782,ORD-0007782,PayPal,108.8,2026-06-16,Completed
PAY-0005658,ORD-0005658,PayPal,1670.23,2025-12-19,Completed
PAY-0004561,ORD-0004561,Debit Card,79.32,2025-06-28,Failed
PAY-0008721,ORD-0008721,Debit Card,1656.57,2025-09-29,Completed
PAY-0006777,ORD-0006777,PayPal,612.02,2025-07-11,Refunded
PAY-0000641,ORD-0000641,Credit Card,259.16,2025-09-13,Refunded
PAY-0003136,ORD-0003136,Credit Card,717.77,2026-05-14,Refunded
PAY-0011031,ORD-0011031,Debit Card,203.89,2026-09-08,Completed
PAY-0006589,ORD-0006589,PayPal,2764.21,2025-12-17,Completed
PAY-0004942,ORD-0004942,PayPal,3952.63,2026-08-28,Completed
PAY-0003858,ORD-0003858,Credit Card,617.23,2026-06-29,Completed
PAY-0003053,ORD-0003053,Gift Card,1190.95,2026-08-22,Failed
PAY-0009230,ORD-0009230,Credit Card,2776.05,2026-06-05,Failed
PAY-0008515,ORD-0008515,Gift Card,2842.96,2025-12-07,Failed
PAY-0011823,ORD-0011823,PayPal,125.88,2025-04-10,Completed
PAY-0008578,ORD-0008578,Debit Card,1181.31,2025-12-27,Completed
PAY-0005492,ORD-0005492,Debit Card,871.04abc,2026-07-23,Completed
PAY-0007850,ORD-0007850,Credit Card,1165.64,2026-03-30,Refunded
PAY-0009261,ORD-0009261,Gift Card,1080.05,2025-04-14,Completed
PAY-0005302,ORD-0005302,Gift Card,866.23,2025-05-30,Completed
PAY-0011450,ORD-0011450,PayPal,--,2026-01-31,Completed
PAY-0009917,ORD-0009917,Gift Card,2639.89,2024-07-06,Completed
PAY-0002828,ORD-0002828,Debit Card,N/A,2025-08-16,Completed
PAY-0003409,ORD-0003409,Gift Card,1821.85,2024-11-01,Failed
PAY-0006266,ORD-0006266,PayPal,1588.3,2026-04-18,Refunded
PAY-0002715,ORD-0002715,Credit Card,199.57,2024-11-25,Refunded
PAY-0007934,ORD-0007934,Credit Card,1185.97,2026-07-02,Failed
PAY-0011326,ORD-0011326,PayPal,1017.42,2026-05-04,Completed
PAY-0008525,ORD-0008525,Bank Transfer,2171.62,2024-12-22,Completed
PAY-0006734,ORD-0006734,Credit Card,1846.93,2026-08-10,Completed
PAY-0006222,ORD-0006222,Credit Card,7064.98,2026-07-15,Pending
PAY-0009491,ORD-0009491,Debit Card,78.68,2025-07-29,Failed
PAY-0009547,ORD-0009547,Credit Card,1348.99,2025-09-07,Completed
PAY-0003585,ORD-0003585,Credit Card,2155.03,2026-02-28,Completed
PAY-0010793,ORD-0010793,Credit Card,100.02,2026-02-28,Completed
PAY-0001940,ORD-0001940,Debit Card,1293.22,2026-07-22,Completed
PAY-0006132,ORD-0006132,Debit Card,1493.66,2025-11-07,Completed
PAY-0010499,ORD-0010499,PayPal,155.26,2026-04-10,Completed
PAY-0006382,ORD-0006382,,-752.86,2025-06-27,Refunded
PAY-0007372,ORD-0007372,Credit Card,951.76,2026-07-18,Refunded
PAY-0010860,ORD-0010860,Gift Card,2906.78,2026-08-02,Completed
PAY-0010597,ORD-0010597,Debit Card,8100.8,09-Nov-2025,Completed
PAY-0005291,ORD-0005291,PayPal,497.25,2024-07-18,Failed
PAY-0000388,ORD-0000388,Credit Card,1822.21,2024-01-21,Completed
PAY-0003867,ORD-0003867,Gift Card,810.48,2026-08-16,Failed
PAY-0005937,ORD-0005937,Bank Transfer,2499.19,2026-07-29,Completed
PAY-0005796,ORD-0005796,Credit Card,?,2026-01-19,Completed
PAY-0004238,ORD-0004238,Credit Card,1717.47,2026-06-16,Completed
PAY-0006180,ORD-0006180,Debit Card,2658.83,2026-03-26,Completed
PAY-0010013,ORD-0010013,Debit Card,4789.89,"July 13, 2026",Completed
PAY-0006594,ORD-0006594,Debit Card,5147.08abc,2026-09-05,Pending
PAY-0005340,ORD-0005340,PayPal,394.6,2025-05-22,Refunded
PAY-0011330,ORD-0011330,PayPal,843.02,2026-01-19,Failed
PAY-0005745,ORD-0005745,Credit Card,674.84,2026-05-14,Completed
PAY-0011582,ORD-0011582,Credit Card,403.78,2026-08-15,Completed
PAY-0008347,ORD-0008347,Gift Card,1282.3,2026-06-13,Completed
PAY-0011968,ORD-0011968,Credit Card,4412.45,2026-05-01,Pending
PAY-0000482,ORD-0000482,Bank Transfer,1869.0,2026-07-26,Completed
PAY-0003607,ORD-0003607,Credit Card,2172.65,2026-01-30,Completed
PAY-0001124,ORD-0001124,Credit Card,1481.42,2026-07-01,Completed
PAY-0004832,ORD-0004832,Debit Card,3215.02,2026-07-26,Refunded
PAY-0007602,ORD-0007602,,6180.1,2026-08-02,Completed
PAY-0001062,ORD-0001062,Credit Card,2280.05,2026-07-04,Completed
PAY-0007814,ORD-0007814,Debit Card,1862.76,2025-02-27,Failed
PAY-0002941,ORD-0002941,Gift Card,2916.56,2025-05-16,Completed
PAY-0009372,ORD-0009372,PayPal,2206.88,2025-06-03,Completed
PAY-0008215,ORD-0008215,Credit Card,51.79,2026-08-09,Completed
PAY-0005457,ORD-0005457,Bank Transfer,495.43,2026-07-23,Completed
PAY-0007916,ORD-0007916,,2689.4,2026-04-04,Completed
PAY-0003886,ORD-0003886,Gift Card,1024.14,2026-02-05,Completed
PAY-0003945,ORD-0003945,PayPal,710.2,2025-05-23,Completed
PAY-0009218,ORD-0009218,Debit Card,972.7,2026-08-08,Completed
PAY-0008311,ORD-0008311,PayPal,1994.55,2024-11-10,Completed
PAY-0004334,ORD-0004334,Credit Card,1951.71,2024-10-04,Completed
PAY-0002520,ORD-0002520,Credit Card,1302.35,2026-06-19,Completed
PAY-0006900,ORD-0006900,Credit Card,1118.72,2025-04-01,Completed
PAY-0004189,ORD-0004189,Credit Card,1063.34,2025-09-12,Failed
PAY-0006119,ORD-0006119,Credit Card,353.49,2026-06-04,Completed
PAY-0002209,ORD-0002209,PayPal,1543.42,2026-07-24,Completed
PAY-0000449,ORD-0000449,PayPal,1443.87,2026-06-05,Pending
PAY-0007331,ORD-0007331,Debit Card,4572.02,12/01/2025,Completed
PAY-0002642,ORD-0002642,Gift Card,591.4,2026-02-24,Completed
PAY-0010076,ORD-0010076,PayPal,3403.93,2026-08-14,Completed
PAY-0000522,ORD-0000522,Gift Card,629.68,2026-06-16,Refunded
PAY-0005051,ORD-0005051,Credit Card,1035.02,2025-11-13,Failed
PAY-0003084,ORD-0003084,Credit Card,2307.25,2026-05-10,Completed
PAY-0001010,ORD-0001010,Credit Card,286.54,2026-07-20,Completed
PAY-0000103,ORD-0000103,Credit Card,1048.16,2026-08-24,Completed
PAY-0009537,ORD-0009537,Debit Card,1453.92,2026-08-02,Completed
PAY-0003323,ORD-0003323,Credit Card,313.13,2025-08-13,Refunded
PAY-0003567,ORD-0003567,Credit Card,1424.28,2026-05-26,Completed
PAY-0000042,ORD-0000042,Gift Card,1858.09,2025-04-16,Completed
PAY-0000908,ORD-0000908,Credit Card,--,2026-07-30,Completed
PAY-0001306,ORD-0001306,Gift Card,482.31,2025-10-05,Completed
PAY-0006381,ORD-0006381,Debit Card,148.16,2026-08-07,Failed
PAY-0011133,ORD-0011133,Credit Card,886.8,2025-05-25,Failed
PAY-0011099,ORD-0011099,Credit Card,2410.57,2026-01-14,Failed
PAY-0003943,ORD-0915159,Bank Transfer,138275.83,2026-06-15,Completed
PAY-0004841,ORD-0004841,Credit Card,3272.62,2025-03-20,Pending
PAY-0009293,ORD-0009293,Credit Card,4518.16,2026-04-23,Completed
PAY-0009005,ORD-0009005,PayPal,1438.36,2026-08-14,Pending
PAY-0001539,ORD-0001539,Debit Card,490.08,2026-05-28,Completed
PAY-0003751,ORD-0003751,Debit Card,1156.02,2026-08-30,Failed
PAY-0011546,ORD-0011546,Gift Card,2954.9,2025-12-28,Completed
PAY-0008851,ORD-0008851,PayPal,1136.24,2024-03-08,Pending
PAY-0000626,ORD-0000626,PayPal,472.05,2025-09-11,Completed
PAY-0001388,ORD-0001388,PayPal,2956.35,2026-06-20,Failed
PAY-0003443,ORD-0003443,Credit Card,1351.38,2025-02-20,Failed
PAY-0008192,ORD-0008192,Debit Card,3500.73,2024-03-15,Completed
PAY-0000816,ORD-0000816,Debit Card,2408.55,2025-03-09,Failed
PAY-0004564,ORD-0004564,Debit Card,1168.28,2025-04-25,Completed
PAY-0004863,ORD-0004863,Debit Card,1585.25,2026-07-24,Completed
PAY-0001538,ORD-0001538,Debit Card,687.18,2026-05-13,Failed
PAY-0002516,ORD-0002516,Credit Card,811.77,2026-03-12,Completed
PAY-0006027,ORD-0006027,PayPal,1191.19,2026-08-05,Completed
PAY-0001703,ORD-0001703,Credit Card,7726.64,2025-08-03,Completed
PAY-0001340,ORD-0001340,PayPal,597.49,2026-03-28,Completed
PAY-0011858,ORD-0011858,Credit Card,-1640.1,2025-06-01,Pending
PAY-0003753,ORD-0003753,Debit Card,247.64,2026-08-05,Completed
PAY-0008059,ORD-0008059,Bank Transfer,2757.8,2026-09-05,Failed
PAY-0006397,ORD-0006397,PayPal,1606.9,2025-09-18,Failed
PAY-0003587,ORD-0003587,PayPal,179.17,2026-04-20,Completed
PAY-0000509,ORD-0000509,Debit Card,1340.96,2026-01-13,Failed
PAY-0010479,ORD-0010479,Credit Card,203988.19,2024-05-03,Completed
PAY-0010024,ORD-0010024,PayPal,764.55,2026-04-19,Completed
PAY-0000302,ORD-0000302,PayPal,523.46,2025-01-30,Completed
PAY-0005060,ORD-0005060,Debit Card,1229.17,2026-03-23,Completed
PAY-0010438,ORD-0010438,Debit Card,916.92,2026-05-22,Completed
PAY-0004580,ORD-0004580,Bank Transfer,1103.4,2025-03-03,Refunded
PAY-0008102,ORD-0008102,PayPal,3573.14,2024-07-31,Completed
PAY-0011397,ORD-0011397,Bank Transfer,328.77,2026-07-03,Completed
PAY-0001840,ORD-0001840,PayPal,222.18,2024-12-14,Completed
PAY-0000084,ORD-0000084,PayPal,163.64,2026-03-21,Completed
PAY-0009761,ORD-0009761,Debit Card,398.84abc,2024-12-26,Completed
PAY-0006395,ORD-0006395,Credit Card,588.2,2026-09-06,Failed
PAY-0010997,ORD-0010997,Gift Card,81.43,2026-04-26,Completed
PAY-0006496,ORD-0006496,Credit Card,503.12,2026-03-10,Completed
PAY-0009119,ORD-0009119,Credit Card,2649.51,2026-07-29,Completed
PAY-0005667,ORD-0919635,Debit Card,954.84,2025-01-14,Completed
PAY-0007860,ORD-0007860,Credit Card,1437.31,2026-05-31,Completed
PAY-0008418,ORD-0008418,Credit Card,553.54,2026-05-19,Completed
PAY-0002924,ORD-0002924,Credit Card,2573.8,2026-07-26,Completed
PAY-0002011,ORD-0002011,Debit Card,2703.2,2026-07-20,Pending
PAY-0011160,ORD-0011160,Credit Card,191.64,2025-09-08,Completed
PAY-0010787,ORD-0010787,Gift Card,3144.76,2025-08-06,Completed
PAY-0006005,ORD-0006005,Debit Card,49.04,2026-06-20,Completed
PAY-0005199,ORD-0005199,Debit Card,465.47,2025-08-15,Completed
PAY-0009905,ORD-0009905,Credit Card,657.65,02/10/2026,Completed
PAY-0002510,ORD-0002510,Bank Transfer,1647.08,2025-11-20,Failed
PAY-0005167,ORD-0005167,Credit Card,6065.15,2026-04-08,Failed
PAY-0011238,ORD-0011238,Credit Card,2317.31,2026-01-28,Failed
PAY-0003015,ORD-0003015,Debit Card,232.36,2026-01-19,Refunded
PAY-0003816,ORD-0003816,Credit Card,2386.56,2026-03-13,Completed
PAY-0003442,ORD-0003442,Credit Card,544.1,2026-06-19,Failed
PAY-0001736,ORD-0001736,Credit Card,649.15,2026-03-22,Pending
PAY-0004959,ORD-0004959,Credit Card,1325.12,2024-12-15,Failed
PAY-0010056,ORD-0010056,Debit Card,unknown,2026-08-01,Completed
PAY-0007811,ORD-0007811,Gift Card,3307.05,2026-02-10,Refunded
PAY-0009286,ORD-0009286,Debit Card,112.29,2026-09-05,Completed
PAY-0003359,ORD-0003359,Debit Card,382.0,2026-06-29,Completed
PAY-0000835,ORD-0000835,Debit Card,2103.26,2026-08-26,Refunded
PAY-0007093,ORD-0007093,,2008.09,2026-07-25,Completed
PAY-0002773,ORD-0002773,Credit Card,339.08,2026-09-04,Completed
PAY-0010099,ORD-0010099,Gift Card,2580.63,2025-01-28,Failed
PAY-0001959,ORD-0001959,PayPal,45.02,2026-01-31,Failed
PAY-0010472,ORD-0010472,Debit Card,30900.02,2025-10-31,Failed
PAY-0001027,ORD-0001027,Debit Card,187.58,"March 15, 2026",Refunded
PAY-0009889,ORD-0009889,Bank Transfer,1787.98,03/18/2026,Completed
PAY-0001814,ORD-0001814,Credit Card,2836.53,07-May-2025,Completed
PAY-0008898,ORD-0008898,Credit Card,60.04,2026-09-07,Completed
PAY-0006234,ORD-0006234,Credit Card,376.41,2024-04-23,Completed
PAY-0007499,ORD-0007499,PayPal,1643.63,2026-09-01,Completed
PAY-0002132,ORD-0002132,Gift Card,1411.95,2026-06-24,Failed
PAY-0010001,ORD-0010001,,1662.76,2025-06-24,Completed
PAY-0004612,ORD-0004612,PayPal,450.24,2024-09-21,Completed
PAY-0003832,ORD-0003832,Debit Card,157.46,2026-04-11,Completed
PAY-0001633,ORD-0001633,Credit Card,1718.76,2026-05-31,Completed
PAY-0003936,ORD-0003936,Gift Card,1948.03,2026-06-27,Failed
PAY-0011756,ORD-0011756,Gift Card,169.46,2026-01-27,Completed
PAY-0007995,ORD-0007995,Credit Card,3248.99,2025-11-04,Failed
PAY-0005268,ORD-0005268,Credit Card,656.49,2026-07-27,Failed
PAY-0001137,ORD-0001137,Credit Card,14.16,2026-08-26,Completed
PAY-0003561,ORD-0003561,PayPal,1356.78,2026-06-19,Completed
PAY-0011060,ORD-0011060,Bank Transfer,1342.93,2026-04-23,Completed
PAY-0007913,ORD-0007913,PayPal,4356.54,2026-09-03,Completed
PAY-0011199,ORD-0011199,PayPal,974.53,2025-04-24,Completed
PAY-0007088,ORD-0007088,PayPal,1903.62,2026-06-07,Completed
PAY-0007254,ORD-0007254,Gift Card,1261.88,2026-05-07,Completed
PAY-0001189,ORD-0001189,Credit Card,1636.76,2024-04-30,Completed
PAY-0011651,ORD-0011651,Credit Card,-356.12,2026-08-17,Pending
PAY-0008817,ORD-0008817,Credit Card,5842.29,2026-07-08,Completed
PAY-0001092,ORD-0001092,PayPal,2408.31,2026-01-24,Completed
PAY-0001160,ORD-0001160,PayPal,615.46,2026-07-20,Completed
PAY-0004454,ORD-0004454,,4241.89,2025-11-24,Refunded
PAY-0007907,ORD-0007907,PayPal,338.97,2026-03-26,Failed
PAY-0005172,ORD-0005172,Credit Card,2060.45,2026-08-26,Completed
PAY-0005606,ORD-0005606,,1250.83,2026-07-12,Pending
PAY-0001174,ORD-0001174,Gift Card,1399.35,2026-05-03,Completed
PAY-0004656,ORD-0004656,Gift Card,439.39,2024-10-14,Completed
PAY-0004153,ORD-0004153,,5607.04,2025-06-19,Completed
PAY-0007813,ORD-0007813,PayPal,2688.45,2026-09-05,Completed
PAY-0004593,ORD-0004593,Gift Card,521.05,2025-06-24,Completed
PAY-0005411,ORD-0005411,Credit Card,3726.19,2026-05-01,Completed
PAY-0005269,ORD-0005269,Credit Card,1784.41,2026-05-05,Failed
PAY-0002087,ORD-0002087,Debit Card,2479.94,2026-07-29,Pending
PAY-0000793,ORD-0000793,Bank Transfer,2357.4,2026-09-02,Completed
PAY-0002086,ORD-0002086,Credit Card,5709.53,2025-08-15,Completed
PAY-0005750,ORD-0005750,Gift Card,5527.66,2026-06-04,Refunded
PAY-0011153,ORD-0011153,PayPal,3408.81,2026-06-15,Refunded
PAY-0006223,ORD-0006223,Credit Card,1052.53,2024-02-22,Failed
PAY-0008050,ORD-0008050,Debit Card,96.05,2026-08-15,Failed
PAY-0003398,ORD-0003398,Debit Card,112.3,2026-04-02,Completed
PAY-0008762,ORD-0008762,PayPal,2509.48,2025-12-22,Completed
PAY-0010178,ORD-0010178,PayPal,2425.11,2026-07-14,Completed
PAY-0011751,ORD-0011751,Credit Card,505.61,2025-04-10,Completed
PAY-0010544,ORD-0010544,Gift Card,565.68,2026-08-17,Refunded
PAY-0011506,ORD-0011506,Credit Card,283.07,2026-08-21,Completed
PAY-0010395,ORD-0010395,PayPal,5260.42,2025-07-03,Completed
PAY-0010216,ORD-0010216,Credit Card,3880.27,2026-08-10,Failed
PAY-0000624,ORD-0000624,Credit Card,2109.72,2025-08-11,Pending
PAY-0008101,ORD-0008101,Credit Card,5081.19,2024-04-28,Completed
PAY-0000375,ORD-0000375,Credit Card,56.88abc,2025-05-17,Failed
PAY-0007371,ORD-0007371,Credit Card,6823.07,2025-11-06,Completed
PAY-0009255,ORD-0009255,Gift Card,6985.76,2026-04-13,Completed
PAY-0003041,ORD-0003041,Gift Card,1024.2,2025-05-12,Completed
PAY-0003024,ORD-0003024,PayPal,1010.52,2026-07-21,Refunded
PAY-0006501,ORD-0006501,PayPal,3516.77,2025-06-12,Completed
PAY-0004237,ORD-0004237,PayPal,3216.88,2026-09-01,Completed
PAY-0000658,ORD-0000658,Debit Card,592.37,11-May-2026,Completed
PAY-0004606,ORD-0004606,Debit Card,865.03,2025-10-08,Refunded
PAY-0011951,ORD-0011951,Gift Card,260.28,2025-12-07,Completed
PAY-0011777,ORD-0011777,PayPal,918.92,2026-08-16,Completed
PAY-0001988,ORD-0001988,Debit Card,211.23,2024-09-17,Completed
PAY-0000878,ORD-0000878,Credit Card,1882.74,2025-03-23,Completed
PAY-0010542,ORD-0010542,Credit Card,3432.1,2026-02-27,Completed
PAY-0010760,ORD-0010760,Debit Card,268.85,2024-08-15,Completed
PAY-0004577,ORD-0004577,Credit Card,4722.48,2026-08-17,Completed
PAY-0001207,ORD-0001207,PayPal,1982.64,2025-12-25,Completed
PAY-0010788,ORD-0010788,Gift Card,319.98abc,2026-06-15,Completed
PAY-0011596,ORD-0011596,Debit Card,2648.45,2026-06-17,Refunded
PAY-0002977,ORD-0002977,Credit Card,1352.24,2025-10-27,Completed
PAY-0001510,ORD-0001510,Debit Card,754.38,2025-04-09,Completed
PAY-0009014,ORD-0009014,Debit Card,1441.09,2024-03-16,Failed
PAY-0002896,ORD-0002896,PayPal,6136.98,2026-03-10,Failed
PAY-0005782,ORD-0005782,Bank Transfer,3706.65,2024-09-03,Completed
PAY-0000506,ORD-0000506,Credit Card,2287.64,2025-08-09,Pending
PAY-0007389,ORD-0007389,Debit Card,880.42,2025-11-07,Completed
PAY-0002331,ORD-0002331,Debit Card,1071.33,2026-08-18,Completed
PAY-0008411,ORD-0008411,PayPal,353.61,01/01/2025,Completed
PAY-0009710,ORD-0009710,Gift Card,3428.7,2024-07-19,Completed
PAY-0004210,ORD-0004210,Debit Card,2362.8,2026-08-21,Pending
PAY-0003425,ORD-0003425,Credit Card,581.41,2025-04-26,Completed
PAY-0005000,ORD-0005000,Credit Card,85.73,2026-08-13,Completed
PAY-0009472,ORD-0009472,Debit Card,411.2,2026-04-28,Failed
PAY-0010112,ORD-0010112,Credit Card,1920.81,2026-08-07,Completed
PAY-0001261,ORD-0001261,Credit Card,130087.25,2026-05-30,Completed
PAY-0005225,ORD-0005225,Credit Card,4135.78,2026-04-25,Completed
PAY-0006263,ORD-0006263,PayPal,3033.25,2024-10-09,Failed
PAY-0001553,ORD-0001553,Credit Card,$4883.58,2026-07-03,Completed
PAY-0001714,ORD-0001714,Credit Card,1888.7,2025-01-21,Completed
PAY-0009186,ORD-0009186,Credit Card,2310.5,2025-10-17,Pending
PAY-0008915,ORD-0008915,Debit Card,1645.61,2026-07-15,Completed
PAY-0006702,ORD-0006702,PayPal,4502.32,2026-08-26,Completed
PAY-0009743,ORD-0009743,Credit Card,912.24,2025-11-11,Refunded
PAY-0007509,ORD-0007509,Credit Card,4185.33,2026-01-09,Completed
PAY-0004289,ORD-0004289,PayPal,2959.65,2026-02-10,Completed
PAY-0011150,ORD-0011150,,2303.35,2025-05-27,Completed
PAY-0007758,ORD-0007758,Credit Card,3023.41,2026-05-12,Completed
PAY-0000343,ORD-0000343,Gift Card,516.41,2025-02-06,Completed
PAY-0000217,ORD-0000217,Credit Card,1876.17,2025-11-07,Refunded
PAY-0004790,ORD-0902042,Debit Card,547.63,2025-08-07,Completed
PAY-0004203,ORD-0004203,PayPal,391.18,2026-04-25,Failed
PAY-0002720,ORD-0002720,PayPal,677.49,2025-08-22,Completed
PAY-0009574,ORD-0009574,Debit Card,2283.7,2026-06-20,Failed
PAY-0008573,ORD-0008573,PayPal,3725.08,31-May-2026,Completed
PAY-0000546,ORD-0000546,Debit Card,2562.54,2026-05-10,Failed
PAY-0002317,ORD-0002317,Credit Card,690.04,2026-07-05,Completed
PAY-0010608,ORD-0010608,Credit Card,3943.73,2026-04-03,Failed
PAY-0011448,ORD-0011448,Debit Card,938.57,2024-06-23,Completed
PAY-0002352,ORD-0002352,Credit Card,1178.37,2024-08-17,Failed
PAY-0004371,ORD-0004371,Credit Card,75644.14,2026-02-15,Completed
PAY-0006289,ORD-0006289,Debit Card,2096.22,2025-11-03,Refunded
PAY-0010342,ORD-0010342,Credit Card,3502.6,2026-06-22,Completed
PAY-0003494,ORD-0003494,PayPal,148.61,2024-07-07,Failed
PAY-0010901,ORD-0010901,Credit Card,625.02,2025-11-10,Failed
PAY-0002784,ORD-0915868,Debit Card,114.03,2026-03-21,Pending
PAY-0006414,ORD-0006414,Gift Card,2519.5,2025-09-21,Completed
PAY-0006396,ORD-0006396,Credit Card,39.69,2026-08-16,Completed
PAY-0003045,ORD-0003045,Debit Card,192329.64,2025-02-10,Completed
PAY-0007236,ORD-0007236,Credit Card,1957.34,2026-09-03,Completed
PAY-0009258,ORD-0009258,PayPal,815.91,2026-06-28,Completed
PAY-0001119,ORD-0001119,Credit Card,4102.54,2026-08-24,Failed
PAY-0004416,ORD-0004416,Debit Card,28.16,2025-11-22,Refunded
PAY-0010626,ORD-0010626,PayPal,593.14,2026-05-17,Completed
PAY-0007191,ORD-0007191,Credit Card,491.17,2024-09-10,Failed
PAY-0000237,ORD-0000237,Credit Card,4548.88,2026-05-14,Completed
PAY-0010959,ORD-0010959,,2748.7,2026-09-04,Completed
PAY-0007260,ORD-0007260,Credit Card,1416.97,2025-10-12,Completed
PAY-0010944,ORD-0010944,Credit Card,980.46,2025-06-12,Completed
PAY-0001349,ORD-0001349,,1281.64,2026-05-26,Completed
PAY-0005180,ORD-0005180,Credit Card,2975.06,2024-07-20,Completed
PAY-0007018,ORD-0007018,Credit Card,2385.25,2026-02-27,Completed
PAY-0009180,ORD-0009180,Debit Card,363.56,2024-09-29,Pending
PAY-0007492,ORD-0007492,PayPal,436.92,2026-03-19,Completed
PAY-0006298,ORD-0006298,Debit Card,516.81,2026-08-15,Failed
PAY-0007837,ORD-0007837,PayPal,1962.42,04-May-2024,Completed
PAY-0004072,ORD-0004072,Debit Card,$1968.64,2025-06-13,Failed
PAY-0000029,ORD-0000029,PayPal,530.6,2024-08-28,Failed
PAY-0004573,ORD-0004573,Gift Card,861.84,2026-02-25,Completed
PAY-0007378,ORD-0007378,Credit Card,305.57,2025-03-21,Pending
PAY-0003545,ORD-0003545,PayPal,698.2,2026-08-02,Completed
PAY-0007189,ORD-0007189,Bank Transfer,731.03,2025-12-23,Pending
PAY-0002906,ORD-0973556,Credit Card,2400.04,2023-11-24,Completed
PAY-0006155,ORD-0006155,Credit Card,1178.67,2026-03-15,Completed
PAY-0004398,ORD-0004398,Credit Card,606.0,2024-10-06,Completed
PAY-0007059,ORD-0007059,Bank Transfer,1057.78,2024-10-05,Completed
PAY-0011333,ORD-0011333,PayPal,-1035.46,2025-06-09,Completed
PAY-0010094,ORD-0010094,Debit Card,140.8,2026-06-12,Refunded
PAY-0005815,ORD-0005815,Credit Card,585.43,2026-08-25,Completed
PAY-0009008,ORD-0009008,Credit Card,456.06,2026-08-25,Pending
PAY-0009493,ORD-0009493,PayPal,284.17,2026-07-04,Completed
PAY-0011421,ORD-0011421,Debit Card,1695.52,2026-06-27,Refunded
PAY-0002700,ORD-0002700,Credit Card,1602.96abc,2026-04-04,Completed
PAY-0011738,ORD-0011738,Credit Card,3177.73,2026-01-22,Completed
PAY-0005865,ORD-0005865,PayPal,245.31,2026-04-23,Failed
PAY-0008561,ORD-0008561,Gift Card,1209.76,2025-08-30,Completed
PAY-0004406,ORD-0004406,Debit Card,17.15,2025-01-05,Completed
PAY-0010238,ORD-0010238,Gift Card,2130.39,2024-10-26,Completed
PAY-0006844,ORD-0006844,PayPal,2601.81,2026-08-03,Completed
PAY-0011194,ORD-0011194,PayPal,42612.64,2025-08-09,Completed
PAY-0011175,ORD-0011175,Credit Card,3131.2,2026-07-09,Completed
PAY-0003293,ORD-0003293,,7025.87,2026-07-25,Completed
PAY-0003874,ORD-0003874,PayPal,259.12,2024-01-24,Completed
PAY-0010541,ORD-0010541,Debit Card,141.11,2024-10-01,Completed
PAY-0002043,ORD-0002043,PayPal,3339.66,2025-06-04,Pending
PAY-0004930,ORD-0004930,Credit Card,1558.44,2026-05-13,Completed
PAY-0000729,ORD-0000729,Debit Card,582.96,2026-07-14,Completed
PAY-0004782,ORD-0978670,Bank Transfer,1946.56,2025-10-10,Completed
PAY-0003088,ORD-0003088,PayPal,1311.28,2024-10-26,Completed
PAY-0003803,ORD-0003803,Credit Card,227.16,2026-07-03,Completed
PAY-0006588,ORD-0006588,,2307.88,2026-08-10,Completed
PAY-0005638,ORD-0005638,Gift Card,78.03,2025-05-18,Completed
PAY-0009326,ORD-0009326,Credit Card,1908.81,2026-05-06,Completed
PAY-0008325,ORD-0008325,Debit Card,530.97,2025-11-05,Completed
PAY-0006710,ORD-0006710,Bank Transfer,3157.52,2026-04-18,Completed
PAY-0003077,ORD-0003077,PayPal,1095.15,2025-10-12,Completed
PAY-0011792,ORD-0011792,Credit Card,3387.66,2026-07-29,Failed
PAY-0001642,ORD-0001642,PayPal,564.55,16-Nov-2025,Refunded
PAY-0004603,ORD-0004603,Debit Card,1462.77,2026-07-02,Failed
PAY-0005549,ORD-0005549,Credit Card,1063.86,2026-06-30,Completed
PAY-0010913,ORD-0010913,,639.04,2025-03-15,Refunded
PAY-0000605,ORD-0000605,PayPal,3674.25,2024-02-22,Completed
PAY-0009379,ORD-0009379,PayPal,837.66,2025-03-28,Refunded
PAY-0006852,ORD-0006852,Credit Card,3727.24,2024-09-25,Completed
PAY-0000537,ORD-0000537,Credit Card,645.95,2026-06-13,Failed
PAY-0001785,ORD-0001785,PayPal,3577.0,2026-08-08,Failed
PAY-0003559,ORD-0003559,Credit Card,8303.13,2026-01-26,Completed
PAY-0005381,ORD-0005381,Debit Card,$1321.79,2024-07-05,Completed
PAY-0001716,ORD-0001716,Bank Transfer,$26.73,2025-11-19,Pending
PAY-0006138,ORD-0006138,PayPal,228.56,2026-01-27,Failed
PAY-0010285,ORD-0010285,Debit Card,691.23,2026-08-12,Refunded
PAY-0010976,ORD-0010976,Gift Card,599.62,2026-03-28,Failed
PAY-0001094,ORD-0001094,Bank Transfer,1638.29,2024-06-03,Refunded
PAY-0004299,ORD-0004299,Debit Card,6582.38,2024-12-22,Completed
PAY-0004830,ORD-0004830,Debit Card,2594.96,2026-02-23,Failed
PAY-0006121,ORD-0006121,PayPal,1823.21,2026-09-01,Completed
PAY-0011177,ORD-0011177,Credit Card,742.2,2024-12-12,Completed
PAY-0002639,ORD-0002639,Credit Card,2489.75,2025-08-13,Completed
PAY-0000342,ORD-0000342,Gift Card,1349.4,2025-09-27,Completed
PAY-0002982,ORD-0002982,Bank Transfer,722.52,2026-06-12,Pending
PAY-0009018,ORD-0009018,Debit Card,761.0,2026-01-26,Completed
PAY-0003380,ORD-0003380,Bank Transfer,529.45,2026-04-16,Completed
PAY-0000775,ORD-0000775,PayPal,806.66,2026-06-10,Completed
PAY-0009722,ORD-0009722,Debit Card,2683.76,2026-08-24,Failed
PAY-0010862,ORD-0010862,Debit Card,1193.35,2026-04-25,Failed
PAY-0011091,ORD-0011091,Credit Card,3965.82,2025-11-19,Completed
PAY-0008080,ORD-0008080,Bank Transfer,765.8,2025-07-12,Completed
PAY-0004302,ORD-0004302,PayPal,1990.12,04/18/2024,Refunded
PAY-0004590,ORD-0004590,Credit Card,1674.65,2024-09-09,Failed
PAY-0005505,ORD-0005505,Credit Card,2027.08,2025-07-01,Failed
PAY-0004680,ORD-0004680,Gift Card,2561.77,2025-04-14,Completed
PAY-0007486,ORD-0007486,Debit Card,5057.74,2025-04-07,Completed
PAY-0011422,ORD-0011422,Credit Card,500.93,2026-03-12,Failed
PAY-0003278,ORD-0003278,Credit Card,1307.99,2026-08-12,Completed
PAY-0008703,ORD-0008703,Credit Card,2590.0,2025-03-25,Completed
PAY-0005365,ORD-0005365,Credit Card,608.52,2026-08-15,Completed
PAY-0001023,ORD-0001023,Credit Card,1810.6abc,2025-01-03,Completed
PAY-0007209,ORD-0007209,Credit Card,1461.24,2026-08-17,Completed
PAY-0011754,ORD-0912746,Credit Card,958.76,2026-08-05,Completed
PAY-0011551,ORD-0011551,Debit Card,3655.57,2026-05-20,Completed
PAY-0001012,ORD-0001012,Gift Card,2713.4,2025-09-20,Completed
PAY-0000361,ORD-0000361,Gift Card,2306.39,2026-08-03,Failed
PAY-0007658,ORD-0007658,Debit Card,3543.37,02/07/2026,Completed
PAY-0001493,ORD-0001493,,1005.74,2026-07-07,Failed
PAY-0001501,ORD-0001501,Credit Card,235.98,2025-01-30,Completed
PAY-0005797,ORD-0005797,Credit Card,3184.96,2026-05-07,Completed
PAY-0009613,ORD-0009613,Gift Card,1133.18,2026-08-30,Failed
PAY-0005429,ORD-0005429,Debit Card,76.12,2026-08-21,Completed
PAY-0011949,ORD-0011949,Debit Card,461.17,2025-06-18,Completed
PAY-0001033,ORD-0001033,Debit Card,729.94,2024-03-10,Completed
PAY-0002529,ORD-0002529,Credit Card,7140.61,2025-12-30,Pending
PAY-0000419,ORD-0000419,Credit Card,2310.29,2026-05-28,Completed
PAY-0011339,ORD-0011339,Gift Card,286121.76,2026-08-26,Completed
PAY-0010073,ORD-0010073,Credit Card,486.68,2026-06-23,Completed
PAY-0001296,ORD-0001296,PayPal,4178.43,2026-04-25,Completed
PAY-0006316,ORD-0952680,Gift Card,1626.42,"June 21, 2026",Completed
PAY-0005270,ORD-0005270,PayPal,340.93,2026-07-13,Completed
PAY-0008558,ORD-0008558,Gift Card,697.29,2026-06-04,Refunded
PAY-0001488,ORD-0001488,Credit Card,530.36,2026-07-28,Completed
PAY-0009228,ORD-0009228,Debit Card,1034.39,2025-05-15,Failed
PAY-0008065,ORD-0008065,PayPal,2064.0,2026-03-02,Completed
PAY-0005244,ORD-0005244,Credit Card,3677.03,"April 30, 2025",Completed
PAY-0010750,ORD-0010750,,483.76,2025-06-20,Refunded
PAY-0009830,ORD-0009830,Credit Card,1870.03,09-Dec-2024,Failed
PAY-0003679,ORD-0003679,Credit Card,4928.35,2025-09-20,Completed
PAY-0004780,ORD-0004780,Credit Card,710.84,2026-04-20,Pending
PAY-0003602,ORD-0003602,Debit Card,2281.45,2026-04-27,Failed
PAY-0002769,ORD-0002769,Credit Card,83.4,2025-10-31,Completed
PAY-0005795,ORD-0005795,PayPal,1249.12,07/04/2026,Completed
PAY-0011245,ORD-0011245,Debit Card,1414.02,2026-04-11,Completed
PAY-0004878,ORD-0004878,Debit Card,602.82,2026-08-16,Pending
PAY-0004096,ORD-0004096,Debit Card,148989.87,2024-12-17,Completed
PAY-0004951,ORD-0004951,Gift Card,544.85,2026-09-06,Completed
PAY-0005076,ORD-0005076,Debit Card,2656.81,2025-01-07,Completed
PAY-0006590,ORD-0006590,Credit Card,1052.35,2025-08-06,Failed
PAY-0005276,ORD-0005276,PayPal,226.26,2026-07-09,Completed
PAY-0007488,ORD-0007488,Credit Card,2118.25,2026-06-30,Completed
PAY-0011357,ORD-0011357,Gift Card,4399.89,2025-03-13,Completed
PAY-0006771,ORD-0006771,Bank Transfer,2729.68,2026-05-28,Completed
PAY-0008788,ORD-0008788,Credit Card,773.81,2025-11-01,Completed
PAY-0001029,ORD-0001029,PayPal,2233.09,2025-11-15,Completed
PAY-0006228,ORD-0006228,Credit Card,691.81,2026-04-14,Completed
PAY-0008876,ORD-0008876,Debit Card,27.64,2026-07-15,Completed
PAY-0005962,ORD-0005962,,98.66,2025-03-01,Completed
PAY-0011665,ORD-0011665,Gift Card,1908.04,2026-05-24,Completed
PAY-0001202,ORD-0001202,Credit Card,26.84,2025-04-25,Completed
PAY-0002395,ORD-0002395,PayPal,1137.45,2026-03-09,Pending
PAY-0006108,ORD-0006108,Debit Card,4634.1,2024-10-05,Completed
PAY-0006536,ORD-0006536,,371.79,2026-09-03,Failed
PAY-0006147,ORD-0006147,Gift Card,111.87,2025-04-05,Completed
PAY-0004673,ORD-0004673,Debit Card,1245.89,2025-03-01,Completed
PAY-0006835,ORD-0006835,Debit Card,14751.03,2025-12-02,Completed
PAY-0008893,ORD-0008893,Debit Card,572.01,2026-05-29,Pending
PAY-0010255,ORD-0010255,Credit Card,1543.42,2025-08-14,Refunded
PAY-0003848,ORD-0003848,Debit Card,3487.97,2026-03-22,Completed
PAY-0004309,ORD-0004309,Credit Card,1277.1,2026-07-29,Failed
PAY-0008001,ORD-0008001,Credit Card,3774.94,2026-07-13,Completed
PAY-0011261,ORD-0011261,PayPal,3002.48,2024-11-22,Completed
PAY-0010640,ORD-0010640,Credit Card,801.44,2025-10-15,Completed
PAY-0001746,ORD-0001746,Debit Card,542.2,2024-09-18,Completed
PAY-0000182,ORD-0000182,Credit Card,877.63,2025-10-03,Completed
PAY-0000939,ORD-0000939,PayPal,3219.01,2025-11-25,Completed
PAY-0010601,ORD-0010601,Debit Card,1247.53,2025-03-13,Completed
PAY-0004601,ORD-0004601,,68.43,2026-09-07,Pending
PAY-0011394,ORD-0011394,Credit Card,916.12,2024-07-04,Refunded
PAY-0010316,ORD-0010316,PayPal,1119.81,2026-09-02,Completed
PAY-0001544,ORD-0001544,PayPal,1698.16,2026-06-03,Completed
PAY-0007592,ORD-0007592,PayPal,19.77,2025-06-09,Pending
PAY-0005286,ORD-0005286,Gift Card,901.36,2025-09-20,Refunded
PAY-0010703,ORD-0010703,Credit Card,2549.48,2025-08-22,Failed
PAY-0001294,ORD-0001294,Debit Card,5431.98,2024-11-26,Completed
PAY-0003133,ORD-0003133,Credit Card,2960.15,2025-10-08,Completed
PAY-0009663,ORD-0009663,Gift Card,1659.98,2026-01-22,Completed
PAY-0011970,ORD-0011970,Debit Card,461.32,2026-04-10,Completed
PAY-0002607,ORD-0002607,Debit Card,3129.0,2025-10-23,Completed
PAY-0002069,ORD-0002069,Credit Card,7699.09,"June 01, 2026",Completed
PAY-0009691,ORD-0009691,Debit Card,860.45,2026-03-24,Completed
PAY-0004311,ORD-0004311,Credit Card,520.09,2025-11-30,Refunded
PAY-0009821,ORD-0009821,PayPal,2837.96,2026-08-09,Failed
PAY-0002547,ORD-0002547,,1714.06,2024-12-26,Failed
PAY-0004451,ORD-0004451,Gift Card,n/a,2026-07-17,Completed
PAY-0003924,ORD-0003924,,2961.56abc,2025-08-17,Completed
PAY-0007629,ORD-0007629,Credit Card,864.83,2025-05-20,Completed
PAY-0001637,ORD-0001637,Credit Card,103.82,2025-07-31,Completed
PAY-0003287,ORD-0003287,Gift Card,1980.4,2026-01-25,Completed
PAY-0001468,ORD-0001468,Credit Card,199.52,2025-11-07,Failed
PAY-0009538,ORD-0009538,PayPal,868.18,2026-03-04,Completed
PAY-0004099,ORD-0004099,Credit Card,955.74,2024-07-06,Completed
PAY-0010531,ORD-0010531,Bank Transfer,7207.22,2026-04-07,Refunded
PAY-0009051,ORD-0009051,Debit Card,415.48,2026-07-09,Completed
PAY-0001000,ORD-0001000,Debit Card,$554.77,2025-06-05,Completed
PAY-0011720,ORD-0011720,Debit Card,730.06,2026-02-24,Completed
PAY-0009594,ORD-0009594,Debit Card,5836.35,2026-03-04,Pending
PAY-0010209,ORD-0010209,Debit Card,916.6,2025-08-11,Completed
PAY-0000176,ORD-0000176,Credit Card,1488.36,2026-09-02,Refunded
PAY-0009289,ORD-0009289,Credit Card,1165.03,2024-11-06,Completed
PAY-0005572,ORD-0005572,Credit Card,257001.85,2025-03-19,Completed
PAY-0006838,ORD-0006838,Credit Card,3326.94,2026-08-19,Completed
PAY-0011355,ORD-0011355,Credit Card,2164.09,2025-12-01,Completed
PAY-0003838,ORD-0003838,Credit Card,4959.06,2025-09-15,Completed
PAY-0011842,ORD-0011842,Gift Card,$1716.33,2025-08-21,Completed
PAY-0002790,ORD-0002790,Credit Card,156.67,2026-05-01,Failed
PAY-0005153,ORD-0005153,,229.95,19-Dec-2025,Completed
PAY-0007998,ORD-0007998,Credit Card,27.72,2026-05-07,Completed
PAY-0005393,ORD-0005393,PayPal,100.57,2026-03-03,Completed
PAY-0000766,ORD-0000766,Debit Card,437.62,2026-02-10,Pending
PAY-0010493,ORD-0010493,Bank Transfer,4432.38,2026-05-30,Completed
PAY-0000611,ORD-0972640,Debit Card,617.62,2025-09-26,Failed
PAY-0010195,ORD-0010195,PayPal,1178.91,2024-12-26,Completed
PAY-0008407,ORD-0008407,Gift Card,3737.17,2026-09-01,Failed
PAY-0005642,ORD-0005642,,11172.8,2026-08-17,Failed
PAY-0003782,ORD-0003782,Credit Card,780.9,2025-11-26,Completed
PAY-0005068,ORD-0005068,Debit Card,1057.23,2026-07-25,Completed
PAY-0007206,ORD-0007206,Bank Transfer,5226.41,2025-12-23,Pending
PAY-0006372,ORD-0006372,PayPal,1309.52,2025-03-22,Completed
PAY-0008625,ORD-0008625,Credit Card,2732.29,2026-01-29,Refunded
PAY-0007015,ORD-0007015,Debit Card,2864.63,2026-07-25,Completed
PAY-0007674,ORD-0007674,Credit Card,522.44,2025-04-27,Completed
PAY-0005507,ORD-0997597,Credit Card,195.59,2025-04-10,Pending
PAY-0003908,ORD-0003908,Gift Card,492.14,2025-09-19,Failed
PAY-0000654,ORD-0000654,Credit Card,858.7,2026-03-30,Completed
PAY-0006479,ORD-0006479,Credit Card,185917.01,2025-10-09,Completed
PAY-0001836,ORD-0001836,Debit Card,303.5,2024-12-06,Pending
PAY-0000370,ORD-0000370,Bank Transfer,417.04,2026-08-25,Completed
PAY-0001528,ORD-0001528,Gift Card,1298.5,2026-08-16,Completed
PAY-0009031,ORD-0009031,Credit Card,2170.49,2026-03-17,Completed
PAY-0009232,ORD-0009232,Credit Card,697.2,"December 07, 2025",Pending
PAY-0001183,ORD-0001183,Credit Card,408.8,2026-02-13,Completed
PAY-0005214,ORD-0005214,Debit Card,6938.92abc,08-Feb-2026,Completed
PAY-0009320,ORD-0009320,PayPal,1788.09,2026-07-29,Completed
PAY-0010602,ORD-0010602,PayPal,1467.26,2024-06-24,Completed
PAY-0000628,ORD-0000628,Credit Card,1278.63,2026-08-13,Completed
PAY-0001500,ORD-0001500,PayPal,26413.31,2025-12-11,Completed
PAY-0002890,ORD-0002890,Credit Card,1328.48abc,28-Oct-2024,Refunded
PAY-0004464,ORD-0004464,Credit Card,1577.59,2026-03-06,Refunded
PAY-0002920,ORD-0002920,Credit Card,494.79,2025-06-14,Completed
PAY-0005562,ORD-0005562,Gift Card,1671.56,2026-04-29,Completed
PAY-0011025,ORD-0011025,Gift Card,1655.3,2026-01-10,Completed
PAY-0010651,ORD-0010651,Bank Transfer,1275.29,2026-04-09,Completed
PAY-0008646,ORD-0008646,Gift Card,805.83,2026-08-29,Completed
PAY-0011167,ORD-0011167,Debit Card,2637.82,2025-10-19,Completed
PAY-0003315,ORD-0003315,Credit Card,1850.72,2024-08-24,Completed
PAY-0004582,ORD-0004582,Debit Card,644.58,2026-04-10,Failed
PAY-0002417,ORD-0002417,Gift Card,567.84,2026-07-30,Completed
PAY-0000743,ORD-0000743,Debit Card,2326.33,2026-02-08,Completed
PAY-0001477,ORD-0001477,Credit Card,807.17,2024-10-26,Completed
PAY-0000913,ORD-0000913,Debit Card,283.05,2025-10-07,Failed
PAY-0004395,ORD-0004395,Debit Card,472.22,2025-11-18,Failed
PAY-0006822,ORD-0006822,PayPal,815.76,2026-04-12,Completed
PAY-0008867,ORD-0008867,Debit Card,2365.2,2025-06-01,Failed
PAY-0002264,ORD-0002264,Debit Card,1707.57abc,2026-04-09,Completed
PAY-0007462,ORD-0007462,Credit Card,1602.52,2025-10-17,Failed
PAY-0011073,ORD-0011073,Debit Card,365.61,2026-03-15,Failed
PAY-0008628,ORD-0008628,Credit Card,593.9,2026-05-18,Completed
PAY-0011130,ORD-0011130,Gift Card,3616.8,2026-04-10,Completed
PAY-0000102,ORD-0000102,Credit Card,2671.56,2025-04-25,Completed
PAY-0005237,ORD-0005237,Credit Card,2074.79,2025-11-08,Completed
PAY-0004004,ORD-0004004,Credit Card,null,2025-10-26,Completed
PAY-0000104,ORD-0000104,Debit Card,725.13,2025-10-18,Completed
PAY-0008816,ORD-0008816,Credit Card,179.94,2025-06-09,Completed
PAY-0005858,ORD-0005858,PayPal,1003.26,2026-06-15,Completed
PAY-0005963,ORD-0005963,Credit Card,791.82,2026-06-07,Refunded
PAY-0004455,ORD-0004455,PayPal,1800.64,2026-05-30,Refunded
PAY-0005075,ORD-0005075,Gift Card,3391.7,2026-05-05,Completed
PAY-0004393,ORD-0004393,Credit Card,1840.84,2026-05-12,Completed
PAY-0007567,ORD-0007567,PayPal,1862.25,2026-07-11,Completed
PAY-0010404,ORD-0010404,,122.35,2026-07-23,Completed
PAY-0004936,ORD-0004936,PayPal,174.85,2025-10-31,Refunded
PAY-0002996,ORD-0002996,Debit Card,747.12,2026-05-23,Completed
PAY-0011933,ORD-0011933,Debit Card,88.56,2024-06-30,Failed
PAY-0005484,ORD-0005484,PayPal,237.67,2025-07-11,Pending
PAY-0009501,ORD-0009501,PayPal,$1934.23,2026-08-30,Failed
PAY-0007119,ORD-0007119,Credit Card,3262.08,2026-05-19,Completed
PAY-0002929,ORD-0002929,Bank Transfer,1021.23,2026-06-13,Completed
PAY-0004725,ORD-0004725,Credit Card,1333.74,2026-02-05,Completed
PAY-0007006,ORD-0007006,Gift Card,962.46,2025-03-04,Failed
PAY-0011475,ORD-0011475,Credit Card,2301.0,2026-07-27,Completed
PAY-0000529,ORD-0000529,Gift Card,7228.86,2025-11-29,Completed
PAY-0011673,ORD-0011673,Credit Card,933.44,2026-07-07,Refunded
PAY-0008043,ORD-0008043,Credit Card,274.23,2025-12-30,Failed
PAY-0002230,ORD-0002230,,2005.81,2026-06-26,Pending
PAY-0010992,ORD-0010992,Debit Card,186.92,"August 01, 2024",Completed
PAY-0011128,ORD-0011128,PayPal,328.54,2026-07-29,Completed
PAY-0005087,ORD-0005087,,3542.9,2025-07-09,Refunded
PAY-0000151,ORD-0959773,PayPal,522.91,2025-06-12,Completed
PAY-0002849,ORD-0002849,Debit Card,2002.12,2025-05-09,Completed
PAY-0008951,ORD-0008951,PayPal,1037.56,2025-06-01,Completed
PAY-0005852,ORD-0005852,Debit Card,n/a,15-May-2026,Refunded
PAY-0007810,ORD-0007810,Credit Card,25.87,2024-07-19,Pending
PAY-0001127,ORD-0001127,Credit Card,268.24,2024-07-30,Completed
PAY-0006312,ORD-0006312,Credit Card,3472.92,2025-06-04,Completed
PAY-0010821,ORD-0930449,PayPal,881.09,2025-12-16,Completed
PAY-0009678,ORD-0009678,PayPal,-796.48,2026-06-04,Failed
PAY-0010170,ORD-0010170,Debit Card,2686.36,2026-07-03,Failed
PAY-0009760,ORD-0009760,PayPal,3557.63,2025-11-26,Refunded
PAY-0010848,ORD-0010848,PayPal,2270.12,2025-11-19,Completed
PAY-0001230,ORD-0001230,Credit Card,706.86,2026-08-20,Completed
PAY-0006544,ORD-0006544,Gift Card,1332.27,2025-10-02,Completed
PAY-0008132,ORD-0008132,Credit Card,1313.59,2025-11-21,Pending
PAY-0005145,ORD-0005145,Debit Card,1523.62,2025-12-22,Completed
PAY-0006076,ORD-0006076,PayPal,$4858.72,2025-08-27,Refunded
PAY-0008332,ORD-0008332,Gift Card,421.6,2025-05-08,Completed
PAY-0011229,ORD-0011229,Debit Card,1178.71,2026-07-23,Completed
PAY-0005982,ORD-0005982,Credit Card,1262.86,2026-08-13,Pending
PAY-0003736,ORD-0003736,Credit Card,3403.68abc,2024-08-11,Completed
PAY-0003868,ORD-0003868,PayPal,1619.24,2026-09-05,Completed
PAY-0010906,ORD-0010906,Gift Card,1102.25,2025-01-06,Refunded
PAY-0009973,ORD-0009973,Credit Card,2068.06,2024-03-29,Completed
PAY-0002281,ORD-0002281,Debit Card,107.55,2026-08-19,Completed
PAY-0003156,ORD-0003156,Credit Card,727.8,2026-02-08,Completed
PAY-0006562,ORD-0006562,PayPal,538.4,2026-07-22,Refunded
PAY-0001536,ORD-0001536,Debit Card,1423.67,2026-06-28,Completed
PAY-0008302,ORD-0008302,Credit Card,2223.09,2025-07-24,Completed
PAY-0002213,ORD-0002213,Credit Card,1031.94,2024-06-14,Completed
PAY-0010174,ORD-0010174,Credit Card,1064.0,2026-08-13,Completed
PAY-0006825,ORD-0006825,Debit Card,928.18,2024-04-06,Completed
PAY-0001935,ORD-0001935,Debit Card,732.66,2025-11-11,Completed
PAY-0006054,ORD-0006054,Credit Card,489.21,2026-07-20,Completed
PAY-0001627,ORD-0001627,PayPal,472.55,2026-05-27,Completed
PAY-0003098,ORD-0003098,Debit Card,447.16,2026-08-08,Completed
PAY-0000898,ORD-0000898,Credit Card,7190.24,2024-04-22,Completed
PAY-0003313,ORD-0003313,Credit Card,7211.08,2026-08-13,Completed
PAY-0008003,ORD-0008003,Debit Card,4013.99,2025-12-10,Refunded
PAY-0009338,ORD-0009338,Debit Card,3975.74,2026-08-23,Completed
PAY-0004894,ORD-0004894,Credit Card,2493.58,2026-03-17,Completed
PAY-0001175,ORD-0001175,Credit Card,206.34,2026-08-23,Completed
PAY-0001411,ORD-0001411,Credit Card,2208.9,2025-08-22,Completed
PAY-0007968,ORD-0007968,Credit Card,1268.67,2025-02-04,Completed
PAY-0000912,ORD-0000912,Gift Card,3418.92,2025-07-13,Failed
PAY-0000037,ORD-0000037,Credit Card,2059.1,2026-06-20,Completed
PAY-0003778,ORD-0003778,Gift Card,3466.9,2025-09-01,Failed
PAY-0007766,ORD-0007766,Gift Card,953.54,2026-05-08,Completed
PAY-0007289,ORD-0007289,Gift Card,3354.75,2025-10-26,Completed
PAY-0007463,ORD-0007463,Credit Card,413.71,2024-07-30,Failed
PAY-0007639,ORD-0007639,Credit Card,1949.02,2026-02-27,Completed
PAY-0010014,ORD-0010014,Debit Card,723.51,"April 22, 2026",Failed
PAY-0006172,ORD-0006172,Debit Card,438.57,2025-10-10,Completed
PAY-0006364,ORD-0006364,Debit Card,173.27,2026-07-28,Completed
PAY-0005488,ORD-0005488,PayPal,756.03,2025-01-17,Refunded
PAY-0000129,ORD-0000129,Debit Card,2686.03,2025-04-09,Completed
PAY-0005084,ORD-0005084,Credit Card,539.66,2024-12-08,Completed
PAY-0011425,ORD-0011425,Credit Card,522.99,11/18/2024,Completed
PAY-0008809,ORD-0008809,Credit Card,519.37,2026-04-24,Failed
PAY-0010829,ORD-0010829,Credit Card,947.54,2026-05-30,Refunded
PAY-0005715,ORD-0005715,PayPal,$2423.14,2026-09-06,Refunded
PAY-0007307,ORD-0007307,PayPal,3309.47,2026-01-30,Failed
PAY-0011052,ORD-0011052,Credit Card,425.02,2025-03-11,Completed
PAY-0000508,ORD-0000508,Credit Card,2789.68,"March 07, 2025",Pending
PAY-0000542,ORD-0000542,Credit Card,526.04,2025-06-30,Failed
PAY-0002518,ORD-0002518,Gift Card,1755.99,2026-08-17,Completed
PAY-0010181,ORD-0010181,Debit Card,2862.2,12/31/2025,Completed
PAY-0001421,ORD-0001421,Credit Card,1059.74,2025-06-12,Completed
PAY-0007816,ORD-0007816,Gift Card,525.27,2026-02-28,Refunded
PAY-0004033,ORD-0004033,PayPal,1177.72,2026-05-16,Completed
PAY-0006404,ORD-0006404,Credit Card,1790.7,2026-06-18,Failed
PAY-0007842,ORD-0007842,Credit Card,2437.14,2026-07-16,Completed
PAY-0011498,ORD-0011498,Bank Transfer,1017.36,2026-08-22,Failed
PAY-0002984,ORD-0002984,Credit Card,1981.23,2026-08-06,Completed
PAY-0008690,ORD-0962209,Credit Card,2252.92,2025-01-15,Completed
PAY-0001083,ORD-0001083,PayPal,3923.14,2026-08-18,Completed
PAY-0011019,ORD-0011019,Credit Card,491.98,2026-07-22,Completed
PAY-0005845,ORD-0005845,Debit Card,1879.52,2026-01-29,Completed
PAY-0002956,ORD-0002956,Debit Card,3505.04,2026-08-13,Completed
PAY-0006253,ORD-0006253,Debit Card,403.86,2025-11-22,Failed
PAY-0011138,ORD-0011138,Credit Card,1085.26,2026-08-06,Completed
PAY-0008972,ORD-0008972,Credit Card,3431.1,2025-02-16,Failed
PAY-0001007,ORD-0001007,Bank Transfer,1515.56,2025-09-28,Pending
PAY-0000332,ORD-0000332,PayPal,1096.72,2026-08-29,Failed
PAY-0005874,ORD-0005874,Credit Card,612.93,2026-07-08,Completed
PAY-0000746,ORD-0000746,Debit Card,1237.42,2026-08-12,Completed
PAY-0009778,ORD-0910842,Bank Transfer,593.74,2026-05-22,Completed
PAY-0005661,ORD-0005661,Bank Transfer,5802.56,2025-12-01,Pending
PAY-0008484,ORD-0008484,Debit Card,828.79,2026-02-14,Completed
PAY-0009165,ORD-0009165,Credit Card,1866.31,2026-06-22,Pending
PAY-0010389,ORD-0010389,Credit Card,466.8,2025-05-27,Pending
PAY-0004933,ORD-0004933,PayPal,2684.92,2025-07-13,Failed
PAY-0004893,ORD-0004893,Debit Card,3517.64,2025-01-30,Completed
PAY-0005671,ORD-0005671,Bank Transfer,2204.4,2026-04-07,Failed
PAY-0011488,ORD-0011488,,658.36,2026-08-25,Refunded
PAY-0006166,ORD-0006166,PayPal,1754.91,2024-12-25,Refunded
PAY-0005938,ORD-0005938,Gift Card,224.1,2025-10-09,Failed
PAY-0008754,ORD-0008754,Gift Card,2565.43,2026-07-23,Failed
PAY-0001131,ORD-0001131,Credit Card,54.06,2026-08-28,Completed
PAY-0008200,ORD-0008200,Debit Card,2186.8,2025-09-22,Completed
PAY-0008842,ORD-0008842,Credit Card,1797.58,2026-03-02,Pending
PAY-0008253,ORD-0008253,Gift Card,2655.0,2026-06-20,Completed
PAY-0007913,ORD-0007913,PayPal,4356.54,2026-09-03,Refunded
PAY-0003455,ORD-0003455,PayPal,1360.52,2026-04-28,Completed
PAY-0003169,ORD-0003169,PayPal,3790.67,2026-03-18,Completed
PAY-0000060,ORD-0000060,PayPal,496.2,2026-02-09,Completed
PAY-0003547,ORD-0003547,Credit Card,1076.04,2025-09-16,Failed
PAY-0010074,ORD-0010074,PayPal,278.9abc,2026-07-19,Completed
PAY-0007776,ORD-0007776,Credit Card,8434.79,2026-01-29,Completed
PAY-0006136,ORD-0006136,Credit Card,2060.98,2026-02-20,Completed
PAY-0008770,ORD-0008770,Credit Card,605.25,2026-02-28,Completed
PAY-0006810,ORD-0006810,Credit Card,2946.65,2024-10-16,Completed
PAY-0005595,ORD-0005595,Debit Card,350.74,2026-07-09,Failed
PAY-0008813,ORD-0008813,Credit Card,596.37,2025-02-03,Completed
PAY-0007932,ORD-0007932,Credit Card,1990.34,2026-06-22,Completed
PAY-0009639,ORD-0009639,Credit Card,2634.7,2026-08-23,Completed
PAY-0006495,ORD-0006495,Credit Card,394.6,2025-02-13,Completed
PAY-0010797,ORD-0010797,PayPal,$2148.2,2026-08-10,Refunded
PAY-0002500,ORD-0002500,Credit Card,2570.08,2026-08-22,Completed
PAY-0004181,ORD-0004181,Credit Card,1425.7,"August 22, 2026",Completed
PAY-0006871,ORD-0006871,Credit Card,242.52,2025-12-01,Completed
PAY-0010279,ORD-0010279,Credit Card,1095.86,2026-01-28,Pending
PAY-0010152,ORD-0917660,Credit Card,831.11,2024-09-30,Pending
PAY-0009847,ORD-0009847,Debit Card,241.78,2025-08-25,Refunded
PAY-0000296,ORD-0000296,Credit Card,540.25,2026-08-12,Failed
PAY-0010286,ORD-0010286,Debit Card,561.15,2026-04-07,Completed
PAY-0008635,ORD-0008635,PayPal,2999.64,2025-06-08,Completed
PAY-0000836,ORD-0000836,PayPal,617.28,2026-08-13,Failed
PAY-0004803,ORD-0956819,PayPal,1216.33,2025-05-01,Failed
PAY-0005124,ORD-0005124,Credit Card,5202.42,2026-02-20,Completed
PAY-0011501,ORD-0011501,Credit Card,1528.91,2026-08-29,Failed
PAY-0011594,ORD-0011594,Credit Card,2709.9,2026-03-17,Completed
PAY-0007094,ORD-0007094,PayPal,2450.28abc,2026-05-04,Completed
PAY-0000684,ORD-0000684,Debit Card,634.43,2026-08-20,Failed
PAY-0006964,ORD-0006964,Credit Card,656.62,2025-05-17,Completed
PAY-0007369,ORD-0007369,Debit Card,2688.85,2025-12-27,Refunded
PAY-0009856,ORD-0009856,PayPal,2942.21,2025-12-19,Completed
PAY-0010096,ORD-0010096,PayPal,577.27,2026-07-09,Pending
PAY-0001588,ORD-0001588,Credit Card,1931.86,2026-08-08,Refunded
PAY-0005238,ORD-0005238,Credit Card,858.59,2026-06-09,Completed
PAY-0003056,ORD-0003056,Credit Card,4918.04,2026-01-18,Completed
PAY-0005241,ORD-0005241,Credit Card,771.56,2024-07-13,Completed
PAY-0001521,ORD-0001521,Credit Card,4709.7,2026-02-08,Completed
PAY-0001205,ORD-0001205,Gift Card,703.44,2026-06-05,Completed
PAY-0008307,ORD-0008307,PayPal,53.8,2025-06-08,Completed
PAY-0004384,ORD-0004384,Bank Transfer,720.9,2026-06-28,Completed
PAY-0000679,ORD-0000679,Credit Card,767.66,2026-09-04,Completed
PAY-0004905,ORD-0004905,Debit Card,3643.75,2026-04-30,Failed
PAY-0006156,ORD-0006156,Debit Card,$811.62,2026-08-04,Completed
PAY-0008925,ORD-0008925,Debit Card,1132.58,2026-08-11,Completed
PAY-0004506,ORD-0004506,Credit Card,580.58,2025-01-31,Completed
PAY-0009464,ORD-0009464,Debit Card,942.56,2026-06-13,Completed
PAY-0003013,ORD-0003013,Credit Card,2350.1,2026-02-01,Completed
PAY-0003191,ORD-0003191,Credit Card,1118.26,2026-08-26,Failed
PAY-0001728,ORD-0946262,Credit Card,66.84,2025-03-18,Completed
PAY-0000880,ORD-0000880,,319.14,2025-11-21,Failed
PAY-0007031,ORD-0007031,Debit Card,3291.05,2026-06-16,Failed
PAY-0011681,ORD-0011681,Debit Card,1621.35,2026-04-01,Failed
PAY-0008313,ORD-0008313,Debit Card,-1596.57,2026-03-01,Completed
PAY-0011773,ORD-0011773,Bank Transfer,3411.47,2025-11-30,Completed
PAY-0011247,ORD-0011247,Credit Card,138.51,2026-07-30,Completed
PAY-0006928,ORD-0006928,Credit Card,879.7,2026-07-07,Completed
PAY-0002585,ORD-0002585,Credit Card,350.85,2026-02-17,Completed
PAY-0006457,ORD-0006457,Credit Card,$3432.68,2026-03-30,Completed
PAY-0008533,ORD-0008533,Credit Card,3801.33,2026-01-20,Failed
PAY-0008068,ORD-0008068,Credit Card,2185.71,2026-05-25,Completed
PAY-0010177,ORD-0010177,Credit Card,3166.72,2026-07-07,Completed
PAY-0011489,ORD-0011489,Gift Card,95605.75,2025-03-25,Failed
PAY-0002353,ORD-0002353,Credit Card,555.62,2026-01-08,Completed
PAY-0001791,ORD-0001791,Gift Card,1177.58,2025-09-18,Failed
PAY-0000935,ORD-0000935,PayPal,2696.18,2025-07-10,Completed
PAY-0002532,ORD-0002532,Credit Card,4266.83,2026-03-27,Completed
PAY-0008229,ORD-0008229,PayPal,3007.53,2026-04-19,Completed
PAY-0001401,ORD-0001401,Debit Card,271.31,2026-03-27,Completed
PAY-0006615,ORD-0006615,Gift Card,481.92,"March 07, 2026",Pending
PAY-0003201,ORD-0003201,Gift Card,462.1,2026-08-27,Completed
PAY-0004723,ORD-0004723,PayPal,380.62,2026-08-29,Completed
PAY-0004417,ORD-0004417,Credit Card,881.49,2026-08-30,Failed
PAY-0008636,ORD-0008636,Debit Card,290.8,2024-02-11,Completed
PAY-0006550,ORD-0006550,PayPal,1431.16,2026-05-04,Refunded
PAY-0001818,ORD-0916729,Debit Card,191323.68,2026-04-08,Completed
PAY-0003524,ORD-0003524,,810.13,2026-05-03,Failed
PAY-0010967,ORD-0010967,Debit Card,2411.13,2026-09-03,Completed
PAY-0007124,ORD-0007124,PayPal,6898.98,2025-12-19,Refunded
PAY-0004927,ORD-0004927,Debit Card,286.16,2024-05-27,Completed
PAY-0009518,ORD-0009518,Credit Card,2856.84,2024-11-07,Pending
PAY-0004558,ORD-0004558,Debit Card,3305.6,2026-08-03,Completed
PAY-0003439,ORD-0003439,Credit Card,1103.3,2025-12-18,Completed
PAY-0004369,ORD-0004369,PayPal,4478.36,2025-10-16,Completed
PAY-0009248,ORD-0009248,Debit Card,$677.35,2025-11-11,Completed
PAY-0005272,ORD-0005272,Credit Card,2630.55,2024-01-07,Pending
PAY-0002653,ORD-0002653,,2114.64,2026-08-07,Completed
PAY-0000096,ORD-0000096,Debit Card,414.38,2025-08-25,Completed
PAY-0005976,ORD-0005976,Debit Card,3262.51,2025-12-19,Completed
PAY-0009126,ORD-0009126,,1644.08,2026-02-28,Completed
PAY-0009801,ORD-0009801,Debit Card,675.15,2025-03-17,Pending
PAY-0009336,ORD-0009336,Credit Card,264.26,2025-05-28,Completed
PAY-0002084,ORD-0002084,Debit Card,444.4,2026-05-22,Completed
PAY-0000394,ORD-0000394,Credit Card,747.44,2026-05-30,Completed
PAY-0004272,ORD-0004272,Credit Card,2284.3,2026-06-19,Completed
PAY-0008305,ORD-0008305,Credit Card,1471.94,2026-06-30,Completed
PAY-0009690,ORD-0009690,PayPal,2075.72,2024-12-13,Completed
PAY-0009244,ORD-0009244,Credit Card,1123.77,2025-06-29,Completed
PAY-0000010,ORD-0000010,Debit Card,667.97,2026-09-02,Completed
PAY-0005833,ORD-0005833,Credit Card,223.26,2025-06-12,Refunded
PAY-0007392,ORD-0007392,Credit Card,722.61,2026-08-30,Refunded
PAY-0002095,ORD-0002095,Debit Card,1034.14,2026-03-06,Pending
PAY-0004348,ORD-0004348,Debit Card,1270.64,2025-06-14,Completed
PAY-0009813,ORD-0009813,Credit Card,5545.23,2026-07-08,Failed
PAY-0008131,ORD-0008131,Gift Card,5622.59,2026-07-15,Completed
PAY-0010746,ORD-0010746,Debit Card,53.94,2024-12-25,Completed
PAY-0005249,ORD-0005249,Debit Card,1899.91,2026-02-07,Pending
PAY-0001885,ORD-0001885,Debit Card,1726.04,04-Mar-2026,Failed
PAY-0002430,ORD-0002430,Debit Card,1927.09,2025-02-05,Completed
PAY-0000983,ORD-0000983,PayPal,-3489.15,2024-11-23,Failed
PAY-0000485,ORD-0000485,Gift Card,5912.81,2026-02-06,Completed
PAY-0009004,ORD-0009004,PayPal,2052.39,2025-07-07,Completed
PAY-0010449,ORD-0010449,,776.64,2026-05-19,Completed
PAY-0010921,ORD-0010921,Gift Card,1653.9,2026-08-15,Failed
PAY-0004672,ORD-0004672,Credit Card,1690.82,2025-11-19,Failed
PAY-0008500,ORD-0008500,Credit Card,471.76,2026-02-12,Completed
PAY-0000916,ORD-0000916,Bank Transfer,177.84,2025-11-25,Completed
PAY-0002472,ORD-0002472,Credit Card,2686.42,2025-12-12,Completed
PAY-0004421,ORD-0004421,Debit Card,4221.08,2025-12-15,Completed
PAY-0007730,ORD-0007730,Credit Card,561.22,2026-05-31,Completed
PAY-0000751,ORD-0000751,Credit Card,2716.26,2026-04-17,Completed
PAY-0006645,ORD-0006645,Credit Card,1451.15,2026-01-01,Completed
PAY-0011944,ORD-0011944,Credit Card,1823.78,2025-07-06,Completed
PAY-0008863,ORD-0008863,,1623.27,2025-08-30,Completed
PAY-0003826,ORD-0003826,Bank Transfer,3309.12,2026-06-01,Completed
PAY-0003602,ORD-0003602,Debit Card,2281.45,2026-04-27,Failed
PAY-0004472,ORD-0004472,Debit Card,1651.49,2025-08-18,Completed
PAY-0009568,ORD-0009568,Credit Card,1013.34,2026-06-06,Completed
PAY-0005916,ORD-0005916,Credit Card,916.15,2026-07-16,Completed
PAY-0006904,ORD-0006904,Gift Card,215.68,2026-08-15,Completed
PAY-0008963,ORD-0008963,PayPal,1664.48,2025-11-30,Failed
PAY-0010921,ORD-0010921,Gift Card,1653.9,2026-08-15,Completed
PAY-0004676,ORD-0004676,Debit Card,1705.28,2026-08-10,Completed
PAY-0011302,ORD-0011302,Gift Card,757.11,2026-08-10,Completed
PAY-0002047,ORD-0002047,Debit Card,1845.48,2025-02-28,Completed
PAY-0011689,ORD-0011689,Credit Card,365.38,2026-06-18,Completed
PAY-0006241,ORD-0006241,Gift Card,781.57,"August 31, 2026",Completed
PAY-0010059,ORD-0010059,Debit Card,203.83,2026-05-24,Completed
PAY-0006422,ORD-0006422,PayPal,1049.3,2025-03-18,Completed
PAY-0011644,ORD-0011644,Credit Card,3066.11,2025-12-10,Completed
PAY-0002978,ORD-0002978,Debit Card,2949.42,2025-05-17,Completed
PAY-0002507,ORD-0002507,Credit Card,1941.42,2026-07-21,Pending
PAY-0003618,ORD-0003618,PayPal,3617.12,09/22/2024,Refunded
PAY-0005183,ORD-0005183,Credit Card,323.5,2026-09-02,Completed
PAY-0004441,ORD-0004441,Credit Card,1718.24,2025-05-28,Completed
PAY-0000938,ORD-0000938,Credit Card,1397.62,2024-11-19,Completed
PAY-0001135,ORD-0001135,Debit Card,2643.3,2026-03-05,Completed
PAY-0003384,ORD-0003384,Credit Card,187.02,2026-09-01,Completed
PAY-0006861,ORD-0938172,Credit Card,1763.4,2026-06-06,Completed
PAY-0005027,ORD-0005027,Credit Card,456.88,2026-02-13,Refunded
PAY-0010849,ORD-0010849,,2787.58,17-Jul-2025,Completed
PAY-0010546,ORD-0010546,PayPal,1054.64,2026-08-21,Completed
PAY-0005927,ORD-0005927,Debit Card,null,2026-07-05,Failed
PAY-0004941,ORD-0004941,Credit Card,1906.38,2024-08-26,Completed
PAY-0000392,ORD-0000392,Credit Card,706.31,2024-04-03,Pending
PAY-0004775,ORD-0004775,Credit Card,1306.42,03-Jun-2026,Refunded
PAY-0002358,ORD-0002358,Credit Card,n/a,04-May-2026,Failed
PAY-0003648,ORD-0003648,Debit Card,2308.17,2025-01-05,Refunded
PAY-0007752,ORD-0007752,Debit Card,2563.05,2026-01-28,Refunded
PAY-0011866,ORD-0011866,PayPal,3501.75,2026-07-29,Completed
PAY-0009615,ORD-0009615,Bank Transfer,726.64,2026-04-13,Completed
PAY-0003891,ORD-0003891,Bank Transfer,505.03,2026-09-05,Completed
PAY-0010886,ORD-0010886,Bank Transfer,2499.8,2026-08-20,Completed
PAY-0002563,ORD-0002563,Credit Card,1927.48,2025-09-20,Completed
PAY-0011909,ORD-0011909,Credit Card,348.3,2025-05-21,Pending
PAY-0011655,ORD-0011655,Debit Card,$4933.95,2025-02-20,Completed
PAY-0008243,ORD-0008243,Debit Card,N/A,2024-09-25,Completed
PAY-0000055,ORD-0000055,Debit Card,2269.62,2024-07-08,Completed
PAY-0001284,ORD-0001284,Debit Card,1781.91,2025-12-01,Refunded
PAY-0002772,ORD-0002772,Credit Card,4847.55,"September 02, 2026",Completed
PAY-0003643,ORD-0003643,Bank Transfer,1380.76,2026-08-30,Completed
PAY-0006723,ORD-0006723,Debit Card,836.22,2025-09-25,Failed
PAY-0005525,ORD-0005525,Credit Card,487.49,2025-10-20,Completed
PAY-0005987,ORD-0005987,Debit Card,889.88,2026-07-02,Completed
PAY-0008882,ORD-0999525,PayPal,2503.66,2026-08-23,Completed
PAY-0001138,ORD-0001138,Credit Card,1678.33,2026-08-15,Failed
PAY-0003506,ORD-0003506,Debit Card,378.31,2025-04-17,Pending
PAY-0002231,ORD-0002231,Debit Card,1141.26,2025-08-03,Failed
PAY-0003371,ORD-0003371,PayPal,557.93,2023-12-17,Completed
PAY-0011621,ORD-0011621,PayPal,6035.38,2025-07-18,Completed
PAY-0007904,ORD-0007904,Debit Card,23.78,2026-05-15,Completed
PAY-0001445,ORD-0001445,Credit Card,2581.92,2026-04-14,Completed
PAY-0008838,ORD-0008838,Credit Card,1400.92,2026-02-09,Completed
PAY-0003490,ORD-0003490,Credit Card,1119.74,2026-06-12,Completed
PAY-0001128,ORD-0001128,Debit Card,546.6,2025-11-22,Failed
PAY-0006123,ORD-0006123,Credit Card,659.44,2026-05-05,Completed
PAY-0007199,ORD-0007199,Debit Card,35.42,2026-04-13,Completed
PAY-0004448,ORD-0004448,Credit Card,91.1,2026-08-03,Failed
PAY-0008052,ORD-0008052,Credit Card,293.82,2025-10-17,Refunded
PAY-0006741,ORD-0006741,PayPal,2172.3,2026-04-07,Completed
PAY-0005944,ORD-0005944,Credit Card,1462.29,2026-03-15,Completed
PAY-0004166,ORD-0004166,Debit Card,857.52,2026-08-07,Pending
PAY-0010714,ORD-0010714,Credit Card,31169.3,2025-07-29,Completed
PAY-0005753,ORD-0005753,Debit Card,472.0,2026-03-27,Completed
PAY-0004807,ORD-0004807,,1823.42,2026-06-08,Completed
PAY-0011607,ORD-0011607,PayPal,5788.11,2024-12-26,Pending
PAY-0004178,ORD-0004178,Credit Card,430.9,2026-08-25,Completed
PAY-0004956,ORD-0004956,,2956.56,2026-04-08,Failed
PAY-0001266,ORD-0001266,Credit Card,2383.97,2024-12-21,Completed
PAY-0003946,ORD-0003946,Gift Card,91.14,2025-09-27,Completed
PAY-0007517,ORD-0007517,Debit Card,1364.19,2025-06-14,Failed
PAY-0008570,ORD-0008570,Credit Card,52.88,2026-01-02,Failed
PAY-0000722,ORD-0000722,PayPal,294.61,2026-02-19,Pending
PAY-0004289,ORD-0004289,PayPal,2959.65,2026-02-10,Completed
PAY-0009747,ORD-0009747,Credit Card,489.7,2026-06-20,Completed
PAY-0009686,ORD-0009686,Bank Transfer,1292.86,2025-09-15,Failed
PAY-0001516,ORD-0001516,Credit Card,1546.78,2026-05-01,Completed
PAY-0000834,ORD-0000834,Gift Card,1123.28,2025-09-12,Completed
PAY-0001906,ORD-0001906,PayPal,675.07,2026-07-10,Failed
PAY-0002699,ORD-0002699,PayPal,3600.45,2026-01-10,Completed
PAY-0007651,ORD-0007651,Debit Card,1342.78,2026-01-02,Completed
PAY-0008846,ORD-0008846,Credit Card,2532.14,2026-01-11,Completed
PAY-0002410,ORD-0002410,Credit Card,3190.92,2026-04-15,Pending
PAY-0006435,ORD-0006435,Debit Card,-2404.97,2026-08-17,Completed
PAY-0009124,ORD-0009124,PayPal,528.52,2026-06-08,Completed
PAY-0007584,ORD-0007584,Bank Transfer,2149.57,2025-09-23,Refunded
PAY-0002197,ORD-0002197,PayPal,1687.7,2026-08-02,Completed
PAY-0007340,ORD-0007340,PayPal,948.06,2025-05-24,Completed
PAY-0004007,ORD-0004007,PayPal,694.73,2026-08-08,Completed
PAY-0008272,ORD-0008272,Credit Card,1511.2,2026-07-13,Pending
PAY-0000184,ORD-0000184,Credit Card,6442.8,2026-05-09,Failed
PAY-0002701,ORD-0002701,Gift Card,941.24,2026-06-28,Completed
PAY-0001916,ORD-0001916,Debit Card,1857.58,2026-03-19,Refunded
PAY-0004487,ORD-0004487,PayPal,358.38,2025-11-14,Completed
PAY-0006647,ORD-0006647,Debit Card,4211.16,2024-04-21,Completed
PAY-0009406,ORD-0009406,Credit Card,3553.63,2026-05-15,Completed
PAY-0001046,ORD-0001046,Debit Card,n/a,2024-12-17,Completed
PAY-0000159,ORD-0000159,Credit Card,225519.56,2026-07-27,Refunded
PAY-0006809,ORD-0006809,Credit Card,848.27,2026-05-24,Pending
PAY-0010895,ORD-0010895,Credit Card,112848.89,2026-08-31,Pending
PAY-0000307,ORD-0000307,Gift Card,2077.85,2026-08-16,Completed
PAY-0006537,ORD-0006537,Credit Card,98.4,2026-07-27,Completed
PAY-0005386,ORD-0005386,Debit Card,544.34,2025-11-03,Completed
PAY-0011314,ORD-0011314,Credit Card,1154.67,2026-06-08,Completed
PAY-0007562,ORD-0007562,Credit Card,695.78,2026-05-22,Completed
PAY-0005687,ORD-0005687,PayPal,3460.55,2026-07-15,Failed
PAY-0004155,ORD-0004155,Bank Transfer,454.35,2025-11-05,Completed
PAY-0009698,ORD-0951957,Bank Transfer,1244.94,2025-03-24,Refunded
PAY-0007917,ORD-0007917,Credit Card,682.97,2026-05-18,Completed
PAY-0010481,ORD-0010481,Gift Card,811.57,2026-05-26,Completed
PAY-0011210,ORD-0011210,Debit Card,489.72,2026-08-21,Pending
PAY-0002035,ORD-0002035,Credit Card,720.08,2025-10-04,Failed
PAY-0006486,ORD-0006486,PayPal,3866.4,2026-05-01,Failed
PAY-0003358,ORD-0003358,,408.25,2025-12-05,Pending
PAY-0007894,ORD-0007894,PayPal,4923.24,2026-02-26,Completed
PAY-0005747,ORD-0005747,PayPal,598.9,2026-08-02,Completed
PAY-0009805,ORD-0009805,Debit Card,528.08,2025-12-10,Completed
PAY-0009859,ORD-0009859,Credit Card,638.27,2025-03-10,Pending
PAY-0009081,ORD-0009081,PayPal,920.26,2025-09-14,Failed
PAY-0004464,ORD-0004464,Credit Card,1577.59,2026-03-06,Refunded
PAY-0004095,ORD-0004095,PayPal,4039.78,2026-07-10,Failed
PAY-0005786,ORD-0005786,Debit Card,4051.06,2025-12-11,Pending
PAY-0002665,ORD-0002665,Credit Card,-1719.18,2024-05-22,Completed
PAY-0008800,ORD-0008800,PayPal,731.18,2026-02-20,Completed
PAY-0008212,ORD-0008212,PayPal,290.32,2025-07-26,Completed
PAY-0011610,ORD-0011610,Gift Card,3311.78,2026-08-05,Completed
PAY-0003404,ORD-0003404,Credit Card,4985.47,2026-06-21,Completed
PAY-0000890,ORD-0000890,PayPal,1411.72,2025-05-09,Pending
PAY-0001998,ORD-0001998,PayPal,1679.72,2026-08-22,Completed
PAY-0002732,ORD-0002732,Debit Card,2367.14,2026-09-08,Pending
PAY-0002752,ORD-0002752,Debit Card,499.74,2026-03-11,Completed
PAY-0003298,ORD-0003298,Gift Card,632.12,2024-11-10,Completed
PAY-0002521,ORD-0002521,Gift Card,1593.09,2026-09-05,Pending
PAY-0005108,ORD-0005108,Gift Card,3241.15,2025-01-25,Completed
PAY-0009492,ORD-0009492,PayPal,2823.67,2026-01-31,Failed
PAY-0002016,ORD-0002016,Gift Card,1542.94,2024-04-15,Refunded
PAY-0001020,ORD-0001020,Credit Card,358.36,2024-09-19,Completed
PAY-0002898,ORD-0002898,Debit Card,25.22,2026-04-04,Completed
PAY-0009165,ORD-0009165,Credit Card,1866.31,2026-06-22,Pending
PAY-0004700,ORD-0004700,Credit Card,2202.24,2025-05-10,Completed
PAY-0007672,ORD-0007672,Credit Card,997.8,2026-06-05,Completed
PAY-0007459,ORD-0007459,Credit Card,4902.66,2026-08-07,Refunded
PAY-0004655,ORD-0004655,Credit Card,4001.9,2025-04-08,Completed
PAY-0007621,ORD-0007621,Credit Card,1165.86,2024-11-30,Failed
PAY-0003562,ORD-0003562,PayPal,841.5,2026-02-18,Completed
PAY-0010854,ORD-0010854,Debit Card,700.94,2026-03-13,Completed
PAY-0003724,ORD-0003724,,708.79,2026-08-06,Completed
PAY-0003889,ORD-0003889,Credit Card,5566.49,2024-08-23,Completed
PAY-0009012,ORD-0009012,,301.11,2026-06-04,Completed
PAY-0004229,ORD-0004229,Gift Card,1136.16,2025-03-02,Completed
PAY-0008822,ORD-0008822,Bank Transfer,5041.39,2026-08-21,Pending
PAY-0003843,ORD-0003843,Debit Card,1194.22,2025-03-15,Completed
PAY-0006450,ORD-0006450,PayPal,2463.17abc,2026-03-12,Completed
PAY-0004990,ORD-0004990,PayPal,6678.67,2026-03-07,Refunded
PAY-0009770,ORD-0009770,PayPal,499.22,2026-08-18,Completed
PAY-0005324,ORD-0005324,Debit Card,1390.52,2025-03-21,Completed
PAY-0007291,ORD-0007291,Credit Card,437.66,2026-04-25,Failed
PAY-0007040,ORD-0007040,Credit Card,1613.52,2026-07-31,Refunded
PAY-0005641,ORD-0005641,Credit Card,989.73,"August 20, 2025",Completed
PAY-0007576,ORD-0007576,Debit Card,2419.69,2025-10-25,Completed
PAY-0001586,ORD-0001586,PayPal,626.7,2026-09-04,Completed
PAY-0010113,ORD-0010113,Debit Card,794.49,2025-10-23,Completed
PAY-0009672,ORD-0009672,PayPal,712.8,2026-05-16,Completed
PAY-0001420,ORD-0001420,Debit Card,5598.83,2026-02-25,Failed
PAY-0006878,ORD-0006878,Credit Card,329.29,2025-07-15,Failed
PAY-0006867,ORD-0006867,Debit Card,1110.48,2025-09-28,Completed
PAY-0004916,ORD-0004916,Credit Card,2246.54,2026-01-30,Refunded
PAY-0005735,ORD-0005735,Credit Card,605.7,08-Oct-2024,Completed
PAY-0008992,ORD-0008992,Debit Card,885.48,2024-09-14,Failed
PAY-0008512,ORD-0008512,Debit Card,3591.17,2025-04-27,Completed
PAY-0001238,ORD-0001238,Credit Card,2236.3,2026-08-10,Pending
PAY-0008051,ORD-0008051,Credit Card,2191.18,2025-06-02,Completed
PAY-0011674,ORD-0011674,Credit Card,n/a,2024-05-02,Pending
PAY-0001390,ORD-0001390,Bank Transfer,1273.74,2025-10-01,Completed
PAY-0008595,ORD-0008595,PayPal,327.17,2026-07-30,Pending
PAY-0000517,ORD-0000517,Credit Card,624.26,2026-05-28,Pending
PAY-0003948,ORD-0003948,Credit Card,372.16,2026-06-17,Refunded
PAY-0009276,ORD-0009276,PayPal,5926.67,2026-06-21,Failed
PAY-0003381,ORD-0003381,PayPal,479.9,2025-12-03,Completed
PAY-0006727,ORD-0006727,Debit Card,1091.31,2026-04-24,Completed
PAY-0004583,ORD-0004583,Debit Card,990.45,2025-11-21,Completed
PAY-0008727,ORD-0008727,Debit Card,704.08,2026-07-11,Completed
PAY-0008150,ORD-0008150,Debit Card,424.09,2026-07-21,Completed
PAY-0002414,ORD-0002414,Credit Card,1279.12,2025-06-01,Completed
PAY-0008645,ORD-0008645,PayPal,572.14,2026-01-01,Failed
PAY-0007986,ORD-0007986,PayPal,2121.44,2025-08-01,Completed
PAY-0005485,ORD-0005485,PayPal,1390.97,2026-04-14,Refunded
PAY-0003939,ORD-0003939,Credit Card,1506.92,2024-07-26,Completed
PAY-0001416,ORD-0001416,Bank Transfer,561.77,2026-07-04,Completed
PAY-0009545,ORD-0009545,PayPal,3956.8,2026-07-22,Pending
PAY-0006670,ORD-0006670,Credit Card,467.77,2025-12-11,Failed
PAY-0004847,ORD-0004847,,2665.82,2026-08-15,Failed
PAY-0000074,ORD-0000074,Debit Card,2886.9,2025-12-15,Pending
PAY-0005966,ORD-0005966,Credit Card,558.85,2026-08-18,Completed
PAY-0008674,ORD-0008674,Debit Card,165774.85,2025-01-10,Failed
PAY-0007177,ORD-0007177,PayPal,3542.44,2026-05-03,Completed
PAY-0000999,ORD-0000999,Gift Card,2241.8,2024-11-02,Failed
PAY-0000232,ORD-0000232,Debit Card,1955.43,2026-08-17,Pending
PAY-0003186,ORD-0003186,PayPal,893.87,2025-09-15,Completed
PAY-0011696,ORD-0011696,Credit Card,1138.55,2026-07-07,Completed
PAY-0005696,ORD-0005696,Debit Card,879.14,2025-01-28,Completed
PAY-0004773,ORD-0004773,,697351.29,2026-04-19,Failed
PAY-0001774,ORD-0001774,Credit Card,122.46,2026-08-20,Completed
PAY-0007932,ORD-0007932,Credit Card,1990.34,2026-06-22,Completed
PAY-0007442,ORD-0007442,Credit Card,?,2026-03-01,Completed
PAY-0005050,ORD-0005050,Credit Card,375.33,2026-09-05,Failed
PAY-0009977,ORD-0009977,Bank Transfer,4347.25,2025-08-24,Completed
PAY-0004248,ORD-0004248,Credit Card,861.38,2026-08-21,Completed
PAY-0007532,ORD-0007532,Credit Card,702.38,2025-04-06,Completed
PAY-0004477,ORD-0004477,Debit Card,1150.83,2025-06-27,Failed
PAY-0001955,ORD-0001955,Debit Card,6124.09,2026-09-04,Refunded
PAY-0011488,ORD-0011488,,658.36,2026-08-25,Refunded
PAY-0009655,ORD-0009655,Debit Card,1542.12,2026-05-28,Completed
PAY-0010713,ORD-0010713,Gift Card,590.79,2026-09-04,Failed
PAY-0006170,ORD-0006170,Credit Card,-1657.86,2026-03-28,Completed
PAY-0002002,ORD-0002002,Debit Card,560.84,2024-10-11,Completed
PAY-0002880,ORD-0002880,Credit Card,3226.96,2026-03-23,Failed
PAY-0011626,ORD-0011626,Credit Card,2748.3,2026-08-20,Completed
PAY-0010435,ORD-0010435,PayPal,258.98,2026-06-27,Completed
PAY-0009842,ORD-0009842,PayPal,2077.08,"April 02, 2026",Failed
PAY-0004423,ORD-0004423,Credit Card,444.2,2025-10-29,Completed
PAY-0000190,ORD-0000190,PayPal,2322.2,2026-08-26,Refunded
PAY-0010495,ORD-0010495,Credit Card,3230.37,2026-06-26,Pending
PAY-0008141,ORD-0008141,Gift Card,120.91,2026-08-06,Completed
PAY-0011547,ORD-0011547,PayPal,226.69,2026-08-28,Completed
PAY-0005158,ORD-0005158,Credit Card,441.26,2025-05-24,Completed
PAY-0007311,ORD-0007311,PayPal,1268.22,2026-04-27,Completed
PAY-0006033,ORD-0006033,Debit Card,49.06,2024-05-22,Completed
PAY-0007283,ORD-0007283,Debit Card,1049.26,2025-03-14,Completed
PAY-0002555,ORD-0002555,Bank Transfer,4503.81,2025-08-10,Completed
PAY-0005776,ORD-0005776,PayPal,563.54,2024-09-08,Completed
PAY-0004588,ORD-0004588,Debit Card,554.21,2026-06-24,Completed
PAY-0009034,ORD-0009034,Debit Card,2551.61,2024-10-30,Completed
PAY-0008344,ORD-0008344,Gift Card,809.42,2025-12-13,Pending
PAY-0000692,ORD-0000692,Bank Transfer,422.05,2026-08-29,Completed
PAY-0002144,ORD-0002144,Credit Card,5768.6,2026-09-03,Completed
PAY-0000416,ORD-0000416,Credit Card,992.45,2026-06-11,Pending
PAY-0004415,ORD-0004415,Credit Card,$880.12,2025-06-25,Completed
PAY-0009167,ORD-0009167,Credit Card,561.41,2026-04-18,Completed
PAY-0004815,ORD-0004815,PayPal,3274.39,2025-01-28,Pending
PAY-0006660,ORD-0006660,Credit Card,935.98,2026-07-23,Refunded
PAY-0004381,ORD-0004381,Credit Card,1947.27,2025-10-18,Pending
PAY-0010451,ORD-0010451,PayPal,2793.18,2026-08-21,Completed
PAY-0005979,ORD-0005979,,1666.78,2025-01-16,Pending
PAY-0009790,ORD-0009790,Credit Card,420.76,2026-07-05,Pending
PAY-0002279,ORD-0002279,PayPal,1019.45,2026-01-02,Completed
PAY-0005275,ORD-0005275,PayPal,209.81,2026-04-23,Completed
PAY-0002463,ORD-0002463,PayPal,67.28,2026-09-03,Completed
PAY-0010223,ORD-0010223,Credit Card,3677.92,2026-09-03,Completed
PAY-0004976,ORD-0004976,Credit Card,2589.48,2025-04-10,Failed
PAY-0010341,ORD-0010341,PayPal,1873.4,2025-12-07,Completed
PAY-0000326,ORD-0000326,Credit Card,1449.64,2024-05-25,Completed
PAY-0005826,ORD-0005826,Credit Card,6057.23,2026-09-05,Completed
PAY-0010878,ORD-0010878,Credit Card,1845.48,2025-02-13,Completed
PAY-0009535,ORD-0009535,Debit Card,1501.46,2026-01-07,Completed
PAY-0009894,ORD-0009894,Debit Card,1138.99,2026-09-05,Completed
PAY-0000915,ORD-0000915,Gift Card,1455.99,2026-07-22,Pending
PAY-0006072,ORD-0006072,Debit Card,203.92,2026-06-22,Completed
PAY-0008820,ORD-0008820,Credit Card,216.53,2025-03-05,Completed
PAY-0008057,ORD-0008057,Credit Card,3143.92,2026-07-31,Completed
PAY-0000689,ORD-0000689,Debit Card,3016.68,2024-11-27,Completed
PAY-0004910,ORD-0004910,Debit Card,3443.87,2026-07-06,Completed
PAY-0002793,ORD-0002793,Credit Card,563.65,2025-12-08,Pending
PAY-0006169,ORD-0006169,PayPal,81.4,2025-12-06,Refunded
PAY-0011096,ORD-0011096,Bank Transfer,3016.75,2025-10-04,Completed
PAY-0005125,ORD-0005125,PayPal,1679.9,07-Jun-2025,Pending
PAY-0009131,ORD-0009131,Credit Card,343.78,22-Oct-2025,Failed
PAY-0011907,ORD-0011907,Gift Card,2674.14,2026-04-06,Completed
PAY-0007838,ORD-0007838,Debit Card,752.07,2026-06-08,Completed
PAY-0011156,ORD-0011156,PayPal,2379.17,2025-05-15,Failed
PAY-0011284,ORD-0011284,Gift Card,1827.85,2026-01-24,Pending
PAY-0007865,ORD-0007865,Credit Card,2748.61,2025-09-10,Completed
PAY-0010827,ORD-0010827,PayPal,719.34,2026-07-28,Failed
PAY-0008908,ORD-0008908,Credit Card,1684.24,2026-09-04,Completed
PAY-0006798,ORD-0006798,Gift Card,774.88,2025-09-26,Completed
PAY-0009038,ORD-0009038,Credit Card,467.98,2025-10-14,Completed
PAY-0000567,ORD-0000567,Debit Card,1007.02,2026-01-10,Completed
PAY-0006958,ORD-0006958,Debit Card,3430.33,2024-11-14,Completed
PAY-0003920,ORD-0003920,PayPal,2409.03,2024-03-03,Completed
PAY-0011243,ORD-0011243,Gift Card,3858.85,02/16/2026,Completed
PAY-0002945,ORD-0002945,Credit Card,1444.71,2024-06-01,Completed
PAY-0007334,ORD-0007334,Debit Card,2698.64,2026-04-10,Completed
PAY-0004471,ORD-0937073,Credit Card,5131.29,02-Sep-2026,Failed
PAY-0006679,ORD-0006679,Credit Card,3647.19,2025-09-24,Completed
PAY-0002901,ORD-0002901,PayPal,2981.9,2025-02-10,Failed
PAY-0003819,ORD-0003819,PayPal,1038.04,2024-08-28,Refunded
PAY-0006275,ORD-0957001,Debit Card,2348.84,2025-10-29,Pending
PAY-0010679,ORD-0010679,Debit Card,629.0,2025-08-04,Pending
PAY-0010292,ORD-0010292,Credit Card,1832.58,2023-11-30,Completed
PAY-0004846,ORD-0004846,,1802.62,2026-09-08,Completed
PAY-0003715,ORD-0003715,Credit Card,730.76,2026-05-03,Completed
PAY-0007712,ORD-0007712,PayPal,292.69,2026-02-01,Completed
PAY-0000681,ORD-0000681,Debit Card,853.48,2026-04-22,Completed
PAY-0005119,ORD-0005119,Gift Card,2376.13,2026-03-06,Completed
PAY-0009352,ORD-0009352,Credit Card,282.52,2026-08-07,Refunded
PAY-0009873,ORD-0009873,Debit Card,886.85,2026-01-12,Failed
PAY-0005423,ORD-0005423,Gift Card,1854.84,2025-12-07,Failed
PAY-0008503,ORD-0008503,Debit Card,1880.24,2024-06-11,Completed
PAY-0006819,ORD-0006819,Debit Card,1126.11,2026-07-10,Completed
PAY-0000566,ORD-0000566,Gift Card,634.67,2026-09-02,Pending
PAY-0002602,ORD-0002602,Debit Card,3865.21,2026-09-03,Completed
PAY-0003075,ORD-0003075,PayPal,1097.61,2026-06-08,Completed
PAY-0007367,ORD-0007367,Credit Card,3812.59,2025-03-01,Completed
PAY-0003054,ORD-0003054,Debit Card,523.58,2025-01-12,Failed
PAY-0008241,ORD-0008241,Credit Card,821.4,2025-10-09,Completed
PAY-0003006,ORD-0003006,Gift Card,405.2,2025-08-05,Completed
PAY-0005498,ORD-0005498,Debit Card,2560.57,2024-06-22,Completed
PAY-0006053,ORD-0963708,Credit Card,1477.54,2026-06-29,Completed
PAY-0000582,ORD-0000582,Debit Card,2318.61,2026-06-19,Completed
PAY-0010604,ORD-0010604,Credit Card,603.09,2026-07-16,Completed
PAY-0004877,ORD-0004877,Credit Card,887.97,2026-07-14,Completed
PAY-0003051,ORD-0003051,Credit Card,3374.19,2026-09-05,Completed
PAY-0003985,ORD-0003985,Credit Card,813.24,2025-07-12,Pending
PAY-0001106,ORD-0001106,Debit Card,840.1,2026-08-26,Completed
PAY-0008771,ORD-0008771,Credit Card,734.92,2025-11-02,Refunded
PAY-0008233,ORD-0008233,Gift Card,268.49,2025-03-04,Pending
PAY-0004597,ORD-0004597,Credit Card,3562.36,2026-05-16,Completed
PAY-0009436,ORD-0009436,PayPal,760.14,2026-05-16,Completed
PAY-0008641,ORD-0008641,PayPal,139.25,2026-05-18,Pending
PAY-0004138,ORD-0004138,Credit Card,790.35,2025-08-16,Completed
PAY-0008216,ORD-0008216,Debit Card,2351.28,2026-02-05,Failed
PAY-0006694,ORD-0006694,Debit Card,948.1,2026-04-19,Completed
PAY-0000504,ORD-0000504,Credit Card,741.84,2026-03-25,Completed
PAY-0002024,ORD-0002024,Credit Card,796.35,2025-02-19,Completed
PAY-0003651,ORD-0003651,Gift Card,2544.21,2025-07-10,Failed
PAY-0011233,ORD-0011233,Debit Card,478.63,2026-02-10,Completed
PAY-0007227,ORD-0007227,Debit Card,648.9,2025-08-03,Pending
PAY-0004042,ORD-0004042,Debit Card,403.14,2025-02-25,Refunded
PAY-0000972,ORD-0000972,Credit Card,1332.92,2025-06-09,Completed
PAY-0005379,ORD-0005379,Gift Card,1272.87,2025-06-14,Completed
PAY-0002997,ORD-0002997,Credit Card,1879.2,2026-06-08,Completed
PAY-0000376,ORD-0000376,Credit Card,1472.92,2025-10-30,Completed
PAY-0004100,ORD-0004100,PayPal,756.38,2024-12-22,Completed
PAY-0003989,ORD-0003989,Credit Card,1693.23,2025-05-03,Completed
PAY-0005793,ORD-0005793,Credit Card,232.66,2025-02-08,Pending
PAY-0004161,ORD-0004161,Debit Card,3549.98,2026-05-05,Failed
PAY-0007344,ORD-0007344,Debit Card,34.52,2026-09-02,Completed
PAY-0003966,ORD-0003966,Credit Card,unknown,2026-09-01,Completed
PAY-0001473,ORD-0001473,Debit Card,1846.84,2026-03-05,Completed
PAY-0000188,ORD-0000188,Debit Card,1547.08,2026-03-29,Completed
PAY-0001821,ORD-0902354,PayPal,71.24,2025-09-28,Pending
PAY-0003029,ORD-0003029,Credit Card,4570.9,2026-02-09,Completed
PAY-0011671,ORD-0011671,PayPal,4351.86,2026-07-27,Completed
PAY-0009308,ORD-0009308,Debit Card,123.6,2025-12-15,Completed
PAY-0002022,ORD-0002022,PayPal,1067.31,2026-09-04,Failed
PAY-0006644,ORD-0006644,PayPal,562.13,2026-08-20,Completed
PAY-0000273,ORD-0000273,Credit Card,411.08,2025-12-26,Completed
PAY-0008187,ORD-0008187,Debit Card,1926.31,2026-02-06,Failed
PAY-0009436,ORD-0009436,PayPal,760.14,2026-05-16,Completed
PAY-0008924,ORD-0008924,Debit Card,77784.66,2026-08-23,Completed
PAY-0006045,ORD-0006045,Debit Card,547.56,"June 27, 2026",Completed
PAY-0010211,ORD-0010211,Gift Card,611.36,2026-01-11,Failed
PAY-0002660,ORD-0002660,Debit Card,865.26,2026-06-29,Completed
PAY-0000642,ORD-0000642,PayPal,3172.21,2026-08-13,Failed
PAY-0006885,ORD-0006885,PayPal,4192.86,2026-06-04,Refunded
PAY-0007491,ORD-0007491,Bank Transfer,147.27,2026-08-30,Completed
PAY-0003074,ORD-0003074,Debit Card,44315.04,2026-08-20,Refunded
PAY-0004391,ORD-0004391,Credit Card,1053.02,2026-04-08,Completed
PAY-0006368,ORD-0006368,PayPal,1478.73,2025-10-16,Pending
PAY-0007447,ORD-0007447,Debit Card,2021.1,2026-05-05,Pending
PAY-0001084,ORD-0001084,Debit Card,1415.23,2026-09-02,Completed
PAY-0007527,ORD-0007527,Debit Card,971.11,2026-05-09,Pending
PAY-0001344,ORD-0001344,PayPal,4164.01,2025-08-01,Completed
PAY-0009358,ORD-0009358,Gift Card,1561.99,2025-08-20,Failed
PAY-0002787,ORD-0002787,Credit Card,2218.67,2024-05-22,Refunded
PAY-0005283,ORD-0005283,Credit Card,231.98,2025-11-24,Pending
PAY-0002527,ORD-0002527,Debit Card,$753.19,2026-01-22,Completed
PAY-0000458,ORD-0000458,Debit Card,124.87,2025-08-17,Completed
PAY-0011969,ORD-0011969,Credit Card,77.03,2026-08-05,Failed
PAY-0009174,ORD-0009174,Debit Card,2797.78,"January 11, 2026",Completed
PAY-0008373,ORD-0008373,Debit Card,87.63,2026-08-31,Completed
PAY-0010497,ORD-0010497,Debit Card,3288.14,2025-06-24,Completed
PAY-0009951,ORD-0009951,Gift Card,623.89,2026-04-28,Completed
PAY-0009074,ORD-0009074,Credit Card,1349.25,2026-04-20,Completed
PAY-0010441,ORD-0010441,PayPal,2277.3,2024-08-20,Failed
PAY-0009486,ORD-0009486,Debit Card,2020.89,2026-08-18,Completed
PAY-0005463,ORD-0005463,Gift Card,92.55,16-Aug-2026,Completed
PAY-0000417,ORD-0000417,Credit Card,3265.57,2026-05-03,Pending
PAY-0010062,ORD-0010062,Credit Card,842.96,2024-08-16,Completed
PAY-0009794,ORD-0009794,Credit Card,1541.95,2026-09-06,Completed
PAY-0008682,ORD-0008682,Debit Card,3389.3,2025-08-11,Failed
PAY-0003480,ORD-0003480,PayPal,1766.7,2026-04-14,Refunded
PAY-0003662,ORD-0003662,Credit Card,1795.81,2024-05-02,Completed
PAY-0010366,ORD-0010366,Debit Card,540.14,2026-02-10,Completed
PAY-0009674,ORD-0009674,Gift Card,124.02,2025-06-02,Completed
PAY-0006273,ORD-0006273,Credit Card,791.84,30-Jun-2025,Completed
PAY-0007443,ORD-0007443,Credit Card,5186.59,2026-04-20,Pending
PAY-0002968,ORD-0002968,Credit Card,1771.08,2026-01-04,Completed
PAY-0008464,ORD-0008464,Credit Card,3728.58,2026-06-14,Completed
PAY-0006288,ORD-0006288,Gift Card,44.94,2026-09-03,Completed
PAY-0008206,ORD-0008206,Credit Card,632.41,2026-08-07,Completed
PAY-0004604,ORD-0004604,Credit Card,2151.6,2026-08-27,Completed
PAY-0010430,ORD-0010430,Debit Card,1453.45,01/26/2026,Failed
PAY-0005374,ORD-0005374,Debit Card,618.92,2026-06-09,Completed
PAY-0006744,ORD-0006744,Debit Card,206.59,2026-04-30,Completed
PAY-0010117,ORD-0010117,Credit Card,3024.46,2025-12-29,Pending
PAY-0008913,ORD-0008913,Debit Card,118.57,04-Jul-2025,Completed
PAY-0009799,ORD-0009799,Gift Card,3789.01,2026-06-18,Completed
PAY-0003124,ORD-0003124,Credit Card,2196.6,11-Aug-2026,Completed
PAY-0003994,ORD-0003994,Gift Card,1183.38,2026-07-27,Completed
PAY-0004829,ORD-0004829,Gift Card,852.96,2026-05-26,Refunded
PAY-0003603,ORD-0003603,Bank Transfer,1622.76,2025-12-16,Pending
PAY-0009002,ORD-0009002,PayPal,1342.26,2026-08-23,Completed
PAY-0003858,ORD-0003858,Credit Card,617.23,2026-06-29,Completed
PAY-0000135,ORD-0000135,PayPal,853.43,2025-11-17,Completed
PAY-0007343,ORD-0007343,,4113.41,2024-07-13,Completed
PAY-0010796,ORD-0010796,Bank Transfer,2506.97,2026-01-04,Completed
PAY-0008438,ORD-0008438,Credit Card,547.73,04/06/2026,Completed
PAY-0010917,ORD-0010917,,5533.4,2026-04-11,Failed
PAY-0001690,ORD-0001690,Gift Card,389.84,2026-07-17,Completed
PAY-0009045,ORD-0009045,Credit Card,981.02,2025-10-02,Completed
PAY-0008237,ORD-0008237,Credit Card,648.2,2025-09-18,Refunded
PAY-0000461,ORD-0000461,Credit Card,677.33,2026-07-23,Completed
PAY-0005700,ORD-0005700,Bank Transfer,116.15,2025-11-14,Pending
PAY-0011192,ORD-0011192,Debit Card,1660.78,2025-11-23,Completed
PAY-0009205,ORD-0009205,Credit Card,461.96,2024-11-29,Completed
PAY-0004149,ORD-0004149,Gift Card,911.21,2026-08-04,Completed
PAY-0001121,ORD-0001121,Credit Card,355.56,2024-11-14,Completed
PAY-0006451,ORD-0006451,Gift Card,970.74,2026-01-16,Completed
PAY-0011075,ORD-0011075,,1314.75,2026-02-28,Completed
PAY-0001743,ORD-0001743,PayPal,425.39,2025-08-16,Failed
PAY-0004217,ORD-0004217,Credit Card,1347.1,2025-06-30,Completed
PAY-0003642,ORD-0003642,PayPal,300.72,2026-05-10,Completed
PAY-0009365,ORD-0009365,PayPal,831.71,2026-08-03,Completed
PAY-0000383,ORD-0000383,PayPal,1274.98,2026-01-12,Completed
PAY-0010791,ORD-0010791,Credit Card,684.11,2026-04-28,Completed
PAY-0001014,ORD-0001014,Credit Card,4991.39,2025-07-12,Completed
PAY-0004712,ORD-0004712,Debit Card,703.28,2024-10-19,Refunded
PAY-0001841,ORD-0001841,PayPal,3274.83,2026-06-04,Completed
PAY-0002683,ORD-0002683,Credit Card,2535.62,2025-10-29,Completed
PAY-0002044,ORD-0002044,Credit Card,2001.71,2026-08-14,Completed
PAY-0009944,ORD-0009944,Debit Card,359.09,2025-07-21,Completed
PAY-0010213,ORD-0931776,Debit Card,205.74,2026-07-22,Completed
PAY-0006579,ORD-0006579,Credit Card,2985.02,2025-11-02,Pending
PAY-0001102,ORD-0001102,Debit Card,848.28,2026-04-16,Completed
PAY-0002588,ORD-0002588,Gift Card,3590.7,2024-05-01,Completed
PAY-0007358,ORD-0007358,Debit Card,1954.52,2026-03-20,Completed
PAY-0006015,ORD-0006015,,925.08,2025-02-27,Completed
PAY-0010966,ORD-0010966,PayPal,186.75,2025-07-22,Completed
PAY-0010775,ORD-0010775,Gift Card,1391.26,2026-09-02,Completed
PAY-0001761,ORD-0960769,PayPal,2398.83,2024-03-14,Completed
PAY-0007682,ORD-0007682,Credit Card,151.34,2025-07-26,Failed
PAY-0011095,ORD-0011095,Credit Card,2828.42,2024-09-23,Failed
PAY-0005135,ORD-0005135,PayPal,1360.37,2025-10-26,Completed
PAY-0010463,ORD-0010463,Bank Transfer,257.68,2026-07-15,Failed
PAY-0007163,ORD-0007163,Credit Card,747.58,2026-08-02,Failed
PAY-0007705,ORD-0007705,Debit Card,3516.33,04-Aug-2024,Completed
PAY-0003138,ORD-0003138,Debit Card,638.5,2025-05-05,Completed
PAY-0003154,ORD-0003154,Debit Card,568.81,2025-09-25,Completed
PAY-0004525,ORD-0004525,Credit Card,1043.36,2026-02-09,Failed
PAY-0000861,ORD-0000861,Credit Card,1837.0,2026-08-20,Completed
PAY-0008434,ORD-0008434,PayPal,744.97,2026-07-24,Refunded
PAY-0007074,ORD-0007074,PayPal,2750.7,2025-12-25,Failed
PAY-0003974,ORD-0003974,Credit Card,2446.8,2026-08-30,Completed
PAY-0003584,ORD-0003584,Credit Card,-411.76,2026-02-10,Refunded
PAY-0001552,ORD-0001552,Credit Card,485.69,2026-02-27,Completed
PAY-0001748,ORD-0001748,Credit Card,-410.72,2025-10-25,Completed
PAY-0005552,ORD-0005552,Debit Card,1560.54,2025-10-11,Completed
PAY-0002960,ORD-0002960,Credit Card,1447.39,29-Jul-2026,Completed
PAY-0000076,ORD-0000076,Credit Card,257.93,2024-12-24,Refunded
PAY-0004694,ORD-0004694,Debit Card,569.14,2025-12-03,Completed
PAY-0007308,ORD-0007308,Debit Card,21161.72,2024-02-28,Failed
PAY-0009090,ORD-0009090,Gift Card,496.17,2026-02-23,Refunded
PAY-0003144,ORD-0003144,Credit Card,3758.7,2025-07-22,Completed
PAY-0009505,ORD-0009505,Debit Card,1981.93,2025-05-20,Completed
PAY-0008990,ORD-0008990,Credit Card,-424.23,2025-09-23,Completed
PAY-0009059,ORD-0009059,Gift Card,479.75,2026-04-26,Completed
PAY-0010026,ORD-0010026,PayPal,1132.04,2026-05-25,Pending
PAY-0003517,ORD-0003517,Gift Card,1416.39,2026-07-05,Refunded
PAY-0006538,ORD-0006538,Gift Card,3678.86,2026-09-05,Completed
PAY-0010365,ORD-0010365,Debit Card,1084.96,2025-09-04,Completed
PAY-0010411,ORD-0010411,PayPal,3416.69,2025-04-26,Refunded
PAY-0006616,ORD-0006616,Credit Card,754.9,2026-01-31,Completed
PAY-0005773,ORD-0005773,Credit Card,2068.27,2026-05-30,Completed
PAY-0008811,ORD-0008811,Debit Card,346.0,2025-06-29,Completed
PAY-0010114,ORD-0010114,PayPal,2974.03,2026-07-28,Completed
PAY-0000464,ORD-0000464,Debit Card,1893.28abc,2026-06-15,Completed
PAY-0003762,ORD-0003762,Credit Card,1881.17,2026-09-06,Completed
PAY-0005412,ORD-0005412,PayPal,1348.26,2026-06-30,Completed
PAY-0005868,ORD-0005868,Bank Transfer,218.82,2026-01-13,Completed
PAY-0000742,ORD-0000742,Credit Card,2340.4,2024-11-11,Completed
PAY-0011342,ORD-0011342,Credit Card,1439.25,2024-08-13,Failed
PAY-0011796,ORD-0011796,Debit Card,2944.15,2026-08-25,Completed
PAY-0009284,ORD-0009284,,3296.55,2025-04-28,Completed
PAY-0000322,ORD-0000322,Bank Transfer,1216.32,2025-12-24,Completed
PAY-0009153,ORD-0009153,Debit Card,3722.94,2026-01-21,Failed
PAY-0009675,ORD-0009675,Credit Card,1041.74,2026-07-18,Failed
PAY-0011502,ORD-0011502,Debit Card,287.51,2025-12-21,Completed
PAY-0005205,ORD-0005205,Credit Card,3587.89,2026-08-17,Completed
PAY-0006913,ORD-0006913,PayPal,19.86,2026-09-03,Completed
PAY-0005572,ORD-0005572,Credit Card,257001.85,2025-03-19,Completed
PAY-0003781,ORD-0003781,Credit Card,2734.28,2026-07-06,Completed
PAY-0007008,ORD-0007008,Gift Card,510.35,2026-01-03,Completed
PAY-0011358,ORD-0011358,Debit Card,1584.24,2026-06-25,Completed
PAY-0001217,ORD-0001217,Debit Card,1926.76,2026-07-03,Completed
PAY-0008302,ORD-0008302,Credit Card,2223.09,2025-07-24,Completed
PAY-0009069,ORD-0009069,Debit Card,1075.09,2025-04-08,Failed
PAY-0003253,ORD-0003253,PayPal,438.38,2026-06-02,Completed
PAY-0008256,ORD-0008256,PayPal,-1245.12,2026-02-19,Failed
PAY-0010009,ORD-0010009,Credit Card,4516.38,2026-01-30,Completed
PAY-0002504,ORD-0002504,Credit Card,3170.19,2026-07-01,Pending
PAY-0009782,ORD-0009782,,5294.62,2026-06-06,Completed
PAY-0004821,ORD-0004821,Credit Card,524.34,2026-07-10,Refunded
PAY-0002324,ORD-0002324,PayPal,759.18,2026-04-10,Completed
PAY-0010958,ORD-0010958,Debit Card,2436.44,2026-08-17,Failed
PAY-0005428,ORD-0005428,Credit Card,2409.95,2025-12-12,Refunded
PAY-0004948,ORD-0004948,Credit Card,330.47,2026-08-05,Completed
PAY-0007681,ORD-0007681,Credit Card,1105.44,2026-08-25,Failed
PAY-0001601,ORD-0001601,Debit Card,1424.58,2026-07-14,Completed
PAY-0009298,ORD-0009298,Credit Card,163.42,2026-07-24,Completed
PAY-0001895,ORD-0001895,PayPal,3680.98,2025-09-02,Failed
PAY-0000817,ORD-0000817,PayPal,2201.36,06/28/2026,Completed
PAY-0002425,ORD-0002425,PayPal,914.1,"July 05, 2026",Completed
PAY-0001037,ORD-0001037,PayPal,2110.72,2025-06-21,Completed
PAY-0011370,ORD-0011370,Gift Card,3358.15,2026-03-18,Completed
PAY-0000149,ORD-0000149,Credit Card,2464.7,2025-08-11,Completed
PAY-0010433,ORD-0010433,Credit Card,2759.0,2026-03-25,Completed
PAY-0001847,ORD-0001847,PayPal,3149.52,2024-06-11,Pending
PAY-0011861,ORD-0011861,,1231.79,2026-09-03,Failed
PAY-0007601,ORD-0007601,Credit Card,783.2,2025-07-04,Completed
PAY-0009350,ORD-0902757,Credit Card,178.17,2026-02-23,Completed
PAY-0007866,ORD-0007866,Debit Card,886.71,2025-04-22,Failed
PAY-0008119,ORD-0008119,Debit Card,2404.29,2026-05-28,Failed
PAY-0008038,ORD-0008038,Credit Card,791.61,2026-01-27,Completed
PAY-0004431,ORD-0004431,Debit Card,829.69,2026-08-31,Completed
PAY-0009145,ORD-0009145,PayPal,1004.42,2026-02-09,Completed
PAY-0009616,ORD-0009616,Gift Card,736.24,2024-01-24,Completed
PAY-0000984,ORD-0000984,Credit Card,1918.01,2026-06-04,Completed
PAY-0010656,ORD-0010656,Credit Card,4191.39,2026-06-30,Completed
PAY-0000547,ORD-0000547,,121.39,2026-05-14,Completed
PAY-0005751,ORD-0005751,Debit Card,3288.37,2026-06-07,Completed
PAY-0006096,ORD-0006096,Debit Card,1263.5,2025-08-08,Completed
PAY-0008062,ORD-0008062,Gift Card,2305.44,2026-03-08,Completed
PAY-0009137,ORD-0009137,Debit Card,459.35,2025-11-27,Pending
PAY-0005744,ORD-0005744,Credit Card,3983.57,2024-11-09,Completed
PAY-0003080,ORD-0003080,Debit Card,409.16,2026-04-29,Pending
PAY-0000434,ORD-0988500,Debit Card,2334.95,2026-02-20,Completed
PAY-0004765,ORD-0004765,Credit Card,2068.11,2025-10-02,Failed
PAY-0005195,ORD-0005195,,857.75,2025-08-19,Completed
PAY-0010396,ORD-0010396,Debit Card,4103.72,2024-12-18,Completed
PAY-0011142,ORD-0011142,Gift Card,1989.03,2026-08-31,Completed
PAY-0011277,ORD-0011277,Debit Card,111.88,2026-07-27,Completed
PAY-0007861,ORD-0007861,Debit Card,2350.35,2026-06-03,Completed
PAY-0007173,ORD-0007173,PayPal,592.34,2024-11-30,Completed
PAY-0004994,ORD-0004994,Bank Transfer,316.66,2026-03-12,Refunded
PAY-0002605,ORD-0002605,Credit Card,970.37,2025-04-14,Failed
PAY-0003250,ORD-0003250,Credit Card,72.11,2026-09-05,Completed
PAY-0011557,ORD-0011557,Credit Card,-918.69,2024-06-01,Failed
PAY-0002502,ORD-0002502,PayPal,1231.56abc,2025-04-15,Completed
PAY-0002284,ORD-0002284,Debit Card,2677.47,2025-11-23,Completed
PAY-0000360,ORD-0000360,Credit Card,1366.73,2026-08-14,Failed
PAY-0004743,ORD-0004743,Gift Card,458.79,2026-02-28,Failed
PAY-0001345,ORD-0001345,PayPal,127.74,2025-11-17,Completed
PAY-0005584,ORD-0005584,Credit Card,2416.6,2026-08-25,Completed
PAY-0006193,ORD-0006193,Credit Card,5439.43,2025-10-26,Completed
PAY-0001086,ORD-0001086,Gift Card,1929.41,2025-07-14,Completed
PAY-0005690,ORD-0005690,Credit Card,269.61,07/26/2026,Completed
PAY-0007991,ORD-0007991,Credit Card,494.78,2025-06-19,Completed
PAY-0011079,ORD-0011079,Debit Card,899.67,2026-07-17,Refunded
PAY-0009755,ORD-0009755,Gift Card,215.72,2024-10-18,Refunded
PAY-0008686,ORD-0008686,Credit Card,328.23,2025-04-16,Failed
PAY-0002251,ORD-0002251,Credit Card,3185.9,2026-02-25,Completed
PAY-0009564,ORD-0009564,Credit Card,473.5,2026-02-02,Failed
PAY-0006657,ORD-0006657,Gift Card,3581.05,2025-10-31,Pending
PAY-0009908,ORD-0009908,Bank Transfer,1117.52,2025-10-10,Completed
PAY-0005586,ORD-0005586,,193.43,2025-02-05,Completed
PAY-0008750,ORD-0008750,Credit Card,3847.83,2026-09-03,Completed
PAY-0010460,ORD-0010460,Credit Card,556.19,2025-03-29,Completed
PAY-0001259,ORD-0001259,Credit Card,481.66,2025-07-10,Completed
PAY-0002131,ORD-0002131,Credit Card,3304.62,2025-04-11,Completed
PAY-0003400,ORD-0003400,Bank Transfer,2594.5,2026-04-09,Completed
PAY-0009605,ORD-0009605,Credit Card,2942.0,2025-12-01,Completed
PAY-0003833,ORD-0003833,Debit Card,1646.51,2026-01-30,Completed
PAY-0003835,ORD-0003835,Gift Card,3592.32,2026-08-27,Completed
PAY-0009317,ORD-0009317,PayPal,221.87,2026-08-21,Completed
PAY-0003731,ORD-0003731,Gift Card,227.03,2026-03-30,Completed
PAY-0005289,ORD-0005289,Debit Card,1503.4,2026-01-22,Completed
PAY-0008314,ORD-0008314,Credit Card,1785.63,2025-02-05,Completed
PAY-0000116,ORD-0000116,Debit Card,464.67,2026-02-08,Completed
PAY-0004865,ORD-0004865,PayPal,3464.94,2025-08-21,Refunded
PAY-0005510,ORD-0005510,Credit Card,416.18,2025-11-20,Refunded
PAY-0005223,ORD-0005223,,unknown,2026-01-06,Completed
PAY-0008055,ORD-0008055,Debit Card,2441.54,2026-05-16,Completed
PAY-0010516,ORD-0010516,Credit Card,2010.77,2025-05-15,Completed
PAY-0011988,ORD-0011988,Debit Card,8867.6,2026-02-10,Completed
PAY-0000289,ORD-0000289,Credit Card,964.89,2025-10-21,Completed
PAY-0008348,ORD-0008348,Credit Card,2237.44,2025-06-21,Completed
PAY-0004517,ORD-0004517,Debit Card,4554.5,2026-07-16,Completed
PAY-0010742,ORD-0010742,,3887.67,2025-05-28,Completed
PAY-0011897,ORD-0011897,Debit Card,518.3,2026-05-07,Completed
PAY-0011076,ORD-0011076,Credit Card,1520.95,2026-08-29,Refunded
PAY-0000990,ORD-0000990,Credit Card,675.84,"July 29, 2026",Failed
PAY-0004343,ORD-0004343,Debit Card,262.62,2026-01-07,Completed
PAY-0009852,ORD-0009852,Credit Card,1627.19,2026-01-19,Completed
PAY-0004079,ORD-0004079,Gift Card,2393.79,2026-03-23,Completed
PAY-0010360,ORD-0010360,PayPal,1372.04,2026-08-19,Completed
PAY-0006019,ORD-0006019,PayPal,517.08,2026-09-01,Completed
PAY-0007211,ORD-0007211,Credit Card,77.99,2024-05-07,Completed
PAY-0003063,ORD-0003063,Credit Card,$1939.4,2025-04-25,Refunded
PAY-0003659,ORD-0003659,Debit Card,1063.76,2025-10-16,Refunded
PAY-0006224,ORD-0006224,Credit Card,4381.97,2024-10-17,Refunded
PAY-0001464,ORD-0001464,Debit Card,618.69,2026-08-02,Completed
PAY-0004759,ORD-0004759,Credit Card,1295.26,2026-05-02,Completed
PAY-0009708,ORD-0009708,Debit Card,3525.56,2026-07-19,Completed
PAY-0000119,ORD-0000119,Credit Card,6166.89,2026-07-24,Failed
PAY-0002833,ORD-0002833,Debit Card,131.89,2026-05-24,Pending
PAY-0000171,ORD-0000171,Gift Card,349.8,2026-08-05,Pending
PAY-0011862,ORD-0011862,Credit Card,881.31,2026-08-07,Failed
PAY-0006226,ORD-0006226,Credit Card,836.99,2025-05-14,Refunded
PAY-0007577,ORD-0007577,Credit Card,138.21,2026-09-07,Completed
PAY-0010723,ORD-0010723,PayPal,694.51,2026-07-02,Completed
PAY-0005654,ORD-0005654,PayPal,203.02,2025-09-25,Completed
PAY-0009524,ORD-0009524,Credit Card,1971.07,2026-08-31,Pending
PAY-0001121,ORD-0001121,Credit Card,355.56,2024-11-14,Completed
PAY-0001945,ORD-0001945,Credit Card,4952.28,2024-07-22,Completed
PAY-0007830,ORD-0007830,Credit Card,433.53,2024-12-13,Completed
PAY-0009347,ORD-0009347,Gift Card,1041.5,2026-04-22,Completed
PAY-0009361,ORD-0009361,Credit Card,1462.68,2025-11-25,Completed
PAY-0007840,ORD-0007840,PayPal,1245.82,2024-01-04,Completed
PAY-0006828,ORD-0006828,Credit Card,3931.26,2026-06-26,Completed
PAY-0009311,ORD-0009311,Debit Card,196.64abc,"August 04, 2026",Completed
PAY-0001311,ORD-0001311,Credit Card,null,"April 11, 2026",Failed
PAY-0001003,ORD-0001003,Credit Card,2546.6,2024-05-06,Completed
PAY-0006318,ORD-0006318,Credit Card,1976.48,2025-03-03,Completed
PAY-0010135,ORD-0010135,Debit Card,1247.18,2024-06-21,Failed
PAY-0011473,ORD-0011473,Debit Card,4480.45,2026-08-04,Completed
PAY-0000311,ORD-0000311,PayPal,2016.55,2024-11-11,Failed
PAY-0000678,ORD-0000678,Credit Card,1687.2,2024-12-14,Completed
PAY-0011973,ORD-0011973,PayPal,$236.1,2026-06-20,Completed
PAY-0005367,ORD-0005367,Gift Card,5158.56,2025-01-11,Refunded
PAY-0011132,ORD-0011132,PayPal,504.31,2026-05-06,Completed
PAY-0003953,ORD-0003953,Credit Card,364.29,2026-08-24,Completed
PAY-0005939,ORD-0005939,PayPal,249.7,2025-07-05,Failed
PAY-0009702,ORD-0009702,Credit Card,$1773.47,2026-05-27,Completed
PAY-0000829,ORD-0000829,PayPal,662.67,2026-07-16,Completed
PAY-0000510,ORD-0000510,Credit Card,4649.62,2025-05-29,Pending
PAY-0010310,ORD-0010310,PayPal,440.56,2025-10-09,Pending
PAY-0011315,ORD-0011315,Debit Card,169.19,2026-03-07,Refunded
PAY-0009162,ORD-0009162,Gift Card,487.58,2026-08-31,Failed
PAY-0000007,ORD-0957149,Credit Card,462.06,2025-10-08,Completed
PAY-0005294,ORD-0946567,Gift Card,1011.18,2026-07-07,Pending
PAY-0007084,ORD-0007084,Debit Card,4777.51,2025-07-05,Completed
PAY-0000384,ORD-0000384,PayPal,410.2,2025-03-24,Failed
PAY-0007513,ORD-0007513,Debit Card,3059.22,2026-05-18,Completed
PAY-0004717,ORD-0004717,PayPal,1438.16,2026-04-19,Pending
PAY-0008879,ORD-0008879,Bank Transfer,930.61,2025-10-28,Completed
PAY-0010782,ORD-0010782,Credit Card,118.52,2026-06-03,Completed
PAY-0006649,ORD-0006649,,3614.96,2025-07-29,Completed
PAY-0003798,ORD-0003798,Credit Card,36.6,2026-08-23,Failed
PAY-0000553,ORD-0000553,Credit Card,547.2,2025-03-11,Refunded
PAY-0001532,ORD-0001532,Debit Card,2567.03,2025-03-14,Completed
PAY-0005610,ORD-0005610,Gift Card,699.74,2025-09-14,Pending
PAY-0000471,ORD-0000471,Debit Card,6223.19,2025-11-28,Pending
PAY-0000901,ORD-0000901,Credit Card,2459.05,2025-03-25,Completed
PAY-0011030,ORD-0011030,Debit Card,1071.39,2024-10-28,Completed
PAY-0002113,ORD-0002113,Credit Card,2659.76,2025-12-20,Failed
PAY-0008041,ORD-0008041,Credit Card,547.48,2026-05-01,Completed
PAY-0010103,ORD-0010103,PayPal,441.77,2026-06-20,Completed
PAY-0006608,ORD-0006608,Credit Card,3520.84,2026-02-13,Failed
PAY-0011282,ORD-0011282,Credit Card,1570.05,2026-04-25,Refunded
PAY-0008768,ORD-0008768,Debit Card,1637.37,2026-02-01,Pending
PAY-0001796,ORD-0001796,Credit Card,549.2,2026-05-29,Completed
PAY-0003825,ORD-0003825,Gift Card,630.57,2026-08-14,Completed
PAY-0010506,ORD-0010506,Credit Card,501.2,2025-04-07,Completed
PAY-0001937,ORD-0001937,Credit Card,1712.44,2026-08-16,Completed
PAY-0008764,ORD-0008764,Credit Card,1931.08,"July 03, 2026",Completed
PAY-0007128,ORD-0007128,Credit Card,1295.92,2025-09-06,Completed
PAY-0005783,ORD-0005783,Debit Card,1644.82,2026-05-11,Completed
PAY-0000847,ORD-0000847,Credit Card,810.44,2026-01-27,Completed
PAY-0008523,ORD-0008523,Bank Transfer,2531.19,2026-03-26,Completed
PAY-0004367,ORD-0004367,Gift Card,-1059.93,2026-03-19,Completed
PAY-0007678,ORD-0007678,Debit Card,5096.19,2026-07-03,Completed
PAY-0005170,ORD-0005170,Gift Card,3735.07,2025-01-05,Completed
PAY-0004197,ORD-0004197,Debit Card,140.76,2026-07-20,Pending
PAY-0009231,ORD-0009231,Debit Card,5924.81,2026-02-19,Completed
PAY-0007944,ORD-0007944,Bank Transfer,18874.9,2026-05-22,Failed
PAY-0002358,ORD-0002358,Credit Card,n/a,04-May-2026,Failed
PAY-0002989,ORD-0002989,Debit Card,1563.14,2025-09-30,Completed
PAY-0002080,ORD-0002080,Bank Transfer,4221.69,2024-09-05,Completed
PAY-0005114,ORD-0005114,Debit Card,1661.54,2026-02-24,Pending
PAY-0007483,ORD-0007483,Gift Card,351.97,2024-05-27,Completed
PAY-0000808,ORD-0000808,Debit Card,972.21,2024-02-10,Failed
PAY-0009449,ORD-0009449,PayPal,4319.73,2026-09-05,Completed
PAY-0004318,ORD-0004318,Gift Card,5400.7,2026-03-09,Failed
PAY-0000412,ORD-0000412,PayPal,700.0,2025-06-08,Completed
PAY-0000187,ORD-0000187,Gift Card,3010.9,2025-12-20,Failed
PAY-0002883,ORD-0002883,PayPal,2039.4,2026-08-14,Completed
PAY-0001638,ORD-0001638,Debit Card,729.77,2026-07-08,Completed
PAY-0006375,ORD-0006375,Credit Card,733.06,2026-09-02,Completed
PAY-0008896,ORD-0008896,Debit Card,1672.9,2026-05-04,Failed
PAY-0006212,ORD-0006212,Gift Card,694.42,2025-05-14,Completed
PAY-0006491,ORD-0994919,Credit Card,779.04,2025-04-27,Refunded
PAY-0008909,ORD-0008909,Credit Card,754.06,2026-04-10,Completed
PAY-0004549,ORD-0004549,Gift Card,624.43,2025-06-07,Completed
PAY-0003635,ORD-0003635,Credit Card,22.7abc,2026-07-16,Failed
PAY-0009681,ORD-0009681,Credit Card,2395.15,2025-04-21,Completed
PAY-0000263,ORD-0000263,Debit Card,163.63,2025-08-05,Failed
PAY-0005409,ORD-0005409,PayPal,261.44,2025-03-07,Completed
PAY-0000869,ORD-0000869,Credit Card,391.9,2026-07-18,Failed
PAY-0000340,ORD-0000340,Credit Card,1787.14,2026-01-31,Completed
PAY-0006561,ORD-0006561,Gift Card,2131.95,2026-01-29,Completed
PAY-0003090,ORD-0003090,PayPal,405.69,2025-09-25,Completed
PAY-0005683,ORD-0005683,,235.58,2024-11-28,Failed
PAY-0011720,ORD-0011720,Debit Card,730.06,2026-02-24,Completed
PAY-0000698,ORD-0000698,PayPal,2199.6,2026-03-10,Completed
PAY-0007981,ORD-0007981,Credit Card,1546.8,2025-02-08,Failed
PAY-0005047,ORD-0005047,Credit Card,-3596.81,2026-07-21,Failed
PAY-0010390,ORD-0010390,Credit Card,1491.59,2026-03-12,Completed
PAY-0008740,ORD-0008740,PayPal,772.14,2025-11-28,Completed
PAY-0008759,ORD-0008759,Debit Card,682.48,2026-03-13,Completed
PAY-0010663,ORD-0010663,,604.18,2026-08-07,Completed
PAY-0009630,ORD-0009630,Credit Card,4293.98,2026-01-10,Completed
PAY-0001254,ORD-0001254,PayPal,542.82,2025-02-07,Completed
PAY-0009558,ORD-0009558,Credit Card,3171.67,2026-06-03,Completed
PAY-0008652,ORD-0008652,PayPal,79.57,2026-07-13,Completed
PAY-0001916,ORD-0001916,Debit Card,1857.58,2026-03-19,Completed
PAY-0004808,ORD-0004808,Debit Card,847.32,2025-09-19,Completed
PAY-0008928,ORD-0008928,Credit Card,2859.64,2025-03-25,Failed
PAY-0008195,ORD-0008195,Credit Card,1973.68,2026-07-15,Completed
PAY-0002925,ORD-0002925,Credit Card,2010.43,2025-10-09,Completed
PAY-0004292,ORD-0004292,PayPal,109.05,2026-08-03,Pending
PAY-0002921,ORD-0002921,Debit Card,773.51,2026-01-17,Failed
PAY-0010334,ORD-0010334,PayPal,2738.04,2026-01-27,Completed
PAY-0005425,ORD-0005425,PayPal,1081.94,2025-02-05,Failed
PAY-0009340,ORD-0009340,Debit Card,2426.06,2026-07-18,Completed
PAY-0011274,ORD-0011274,Debit Card,3605.28,2025-06-09,Pending
PAY-0008535,ORD-0008535,Debit Card,512.04,"September 23, 2024",Completed
PAY-0002450,ORD-0002450,Credit Card,581.9,2026-04-21,Pending
PAY-0007313,ORD-0007313,Gift Card,2387.46,2026-05-21,Failed
PAY-0006109,ORD-0006109,Credit Card,2118.05,2026-07-17,Completed
PAY-0011298,ORD-0011298,Credit Card,2301.55,2025-09-08,Completed
PAY-0002872,ORD-0002872,Credit Card,-1165.32,2025-04-22,Completed
PAY-0010867,ORD-0010867,Debit Card,395.48,2026-01-21,Completed
PAY-0006873,ORD-0006873,PayPal,1733.21,2026-07-14,Completed
PAY-0003238,ORD-0003238,Gift Card,184.0,2026-04-18,Completed
PAY-0000397,ORD-0000397,PayPal,2767.19,03/19/2025,Completed
PAY-0007068,ORD-0007068,Credit Card,28.27,2026-05-20,Completed
PAY-0010894,ORD-0010894,Credit Card,2414.85,2026-06-29,Completed
PAY-0010345,ORD-0010345,Debit Card,1317.29,2026-09-05,Completed
PAY-0007111,ORD-0007111,Credit Card,1360.02,2026-06-14,Completed
PAY-0006799,ORD-0006799,Credit Card,222.3,2026-05-14,Refunded
PAY-0010514,ORD-0010514,Gift Card,1085.13,2025-11-13,Completed
PAY-0008599,ORD-0008599,Credit Card,2648.88,2026-07-06,Completed
PAY-0011979,ORD-0011979,PayPal,225.96,2026-04-17,Failed
PAY-0003790,ORD-0003790,Credit Card,2398.56,2024-12-05,Completed
PAY-0001686,ORD-0001686,Gift Card,546.48,2026-07-18,Completed
PAY-0007060,ORD-0007060,Debit Card,298.87,2026-04-27,Completed
PAY-0006558,ORD-0909600,Debit Card,3040.04,2026-09-06,Completed
PAY-0010917,ORD-0010917,,5533.4,2026-04-11,Failed
PAY-0006687,ORD-0917168,Debit Card,7447.97,2025-09-25,Refunded
PAY-0006419,ORD-0006419,Debit Card,943.49,01/16/2026,Completed
PAY-0007869,ORD-0007869,Gift Card,159.09,2026-02-21,Completed
PAY-0005432,ORD-0005432,PayPal,3411.42,2026-04-09,Completed
PAY-0008903,ORD-0008903,Gift Card,776.14,2026-05-11,Failed
PAY-0001350,ORD-0001350,Debit Card,27.92,2026-08-14,Completed
PAY-0009379,ORD-0009379,PayPal,837.66,2025-03-28,Refunded
PAY-0002930,ORD-0002930,Credit Card,186.42,2026-01-23,Completed
PAY-0009804,ORD-0009804,Gift Card,835.1,2026-03-14,Completed
PAY-0009125,ORD-0009125,PayPal,981.85,2026-05-15,Completed
PAY-0009788,ORD-0009788,Credit Card,199.54,2026-04-25,Completed
PAY-0005253,ORD-0005253,Debit Card,3041.67,05/10/2026,Completed
PAY-0011129,ORD-0011129,Debit Card,1283.41,2025-03-18,Completed
PAY-0006446,ORD-0006446,Credit Card,317.76,2026-07-31,Failed
PAY-0006656,ORD-0006656,PayPal,3550.6,2024-11-25,Completed
PAY-0005061,ORD-0005061,Credit Card,443.35,2025-07-27,Completed
PAY-0008718,ORD-0008718,Credit Card,237.2,2024-04-04,Completed
PAY-0003722,ORD-0003722,Credit Card,1382.1,2026-04-06,Completed
PAY-0011762,ORD-0011762,Bank Transfer,496.98,2026-08-26,Pending
PAY-0005028,ORD-0005028,Gift Card,2235.64,2025-06-05,Pending
PAY-0002498,ORD-0002498,Credit Card,2824.03,2026-05-25,Completed
PAY-0000556,ORD-0000556,Debit Card,1237.48,2025-11-24,Completed
PAY-0007660,ORD-0007660,Gift Card,898.23,2026-08-21,Completed
PAY-0004594,ORD-0004594,Credit Card,493.12,2025-01-15,Refunded
PAY-0004972,ORD-0004972,PayPal,1795.88,2025-09-08,Completed
PAY-0007357,ORD-0007357,Gift Card,1044.1,2026-07-27,Failed
PAY-0002321,ORD-0002321,,590.16,2025-05-11,Completed
PAY-0002881,ORD-0002881,Credit Card,2280.96,2025-06-20,Completed
PAY-0009929,ORD-0009929,Credit Card,438.55,2026-07-13,Completed
PAY-0009609,ORD-0009609,Credit Card,340.89,2026-05-21,Completed
PAY-0005466,ORD-0005466,Bank Transfer,1228.25,2026-03-05,Completed
PAY-0004383,ORD-0004383,Debit Card,2281.0,2025-07-21,Refunded
PAY-0006047,ORD-0006047,Gift Card,3719.08,2025-10-06,Completed
PAY-0003259,ORD-0003259,Credit Card,304.27,2024-07-26,Completed
PAY-0009937,ORD-0009937,Gift Card,375.74,2024-11-05,Refunded
PAY-0003757,ORD-0003757,Debit Card,1921.79abc,2026-08-29,Completed
PAY-0009854,ORD-0009854,Credit Card,4493.86,2025-05-06,Completed
PAY-0008749,ORD-0008749,Credit Card,4577.47,2026-03-06,Failed
PAY-0002097,ORD-0002097,Gift Card,2753.98,2026-07-14,Refunded
PAY-0008404,ORD-0008404,Bank Transfer,919.83,2025-12-15,Refunded
PAY-0008086,ORD-0008086,Debit Card,1631.48,2025-09-19,Refunded
PAY-0005912,ORD-0005912,Bank Transfer,2892.87,2023-11-25,Failed
PAY-0008795,ORD-0008795,PayPal,541.05,2026-06-02,Pending
PAY-0004011,ORD-0004011,Credit Card,2570.04,2025-07-31,Completed
PAY-0002431,ORD-0002431,Gift Card,1003.78,2026-09-02,Pending
PAY-0009985,ORD-0009985,Credit Card,644.15,2025-12-29,Pending
PAY-0003729,ORD-0003729,Gift Card,-4263.58,2026-08-03,Completed
PAY-0002916,ORD-0002916,Debit Card,3005.97,2026-04-14,Completed
PAY-0001786,ORD-0001786,Gift Card,1614.12,2026-08-16,Completed
PAY-0010757,ORD-0010757,Debit Card,1178.56,"August 22, 2026",Failed
PAY-0011918,ORD-0011918,Credit Card,649.45,2025-11-02,Completed
PAY-0010227,ORD-0010227,Bank Transfer,1848.26,2025-05-14,Completed
PAY-0009840,ORD-0009840,Gift Card,480.74,2026-08-29,Completed
PAY-0004049,ORD-0004049,PayPal,433.81,2026-08-19,Completed
PAY-0009982,ORD-0009982,Credit Card,278.64,2025-07-30,Completed
PAY-0010589,ORD-0010589,PayPal,314.7,2025-11-18,Completed
PAY-0002071,ORD-0002071,Credit Card,722.63,2024-10-10,Completed
PAY-0001432,ORD-0001432,PayPal,201.98,2025-05-05,Completed
PAY-0011851,ORD-0011851,Debit Card,2283.58,2025-12-29,Refunded
PAY-0001428,ORD-0001428,Credit Card,369.2,2026-05-29,Completed
PAY-0011676,ORD-0011676,Gift Card,841.04,2025-06-18,Completed
PAY-0005101,ORD-0005101,PayPal,430.94,2026-07-14,Completed
PAY-0009022,ORD-0009022,Credit Card,2043.28,2026-07-17,Refunded
PAY-0000576,ORD-0000576,Credit Card,1202.22,2026-01-06,Completed
PAY-0001838,ORD-0001838,PayPal,975.58,2024-05-04,Completed
PAY-0001550,ORD-0001550,Credit Card,1399.36,2026-07-05,Completed
PAY-0004208,ORD-0004208,Credit Card,1758.32,2026-06-18,Completed
PAY-0008753,ORD-0008753,Debit Card,288.74,2026-04-28,Completed
PAY-0005904,ORD-0005904,Debit Card,4391.44,2026-02-20,Pending
PAY-0009989,ORD-0009989,Debit Card,34.41,2024-12-21,Completed
PAY-0010996,ORD-0010996,Bank Transfer,2788.08,2024-12-05,Failed
PAY-0006118,ORD-0006118,Credit Card,2518.59,2025-01-22,Completed
PAY-0003979,ORD-0003979,Gift Card,149.07,2024-02-03,Completed
PAY-0005714,ORD-0005714,Debit Card,736.3,2026-08-24,Failed
PAY-0004684,ORD-0004684,Credit Card,786.39,2025-09-07,Completed
PAY-0001328,ORD-0001328,Bank Transfer,221.56,2025-11-06,Completed
PAY-0005252,ORD-0005252,Credit Card,2415.49,2025-10-06,Completed
PAY-0003916,ORD-0003916,PayPal,895.86,2026-02-18,Completed
PAY-0007902,ORD-0007902,,1444.74,2026-08-13,Completed
PAY-0003444,ORD-0003444,PayPal,6860.77,2026-08-09,Completed
PAY-0010738,ORD-0010738,Credit Card,2582.51,2025-01-22,Completed
PAY-0011377,ORD-0011377,Credit Card,1840.0,2026-08-21,Completed
PAY-0002890,ORD-0002890,Credit Card,1328.48abc,28-Oct-2024,Completed
PAY-0006933,ORD-0006933,PayPal,1011.3,2026-06-27,Completed
PAY-0011057,ORD-0011057,Gift Card,678.55,2024-03-03,Pending
PAY-0009433,ORD-0009433,Debit Card,4079.01,2025-09-11,Failed
PAY-0004730,ORD-0004730,Debit Card,1836.84,2025-09-16,Completed
PAY-0000545,ORD-0000545,PayPal,2328.67,2025-11-23,Completed
PAY-0000159,ORD-0000159,Credit Card,225519.56,2026-07-27,Refunded
PAY-0011560,ORD-0011560,Credit Card,5366.97,2026-05-12,Completed
PAY-0008127,ORD-0008127,,1463.79,2025-06-11,Failed
PAY-0004391,ORD-0004391,Credit Card,1053.02,2026-04-08,Completed
PAY-0002933,ORD-0002933,Debit Card,4520.03,2025-09-25,Completed
PAY-0011295,ORD-0011295,Debit Card,3757.46,2026-05-06,Completed
PAY-0001032,ORD-0001032,Debit Card,2345.94,2026-06-22,Completed
PAY-0001674,ORD-0001674,Gift Card,1133.84,2024-11-13,Completed
PAY-0006195,ORD-0006195,Debit Card,2726.79,2025-04-08,Refunded
PAY-0010630,ORD-0010630,PayPal,2974.46,2024-04-24,Completed
PAY-0008654,ORD-0008654,Gift Card,197.37,2026-01-08,Completed
PAY-0011539,ORD-0011539,PayPal,116.92,2025-08-13,Completed
PAY-0000852,ORD-0000852,Credit Card,1859.01,2024-04-05,Completed
PAY-0003911,ORD-0003911,Credit Card,877.41,2025-09-17,Completed
PAY-0002195,ORD-0002195,Credit Card,2155.49,2025-06-29,Refunded
PAY-0009065,ORD-0009065,Credit Card,1349.84,2026-06-20,Completed
PAY-0004120,ORD-0004120,Debit Card,2080.6,2026-05-10,Completed
PAY-0003386,ORD-0003386,Credit Card,144.24,2026-08-27,Pending
PAY-0001654,ORD-0001654,PayPal,4045.5,2024-12-23,Completed
PAY-0005436,ORD-0005436,Credit Card,1295.37,2023-12-24,Completed
PAY-0005163,ORD-0005163,Credit Card,410.97,2026-08-10,Failed
PAY-0003600,ORD-0003600,,827.2,2024-08-26,Failed
PAY-0006415,ORD-0006415,Credit Card,426.07,2025-06-08,Failed
PAY-0003549,ORD-0003549,Credit Card,345.46,2026-09-05,Completed
PAY-0011931,ORD-0011931,Debit Card,557.37,2026-04-28,Pending
PAY-0002776,ORD-0002776,Debit Card,575.34,2026-02-11,Completed
PAY-0009689,ORD-0009689,Credit Card,710.18,2025-09-10,Completed
PAY-0008301,ORD-0008301,Debit Card,2647.92,2026-07-19,Completed
PAY-0006305,ORD-0006305,Credit Card,78.31,2024-03-23,Completed
PAY-0002380,ORD-0002380,Bank Transfer,2843.4,2026-06-07,Completed
PAY-0000098,ORD-0000098,Credit Card,5446.26,2025-01-07,Completed
PAY-0003260,ORD-0003260,PayPal,502.47,2026-01-02,Failed
PAY-0008361,ORD-0008361,Debit Card,1030.06,2025-10-05,Refunded
PAY-0006742,ORD-0006742,Gift Card,3551.89,2026-07-11,Completed
PAY-0009864,ORD-0009864,PayPal,-946.68,2026-09-03,Completed
PAY-0004842,ORD-0004842,Credit Card,3250.12,2024-12-02,Completed
PAY-0008365,ORD-0008365,Credit Card,2375.13,04/17/2026,Completed
PAY-0001255,ORD-0001255,PayPal,4289.71,2026-07-25,Completed
PAY-0010792,ORD-0010792,PayPal,1224.21,2026-04-23,Completed
PAY-0002910,ORD-0002910,Credit Card,1651.77,2026-08-08,Failed
PAY-0011938,ORD-0011938,Credit Card,776.08,2026-01-22,Completed
PAY-0001397,ORD-0001397,PayPal,4082.8,2026-07-12,Completed
PAY-0011160,ORD-0011160,Credit Card,191.64,2025-09-08,Completed
PAY-0008983,ORD-0008983,PayPal,656.41,2026-08-27,Failed
PAY-0010304,ORD-0010304,Credit Card,1972.85,2025-11-30,Refunded
PAY-0008298,ORD-0008298,Debit Card,1575.64,2025-06-04,Refunded
PAY-0006728,ORD-0006728,Gift Card,918.66,2026-09-05,Completed
PAY-0005803,ORD-0005803,Debit Card,906.56,2026-08-01,Completed
PAY-0005915,ORD-0005915,Credit Card,236.18,2026-04-02,Completed
PAY-0002295,ORD-0916076,Credit Card,783.98,2025-01-04,Completed
PAY-0004628,ORD-0004628,Debit Card,2747.52,2025-06-05,Completed
PAY-0011752,ORD-0011752,Gift Card,243.79,2025-02-23,Completed
PAY-0002308,ORD-0002308,Debit Card,93.21,2025-10-04,Completed
PAY-0003219,ORD-0973852,Credit Card,911.88,2024-07-06,Completed
PAY-0003879,ORD-0003879,PayPal,1161.23,2026-03-12,Completed
PAY-0001828,ORD-0001828,Credit Card,2183.84,2024-12-15,Completed
PAY-0010798,ORD-0010798,Debit Card,114.91,2025-12-18,Completed
PAY-0003121,ORD-0003121,Bank Transfer,364.06,2026-04-16,Completed
PAY-0008622,ORD-0008622,Debit Card,1530.23,2025-04-10,Completed
PAY-0001660,ORD-0001660,Credit Card,1704.52,2025-03-26,Failed
PAY-0000271,ORD-0000271,Credit Card,1625.35,2024-05-06,Completed
PAY-0002436,ORD-0002436,Gift Card,1872.78,2026-08-19,Completed
PAY-0007809,ORD-0007809,PayPal,1956.32,31-Aug-2026,Completed
PAY-0003165,ORD-0003165,Debit Card,2898.7,2025-03-31,Completed
PAY-0010273,ORD-0010273,Bank Transfer,989.36,2026-02-17,Completed
PAY-0005052,ORD-0005052,Credit Card,282.94,2025-08-05,Failed
PAY-0009780,ORD-0009780,Debit Card,577.87,2025-01-15,Completed
PAY-0010415,ORD-0010415,Credit Card,187.03,2025-06-19,Completed
PAY-0006049,ORD-0006049,Credit Card,29271.41,2026-08-27,Completed
PAY-0008284,ORD-0008284,PayPal,1174.16,2024-08-27,Refunded
PAY-0000843,ORD-0000843,Credit Card,178.99,2026-04-20,Pending
PAY-0000065,ORD-0000065,,1352.38,2025-04-06,Completed
PAY-0000181,ORD-0000181,Credit Card,2780.95,2024-09-09,Completed
PAY-0000109,ORD-0000109,Gift Card,-382.05,2024-06-06,Completed
PAY-0004277,ORD-0004277,Debit Card,2140.68,2026-08-25,Completed
PAY-0001024,ORD-0001024,Credit Card,501.56,2026-08-24,Completed
PAY-0011269,ORD-0011269,Credit Card,1378.31,2025-04-17,Completed
PAY-0011456,ORD-0011456,Credit Card,1837.23,2025-08-09,Pending
PAY-0004493,ORD-0004493,Credit Card,1110.42,2025-06-27,Refunded
PAY-0000222,ORD-0000222,Credit Card,1962.17,2026-05-14,Completed
PAY-0007818,ORD-0007818,Debit Card,1441.75,2026-07-22,Completed
PAY-0000160,ORD-0000160,Credit Card,n/a,2026-07-25,Failed
PAY-0000505,ORD-0000505,Debit Card,479.5,2026-07-05,Pending
PAY-0007053,ORD-0007053,Gift Card,3004.28,2026-09-03,Completed
PAY-0006513,ORD-0006513,Bank Transfer,2169.03,2025-04-22,Completed
PAY-0009369,ORD-0009369,Credit Card,3079.98,2024-07-02,Completed
PAY-0007179,ORD-0007179,Bank Transfer,2853.84,2026-06-27,Completed
PAY-0005395,ORD-0005395,Debit Card,1007.36,2024-12-23,Completed
PAY-0011252,ORD-0011252,Debit Card,1757.7,2026-07-15,Completed
PAY-0008227,ORD-0008227,Bank Transfer,23.34,2025-06-08,Completed
PAY-0001888,ORD-0001888,PayPal,657.32,2026-07-21,Completed
PAY-0006854,ORD-0006854,Debit Card,3679.25,2026-01-19,Completed
PAY-0003783,ORD-0003783,Credit Card,904.2,2025-05-22,Completed
PAY-0003389,ORD-0003389,Credit Card,1724.0,2025-02-04,Completed
PAY-0004440,ORD-0004440,Credit Card,3067.42,2026-09-05,Refunded
PAY-0001852,ORD-0001852,Credit Card,3334.34,2026-05-16,Failed
PAY-0005001,ORD-0005001,Bank Transfer,3636.37,2026-07-28,Failed
PAY-0009020,ORD-0009020,Gift Card,4034.56,2026-04-17,Completed
PAY-0008936,ORD-0008936,Debit Card,106.42,2026-08-31,Completed
PAY-0002221,ORD-0002221,Bank Transfer,5926.96,2025-10-29,Pending
PAY-0007586,ORD-0007586,PayPal,757.15,2026-06-15,Refunded
PAY-0001988,ORD-0001988,Debit Card,211.23,2024-09-17,Completed
PAY-0003543,ORD-0003543,PayPal,162.5,2025-06-29,Completed
PAY-0001810,ORD-0001810,Credit Card,178.75,2024-01-23,Completed
PAY-0008886,ORD-0008886,Debit Card,1621.25,2026-06-29,Completed
PAY-0003363,ORD-0003363,PayPal,1205.32,2025-05-11,Pending
PAY-0008449,ORD-0008449,Credit Card,390.33,2024-09-05,Completed
PAY-0003007,ORD-0003007,,1661.76,2026-02-28,Completed
PAY-0008901,ORD-0008901,Debit Card,752.17,2025-12-07,Pending
PAY-0003918,ORD-0003918,Credit Card,113.98,2025-04-29,Failed
PAY-0005536,ORD-0005536,Debit Card,576.29,2024-05-14,Pending
PAY-0007245,ORD-0007245,Gift Card,3104.51,2024-11-03,Completed
PAY-0002780,ORD-0002780,Credit Card,1110.84,2026-06-28,Completed
PAY-0003017,ORD-0003017,Credit Card,569.52,2025-12-04,Completed
PAY-0010525,ORD-0010525,PayPal,1213.62,2025-10-20,Completed
PAY-0004704,ORD-0004704,Credit Card,162.65,2026-03-02,Failed
PAY-0003319,ORD-0003319,Credit Card,2883.19,2025-11-04,Completed
PAY-0011384,ORD-0011384,PayPal,2413.04abc,2026-05-14,Completed
PAY-0003197,ORD-0003197,Credit Card,962.87,2026-09-01,Pending
PAY-0009386,ORD-0009386,Debit Card,1839.53,2025-09-01,Completed
PAY-0007976,ORD-0007976,PayPal,5016.05,2026-07-07,Completed
PAY-0009647,ORD-0009647,Credit Card,530.05,2026-07-30,Completed
PAY-0004473,ORD-0004473,Debit Card,547.13,2026-05-31,Failed
PAY-0003341,ORD-0003341,Gift Card,2606.86,2025-12-12,Completed
PAY-0011259,ORD-0011259,Gift Card,1805.53,2026-09-03,Refunded
PAY-0003850,ORD-0003850,Credit Card,2250.84,2026-04-23,Refunded
PAY-0003938,ORD-0003938,PayPal,1444.98,2025-07-02,Completed
PAY-0008608,ORD-0008608,PayPal,1259.26,2026-05-23,Completed
PAY-0008463,ORD-0008463,Debit Card,5325.36,2025-06-30,Completed
PAY-0004145,ORD-0004145,Credit Card,519.98,2026-03-23,Completed
PAY-0003608,ORD-0003608,Credit Card,497.9,2026-08-27,Completed
PAY-0001151,ORD-0001151,PayPal,2464.89,2024-12-10,Pending
PAY-0000287,ORD-0000287,Credit Card,1238.8,2025-10-03,Failed
PAY-0006978,ORD-0006978,Debit Card,803.38,2025-04-18,Completed
PAY-0009752,ORD-0009752,Debit Card,2224.8,2026-08-30,Completed
PAY-0005553,ORD-0005553,Debit Card,58577.13,2024-10-08,Completed
PAY-0009256,ORD-0009256,Gift Card,695.8,2026-05-18,Failed
PAY-0005009,ORD-0005009,Debit Card,2324.96,2024-11-17,Completed
PAY-0003609,ORD-0003609,Debit Card,1153.49,2024-02-04,Failed
PAY-0004698,ORD-0004698,Credit Card,765.33,2025-02-10,Completed
PAY-0006701,ORD-0006701,Credit Card,1778.73,2025-09-19,Completed
PAY-0004868,ORD-0004868,Debit Card,246.58,2026-08-25,Completed
PAY-0003240,ORD-0003240,Credit Card,-3457.46,2026-01-30,Completed
PAY-0004796,ORD-0004796,Credit Card,1795.15,2026-05-16,Completed
PAY-0011946,ORD-0011946,Debit Card,514.82,2025-11-02,Completed
PAY-0004507,ORD-0004507,Debit Card,13765.41,2026-01-18,Completed
PAY-0010318,ORD-0010318,Credit Card,3461.49,2025-07-10,Completed
PAY-0003668,ORD-0003668,Credit Card,693.04,2026-01-14,Completed
PAY-0011490,ORD-0011490,Credit Card,896.7,2026-09-03,Refunded
PAY-0008938,ORD-0923522,Debit Card,745.52,2026-08-28,Failed
PAY-0011634,ORD-0011634,PayPal,180.2,2026-07-09,Completed
PAY-0002830,ORD-0002830,Credit Card,1750.49,2026-09-01,Failed
PAY-0008148,ORD-0008148,Credit Card,1229.92,2025-03-14,Failed
PAY-0004491,ORD-0004491,PayPal,265.13,2025-09-06,Completed
PAY-0000498,ORD-0000498,PayPal,244.07,2025-12-28,Completed
PAY-0006859,ORD-0006859,Credit Card,2094.49,2026-06-11,Failed
PAY-0005156,ORD-0005156,Credit Card,1568.19,2024-12-31,Completed
PAY-0000499,ORD-0000499,Credit Card,2554.46,2026-08-17,Completed
PAY-0005965,ORD-0005965,Debit Card,1737.36,11-Apr-2025,Completed
PAY-0009621,ORD-0009621,PayPal,2439.71,2026-08-17,Refunded
PAY-0010085,ORD-0010085,Credit Card,691.24,2026-08-31,Completed
PAY-0003232,ORD-0003232,PayPal,680.06,2026-07-20,Completed
PAY-0006678,ORD-0006678,Credit Card,593.92,2026-04-21,Refunded
PAY-0001789,ORD-0001789,Credit Card,317.33,2025-03-09,Completed
PAY-0006774,ORD-0006774,Gift Card,2746.12,2025-05-01,Completed
PAY-0000327,ORD-0000327,Credit Card,7060.05,2025-07-07,Pending
PAY-0009279,ORD-0009279,Debit Card,1768.41,2026-01-26,Completed
PAY-0008358,ORD-0008358,Gift Card,2907.08,2026-03-22,Completed
PAY-0004806,ORD-0004806,,256.69,2026-08-15,Completed
PAY-0009172,ORD-0009172,Credit Card,-3444.7,2024-05-21,Completed
PAY-0006975,ORD-0006975,Debit Card,1441.86,2026-07-15,Completed
PAY-0009134,ORD-0009134,PayPal,499.82,2024-11-12,Pending
PAY-0004058,ORD-0004058,Bank Transfer,1032.97,2026-02-22,Completed
PAY-0000063,ORD-0000063,PayPal,4980.6,2023-11-21,Completed
PAY-0010934,ORD-0010934,Credit Card,1375.65,2026-01-01,Pending
PAY-0007879,ORD-0007879,Credit Card,2402.38,2025-01-30,Completed
PAY-0005141,ORD-0005141,Debit Card,1649.76,2026-04-09,Completed
PAY-0008979,ORD-0008979,Debit Card,1625.51,2026-05-14,Completed
PAY-0003837,ORD-0003837,PayPal,2434.7,2026-09-04,Completed
PAY-0003845,ORD-0003845,Credit Card,150.58,2026-09-03,Failed
PAY-0010263,ORD-0010263,Credit Card,1499.34,2026-05-05,Completed
PAY-0003737,ORD-0003737,Debit Card,3168.62,2026-07-30,Completed
PAY-0006995,ORD-0006995,Credit Card,698.07,2026-04-22,Refunded
PAY-0006259,ORD-0006259,Gift Card,2048.16,2026-04-01,Completed
PAY-0009116,ORD-0009116,Credit Card,287.24,2026-05-07,Completed
PAY-0011158,ORD-0011158,Debit Card,2892.53,2026-09-06,Completed
PAY-0009375,ORD-0009375,Credit Card,361.08,2025-09-16,Completed
PAY-0000255,ORD-0000255,Credit Card,null,2026-01-21,Pending
PAY-0005710,ORD-0005710,Credit Card,4116.71,2024-11-03,Completed
PAY-0002661,ORD-0002661,Credit Card,1900.72,2025-03-02,Completed
PAY-0010302,ORD-0010302,Debit Card,2114.19,2026-05-13,Refunded
PAY-0001410,ORD-0001410,Debit Card,2845.95,2026-04-02,Completed
PAY-0006035,ORD-0006035,Credit Card,78.84,2026-01-01,Completed
PAY-0007543,ORD-0007543,Gift Card,706.13,2026-08-10,Failed
PAY-0009306,ORD-0009306,Credit Card,4393.39,2026-08-20,Completed
PAY-0002447,ORD-0002447,Credit Card,597.01,2026-01-12,Completed
PAY-0006329,ORD-0006329,Gift Card,5458.87,2024-05-12,Failed
PAY-0008416,ORD-0008416,Credit Card,1389.14,2025-09-12,Completed
PAY-0006508,ORD-0006508,Gift Card,2103.3,2026-08-30,Completed
PAY-0006256,ORD-0006256,PayPal,666.09,2026-09-06,Failed
PAY-0008027,ORD-0008027,Credit Card,112.32,2026-03-12,Completed
PAY-0004757,ORD-0004757,Debit Card,1469.46,2026-01-31,Completed
PAY-0004678,ORD-0004678,Debit Card,1367.03,2026-06-01,Completed
PAY-0007582,ORD-0007582,Gift Card,1016.9,2025-11-07,Completed
PAY-0001442,ORD-0001442,Gift Card,897.2,2026-06-25,Failed
PAY-0007155,ORD-0007155,PayPal,683.82,2026-06-30,Completed
PAY-0010226,ORD-0010226,Debit Card,4991.03,2026-06-02,Completed
PAY-0003769,ORD-0003769,Debit Card,35.67,"October 15, 2025",Pending
PAY-0000047,ORD-0000047,Credit Card,3697.93,2025-07-29,Failed
PAY-0009367,ORD-0009367,Credit Card,3569.15,2026-08-17,Failed
PAY-0007085,ORD-0007085,PayPal,951.26,2026-07-12,Completed
PAY-0003145,ORD-0003145,Debit Card,1824.37,2025-12-02,Failed
PAY-0009532,ORD-0009532,Debit Card,739.86,2025-03-12,Completed
PAY-0011051,ORD-0974330,Debit Card,4135.7,2026-07-04,Completed
PAY-0007469,ORD-0007469,Debit Card,1067.47,"August 12, 2026",Pending
PAY-0008158,ORD-0008158,,584.41,2024-12-21,Completed
PAY-0006179,ORD-0006179,,2534.61,2026-06-20,Completed
PAY-0003300,ORD-0003300,PayPal,817.9,2024-11-26,Failed
PAY-0010912,ORD-0010912,Gift Card,888.52,2025-01-29,Completed
PAY-0010445,ORD-0010445,Credit Card,2077.95,2026-05-27,Completed
PAY-0009173,ORD-0009173,PayPal,2423.61,2026-03-18,Completed
PAY-0008905,ORD-0008905,Credit Card,4005.84,2026-04-01,Failed
PAY-0008793,ORD-0008793,PayPal,1918.66,2025-05-16,Completed
PAY-0002389,ORD-0002389,Credit Card,909.12,2024-12-05,Completed
PAY-0007196,ORD-0007196,PayPal,1843.32,2026-06-11,Completed
PAY-0010996,ORD-0010996,Bank Transfer,2788.08,2024-12-05,Failed
PAY-0001334,ORD-0001334,Debit Card,725.71,2026-06-21,Completed
PAY-0001968,ORD-0001968,Credit Card,252.07,2026-05-07,Completed
PAY-0002961,ORD-0002961,Credit Card,1005.78,2024-12-14,Completed
PAY-0009107,ORD-0009107,Debit Card,2050.6,2024-06-03,Completed
PAY-0011947,ORD-0011947,Credit Card,277.19,2026-05-19,Failed
PAY-0001478,ORD-0001478,Credit Card,982.92,2025-11-12,Completed
PAY-0003349,ORD-0003349,Bank Transfer,342.13,2026-07-30,Completed
PAY-0011960,ORD-0011960,PayPal,781.61,2024-07-26,Completed
PAY-0003414,ORD-0003414,Debit Card,5722.32,2025-12-03,Completed
PAY-0003516,ORD-0003516,Credit Card,6723.76,2026-04-11,Failed
PAY-0008318,ORD-0008318,Debit Card,1326.07,2025-12-19,Completed
PAY-0008589,ORD-0008589,Gift Card,--,2026-07-22,Completed
PAY-0005898,ORD-0005898,Credit Card,30.92,2026-07-03,Completed
PAY-0001897,ORD-0001897,Credit Card,1872.27,2025-07-21,Completed
PAY-0008787,ORD-0008787,Credit Card,3225.4,2025-08-30,Completed
PAY-0002222,ORD-0002222,Credit Card,255.5,2026-04-16,Completed
PAY-0009422,ORD-0009422,Credit Card,1564.6,2026-08-12,Completed
PAY-0004633,ORD-0004633,Credit Card,6869.43,2025-07-26,Completed
PAY-0011062,ORD-0011062,PayPal,3031.18,2026-06-22,Pending
PAY-0001741,ORD-0001741,Gift Card,40038.26,2024-02-28,Completed
PAY-0005256,ORD-0005256,PayPal,1738.39,2025-04-20,Completed
PAY-0003621,ORD-0003621,PayPal,265.94,2025-01-10,Completed
PAY-0003764,ORD-0003764,Credit Card,3539.77,2026-01-25,Completed
PAY-0002911,ORD-0002911,Credit Card,2545.39,2026-07-13,Completed
PAY-0001172,ORD-0001172,Credit Card,949.99,2026-09-03,Completed
PAY-0002778,ORD-0002778,Credit Card,4622.73,2026-07-24,Completed
PAY-0000294,ORD-0000294,Debit Card,267.43,2026-02-27,Completed
PAY-0002173,ORD-0002173,Debit Card,n/a,2026-09-08,Completed
PAY-0011531,ORD-0011531,Debit Card,1440.02,2025-06-09,Completed
PAY-0007472,ORD-0007472,Debit Card,665.41,2025-07-10,Refunded
PAY-0007265,ORD-0007265,Credit Card,225.93,2026-01-09,Completed
PAY-0010897,ORD-0010897,Debit Card,2121.49,2024-06-21,Completed
PAY-0008353,ORD-0008353,Gift Card,-2106.96,2026-04-16,Completed
PAY-0010338,ORD-0010338,Debit Card,2532.68,2025-11-14,Completed
PAY-0007510,ORD-0007510,Credit Card,723.15,2024-10-13,Pending
PAY-0008160,ORD-0008160,Credit Card,4091.0,2026-05-28,Pending
PAY-0001502,ORD-0001502,Credit Card,3220.08,2026-05-24,Failed
PAY-0005670,ORD-0005670,PayPal,91491.82,2026-07-31,Completed
PAY-0004477,ORD-0004477,Debit Card,1150.83,2025-06-27,Failed
PAY-0008613,ORD-0008613,PayPal,1621.7,2024-10-27,Completed
PAY-0006515,ORD-0006515,Bank Transfer,1502.19,2026-05-10,Completed
PAY-0001567,ORD-0001567,PayPal,2365.75,2025-10-08,Refunded
PAY-0011616,ORD-0011616,,343.1,2025-07-03,Completed
PAY-0002033,ORD-0002033,Gift Card,478.62,2026-05-21,Pending
PAY-0009587,ORD-0009587,PayPal,1071.94,"July 23, 2026",Completed
PAY-0002327,ORD-0002327,Gift Card,607.77,2026-05-16,Completed
PAY-0002708,ORD-0002708,Credit Card,1403.2,2025-05-23,Completed
PAY-0007106,ORD-0007106,Debit Card,2367.15,2026-07-23,Refunded
PAY-0000928,ORD-0000928,PayPal,185.72,2024-08-10,Refunded
PAY-0001295,ORD-0001295,Gift Card,713.95,2026-08-10,Completed
PAY-0011307,ORD-0011307,Debit Card,448.19,2025-09-25,Completed
PAY-0000994,ORD-0000994,Gift Card,1337.8,2026-08-02,Failed
PAY-0011532,ORD-0011532,Credit Card,-2799.0,2025-12-07,Completed
PAY-0000871,ORD-0000871,PayPal,10658.93,2025-05-29,Completed
PAY-0001688,ORD-0001688,PayPal,1554.58,2026-04-21,Completed
PAY-0003919,ORD-0003919,Debit Card,531.4,2026-05-29,Completed
PAY-0008591,ORD-0008591,Credit Card,1827.42,2025-02-28,Completed
PAY-0009392,ORD-0009392,Debit Card,1211.35,2026-07-12,Completed
PAY-0004281,ORD-0004281,Credit Card,529.7,2026-08-08,Completed
PAY-0005907,ORD-0005907,PayPal,757.65,2026-04-04,Refunded
PAY-0007884,ORD-0007884,Debit Card,415.88,2026-04-28,Completed
PAY-0004123,ORD-0004123,PayPal,2320.82,2026-09-02,Completed
PAY-0005891,ORD-0005891,Credit Card,396.84,2026-06-27,Completed
PAY-0011297,ORD-0011297,Credit Card,1496.89,2026-03-02,Completed
PAY-0007851,ORD-0007851,Credit Card,1394.8,2026-05-01,Completed
PAY-0006429,ORD-0006429,Credit Card,451.62,2024-06-04,Completed
PAY-0001270,ORD-0001270,Credit Card,2368.16,2024-06-14,Completed
PAY-0000238,ORD-0000238,,4883.83,2026-08-14,Completed
PAY-0011468,ORD-0011468,,4283.16,2026-07-25,Completed
PAY-0010361,ORD-0010361,Bank Transfer,2867.58,2026-05-18,Completed
PAY-0007446,ORD-0007446,Debit Card,1266.93,2025-10-26,Completed
PAY-0011881,ORD-0011881,Credit Card,2145.6,2026-01-15,Completed
PAY-0003579,ORD-0003579,PayPal,2094.95,2025-09-19,Completed
PAY-0002943,ORD-0002943,PayPal,2046.08,2025-06-28,Refunded
PAY-0003334,ORD-0003334,Credit Card,1200.09,2025-11-15,Failed
PAY-0009515,ORD-0009515,,507.68,2026-05-13,Completed
PAY-0005886,ORD-0005886,PayPal,942.94,2025-10-12,Completed
PAY-0005109,ORD-0005109,Debit Card,1973.05,2026-03-03,Failed
PAY-0011729,ORD-0011729,PayPal,1033.97,2026-07-25,Completed
PAY-0005548,ORD-0005548,Credit Card,1401.05,2024-04-28,Completed
PAY-0004659,ORD-0004659,Bank Transfer,2119.67,2026-04-08,Failed
PAY-0003433,ORD-0003433,Credit Card,92433.92,2026-05-31,Completed
PAY-0001768,ORD-0001768,Debit Card,2472.28,2026-03-24,Completed
PAY-0004687,ORD-0004687,PayPal,133.39,2025-06-04,Refunded
PAY-0001105,ORD-0001105,Credit Card,1690.06,2025-11-17,Completed
PAY-0004783,ORD-0004783,Credit Card,2343.89,2026-05-08,Completed
PAY-0005833,ORD-0005833,Credit Card,223.26,2025-06-12,Refunded
PAY-0000365,ORD-0000365,Debit Card,482.12,2026-07-25,Failed
PAY-0008465,ORD-0008465,PayPal,1327.15,2024-10-06,Completed
PAY-0009285,ORD-0009285,Gift Card,2446.73,2026-08-09,Pending
PAY-0001348,ORD-0001348,Bank Transfer,1028.78,2026-06-08,Completed
PAY-0009351,ORD-0009351,Debit Card,421.5,2026-06-07,Refunded
PAY-0005049,ORD-0005049,PayPal,92.67,2025-09-03,Failed
PAY-0011124,ORD-0011124,Credit Card,234.1,2026-03-27,Completed
PAY-0008151,ORD-0008151,Debit Card,483.04,2026-08-22,Refunded
PAY-0004443,ORD-0004443,Credit Card,2061.26,2026-02-14,Completed
PAY-0004693,ORD-0004693,Bank Transfer,2144.93,2024-09-30,Completed
PAY-0007026,ORD-0972475,PayPal,198.76,2025-03-10,Completed
PAY-0003518,ORD-0003518,PayPal,997.92,2026-05-19,Failed
PAY-0003689,ORD-0003689,PayPal,1526.44,2026-07-07,Completed
PAY-0011470,ORD-0011470,Credit Card,68.04,2024-07-08,Completed
PAY-0002381,ORD-0002381,Credit Card,474.76,2026-05-06,Completed
PAY-0007193,ORD-0007193,Debit Card,356.05,2026-08-16,Completed
PAY-0005734,ORD-0005734,Credit Card,198.01,2025-09-03,Pending
PAY-0001650,ORD-0001650,Debit Card,3493.45,2025-08-18,Completed
PAY-0001383,ORD-0001383,Debit Card,1683.15,2026-03-11,Completed
PAY-0008405,ORD-0008405,Credit Card,959.39,2024-03-03,Completed
PAY-0011640,ORD-0011640,Credit Card,3808.19,2026-08-18,Completed
PAY-0001775,ORD-0001775,Credit Card,599.92,2026-01-22,Failed
PAY-0010736,ORD-0010736,Credit Card,5975.21,2026-02-22,Completed
PAY-0002448,ORD-0002448,,562.58,2026-02-26,Refunded
PAY-0008612,ORD-0008612,,1876.38,2026-03-14,Completed
PAY-0011592,ORD-0011592,PayPal,1677.88,2026-08-06,Completed
PAY-0006060,ORD-0006060,PayPal,27.23,2025-03-07,Completed
PAY-0007102,ORD-0007102,Credit Card,1009.92,2026-06-22,Completed
PAY-0009058,ORD-0009058,Credit Card,353.66,2025-02-04,Completed
PAY-0009685,ORD-0009685,Credit Card,454.05,2025-06-22,Completed
PAY-0005229,ORD-0005229,Debit Card,1452.43,2025-08-24,Completed
PAY-0007900,ORD-0007900,Debit Card,3942.18,2026-06-03,Failed
PAY-0000386,ORD-0000386,Credit Card,2309.53,2026-06-02,Completed
PAY-0010048,ORD-0010048,Credit Card,446.47,2025-07-24,Refunded
PAY-0009385,ORD-0009385,Credit Card,1575.99,2026-06-26,Refunded
PAY-0005840,ORD-0005840,Credit Card,4456.24,2025-07-01,Completed
PAY-0006343,ORD-0006343,Debit Card,703.64,2026-06-07,Completed
PAY-0008490,ORD-0008490,PayPal,738.06,2025-01-27,Completed
PAY-0001400,ORD-0001400,Debit Card,369.04,2026-06-11,Completed
PAY-0005900,ORD-0005900,Credit Card,1676.77,2026-08-31,Refunded
PAY-0003634,ORD-0003634,PayPal,527.46,2025-07-07,Completed
PAY-0001860,ORD-0001860,Credit Card,1535.78,2026-08-16,Completed
PAY-0000352,ORD-0000352,PayPal,1703.86,2026-08-03,Completed
PAY-0004665,ORD-0004665,Debit Card,503.65,2026-06-19,Completed
PAY-0000288,ORD-0000288,PayPal,2217.12abc,2026-09-04,Completed
PAY-0000839,ORD-0000839,Debit Card,496.26,2025-03-23,Refunded
PAY-0009078,ORD-0009078,Debit Card,370.17,2025-09-19,Completed
PAY-0000764,ORD-0000764,Credit Card,2712.65,13-Nov-2025,Completed
PAY-0010188,ORD-0010188,Debit Card,915.25,2024-02-06,Completed
PAY-0004424,ORD-0004424,Credit Card,4625.48,2024-08-08,Pending
PAY-0006322,ORD-0006322,PayPal,428.13,2026-08-16,Completed
PAY-0011227,ORD-0011227,Credit Card,3147.84,2026-03-08,Pending
PAY-0003981,ORD-0003981,Debit Card,1737.69,2025-10-04,Failed
PAY-0005909,ORD-0005909,Credit Card,1225.82,2026-03-19,Completed
PAY-0001781,ORD-0001781,Debit Card,195.98,2024-08-20,Completed
PAY-0004003,ORD-0004003,Gift Card,2335.65,2026-08-11,Completed
PAY-0001693,ORD-0001693,Credit Card,1756.19,2025-12-12,Completed
PAY-0008167,ORD-0008167,Credit Card,1453.16,2024-12-11,Completed
PAY-0003768,ORD-0003768,Debit Card,1107.68,2026-08-05,Completed
PAY-0009035,ORD-0009035,Credit Card,4487.66,2026-07-02,Completed
PAY-0008997,ORD-0008997,PayPal,1263.63,2026-06-06,Completed
PAY-0001626,ORD-0001626,PayPal,2157.68,2025-08-11,Completed
PAY-0009345,ORD-0009345,Debit Card,2217.1,2025-03-01,Completed
PAY-0001556,ORD-0001556,Credit Card,203.79,2025-06-28,Failed
PAY-0002235,ORD-0002235,Debit Card,362.04,2026-08-11,Completed
PAY-0007519,ORD-0007519,Credit Card,1068.31,2024-10-31,Completed
PAY-0010930,ORD-0010930,Credit Card,844.6,2025-10-13,Completed
PAY-0010090,ORD-0010090,Credit Card,737.31,2026-07-23,Completed
PAY-0003812,ORD-0003812,PayPal,5671.0,2024-12-02,Failed
PAY-0008315,ORD-0008315,Gift Card,38497.78,2026-06-23,Completed
PAY-0004246,ORD-0004246,Debit Card,1715.16,2024-10-09,Completed
PAY-0003905,ORD-0003905,Credit Card,3367.19,2025-06-04,Completed
PAY-0010965,ORD-0010965,Credit Card,140.51,02/12/2026,Completed
PAY-0000062,ORD-0000062,Debit Card,1779.32,2025-09-19,Completed
PAY-0000759,ORD-0000759,PayPal,1383.3,2024-12-25,Refunded
PAY-0011605,ORD-0011605,Credit Card,381.74,2025-07-22,Pending
PAY-0003311,ORD-0003311,PayPal,2718.0,2026-05-17,Completed
PAY-0003457,ORD-0003457,,326.3,2025-03-27,Failed
PAY-0005217,ORD-0005217,Credit Card,1806.33,2026-08-28,Pending
PAY-0007310,ORD-0007310,Debit Card,694.03,2025-10-29,Failed
PAY-0003226,ORD-0003226,Bank Transfer,645.51,2026-06-13,Completed
PAY-0006037,ORD-0006037,Debit Card,3931.42,2024-07-24,Refunded
PAY-0001490,ORD-0001490,PayPal,1097.28,2025-08-17,Completed
PAY-0008830,ORD-0008830,Credit Card,1090.69,2024-03-18,Pending
PAY-0009184,ORD-0009184,Credit Card,$5955.57,2026-05-15,Failed
PAY-0006743,ORD-0991822,Debit Card,253.12,2025-07-20,Completed
PAY-0007495,ORD-0007495,Debit Card,2866.23,2026-02-08,Completed
PAY-0002265,ORD-0002265,Debit Card,3040.54,2024-06-16,Pending
PAY-0008147,ORD-0008147,Debit Card,1998.55,2024-12-16,Completed
PAY-0011595,ORD-0011595,Credit Card,-793.99,2026-06-18,Completed
PAY-0004220,ORD-0004220,Debit Card,110.54,2026-07-14,Failed
PAY-0009824,ORD-0009824,Credit Card,276.54,2026-01-22,Completed
PAY-0001060,ORD-0001060,Debit Card,2278.72,2026-06-12,Completed
PAY-0008840,ORD-0008840,Gift Card,797.44,2025-08-09,Failed
PAY-0001923,ORD-0001923,Bank Transfer,1200.43,2025-12-27,Completed
PAY-0009430,ORD-0009430,PayPal,311.56,2026-08-07,Completed
PAY-0005418,ORD-0005418,Credit Card,4531.46,2024-12-24,Completed
PAY-0003653,ORD-0003653,Credit Card,355.68,"August 22, 2026",Completed
PAY-0007080,ORD-0007080,Debit Card,540.51,2026-01-27,Refunded
PAY-0009269,ORD-0009269,Credit Card,206.42abc,2026-06-07,Failed
PAY-0010465,ORD-0010465,Gift Card,357.24,2025-12-17,Failed
PAY-0011131,ORD-0011131,Credit Card,160.44,2026-08-28,Pending
PAY-0005580,ORD-0005580,Credit Card,640.15,2025-05-04,Completed
PAY-0011278,ORD-0011278,PayPal,258.26,2026-06-15,Failed
PAY-0011089,ORD-0011089,Credit Card,3902.57,2026-01-23,Completed
PAY-0001451,ORD-0001451,Gift Card,873.77,2025-12-30,Failed
PAY-0007109,ORD-0007109,PayPal,836.0,2025-06-11,Refunded
PAY-0001376,ORD-0001376,PayPal,1394.49,2026-09-08,Completed
PAY-0011511,ORD-0011511,Debit Card,1413.24,2026-02-06,Refunded
PAY-0001709,ORD-0001709,Debit Card,1812.43,07/28/2026,Pending
PAY-0004636,ORD-0004636,,1159.08,2026-01-28,Refunded
PAY-0011814,ORD-0011814,Credit Card,4032.29,2025-01-21,Failed
PAY-0009095,ORD-0009095,Credit Card,1453.71,2026-04-03,Refunded
PAY-0008667,ORD-0008667,PayPal,726.46,2026-07-23,Completed
PAY-0009962,ORD-0009962,Gift Card,478.14,2026-09-05,Completed
PAY-0006034,ORD-0006034,Credit Card,133.43,2024-12-30,Completed
PAY-0005577,ORD-0005577,Credit Card,$5630.89,2024-07-15,Completed
PAY-0004264,ORD-0004264,Credit Card,3316.41,12/16/2025,Completed
PAY-0003464,ORD-0003464,Debit Card,29.08,2025-05-24,Completed
PAY-0000772,ORD-0000772,Debit Card,2263.45,2025-06-03,Completed
PAY-0005385,ORD-0005385,Credit Card,2948.73,2025-10-10,Failed
PAY-0004207,ORD-0004207,Debit Card,3043.55,2026-06-18,Failed
PAY-0004867,ORD-0004867,Credit Card,$735.85,2026-03-19,Completed
PAY-0000262,ORD-0000262,,513.54,2025-10-01,Completed
PAY-0000172,ORD-0000172,PayPal,1279.89,2026-07-06,Completed
PAY-0007961,ORD-0007961,Debit Card,859.29,2026-01-22,Completed
PAY-0002831,ORD-0002831,Credit Card,3543.97,2026-03-14,Completed
PAY-0008989,ORD-0008989,Bank Transfer,4194.2,2026-08-31,Completed
PAY-0006159,ORD-0006159,Debit Card,4538.97,2026-04-23,Pending
PAY-0007670,ORD-0007670,Gift Card,163.96,2024-07-23,Pending
PAY-0008091,ORD-0008091,Gift Card,4366.9,2026-08-13,Failed
PAY-0002111,ORD-0002111,Bank Transfer,3196.16,2025-02-12,Completed
PAY-0002794,ORD-0002794,Credit Card,2825.68,2026-05-05,Refunded
PAY-0008220,ORD-0008220,,1308.96,2026-08-06,Completed
PAY-0010905,ORD-0010905,PayPal,2618.57,2025-01-03,Failed
PAY-0010514,ORD-0010514,Gift Card,1085.13,2025-11-13,Failed
PAY-0009250,ORD-0009250,Credit Card,2457.39,2025-11-01,Completed
PAY-0001409,ORD-0001409,PayPal,5006.61,2026-04-29,Completed
PAY-0006297,ORD-0988769,Debit Card,874.74,2026-08-12,Completed
PAY-0010391,ORD-0010391,Credit Card,1272.39,2025-11-24,Completed
PAY-0000728,ORD-0000728,Credit Card,497.79,2026-03-10,Refunded
PAY-0003747,ORD-0003747,PayPal,5687.28,2026-07-21,Completed
PAY-0009019,ORD-0988660,PayPal,N/A,2026-09-03,Pending
PAY-0006237,ORD-0006237,Credit Card,941.02,2025-10-09,Refunded
PAY-0006315,ORD-0006315,Debit Card,3411.71,2025-03-04,Completed
PAY-0006623,ORD-0006623,Debit Card,3387.13,02/20/2026,Completed
PAY-0007512,ORD-0007512,Debit Card,1772.98,2026-06-22,Completed
PAY-0001181,ORD-0001181,,1411.7,2025-10-31,Completed
PAY-0010950,ORD-0010950,Gift Card,770.35,2025-08-02,Pending
PAY-0002458,ORD-0002458,Gift Card,4348.42,2026-06-07,Completed
PAY-0007598,ORD-0007598,PayPal,2472.2,2026-03-19,Completed
PAY-0009203,ORD-0009203,Debit Card,1637.92,2026-07-14,Completed
PAY-0000139,ORD-0000139,PayPal,2949.53,2026-07-21,Completed
PAY-0011165,ORD-0011165,Debit Card,2410.54,2026-08-13,Completed
PAY-0008282,ORD-0008282,Credit Card,?,2024-03-02,Pending
PAY-0009363,ORD-0009363,PayPal,2627.24,2026-05-03,Failed
PAY-0005557,ORD-0005557,PayPal,225.96,2026-08-26,Completed
PAY-0005666,ORD-0005666,Credit Card,3669.71,2026-06-04,Failed
PAY-0000039,ORD-0000039,Gift Card,1851.36,2024-12-31,Completed
PAY-0004696,ORD-0004696,Credit Card,468.84,2025-09-11,Completed
PAY-0004668,ORD-0004668,Debit Card,675.72,2026-01-06,Completed
PAY-0005736,ORD-0005736,PayPal,53.51,2025-03-12,Completed
PAY-0002637,ORD-0002637,Credit Card,530.84,2026-05-03,Pending
PAY-0000067,ORD-0000067,Credit Card,2612.88,2026-04-14,Completed
PAY-0007321,ORD-0007321,Credit Card,2410.45,2025-08-19,Pending
PAY-0004284,ORD-0004284,Debit Card,1703.29,2026-03-19,Completed
PAY-0009758,ORD-0009758,Debit Card,897.39,2026-05-29,Completed
PAY-0006832,ORD-0006832,Credit Card,638.99,2026-04-30,Completed
PAY-0003220,ORD-0003220,Credit Card,534.19,2026-02-14,Refunded
PAY-0006941,ORD-0006941,Debit Card,2042.71,2026-08-22,Pending
PAY-0008207,ORD-0008207,PayPal,152.74,2025-09-22,Failed
PAY-0010672,ORD-0010672,Credit Card,1461.43,2026-09-01,Completed
PAY-0006081,ORD-0006081,Credit Card,827.09,2024-09-30,Failed
PAY-0007278,ORD-0007278,PayPal,1992.61,2026-02-05,Completed
PAY-0003629,ORD-0003629,PayPal,921.53,2024-07-29,Pending
PAY-0002402,ORD-0002402,Credit Card,868.9,2025-11-09,Failed
PAY-0005421,ORD-0005421,PayPal,1389.34,2024-04-07,Refunded
PAY-0010549,ORD-0010549,PayPal,3959.6,2025-07-16,Completed
PAY-0000391,ORD-0000391,Credit Card,1913.55,2026-06-04,Completed
PAY-0004228,ORD-0004228,Credit Card,338.19,2026-06-02,Completed
PAY-0003777,ORD-0003777,Bank Transfer,1897.67,2025-06-03,Completed
PAY-0001342,ORD-0001342,Credit Card,2376.28,2025-12-09,Completed
PAY-0005951,ORD-0005951,Credit Card,742.92,2026-06-12,Refunded
PAY-0006602,ORD-0006602,Debit Card,222.63,2024-10-25,Failed
PAY-0008821,ORD-0008821,Credit Card,3315.24,2026-06-19,Completed
PAY-0010296,ORD-0010296,PayPal,1903.49,18-Apr-2025,Completed
PAY-0003140,ORD-0003140,Credit Card,4472.36,2025-07-23,Completed
PAY-0011483,ORD-0011483,Bank Transfer,2518.63,2026-06-05,Completed
PAY-0001392,ORD-0001392,Bank Transfer,2306.48,2026-01-23,Completed
PAY-0004056,ORD-0004056,Bank Transfer,1186.37,2025-08-04,Refunded
PAY-0011741,ORD-0011741,Debit Card,4624.93,2025-10-09,Completed
PAY-0007247,ORD-0007247,Debit Card,2375.72,08/16/2024,Completed
PAY-0003578,ORD-0003578,PayPal,773.33,2025-11-19,Refunded
PAY-0007555,ORD-0007555,Credit Card,159.52,2025-11-14,Failed
PAY-0002672,ORD-0002672,Debit Card,2209.25,2025-06-04,Pending
PAY-0002779,ORD-0002779,Debit Card,636.25,20-Dec-2024,Completed
PAY-0003333,ORD-0003333,Debit Card,1130.6,2025-02-13,Completed
PAY-0008480,ORD-0008480,Credit Card,4517.01abc,2026-06-04,Failed
PAY-0004213,ORD-0004213,Credit Card,153.02,2024-11-09,Completed
PAY-0005151,ORD-0983526,Debit Card,98492.88,2026-03-20,Completed
PAY-0010820,ORD-0010820,PayPal,null,2025-12-03,Failed
PAY-0000462,ORD-0000462,Debit Card,5389.83,2026-08-16,Completed
PAY-0000519,ORD-0000519,Debit Card,533.27,2024-12-29,Completed
PAY-0003195,ORD-0003195,PayPal,848.83,2025-09-18,Completed
PAY-0002124,ORD-0002124,PayPal,636.61,2026-06-23,Completed
PAY-0010619,ORD-0010619,Credit Card,232.27,2025-04-30,Completed
PAY-0009434,ORD-0009434,Gift Card,3118.29,2026-03-27,Completed
PAY-0009986,ORD-0009986,Credit Card,1898.26,2026-04-26,Failed
PAY-0002567,ORD-0002567,Gift Card,459.36,2025-06-12,Pending
PAY-0003761,ORD-0003761,Gift Card,3309.62,2026-03-30,Completed
PAY-0006968,ORD-0006968,Debit Card,2987.97,2026-06-16,Failed
PAY-0002322,ORD-0002322,Credit Card,630.6,2025-01-19,Completed
PAY-0011891,ORD-0916694,Credit Card,$3328.85,2026-06-16,Completed
PAY-0005312,ORD-0005312,Debit Card,1263.63,2026-09-03,Completed
PAY-0000796,ORD-0000796,PayPal,222.13,2026-08-19,Completed
PAY-0009327,ORD-0009327,Credit Card,770.32,2026-05-24,Completed
PAY-0000121,ORD-0000121,Debit Card,857.66,2025-10-22,Failed
PAY-0006805,ORD-0006805,Debit Card,1490.83,2026-03-11,Completed
PAY-0004188,ORD-0004188,Credit Card,709.71,2024-10-19,Pending
PAY-0007827,ORD-0007827,Debit Card,821.66,2024-07-02,Completed
PAY-0006225,ORD-0006225,Credit Card,46.3,2025-10-30,Failed
PAY-0003551,ORD-0003551,Credit Card,699.9,2025-12-02,Completed
PAY-0005449,ORD-0005449,Gift Card,1815.2,2026-06-25,Completed
PAY-0000639,ORD-0950298,Credit Card,2564.5,2026-02-12,Completed
PAY-0003555,ORD-0003555,,901.38,2025-08-10,Completed
PAY-0004897,ORD-0004897,Credit Card,23.36,2026-03-13,Failed
PAY-0003941,ORD-0003941,PayPal,1113.17,2025-07-18,Completed
PAY-0001331,ORD-0001331,Credit Card,2697.08,2025-12-08,Pending
PAY-0004401,ORD-0004401,Credit Card,1486.57,2026-01-28,Completed
PAY-0001380,ORD-0001380,Gift Card,1550.01,2024-05-25,Completed
PAY-0005535,ORD-0005535,Credit Card,4159.04,2025-07-07,Completed
PAY-0011820,ORD-0011820,Gift Card,2246.47,2026-07-02,Completed
PAY-0010810,ORD-0010810,Debit Card,?,2026-01-22,Completed
PAY-0001481,ORD-0001481,Credit Card,1779.94,2025-10-25,Completed
PAY-0008819,ORD-0008819,PayPal,4292.95abc,2026-04-06,Completed
PAY-0011635,ORD-0011635,Credit Card,845.45,2024-03-13,Completed
PAY-0001107,ORD-0001107,Credit Card,689.18,2025-04-21,Refunded
PAY-0002079,ORD-0002079,,-2154.55,2026-02-03,Completed
PAY-0010662,ORD-0010662,PayPal,980.52,2026-02-24,Completed
PAY-0001698,ORD-0954086,PayPal,435.75,2026-01-08,Completed
PAY-0009463,ORD-0009463,Credit Card,2150.7,2026-02-14,Completed
PAY-0001283,ORD-0001283,Gift Card,-860.24,2026-09-02,Completed
PAY-0008012,ORD-0008012,Gift Card,2408.96,2026-08-29,Completed
PAY-0005185,ORD-0005185,Credit Card,217.14,2025-03-11,Completed
PAY-0003283,ORD-0003283,Debit Card,3095.7,2024-06-15,Failed
PAY-0010743,ORD-0010743,Credit Card,1073.97,02-Sep-2026,Failed
PAY-0002329,ORD-0002329,PayPal,2875.2,2026-09-01,Completed
PAY-0004435,ORD-0004435,PayPal,4999.96,2026-04-12,Refunded
PAY-0010206,ORD-0010206,Credit Card,380.74,2026-05-18,Refunded
PAY-0007795,ORD-0007795,Debit Card,4038.38,2024-02-28,Pending
PAY-0009310,ORD-0009310,PayPal,967.36,2024-03-16,Completed
PAY-0000989,ORD-0000989,Credit Card,766.97,2025-05-17,Refunded
PAY-0011873,ORD-0011873,Debit Card,2131.35,2026-08-26,Failed
PAY-0010983,ORD-0010983,Debit Card,431.7,2026-04-08,Pending
PAY-0003048,ORD-0003048,Gift Card,1039.5,2026-03-24,Failed
PAY-0011179,ORD-0011179,Gift Card,1648.96,2025-04-20,Completed
PAY-0011239,ORD-0011239,Credit Card,1076.9,2025-08-28,Pending
PAY-0004537,ORD-0004537,Credit Card,1162.65,2026-06-20,Completed
PAY-0009383,ORD-0009383,Debit Card,536.43,2024-07-09,Failed
PAY-0008219,ORD-0008219,Credit Card,5242.73,2025-01-31,Refunded
PAY-0005275,ORD-0005275,PayPal,209.81,2026-04-23,Pending
PAY-0006869,ORD-0006869,PayPal,467.46abc,2026-09-01,Completed
PAY-0008398,ORD-0008398,Gift Card,2071.15,2026-03-07,Pending
PAY-0003021,ORD-0003021,PayPal,2455.0,2026-05-24,Failed
PAY-0009628,ORD-0009628,PayPal,443.98,2025-06-09,Completed
PAY-0000411,ORD-0000411,Credit Card,626.76,2025-08-12,Completed
PAY-0001646,ORD-0001646,Credit Card,780.91,2026-07-18,Completed
PAY-0006114,ORD-0006114,,2732.45,2025-12-06,Pending
PAY-0000530,ORD-0000530,Credit Card,233.31,2026-05-02,Completed
PAY-0003903,ORD-0003903,Credit Card,1460.35,2024-11-06,Completed
PAY-0000425,ORD-0000425,Bank Transfer,779.98,2026-04-26,Completed
PAY-0007391,ORD-0007391,Credit Card,752.05,2026-08-06,Completed
PAY-0000766,ORD-0000766,Debit Card,437.62,2026-02-10,Completed
PAY-0008015,ORD-0008015,Credit Card,4653.9,2026-05-21,Completed
PAY-0002807,ORD-0002807,Gift Card,4368.84,2026-01-06,Failed
PAY-0004544,ORD-0004544,Credit Card,1629.86,2025-10-22,Completed
PAY-0005120,ORD-0005120,PayPal,483.77,2026-05-07,Completed
PAY-0005345,ORD-0005345,Credit Card,2764.63,2024-10-18,Completed
PAY-0006320,ORD-0006320,Credit Card,719.17,2025-09-04,Completed
PAY-0002601,ORD-0002601,Debit Card,1391.65,2026-05-07,Completed
PAY-0002178,ORD-0002178,Credit Card,4603.04,2025-11-21,Completed
PAY-0000509,ORD-0000509,Debit Card,1340.96,2026-01-13,Failed
PAY-0011466,ORD-0011466,Bank Transfer,375.46,2026-08-02,Completed
PAY-0005169,ORD-0005169,Gift Card,47.19,2026-08-04,Failed
PAY-0008171,ORD-0008171,Credit Card,233.96abc,2026-08-26,Completed
PAY-0002125,ORD-0002125,,1619.1,2026-07-09,Completed
PAY-0004265,ORD-0004265,PayPal,3797.2,2026-04-19,Completed
PAY-0011209,ORD-0011209,Credit Card,2906.33,2026-06-20,Completed
PAY-0010183,ORD-0010183,Bank Transfer,558.32,2026-07-22,Failed
PAY-0003204,ORD-0003204,Gift Card,33.79,"August 22, 2026",Failed
PAY-0001727,ORD-0001727,Gift Card,1033.1,2026-06-09,Failed
PAY-0006338,ORD-0006338,Debit Card,1368.97,2026-02-21,Completed
PAY-0008569,ORD-0008569,Credit Card,-1284.18,2025-09-29,Completed
PAY-0009527,ORD-0009527,,1671.98,2025-01-16,Completed
PAY-0001665,ORD-0001665,Credit Card,3368.52,2026-06-03,Completed
PAY-0004019,ORD-0004019,Debit Card,346.17,2026-07-10,Completed
PAY-0001941,ORD-0001941,Debit Card,776.48,2025-03-04,Pending
PAY-0010210,ORD-0010210,Credit Card,339.27,2026-06-10,Completed
PAY-0007895,ORD-0007895,Gift Card,1562.76,2024-09-23,Completed
PAY-0011647,ORD-0011647,PayPal,176.5,2025-09-30,Refunded
PAY-0007087,ORD-0007087,Credit Card,1305.66,2025-11-13,Completed
PAY-0003784,ORD-0003784,Credit Card,2934.52,2023-11-18,Pending
PAY-0007892,ORD-0007892,Debit Card,681.2,2026-08-09,Completed
PAY-0004567,ORD-0004567,Credit Card,1902.52,2026-04-16,Completed
PAY-0000540,ORD-0000540,Credit Card,1139.55,2025-09-13,Completed
PAY-0000811,ORD-0000811,PayPal,471.6,2026-06-15,Refunded
PAY-0006917,ORD-0006917,Gift Card,--,2026-06-06,Completed
PAY-0006458,ORD-0006458,Debit Card,5736.29,2025-06-10,Completed
PAY-0009749,ORD-0009749,Debit Card,1604.81,2026-01-23,Completed
PAY-0003173,ORD-0003173,Credit Card,332.97,2026-03-23,Completed
PAY-0003104,ORD-0003104,Credit Card,549.15,2026-07-30,Completed
PAY-0007774,ORD-0007774,,1956.1,2024-06-30,Completed
PAY-0006433,ORD-0006433,PayPal,93.84,2026-06-05,Refunded
PAY-0005461,ORD-0005461,Debit Card,2241.86,2026-05-16,Completed
PAY-0010980,ORD-0010980,Credit Card,765.1,2026-08-30,Completed
PAY-0005520,ORD-0005520,Debit Card,2237.62,2024-10-25,Completed
PAY-0004224,ORD-0004224,Gift Card,1261.58,2025-12-25,Completed
PAY-0004794,ORD-0004794,Debit Card,428.33,2026-06-19,Pending
PAY-0005203,ORD-0005203,Credit Card,5111.6,2026-05-20,Failed
PAY-0009590,ORD-0009590,Debit Card,742.11,2026-05-23,Completed
PAY-0003982,ORD-0003982,Debit Card,909.86,2026-01-30,Completed
PAY-0000693,ORD-0000693,Debit Card,630.21,2026-04-24,Pending
PAY-0001361,ORD-0001361,Debit Card,212.57,2026-02-26,Failed
PAY-0010513,ORD-0010513,Credit Card,972.54,2025-07-27,Refunded
PAY-0011216,ORD-0011216,Debit Card,2499.52,2026-01-26,Completed
PAY-0000910,ORD-0000910,PayPal,1755.07,2025-06-27,Completed
PAY-0009711,ORD-0009711,Bank Transfer,402.6,2025-11-05,Refunded
PAY-0000460,ORD-0000460,Debit Card,2278.16,2026-03-02,Completed
PAY-0005729,ORD-0005729,Credit Card,4118.12,2025-09-30,Pending
PAY-0001444,ORD-0001444,Gift Card,434.64,2025-04-06,Completed
PAY-0005636,ORD-0005636,PayPal,596.78,2025-02-24,Completed
PAY-0010910,ORD-0010910,Credit Card,881.73,2026-03-01,Pending
PAY-0008217,ORD-0008217,Credit Card,595.28,2024-05-16,Completed
PAY-0001773,ORD-0001773,,750.82,2026-09-03,Completed
PAY-0001779,ORD-0001779,Credit Card,217159.81,2025-11-26,Refunded
PAY-0000012,ORD-0000012,Debit Card,615.88,2026-08-24,Failed
PAY-0004853,ORD-0004853,Bank Transfer,3154.05,2026-07-14,Completed
PAY-0003116,ORD-0003116,Debit Card,83.02,2026-05-27,Completed
PAY-0004801,ORD-0004801,Debit Card,1072.26,2026-09-08,Completed
PAY-0006416,ORD-0006416,Credit Card,994.29,2025-04-25,Refunded
PAY-0007911,ORD-0007911,Credit Card,2147.12,2025-10-04,Completed
PAY-0005864,ORD-0005864,Credit Card,3619.94,2025-03-19,Completed
PAY-0006113,ORD-0006113,Debit Card,367.06,2026-04-30,Refunded
PAY-0011105,ORD-0011105,PayPal,1127.44,2024-06-28,Completed
PAY-0007494,ORD-0007494,Credit Card,853.7,2025-11-29,Completed
PAY-0008492,ORD-0008492,Credit Card,2393.4,2026-05-16,Completed
PAY-0010942,ORD-0010942,Credit Card,1012.65,2026-02-09,Completed
PAY-0002604,ORD-0002604,Debit Card,1297.71,2025-11-13,Completed
PAY-0011955,ORD-0011955,Bank Transfer,431.59,2024-08-19,Failed
PAY-0004182,ORD-0004182,Bank Transfer,72.64,2026-07-02,Failed
PAY-0004729,ORD-0004729,Debit Card,-5321.22,2025-05-19,Completed
PAY-0011036,ORD-0011036,Credit Card,2630.39,2026-04-18,Refunded
PAY-0001076,ORD-0001076,Debit Card,3675.3,2026-05-07,Completed
PAY-0002979,ORD-0002979,Debit Card,1011.87,2026-08-03,Completed
PAY-0010386,ORD-0010386,Credit Card,1125.03,2024-07-31,Pending
PAY-0008361,ORD-0008361,Debit Card,1030.06,2025-10-05,Refunded
PAY-0004439,ORD-0004439,Credit Card,2379.83,2025-06-11,Completed
PAY-0010164,ORD-0010164,Credit Card,$749.96,2024-12-28,Pending
PAY-0000257,ORD-0000257,Bank Transfer,74.72,2026-08-04,Completed
PAY-0009067,ORD-0009067,Gift Card,2836.94,07/30/2026,Completed
PAY-0006957,ORD-0006957,Credit Card,1761.19,2025-07-23,Refunded
PAY-0006664,ORD-0006664,Debit Card,2149.4,2026-07-08,Completed
PAY-0011459,ORD-0011459,Debit Card,2413.71,2025-12-13,Failed
PAY-0005960,ORD-0005960,Credit Card,1297.74,2025-07-03,Failed
PAY-0008808,ORD-0008808,Gift Card,197.77,2026-06-14,Failed
PAY-0002042,ORD-0002042,Credit Card,77955.55,2026-08-09,Completed
PAY-0009850,ORD-0009850,Credit Card,536.22,"February 17, 2026",Completed
PAY-0011270,ORD-0011270,Debit Card,846.63,2025-07-21,Pending
PAY-0002768,ORD-0002768,Credit Card,3603.56,2025-09-24,Completed
PAY-0000589,ORD-0000589,Debit Card,1647.27,2025-11-15,Completed
PAY-0009744,ORD-0009744,PayPal,1720.52,2025-09-21,Completed
PAY-0007233,ORD-0007233,Credit Card,3279.25,2026-05-07,Completed
PAY-0005921,ORD-0005921,Credit Card,1238.47,2026-03-26,Completed
